"Sex","Age Group","Distance","Stroke","Rank","Time","Name","Age","Club","Reg Number","Date","Meet"
"Women ","18-24","50","Freestyle","1","28.04"," Cathy Teng","F24","MEMO","3845-GA9YA","08-03-2024","Pacific Masters Swimming Long Course Championships"
"Women ","18-24","50","Freestyle","2","31.48"," Maeve O'Brien","F20","RHMS","3846-H1GFX","08-03-2024","Pacific Masters Swimming Long Course Championships"
"Women ","18-24","50","Freestyle","3","33.68"," Sigrid Schwarzkopf","F23","JAMM","3849-MJYDW","08-03-2024","Pacific Masters Swimming Long Course Championships"
"Women ","18-24","50","Freestyle","4","36.16"," Merete J Conley","F22","MBAY","3842-MG54M","08-03-2024","Pacific Masters Swimming Long Course Championships"
"Women ","18-24","100","Freestyle","1","1:02.38"," Cathy Teng","F24","MEMO","3845-GA9YA","08-03-2024","Pacific Masters Swimming Long Course Championships"
"Women ","18-24","100","Freestyle","2","1:09.68"," Lauryn Magno","F24","USF","384N-45XV7","08-03-2024","Pacific Masters Swimming Long Course Championships"
"Women ","18-24","100","Freestyle","3","1:12.11"," reilly schindler","F24","CLOV","3840-NK5WW","08-03-2024","2024 Rose Bowl Masters LCM Swim Meet"
"Women ","18-24","100","Freestyle","4","1:14.96"," Sigrid Schwarzkopf","F23","JAMM","3849-MJYDW","08-03-2024","Pacific Masters Swimming Long Course Championships"
"Women ","18-24","100","Freestyle","5","1:18.09"," Merete J Conley","F22","MBAY","3842-MG54M","08-03-2024","Pacific Masters Swimming Long Course Championships"
"Women ","18-24","200","Freestyle","1","2:19.47"," Cathy Teng","F24","MEMO","3845-GA9YA","08-04-2024","Pacific Masters Swimming Long Course Championships"
"Women ","18-24","200","Freestyle","2","2:32.85"," Juliana S Karp","F21","USF","3847-BZXWF","08-04-2024","Pacific Masters Swimming Long Course Championships"
"Women ","18-24","200","Freestyle","3","2:34.30"," Jessica Z Mi","F24","USF","384N-JVTC6","08-04-2024","Pacific Masters Swimming Long Course Championships"
"Women ","18-24","200","Freestyle","4","2:37.51"," reilly schindler","F24","CLOV","3840-NK5WW","08-03-2024","2024 Rose Bowl Masters LCM Swim Meet"
"Women ","18-24","800","Freestyle","1","12:14.71"," Merete J Conley","F22","MBAY","3842-MG54M","08-03-2024","Pacific Masters Swimming Long Course Championships"
"Women ","18-24","50","Backstroke","1","37.86"," Maeve O'Brien","F20","RHMS","3846-H1GFX","08-03-2024","Pacific Masters Swimming Long Course Championships"
"Women ","18-24","100","Backstroke","1","1:24.87"," Juliana S Karp","F21","USF","3847-BZXWF","08-04-2024","Pacific Masters Swimming Long Course Championships"
"Women ","18-24","100","Backstroke","2","1:26.58"," Jessica Z Mi","F24","USF","384N-JVTC6","08-04-2024","Pacific Masters Swimming Long Course Championships"
"Women ","18-24","200","Backstroke","1","2:59.99"," Sigrid Schwarzkopf","F23","JAMM","3849-MJYDW","08-03-2024","Pacific Masters Swimming Long Course Championships"
"Women ","18-24","50","Breaststroke","1","35.28"," Alexandra L Gill","F24","USF","384H-B4EC3","08-04-2024","Pacific Masters Swimming Long Course Championships"
"Women ","18-24","50","Breaststroke","2","41.26"," Juliana S Karp","F21","USF","3847-BZXWF","08-04-2024","Pacific Masters Swimming Long Course Championships"
"Women ","18-24","100","Breaststroke","1","1:40.35"," Lauryn Magno","F24","USF","384N-45XV7","08-03-2024","Pacific Masters Swimming Long Course Championships"
"Women ","18-24","100","Breaststroke","2","1:44.82"," Merete J Conley","F22","MBAY","3842-MG54M","08-03-2024","Pacific Masters Swimming Long Course Championships"
"Women ","18-24","200","Breaststroke","1","3:15.07"," Juliana S Karp","F21","USF","3847-BZXWF","08-04-2024","Pacific Masters Swimming Long Course Championships"
"Women ","18-24","50","Butterfly","1","29.9"," Alexandra L Gill","F24","USF","384H-B4EC3","08-04-2024","Pacific Masters Swimming Long Course Championships"
"Women ","18-24","50","Butterfly","2","30.84"," Cathy Teng","F24","MEMO","3845-GA9YA","08-04-2024","Pacific Masters Swimming Long Course Championships"
"Women ","18-24","50","Butterfly","3","33.54"," Jessica Z Mi","F24","USF","384N-JVTC6","08-04-2024","Pacific Masters Swimming Long Course Championships"
"Women ","18-24","50","Butterfly","4","34.88"," Maeve O'Brien","F20","RHMS","3846-H1GFX","08-04-2024","Pacific Masters Swimming Long Course Championships"
"Women ","18-24","50","Butterfly","5","34.97"," Juliana S Karp","F21","USF","3847-BZXWF","08-04-2024","Pacific Masters Swimming Long Course Championships"
"Women ","18-24","50","Butterfly","6","35.77"," reilly schindler","F24","CLOV","3840-NK5WW","08-03-2024","2024 Rose Bowl Masters LCM Swim Meet"
"Women ","18-24","100","Butterfly","1","1:09.15"," Cathy Teng","F24","MEMO","3845-GA9YA","08-03-2024","Pacific Masters Swimming Long Course Championships"
"Women ","18-24","100","Butterfly","2","1:21.92"," Sigrid Schwarzkopf","F23","JAMM","3849-MJYDW","08-03-2024","Pacific Masters Swimming Long Course Championships"
"Women ","18-24","100","Butterfly","3","1:24.77"," reilly schindler","F24","CLOV","3840-NK5WW","08-03-2024","2024 Rose Bowl Masters LCM Swim Meet"
"Women ","18-24","200","Individual Medley","1","2:40.08"," Cathy Teng","F24","MEMO","3845-GA9YA","08-04-2024","Pacific Masters Swimming Long Course Championships"
"Women ","18-24","200","Individual Medley","2","2:53.30"," Juliana S Karp","F21","USF","3847-BZXWF","08-04-2024","Pacific Masters Swimming Long Course Championships"
"Women ","18-24","200","Individual Medley","3","3:02.98"," Jessica Z Mi","F24","USF","384N-JVTC6","08-04-2024","Pacific Masters Swimming Long Course Championships"
"Women ","25-29","50","Freestyle","1","27.11"," Virginia B Burns","F28","TOC","384E-21JXF","08-24-2024","2024 U.S. Masters Swimming Summer National Championship"
"Women ","25-29","50","Freestyle","2","27.31"," Lauren K Green","F25","TOC","384D-6CBHZ","08-24-2024","2024 U.S. Masters Swimming Summer National Championship"
"Women ","25-29","50","Freestyle","3","28.09"," Grace Zhao","F25","TOC","384Y-HAUGD","08-24-2024","2024 U.S. Masters Swimming Summer National Championship"
"Women ","25-29","50","Freestyle","4","28.4"," Cynthia J Siebrand","F28","NBA","384N-F2SPC","08-03-2024","Pacific Masters Swimming Long Course Championships"
"Women ","25-29","50","Freestyle","5","29.17"," Hannah M Kukurugya","F26","TOC","384F-DZWU4","","2024 U.S. Masters Swimming Summer National Championship"
"Women ","25-29","50","Freestyle","6","29.97"," Sierra N Buell","F25","CCA","384E-9TVE7","08-03-2024","Pacific Masters Swimming Long Course Championships"
"Women ","25-29","50","Freestyle","7","30.23"," Briggitte C Kroetz","F29","RHMS","3848-0AA2G","08-03-2024","Pacific Masters Swimming Long Course Championships"
"Women ","25-29","50","Freestyle","8","31.28"," Emma M Wagner","F25","USF","384S-NG5FU","08-03-2024","Pacific Masters Swimming Long Course Championships"
"Women ","25-29","50","Freestyle","9","33.59"," Salena T Nguyen","F26","USF","384T-0RYJG","08-03-2024","Pacific Masters Swimming Long Course Championships"
"Women ","25-29","50","Freestyle","10","35.96"," Catherine Aguilera","F25","MAQ","3840-CUAYR","07-14-2024","FAST Swimming Masters LCM Swim Meet"
"Women ","25-29","50","Freestyle","11","37.03"," Elaine D McQuillan","F26","SNM","384K-0ASYU","07-07-2024","Silver State Masters LCM"
"Women ","25-29","50","Freestyle","12","38.34"," Devin Redor","F29","MEMO","3849-B13TU","08-24-2024","2024 U.S. Masters Swimming Summer National Championship"
"Women ","25-29","100","Freestyle","1","58.78"," Virginia B Burns","F28","TOC","384E-21JXF","08-25-2024","2024 U.S. Masters Swimming Summer National Championship"
"Women ","25-29","100","Freestyle","2","1:00.55"," Lauren K Green","F25","TOC","384D-6CBHZ","08-25-2024","2024 U.S. Masters Swimming Summer National Championship"
"Women ","25-29","100","Freestyle","3","1:02.80"," Hannah M Kukurugya","F26","TOC","384F-DZWU4","08-25-2024","2024 U.S. Masters Swimming Summer National Championship"
"Women ","25-29","100","Freestyle","4","1:03.32"," Cynthia J Siebrand","F28","NBA","384N-F2SPC","08-03-2024","Pacific Masters Swimming Long Course Championships"
"Women ","25-29","100","Freestyle","5","1:05.03"," Sierra N Buell","F25","CCA","384E-9TVE7","08-03-2024","Pacific Masters Swimming Long Course Championships"
"Women ","25-29","100","Freestyle","6","1:06.58"," Briggitte C Kroetz","F29","RHMS","3848-0AA2G","08-03-2024","Pacific Masters Swimming Long Course Championships"
"Women ","25-29","100","Freestyle","7","1:08.63"," Amy E Larsen","F25","WCM","384N-S7Z3Z","08-03-2024","Pacific Masters Swimming Long Course Championships"
"Women ","25-29","100","Freestyle","8","1:11.18"," Sophia Greco","F25","USF","3848-CJGM8","08-03-2024","Pacific Masters Swimming Long Course Championships"
"Women ","25-29","100","Freestyle","9","1:11.21"," Hope C Garrett","F28","RPM","384N-3RK5G","08-03-2024","Pacific Masters Swimming Long Course Championships"
"Women ","25-29","100","Freestyle","10","1:11.54"," Emma M Wagner","F25","USF","384S-NG5FU","08-03-2024","Pacific Masters Swimming Long Course Championships"
"Women ","25-29","100","Freestyle","11","1:14.44"," Salena T Nguyen","F26","USF","384T-0RYJG","08-03-2024","Pacific Masters Swimming Long Course Championships"
"Women ","25-29","100","Freestyle","12","1:16.18"," Cassie L Sand","F26","EBAT","384E-0ANYP","08-03-2024","Pacific Masters Swimming Long Course Championships"
"Women ","25-29","100","Freestyle","13","1:21.12"," Rayle A Silva","F28","MAQ","3840-A9B7J","08-03-2024","Pacific Masters Swimming Long Course Championships"
"Women ","25-29","100","Freestyle","14","1:22.47"," Emily Woo","F29","MEMO","384Z-6WJ2N","08-03-2024","Pacific Masters Swimming Long Course Championships"
"Women ","25-29","100","Freestyle","15","1:24.65"," Elaine D McQuillan","F26","SNM","384K-0ASYU","07-07-2024","Silver State Masters LCM"
"Women ","25-29","100","Freestyle","16","1:35.64"," Karina Polanco-Jimenez","F29","NBA","384T-9AXYR","08-03-2024","Pacific Masters Swimming Long Course Championships"
"Women ","25-29","200","Freestyle","1","2:11.72"," Virginia B Burns","F28","TOC","384E-21JXF","08-22-2024","2024 U.S. Masters Swimming Summer National Championship"
"Women ","25-29","200","Freestyle","2","2:14.00"," Hannah Orbach-Mandel","F27","USF","3840-SYRSD","08-04-2024","Pacific Masters Swimming Long Course Championships"
"Women ","25-29","200","Freestyle","3","2:15.93"," Natalia Orbach-Mandel","F25","USF","384M-9HCYJ","08-04-2024","Pacific Masters Swimming Long Course Championships"
"Women ","25-29","200","Freestyle","4","2:24.52"," Stephanie A Blankley","F26","USF","384C-REH1A","08-04-2024","Pacific Masters Swimming Long Course Championships"
"Women ","25-29","200","Freestyle","5","2:25.42"," Sierra N Buell","F25","CCA","384E-9TVE7","08-04-2024","Pacific Masters Swimming Long Course Championships"
"Women ","25-29","200","Freestyle","6","2:29.88"," Nicole Greenberg","F25","USF","384H-RA253","08-04-2024","Pacific Masters Swimming Long Course Championships"
"Women ","25-29","200","Freestyle","7","2:36.21"," Emma M Wagner","F25","USF","384S-NG5FU","08-04-2024","Pacific Masters Swimming Long Course Championships"
"Women ","25-29","200","Freestyle","8","3:05.07"," Taylor D Chase","F28","UC38","384E-NARY0","07-07-2024","Silver State Masters LCM"
"Women ","25-29","200","Freestyle","9","3:05.58"," Elaine D McQuillan","F26","SNM","384K-0ASYU","07-07-2024","Silver State Masters LCM"
"Women ","25-29","200","Freestyle","10","3:06.11"," Karina Polanco-Jimenez","F29","NBA","384T-9AXYR","08-04-2024","Pacific Masters Swimming Long Course Championships"
"Women ","25-29","200","Freestyle","11","3:08.87"," Emily Woo","F29","MEMO","384Z-6WJ2N","","Pacific Masters Swimming Long Course Championships"
"Women ","25-29","200","Freestyle","12","4:03.00"," Juliana Valencia","F26","MEMO","384T-FHMPS","08-04-2024","Pacific Masters Swimming Long Course Championships"
"Women ","25-29","400","Freestyle","1","5:06.44"," Stephanie A Blankley","F26","USF","384C-REH1A","08-04-2024","Pacific Masters Swimming Long Course Championships"
"Women ","25-29","400","Freestyle","2","6:19.66"," Emily Woo","F29","MEMO","384Z-6WJ2N","08-04-2024","Pacific Masters Swimming Long Course Championships"
"Women ","25-29","400","Freestyle","3","6:39.59"," Karina Polanco-Jimenez","F29","NBA","384T-9AXYR","08-04-2024","Pacific Masters Swimming Long Course Championships"
"Women ","25-29","400","Freestyle","4","8:24.50"," Juliana Valencia","F26","MEMO","384T-FHMPS","08-04-2024","Pacific Masters Swimming Long Course Championships"
"Women ","25-29","800","Freestyle","1","9:50.87"," Virginia B Burns","F28","TOC","384E-21JXF","08-24-2024","2024 U.S. Masters Swimming Summer National Championship"
"Women ","25-29","800","Freestyle","2","11:10.21"," Vivian A Crow","F27","DAM","384E-09ZR6","08-03-2024","Pacific Masters Swimming Long Course Championships"
"Women ","25-29","800","Freestyle","3","13:18.28"," Emily Woo","F29","MEMO","384Z-6WJ2N","08-03-2024","Pacific Masters Swimming Long Course Championships"
"Women ","25-29","800","Freestyle","4","13:59.67"," Rayle A Silva","F28","MAQ","3840-A9B7J","08-03-2024","Pacific Masters Swimming Long Course Championships"
"Women ","25-29","1500","Freestyle","1","21:25.33"," Vivian A Crow","F27","DAM","384E-09ZR6","08-02-2024","Pacific Masters Swimming Long Course Championships"
"Women ","25-29","1500","Freestyle","2","26:49.74"," Rayle A Silva","F28","MAQ","3840-A9B7J","08-02-2024","Pacific Masters Swimming Long Course Championships"
"Women ","25-29","1500","Freestyle","3","26:55.80"," Karina Polanco-Jimenez","F29","NBA","384T-9AXYR","08-02-2024","Pacific Masters Swimming Long Course Championships"
"Women ","25-29","50","Backstroke","1","31.62"," Grace Zhao","F25","TOC","384Y-HAUGD","08-22-2024","2024 U.S. Masters Swimming Summer National Championship"
"Women ","25-29","50","Backstroke","2","32.47"," Virginia B Burns","F28","TOC","384E-21JXF","08-22-2024","2024 U.S. Masters Swimming Summer National Championship"
"Women ","25-29","50","Backstroke","3","35.92"," Emma M Wagner","F25","USF","384S-NG5FU","08-03-2024","Pacific Masters Swimming Long Course Championships"
"Women ","25-29","50","Backstroke","4","36.01"," Sophia Greco","F25","USF","3848-CJGM8","08-03-2024","Pacific Masters Swimming Long Course Championships"
"Women ","25-29","50","Backstroke","5","38.28"," Briggitte C Kroetz","F29","RHMS","3848-0AA2G","08-03-2024","Pacific Masters Swimming Long Course Championships"
"Women ","25-29","50","Backstroke","6","39.92"," Salena T Nguyen","F26","USF","384T-0RYJG","08-03-2024","Pacific Masters Swimming Long Course Championships"
"Women ","25-29","50","Backstroke","7","43.56"," Rayle A Silva","F28","MAQ","3840-A9B7J","08-03-2024","Pacific Masters Swimming Long Course Championships"
"Women ","25-29","50","Backstroke","8","43.66"," Cassie L Sand","F26","EBAT","384E-0ANYP","08-03-2024","Pacific Masters Swimming Long Course Championships"
"Women ","25-29","50","Backstroke","9","47.88"," Emily Woo","F29","MEMO","384Z-6WJ2N","","Pacific Masters Swimming Long Course Championships"
"Women ","25-29","100","Backstroke","1","1:09.91"," Lauren K Green","F25","TOC","384D-6CBHZ","08-25-2024","2024 U.S. Masters Swimming Summer National Championship"
"Women ","25-29","100","Backstroke","2","1:11.27"," Cynthia J Siebrand","F28","NBA","384N-F2SPC","08-04-2024","Pacific Masters Swimming Long Course Championships"
"Women ","25-29","100","Backstroke","3","1:16.49"," Natalia Orbach-Mandel","F25","USF","384M-9HCYJ","08-04-2024","Pacific Masters Swimming Long Course Championships"
"Women ","25-29","100","Backstroke","4","1:18.45"," Emma M Wagner","F25","USF","384S-NG5FU","08-04-2024","Pacific Masters Swimming Long Course Championships"
"Women ","25-29","100","Backstroke","5","1:18.64"," Hannah Orbach-Mandel","F27","USF","3840-SYRSD","08-04-2024","Pacific Masters Swimming Long Course Championships"
"Women ","25-29","100","Backstroke","6","1:19.02"," Sophia Greco","F25","USF","3848-CJGM8","08-04-2024","Pacific Masters Swimming Long Course Championships"
"Women ","25-29","100","Backstroke","7","1:25.54"," Catherine Aguilera","F25","MAQ","3840-CUAYR","08-04-2024","Pacific Masters Swimming Long Course Championships"
"Women ","25-29","100","Backstroke","8","1:26.26"," Amy E Larsen","F25","WCM","384N-S7Z3Z","08-04-2024","Pacific Masters Swimming Long Course Championships"
"Women ","25-29","200","Backstroke","1","2:42.42"," Hannah M Kukurugya","F26","TOC","384F-DZWU4","08-23-2024","2024 U.S. Masters Swimming Summer National Championship"
"Women ","25-29","200","Backstroke","2","2:49.72"," Vivian A Crow","F27","DAM","384E-09ZR6","08-03-2024","Pacific Masters Swimming Long Course Championships"
"Women ","25-29","200","Backstroke","3","2:51.92"," Katherine Kronick","F29","TOC","384J-SPH71","08-23-2024","2024 U.S. Masters Swimming Summer National Championship"
"Women ","25-29","200","Backstroke","4","2:52.92"," Sophia Greco","F25","USF","3848-CJGM8","08-03-2024","Pacific Masters Swimming Long Course Championships"
"Women ","25-29","200","Backstroke","5","3:02.41"," Amy E Larsen","F25","WCM","384N-S7Z3Z","08-03-2024","Pacific Masters Swimming Long Course Championships"
"Women ","25-29","50","Breaststroke","1","33.92"," Grace Zhao","F25","TOC","384Y-HAUGD","08-23-2024","2024 U.S. Masters Swimming Summer National Championship"
"Women ","25-29","50","Breaststroke","2","38.09"," Lauren K Green","F25","TOC","384D-6CBHZ","08-23-2024","2024 U.S. Masters Swimming Summer National Championship"
"Women ","25-29","50","Breaststroke","3","38.51"," Cynthia J Siebrand","F28","NBA","384N-F2SPC","08-04-2024","Pacific Masters Swimming Long Course Championships"
"Women ","25-29","50","Breaststroke","4","39.23"," Hannah M Kukurugya","F26","TOC","384F-DZWU4","08-23-2024","2024 U.S. Masters Swimming Summer National Championship"
"Women ","25-29","50","Breaststroke","5","39.48"," Katherine Kronick","F29","TOC","384J-SPH71","08-23-2024","2024 U.S. Masters Swimming Summer National Championship"
"Women ","25-29","50","Breaststroke","6","41.92"," Nicole Greenberg","F25","USF","384H-RA253","08-04-2024","Pacific Masters Swimming Long Course Championships"
"Women ","25-29","50","Breaststroke","7","43.86"," Briggitte C Kroetz","F29","RHMS","3848-0AA2G","08-04-2024","Pacific Masters Swimming Long Course Championships"
"Women ","25-29","100","Breaststroke","1","1:14.62"," Grace Zhao","F25","TOC","384Y-HAUGD","08-22-2024","2024 U.S. Masters Swimming Summer National Championship"
"Women ","25-29","100","Breaststroke","2","1:22.37"," Sierra N Buell","F25","CCA","384E-9TVE7","08-03-2024","Pacific Masters Swimming Long Course Championships"
"Women ","25-29","100","Breaststroke","3","1:29.40"," Vivian A Crow","F27","DAM","384E-09ZR6","08-03-2024","Pacific Masters Swimming Long Course Championships"
"Women ","25-29","100","Breaststroke","4","1:32.03"," Amy E Larsen","F25","WCM","384N-S7Z3Z","08-03-2024","Pacific Masters Swimming Long Course Championships"
"Women ","25-29","100","Breaststroke","5","1:38.11"," Taylor D Chase","F28","UC38","384E-NARY0","07-07-2024","Silver State Masters LCM"
"Women ","25-29","100","Breaststroke","6","1:40.76"," Emily Woo","F29","MEMO","384Z-6WJ2N","08-03-2024","Pacific Masters Swimming Long Course Championships"
"Women ","25-29","100","Breaststroke","7","1:41.21"," Salena T Nguyen","F26","USF","384T-0RYJG","08-03-2024","Pacific Masters Swimming Long Course Championships"
"Women ","25-29","100","Breaststroke","8","1:48.32"," Rayle A Silva","F28","MAQ","3840-A9B7J","08-03-2024","Pacific Masters Swimming Long Course Championships"
"Women ","25-29","200","Breaststroke","1","2:45.96"," Grace Zhao","F25","TOC","384Y-HAUGD","08-24-2024","2024 U.S. Masters Swimming Summer National Championship"
"Women ","25-29","200","Breaststroke","2","3:03.32"," Hannah M Kukurugya","F26","TOC","384F-DZWU4","08-24-2024","2024 U.S. Masters Swimming Summer National Championship"
"Women ","25-29","200","Breaststroke","3","3:03.56"," Sierra N Buell","F25","CCA","384E-9TVE7","08-04-2024","Pacific Masters Swimming Long Course Championships"
"Women ","25-29","200","Breaststroke","4","3:09.38"," Vivian A Crow","F27","DAM","384E-09ZR6","08-04-2024","Pacific Masters Swimming Long Course Championships"
"Women ","25-29","200","Breaststroke","5","3:34.39"," Emily Woo","F29","MEMO","384Z-6WJ2N","08-04-2024","Pacific Masters Swimming Long Course Championships"
"Women ","25-29","50","Butterfly","1","28.8"," Virginia B Burns","F28","TOC","384E-21JXF","08-23-2024","2024 U.S. Masters Swimming Summer National Championship"
"Women ","25-29","50","Butterfly","2","29.14"," Lauren K Green","F25","TOC","384D-6CBHZ","08-23-2024","2024 U.S. Masters Swimming Summer National Championship"
"Women ","25-29","50","Butterfly","3","29.85"," Grace Zhao","F25","TOC","384Y-HAUGD","08-23-2024","2024 U.S. Masters Swimming Summer National Championship"
"Women ","25-29","50","Butterfly","4","30.08"," Cynthia J Siebrand","F28","NBA","384N-F2SPC","08-04-2024","Pacific Masters Swimming Long Course Championships"
"Women ","25-29","50","Butterfly","5","30.45"," Hannah Orbach-Mandel","F27","USF","3840-SYRSD","08-04-2024","Pacific Masters Swimming Long Course Championships"
"Women ","25-29","50","Butterfly","6","31.32"," Hannah M Kukurugya","F26","TOC","384F-DZWU4","08-23-2024","2024 U.S. Masters Swimming Summer National Championship"
"Women ","25-29","50","Butterfly","7","31.89"," Katherine Kronick","F29","TOC","384J-SPH71","08-23-2024","2024 U.S. Masters Swimming Summer National Championship"
"Women ","25-29","50","Butterfly","8","33.3"," Natalia Orbach-Mandel","F25","USF","384M-9HCYJ","08-04-2024","Pacific Masters Swimming Long Course Championships"
"Women ","25-29","50","Butterfly","9","33.54"," Hope C Garrett","F28","RPM","384N-3RK5G","08-04-2024","Pacific Masters Swimming Long Course Championships"
"Women ","25-29","50","Butterfly","10","33.99"," Emma M Wagner","F25","USF","384S-NG5FU","08-04-2024","Pacific Masters Swimming Long Course Championships"
"Women ","25-29","50","Butterfly","11","33.99"," Briggitte C Kroetz","F29","RHMS","3848-0AA2G","08-04-2024","Pacific Masters Swimming Long Course Championships"
"Women ","25-29","50","Butterfly","12","34.19"," Sophia Greco","F25","USF","3848-CJGM8","08-04-2024","Pacific Masters Swimming Long Course Championships"
"Women ","25-29","50","Butterfly","13","35.64"," Nicole Greenberg","F25","USF","384H-RA253","08-04-2024","Pacific Masters Swimming Long Course Championships"
"Women ","25-29","50","Butterfly","14","39.96"," Catherine Aguilera","F25","MAQ","3840-CUAYR","08-04-2024","Pacific Masters Swimming Long Course Championships"
"Women ","25-29","50","Butterfly","15","42.88"," Taylor D Chase","F28","UC38","384E-NARY0","07-07-2024","Silver State Masters LCM"
"Women ","25-29","50","Butterfly","16","44.22"," Daniela Arteaga","F25","RPM","3844-ZDS14","08-04-2024","Pacific Masters Swimming Long Course Championships"
"Women ","25-29","50","Butterfly","17","48.17"," Devin Redor","F29","MEMO","3849-B13TU","08-23-2024","2024 U.S. Masters Swimming Summer National Championship"
"Women ","25-29","100","Butterfly","1","1:07.09"," Lauren K Green","F25","TOC","384D-6CBHZ","08-24-2024","2024 U.S. Masters Swimming Summer National Championship"
"Women ","25-29","100","Butterfly","2","1:07.48"," Hannah M Kukurugya","F26","TOC","384F-DZWU4","08-24-2024","2024 U.S. Masters Swimming Summer National Championship"
"Women ","25-29","100","Butterfly","3","1:10.66"," Cynthia J Siebrand","F28","NBA","384N-F2SPC","08-03-2024","Pacific Masters Swimming Long Course Championships"
"Women ","25-29","100","Butterfly","4","1:15.59"," Hope C Garrett","F28","RPM","384N-3RK5G","08-03-2024","Pacific Masters Swimming Long Course Championships"
"Women ","25-29","100","Butterfly","5","1:21.32"," Salena T Nguyen","F26","USF","384T-0RYJG","08-03-2024","Pacific Masters Swimming Long Course Championships"
"Women ","25-29","100","Butterfly","6","1:26.95"," Taylor D Chase","F28","UC38","384E-NARY0","07-07-2024","Silver State Masters LCM"
"Women ","25-29","100","Butterfly","7","1:33.87"," Daniela Arteaga","F25","RPM","3844-ZDS14","08-03-2024","Pacific Masters Swimming Long Course Championships"
"Women ","25-29","100","Butterfly","8","1:57.17"," Devin Redor","F29","MEMO","3849-B13TU","08-24-2024","2024 U.S. Masters Swimming Summer National Championship"
"Women ","25-29","200","Butterfly","1","2:52.39"," Amy E Larsen","F25","WCM","384N-S7Z3Z","08-04-2024","Pacific Masters Swimming Long Course Championships"
"Women ","25-29","200","Individual Medley","1","2:50.76"," Amy E Larsen","F25","WCM","384N-S7Z3Z","08-04-2024","Pacific Masters Swimming Long Course Championships"
"Women ","25-29","200","Individual Medley","2","2:53.14"," Briggitte C Kroetz","F29","RHMS","3848-0AA2G","08-04-2024","Pacific Masters Swimming Long Course Championships"
"Women ","25-29","200","Individual Medley","3","2:55.87"," Nicole Greenberg","F25","USF","384H-RA253","08-04-2024","Pacific Masters Swimming Long Course Championships"
"Women ","25-29","200","Individual Medley","4","2:58.66"," Sophia Greco","F25","USF","3848-CJGM8","08-04-2024","Pacific Masters Swimming Long Course Championships"
"Women ","25-29","200","Individual Medley","5","3:12.79"," Emily Woo","F29","MEMO","384Z-6WJ2N","08-04-2024","Pacific Masters Swimming Long Course Championships"
"Women ","25-29","200","Individual Medley","6","3:16.26"," Taylor D Chase","F28","UC38","384E-NARY0","07-07-2024","Silver State Masters LCM"
"Women ","25-29","200","Individual Medley","7","3:39.38"," Rayle A Silva","F28","MAQ","3840-A9B7J","08-04-2024","Pacific Masters Swimming Long Course Championships"
"Women ","25-29","200","Individual Medley","8","4:11.02"," Juliana Valencia","F26","MEMO","384T-FHMPS","08-04-2024","Pacific Masters Swimming Long Course Championships"
"Women ","30-34","50","Freestyle","1","29.32"," Anette Skoda","F33","STAN","3849-0717A","","2024 World Aquatics Masters Championships"
"Women ","30-34","50","Freestyle","2","29.52"," Elyssa Pedote","F31","TOC","3843-0A9T3","08-24-2024","2024 U.S. Masters Swimming Summer National Championship"
"Women ","30-34","50","Freestyle","3","30.39"," Jenn Hwang","F32","WCM","384K-09GHM","08-24-2024","2024 U.S. Masters Swimming Summer National Championship"
"Women ","30-34","50","Freestyle","4","31.57"," Hannah Krovetz","F30","USF","3844-07PUM","08-03-2024","Pacific Masters Swimming Long Course Championships"
"Women ","30-34","50","Freestyle","5","31.85"," Carolina De Barros","F34","RPM","384M-AG1HY","08-03-2024","Pacific Masters Swimming Long Course Championships"
"Women ","30-34","50","Freestyle","6","31.92"," Renae DiBartolomeo","F34","USF","384T-MYFJH","08-03-2024","Pacific Masters Swimming Long Course Championships"
"Women ","30-34","50","Freestyle","7","32.81"," Alexandra B McCarthy","F32","USF","3841-096R0","08-03-2024","Pacific Masters Swimming Long Course Championships"
"Women ","30-34","50","Freestyle","8","33.54"," Kristin A Wilson","F32","MEMO","3848-ZXNKW","","Pacific Masters Swimming Long Course Championships"
"Women ","30-34","50","Freestyle","9","35.75"," Anna Ming","F30","USF","384A-09668","08-03-2024","Pacific Masters Swimming Long Course Championships"
"Women ","30-34","50","Freestyle","10","49.48"," Annelise Dankworth","F33","CARS","384F-YK3H8","07-07-2024","Silver State Masters LCM"
"Women ","30-34","100","Freestyle","1","1:03.83"," Allison A Arnold","F32","TOC","384E-09827","","2024 U.S. Masters Swimming Summer National Championship"
"Women ","30-34","100","Freestyle","2","1:06.11"," Anette Skoda","F33","STAN","3849-0717A","","2024 World Aquatics Masters Championships"
"Women ","30-34","100","Freestyle","3","1:08.09"," Jenn Hwang","F32","WCM","384K-09GHM","08-03-2024","Pacific Masters Swimming Long Course Championships"
"Women ","30-34","100","Freestyle","4","1:10.29"," Carolina De Barros","F34","RPM","384M-AG1HY","08-03-2024","Pacific Masters Swimming Long Course Championships"
"Women ","30-34","100","Freestyle","5","1:13.01"," Alexandra B McCarthy","F32","USF","3841-096R0","08-03-2024","Pacific Masters Swimming Long Course Championships"
"Women ","30-34","100","Freestyle","6","1:21.19"," Anna Ming","F30","USF","384A-09668","08-03-2024","Pacific Masters Swimming Long Course Championships"
"Women ","30-34","100","Freestyle","7","1:30.61"," Marisa C Kallenberger","F30","USF","384W-UXPA8","08-03-2024","Pacific Masters Swimming Long Course Championships"
"Women ","30-34","100","Freestyle","8","1:56.11"," Annelise Dankworth","F33","CARS","384F-YK3H8","07-07-2024","Silver State Masters LCM"
"Women ","30-34","200","Freestyle","1","2:11.25"," Allison A Arnold","F32","TOC","384E-09827","08-22-2024","2024 U.S. Masters Swimming Summer National Championship"
"Women ","30-34","200","Freestyle","2","2:17.72"," Laurence Bloch","F31","WCM","384P-08FDY","08-22-2024","2024 U.S. Masters Swimming Summer National Championship"
"Women ","30-34","200","Freestyle","3","2:31.76"," Jenn Hwang","F32","WCM","384K-09GHM","08-22-2024","2024 U.S. Masters Swimming Summer National Championship"
"Women ","30-34","200","Freestyle","4","2:43.00"," Megan J Arnold","F34","MAM","384S-ZVN85","08-04-2024","Pacific Masters Swimming Long Course Championships"
"Women ","30-34","200","Freestyle","5","2:46.66"," Beth McBride","F34","MEMO","384C-4YVNP","08-22-2024","2024 U.S. Masters Swimming Summer National Championship"
"Women ","30-34","400","Freestyle","1","4:34.03"," Allison A Arnold","F32","TOC","384E-09827","08-25-2024","2024 U.S. Masters Swimming Summer National Championship"
"Women ","30-34","400","Freestyle","2","5:03.05"," Laurence Bloch","F31","WCM","384P-08FDY","08-25-2024","2024 U.S. Masters Swimming Summer National Championship"
"Women ","30-34","400","Freestyle","3","5:38.65"," Jenn Hwang","F32","WCM","384K-09GHM","08-04-2024","Pacific Masters Swimming Long Course Championships"
"Women ","30-34","400","Freestyle","4","6:18.41"," Beth McBride","F34","MEMO","384C-4YVNP","","Pacific Masters Swimming Long Course Championships"
"Women ","30-34","800","Freestyle","1","9:36.29"," Allison A Arnold","F32","TOC","384E-09827","","2024 U.S. Masters Swimming Summer National Championship"
"Women ","30-34","800","Freestyle","2","11:05.43"," Anne L Alter","F33","USF","384M-07VTE","08-03-2024","Pacific Masters Swimming Long Course Championships"
"Women ","30-34","800","Freestyle","3","12:09.76"," Beth McBride","F34","MEMO","384C-4YVNP","08-03-2024","Pacific Masters Swimming Long Course Championships"
"Women ","30-34","1500","Freestyle","1","18:23.91"," Allison A Arnold","F32","TOC","384E-09827","08-21-2024","2024 U.S. Masters Swimming Summer National Championship"
"Women ","30-34","1500","Freestyle","2","22:51.51"," Carolina De Barros","F34","RPM","384M-AG1HY","08-02-2024","Pacific Masters Swimming Long Course Championships"
"Women ","30-34","1500","Freestyle","3","23:14.37"," Beth McBride","F34","MEMO","384C-4YVNP","08-21-2024","2024 U.S. Masters Swimming Summer National Championship"
"Women ","30-34","50","Backstroke","1","33.34"," Elyssa Pedote","F31","TOC","3843-0A9T3","08-25-2024","2024 U.S. Masters Swimming Summer National Championship"
"Women ","30-34","50","Backstroke","2","35.18"," Anette Skoda","F33","UC38","3849-0717A","08-03-2024","Pacific Masters Swimming Long Course Championships"
"Women ","30-34","50","Backstroke","3","36.42"," Hannah Krovetz","F30","USF","3844-07PUM","08-03-2024","Pacific Masters Swimming Long Course Championships"
"Women ","30-34","50","Backstroke","4","36.65"," Renae DiBartolomeo","F34","USF","384T-MYFJH","08-03-2024","Pacific Masters Swimming Long Course Championships"
"Women ","30-34","50","Backstroke","5","37.43"," Alex Ferroggiaro","F33","USF","384A-GVWCA","08-03-2024","Pacific Masters Swimming Long Course Championships"
"Women ","30-34","50","Backstroke","6","41.94"," Anna Ming","F30","USF","384A-09668","08-03-2024","Pacific Masters Swimming Long Course Championships"
"Women ","30-34","50","Backstroke","7","43.34"," Beth McBride","F34","MEMO","384C-4YVNP","08-22-2024","2024 U.S. Masters Swimming Summer National Championship"
"Women ","30-34","50","Backstroke","8","48.98"," Marisa C Kallenberger","F30","USF","384W-UXPA8","08-03-2024","Pacific Masters Swimming Long Course Championships"
"Women ","30-34","100","Backstroke","1","1:16.39"," Stephanie Doi","F30","USF","384V-0B3C4","08-04-2024","Pacific Masters Swimming Long Course Championships"
"Women ","30-34","100","Backstroke","2","1:23.35"," Alex Ferroggiaro","F33","USF","384A-GVWCA","08-04-2024","Pacific Masters Swimming Long Course Championships"
"Women ","30-34","100","Backstroke","3","1:34.15"," Kristin A Wilson","F32","MEMO","3848-ZXNKW","","Pacific Masters Swimming Long Course Championships"
"Women ","30-34","200","Backstroke","1","2:45.32"," Anne L Alter","F33","USF","384M-07VTE","08-03-2024","Pacific Masters Swimming Long Course Championships"
"Women ","30-34","200","Backstroke","2","2:53.09"," Hannah Krovetz","F30","USF","3844-07PUM","08-03-2024","Pacific Masters Swimming Long Course Championships"
"Women ","30-34","200","Backstroke","3","3:18.33"," Beth McBride","F34","MEMO","384C-4YVNP","08-03-2024","Pacific Masters Swimming Long Course Championships"
"Women ","30-34","50","Breaststroke","1","37.85"," Anette Skoda","F33","STAN","3849-0717A","","2024 World Aquatics Masters Championships"
"Women ","30-34","50","Breaststroke","2","38.86"," Renae DiBartolomeo","F34","USF","384T-MYFJH","08-04-2024","Pacific Masters Swimming Long Course Championships"
"Women ","30-34","50","Breaststroke","3","39.73"," Stephanie Doi","F30","USF","384V-0B3C4","08-04-2024","Pacific Masters Swimming Long Course Championships"
"Women ","30-34","50","Breaststroke","4","40.52"," Lissi Knell","F30","MAM","384Y-098S8","08-04-2024","Pacific Masters Swimming Long Course Championships"
"Women ","30-34","50","Breaststroke","5","40.62"," Jenn Hwang","F32","WCM","384K-09GHM","08-23-2024","2024 U.S. Masters Swimming Summer National Championship"
"Women ","30-34","50","Breaststroke","6","43.43"," Alexandra B McCarthy","F32","USF","3841-096R0","08-04-2024","Pacific Masters Swimming Long Course Championships"
"Women ","30-34","50","Breaststroke","7","45.77"," Sallie S Walecka","F31","USF","3849-083PT","08-04-2024","Pacific Masters Swimming Long Course Championships"
"Women ","30-34","50","Breaststroke","8","46.32"," Stephanie C Oehler","F32","USF","384E-1YAFM","08-04-2024","Pacific Masters Swimming Long Course Championships"
"Women ","30-34","100","Breaststroke","1","1:20.31"," Allison A Arnold","F32","TOC","384E-09827","","2024 U.S. Masters Swimming Summer National Championship"
"Women ","30-34","100","Breaststroke","2","1:25.06"," Anette Skoda","F33","STAN","3849-0717A","","2024 World Aquatics Masters Championships"
"Women ","30-34","100","Breaststroke","3","1:25.14"," Renae DiBartolomeo","F34","USF","384T-MYFJH","08-03-2024","Pacific Masters Swimming Long Course Championships"
"Women ","30-34","100","Breaststroke","4","1:30.24"," Jenn Hwang","F32","WCM","384K-09GHM","08-22-2024","2024 U.S. Masters Swimming Summer National Championship"
"Women ","30-34","100","Breaststroke","5","1:35.41"," Alexandra B McCarthy","F32","USF","3841-096R0","08-03-2024","Pacific Masters Swimming Long Course Championships"
"Women ","30-34","100","Breaststroke","6","1:50.84"," Beth McBride","F34","MEMO","384C-4YVNP","08-03-2024","Pacific Masters Swimming Long Course Championships"
"Women ","30-34","200","Breaststroke","1","2:46.93"," Allison A Arnold","F32","TOC","384E-09827","08-24-2024","2024 U.S. Masters Swimming Summer National Championship"
"Women ","30-34","200","Breaststroke","2","3:15.11"," Renae DiBartolomeo","F34","USF","384T-MYFJH","08-04-2024","Pacific Masters Swimming Long Course Championships"
"Women ","30-34","200","Breaststroke","3","3:21.46"," Jenn Hwang","F32","WCM","384K-09GHM","08-24-2024","2024 U.S. Masters Swimming Summer National Championship"
"Women ","30-34","200","Breaststroke","4","3:29.90"," Alexandra B McCarthy","F32","USF","3841-096R0","08-04-2024","Pacific Masters Swimming Long Course Championships"
"Women ","30-34","200","Breaststroke","5","3:44.76"," Stephanie C Oehler","F32","USF","384E-1YAFM","08-04-2024","Pacific Masters Swimming Long Course Championships"
"Women ","30-34","200","Breaststroke","6","3:48.18"," Beth McBride","F34","MEMO","384C-4YVNP","08-24-2024","2024 U.S. Masters Swimming Summer National Championship"
"Women ","30-34","50","Butterfly","1","30.65"," Stephanie Doi","F30","USF","384V-0B3C4","08-04-2024","Pacific Masters Swimming Long Course Championships"
"Women ","30-34","50","Butterfly","2","31.26"," Laurence Bloch","F31","WCM","384P-08FDY","08-23-2024","2024 U.S. Masters Swimming Summer National Championship"
"Women ","30-34","50","Butterfly","3","31.77"," Elyssa Pedote","F31","TOC","3843-0A9T3","08-23-2024","2024 U.S. Masters Swimming Summer National Championship"
"Women ","30-34","50","Butterfly","4","33.82"," Jenn Hwang","F32","WCM","384K-09GHM","08-04-2024","Pacific Masters Swimming Long Course Championships"
"Women ","30-34","50","Butterfly","5","35.4"," Megan J Arnold","F34","MAM","384S-ZVN85","08-04-2024","Pacific Masters Swimming Long Course Championships"
"Women ","30-34","50","Butterfly","6","36.49"," Lissi Knell","F30","MAM","384Y-098S8","08-04-2024","Pacific Masters Swimming Long Course Championships"
"Women ","30-34","50","Butterfly","7","57.87"," Annelise Dankworth","F33","CARS","384F-YK3H8","07-07-2024","Silver State Masters LCM"
"Women ","30-34","100","Butterfly","1","1:09.88"," Elyssa Pedote","F31","TOC","3843-0A9T3","08-24-2024","2024 U.S. Masters Swimming Summer National Championship"
"Women ","30-34","100","Butterfly","2","1:10.16"," Laurence Bloch","F31","WCM","384P-08FDY","08-24-2024","2024 U.S. Masters Swimming Summer National Championship"
"Women ","30-34","100","Butterfly","3","1:10.67"," Allison A Arnold","F32","TOC","384E-09827","","2024 U.S. Masters Swimming Summer National Championship"
"Women ","30-34","100","Butterfly","4","1:13.70"," Danae Petrakis","F32","USF","384N-08CG3","08-03-2024","Pacific Masters Swimming Long Course Championships"
"Women ","30-34","100","Butterfly","5","1:17.96"," Anne L Alter","F33","USF","384M-07VTE","08-03-2024","Pacific Masters Swimming Long Course Championships"
"Women ","30-34","100","Butterfly","6","1:21.27"," Alex Ferroggiaro","F33","USF","384A-GVWCA","08-03-2024","Pacific Masters Swimming Long Course Championships"
"Women ","30-34","200","Butterfly","1","2:43.96"," Elyssa Pedote","F31","TOC","3843-0A9T3","08-25-2024","2024 U.S. Masters Swimming Summer National Championship"
"Women ","30-34","200","Butterfly","2","2:44.92"," Laurence Bloch","F31","WCM","384P-08FDY","08-25-2024","2024 U.S. Masters Swimming Summer National Championship"
"Women ","30-34","200","Individual Medley","1","2:29.18"," Allison A Arnold","F32","TOC","384E-09827","08-22-2024","2024 U.S. Masters Swimming Summer National Championship"
"Women ","30-34","200","Individual Medley","2","2:42.97"," Stephanie Doi","F30","USF","384V-0B3C4","08-04-2024","Pacific Masters Swimming Long Course Championships"
"Women ","30-34","200","Individual Medley","3","2:44.72"," Laurence Bloch","F31","WCM","384P-08FDY","08-22-2024","2024 U.S. Masters Swimming Summer National Championship"
"Women ","30-34","200","Individual Medley","4","2:44.78"," Anette Skoda","F33","STAN","3849-0717A","","2024 World Aquatics Masters Championships"
"Women ","30-34","200","Individual Medley","5","2:52.13"," Renae DiBartolomeo","F34","USF","384T-MYFJH","08-04-2024","Pacific Masters Swimming Long Course Championships"
"Women ","30-34","200","Individual Medley","6","2:53.52"," Jenn Hwang","F32","WCM","384K-09GHM","08-04-2024","Pacific Masters Swimming Long Course Championships"
"Women ","30-34","200","Individual Medley","7","2:59.62"," Alex Ferroggiaro","F33","USF","384A-GVWCA","08-04-2024","Pacific Masters Swimming Long Course Championships"
"Women ","30-34","200","Individual Medley","8","3:00.34"," Reiko Akimoto","F32","MAM","3846-N695B","08-04-2024","Pacific Masters Swimming Long Course Championships"
"Women ","30-34","200","Individual Medley","9","3:05.15"," Alexandra B McCarthy","F32","USF","3841-096R0","08-04-2024","Pacific Masters Swimming Long Course Championships"
"Women ","30-34","200","Individual Medley","10","3:23.52"," Stephanie C Oehler","F32","USF","384E-1YAFM","08-04-2024","Pacific Masters Swimming Long Course Championships"
"Women ","30-34","400","Individual Medley","1","5:15.76"," Allison A Arnold","F32","TOC","384E-09827","08-23-2024","2024 U.S. Masters Swimming Summer National Championship"
"Women ","30-34","400","Individual Medley","2","6:33.73"," Carolina De Barros","F34","RPM","384M-AG1HY","08-02-2024","Pacific Masters Swimming Long Course Championships"
"Women ","30-34","400","Individual Medley","3","6:54.74"," Beth McBride","F34","MEMO","384C-4YVNP","08-23-2024","2024 U.S. Masters Swimming Summer National Championship"
"Women ","35-39","50","Freestyle","1","27.46"," Marie A Ballenger","F38","TOC","3845-06ECE","","2024 U.S. Masters Swimming Summer National Championship"
"Women ","35-39","50","Freestyle","2","30.18"," Wendy Tempels","F39","STAN","384E-XJTWX","08-24-2024","2024 U.S. Masters Swimming Summer National Championship"
"Women ","35-39","50","Freestyle","3","31.46"," Margaret R Greer","F36","EBAT","384A-06831","08-03-2024","Pacific Masters Swimming Long Course Championships"
"Women ","35-39","50","Freestyle","4","40.12"," Regina Chien","F38","MEMO","3842-07SF5","08-03-2024","Pacific Masters Swimming Long Course Championships"
"Women ","35-39","50","Freestyle","5","40.77"," Crystal Pinkston","F39","MAQ","384W-SW1MR","08-03-2024","Pacific Masters Swimming Long Course Championships"
"Women ","35-39","50","Freestyle","6","54.7"," Elif Dede","F38","USF","384Z-UKD5J","08-03-2024","Pacific Masters Swimming Long Course Championships"
"Women ","35-39","50","Freestyle","7","1:56.70"," Amy C Heilman","F38","WAMS","384A-24XG5","07-07-2024","Silver State Masters LCM"
"Women ","35-39","100","Freestyle","1","1:01.33"," Marie A Ballenger","F38","TOC","3845-06ECE","08-25-2024","2024 U.S. Masters Swimming Summer National Championship"
"Women ","35-39","100","Freestyle","2","1:30.78"," Crystal Pinkston","F39","MAQ","384W-SW1MR","08-25-2024","2024 U.S. Masters Swimming Summer National Championship"
"Women ","35-39","200","Freestyle","1","2:32.08"," Wendy Tempels","F39","STAN","384E-XJTWX","08-22-2024","2024 U.S. Masters Swimming Summer National Championship"
"Women ","35-39","200","Freestyle","2","3:21.03"," Crystal Pinkston","F39","MAQ","384W-SW1MR","08-04-2024","Pacific Masters Swimming Long Course Championships"
"Women ","35-39","400","Freestyle","1","7:15.20"," Crystal Pinkston","F39","MAQ","384W-SW1MR","08-04-2024","Pacific Masters Swimming Long Course Championships"
"Women ","35-39","800","Freestyle","1","16:40.07"," Lindsey Adams","F35","RPM","384N-4XW9D","","Pacific Masters Swimming Long Course Championships"
"Women ","35-39","1500","Freestyle","1","31:29.30"," Lindsey Adams","F35","RPM","384N-4XW9D","08-02-2024","Pacific Masters Swimming Long Course Championships"
"Women ","35-39","50","Backstroke","1","35.36"," Margaret R Greer","F36","EBAT","384A-06831","08-03-2024","Pacific Masters Swimming Long Course Championships"
"Women ","35-39","50","Backstroke","2","36.66"," Marie A Ballenger","F38","TOC","3845-06ECE","08-03-2024","Pacific Masters Swimming Long Course Championships"
"Women ","35-39","50","Backstroke","3","40.6"," Kristina Petrakis","F35","USF","384C-09CFF","08-03-2024","Pacific Masters Swimming Long Course Championships"
"Women ","35-39","50","Backstroke","4","45.54"," Regina Chien","F38","MEMO","3842-07SF5","08-03-2024","Pacific Masters Swimming Long Course Championships"
"Women ","35-39","50","Backstroke","5","1:11.49"," Elif Dede","F38","USF","384Z-UKD5J","08-03-2024","Pacific Masters Swimming Long Course Championships"
"Women ","35-39","50","Backstroke","6","1:40.03"," Amy C Heilman","F38","WAMS","384A-24XG5","07-07-2024","Silver State Masters LCM"
"Women ","35-39","100","Backstroke","1","1:18.85"," Margaret R Greer","F36","EBAT","384A-06831","08-04-2024","Pacific Masters Swimming Long Course Championships"
"Women ","35-39","100","Backstroke","2","3:31.98"," Amy C Heilman","F38","WAMS","384A-24XG5","07-07-2024","Silver State Masters LCM"
"Women ","35-39","200","Backstroke","1","2:52.20"," Margaret R Greer","F36","EBAT","384A-06831","08-03-2024","Pacific Masters Swimming Long Course Championships"
"Women ","35-39","200","Backstroke","2","3:41.79"," Regina Chien","F38","MEMO","3842-07SF5","08-03-2024","Pacific Masters Swimming Long Course Championships"
"Women ","35-39","50","Breaststroke","1","35.36"," Marie A Ballenger","F38","TOC","3845-06ECE","08-23-2024","2024 U.S. Masters Swimming Summer National Championship"
"Women ","35-39","100","Breaststroke","1","1:21.40"," Marie A Ballenger","F38","TOC","3845-06ECE","08-22-2024","2024 U.S. Masters Swimming Summer National Championship"
"Women ","35-39","100","Breaststroke","2","1:25.77"," Wendy Tempels","F39","STAN","384E-XJTWX","08-22-2024","2024 U.S. Masters Swimming Summer National Championship"
"Women ","35-39","200","Breaststroke","1","3:02.62"," Marie A Ballenger","F38","TOC","3845-06ECE","08-24-2024","2024 U.S. Masters Swimming Summer National Championship"
"Women ","35-39","50","Butterfly","1","30.03"," Marie A Ballenger","F38","TOC","3845-06ECE","08-23-2024","2024 U.S. Masters Swimming Summer National Championship"
"Women ","35-39","50","Butterfly","2","34.14"," Margaret R Greer","F36","EBAT","384A-06831","08-04-2024","Pacific Masters Swimming Long Course Championships"
"Women ","35-39","50","Butterfly","3","49.97"," Jennifer H Sue","F35","SFGG","384V-163VF","08-04-2024","Pacific Masters Swimming Long Course Championships"
"Women ","35-39","100","Butterfly","1","1:11.14"," Wendy Tempels","F39","STAN","384E-XJTWX","08-24-2024","2024 U.S. Masters Swimming Summer National Championship"
"Women ","35-39","100","Butterfly","2","1:48.60"," Regina Chien","F38","MEMO","3842-07SF5","08-03-2024","Pacific Masters Swimming Long Course Championships"
"Women ","35-39","200","Butterfly","1","2:38.45"," Wendy Tempels","F39","STAN","384E-XJTWX","08-25-2024","2024 U.S. Masters Swimming Summer National Championship"
"Women ","40-44","50","Freestyle","1","30.19"," Naoko Watanabe","F42","TOC","384Y-03DZ2","08-24-2024","2024 U.S. Masters Swimming Summer National Championship"
"Women ","40-44","50","Freestyle","2","31.22"," Helene Nehrebecki","F44","DAM","384P-06JFA","08-24-2024","2024 U.S. Masters Swimming Summer National Championship"
"Women ","40-44","50","Freestyle","3","31.28"," Jennifer L McIntyre","F44","SNM","384A-9XK12","08-24-2024","2024 U.S. Masters Swimming Summer National Championship"
"Women ","40-44","50","Freestyle","4","31.73"," Kelsey L Louderback","F41","MAQ","3842-05XP5","08-03-2024","Pacific Masters Swimming Long Course Championships"
"Women ","40-44","50","Freestyle","5","37.03"," Nora D Devine","F42","USF","3845-06PNG","08-03-2024","Pacific Masters Swimming Long Course Championships"
"Women ","40-44","50","Freestyle","6","37.95"," Meredith A West","F40","SMM","3842-03PVE","07-07-2024","Silver State Masters LCM"
"Women ","40-44","50","Freestyle","7","45.04"," Natalie S Ward Kiel","F44","CARS","384F-F41Z7","07-07-2024","Silver State Masters LCM"
"Women ","40-44","100","Freestyle","1","1:07.10"," Jennifer L McIntyre","F44","SNM","384A-9XK12","08-25-2024","2024 U.S. Masters Swimming Summer National Championship"
"Women ","40-44","100","Freestyle","2","1:08.14"," Helene Nehrebecki","F44","DAM","384P-06JFA","08-25-2024","2024 U.S. Masters Swimming Summer National Championship"
"Women ","40-44","100","Freestyle","3","1:09.59"," Allison R Kari","F44","UC38","3843-TFWF4","08-25-2024","2024 U.S. Masters Swimming Summer National Championship"
"Women ","40-44","100","Freestyle","4","1:10.66"," Kelsey L Louderback","F41","MAQ","3842-05XP5","08-03-2024","Pacific Masters Swimming Long Course Championships"
"Women ","40-44","100","Freestyle","5","1:21.45"," Nora D Devine","F42","USF","3845-06PNG","08-03-2024","Pacific Masters Swimming Long Course Championships"
"Women ","40-44","100","Freestyle","6","1:23.54"," Meredith A West","F40","SMM","3842-03PVE","08-25-2024","2024 U.S. Masters Swimming Summer National Championship"
"Women ","40-44","100","Freestyle","7","1:45.93"," Natalie S Ward Kiel","F44","CARS","384F-F41Z7","07-07-2024","Silver State Masters LCM"
"Women ","40-44","200","Freestyle","1","2:18.45"," Jennifer D Radecke-Noble","F40","TVM","3841-08F5P","08-04-2024","Pacific Masters Swimming Long Course Championships"
"Women ","40-44","200","Freestyle","2","2:25.47"," Jennifer L McIntyre","F44","SNM","384A-9XK12","08-22-2024","2024 U.S. Masters Swimming Summer National Championship"
"Women ","40-44","200","Freestyle","3","2:25.83"," Jessica N Huang","F40","USF","384D-03TR3","08-04-2024","Pacific Masters Swimming Long Course Championships"
"Women ","40-44","200","Freestyle","4","2:30.46"," Allison R Kari","F44","UC38","3843-TFWF4","08-22-2024","2024 U.S. Masters Swimming Summer National Championship"
"Women ","40-44","200","Freestyle","5","2:38.41"," Helene Nehrebecki","F44","DAM","384P-06JFA","","Pacific Masters Swimming Long Course Championships"
"Women ","40-44","200","Freestyle","6","2:45.88"," Sarah L Groskopf","F44","HTUB","384S-03KAH","08-04-2024","Pacific Masters Swimming Long Course Championships"
"Women ","40-44","200","Freestyle","7","2:47.57"," Robin J Lee","F43","MAQ","3841-03YYB","08-04-2024","Pacific Masters Swimming Long Course Championships"
"Women ","40-44","200","Freestyle","8","2:54.66"," Tori Murray","F42","RHMS","384J-JY6CD","08-04-2024","Pacific Masters Swimming Long Course Championships"
"Women ","40-44","200","Freestyle","9","2:58.43"," Amy K Sitzmann","F44","TVM","3841-040PG","08-04-2024","Pacific Masters Swimming Long Course Championships"
"Women ","40-44","200","Freestyle","10","3:00.96"," Emily Scott","F44","SFGG","3848-05SC6","08-04-2024","Pacific Masters Swimming Long Course Championships"
"Women ","40-44","200","Freestyle","11","3:05.13"," Meredith A West","F40","SMM","3842-03PVE","07-07-2024","Silver State Masters LCM"
"Women ","40-44","200","Freestyle","12","3:07.66"," Amie D Prichard","F44","USF","3841-0016V","08-04-2024","Pacific Masters Swimming Long Course Championships"
"Women ","40-44","200","Freestyle","13","4:03.46"," Natalie S Ward Kiel","F44","CARS","384F-F41Z7","07-07-2024","Silver State Masters LCM"
"Women ","40-44","400","Freestyle","1","5:04.79"," Jennifer L McIntyre","F44","SNM","384A-9XK12","08-25-2024","2024 U.S. Masters Swimming Summer National Championship"
"Women ","40-44","400","Freestyle","2","5:38.10"," Rachel M Rempe","F41","MAQ","384M-03ZNH","08-04-2024","Pacific Masters Swimming Long Course Championships"
"Women ","40-44","400","Freestyle","3","5:43.97"," Kelsey L Louderback","F41","MAQ","3842-05XP5","08-04-2024","Pacific Masters Swimming Long Course Championships"
"Women ","40-44","400","Freestyle","4","5:59.71"," Robin J Lee","F43","MAQ","3841-03YYB","08-04-2024","Pacific Masters Swimming Long Course Championships"
"Women ","40-44","400","Freestyle","5","6:12.19"," Amy K Sitzmann","F44","TVM","3841-040PG","08-04-2024","Pacific Masters Swimming Long Course Championships"
"Women ","40-44","400","Freestyle","6","6:21.95"," Meredith A West","F40","SMM","3842-03PVE","08-25-2024","2024 U.S. Masters Swimming Summer National Championship"
"Women ","40-44","400","Freestyle","7","6:41.79"," Amie D Prichard","F44","USF","3841-0016V","08-04-2024","Pacific Masters Swimming Long Course Championships"
"Women ","40-44","800","Freestyle","1","10:30.95"," Jennifer L McIntyre","F44","SNM","384A-9XK12","08-24-2024","2024 U.S. Masters Swimming Summer National Championship"
"Women ","40-44","800","Freestyle","2","11:40.31"," Rachel M Rempe","F41","MAQ","384M-03ZNH","08-03-2024","Pacific Masters Swimming Long Course Championships"
"Women ","40-44","800","Freestyle","3","12:36.80"," Ann Brunson","F43","WOOD","384U-9AHWG","","Sierra Nevada Swimming Distance Time Trials"
"Women ","40-44","800","Freestyle","4","12:48.31"," Meredith A West","F40","SMM","3842-03PVE","08-24-2024","2024 U.S. Masters Swimming Summer National Championship"
"Women ","40-44","800","Freestyle","5","13:47.03"," Amie D Prichard","F44","USF","3841-0016V","08-03-2024","Pacific Masters Swimming Long Course Championships"
"Women ","40-44","800","Freestyle","6","15:37.28"," Koung Chaiyasane","F40","MEMO","3841-09709","08-03-2024","Pacific Masters Swimming Long Course Championships"
"Women ","40-44","1500","Freestyle","1","22:32.11"," Rachel M Rempe","F41","MAQ","384M-03ZNH","08-02-2024","Pacific Masters Swimming Long Course Championships"
"Women ","40-44","1500","Freestyle","2","24:25.38"," Meredith A West","F40","SMM","3842-03PVE","08-02-2024","Pacific Masters Swimming Long Course Championships"
"Women ","40-44","1500","Freestyle","3","30:04.08"," Koung Chaiyasane","F40","MEMO","3841-09709","08-02-2024","Pacific Masters Swimming Long Course Championships"
"Women ","40-44","50","Backstroke","1","32.45"," Naoko Watanabe","F42","TOC","384Y-03DZ2","","2024 U.S. Masters Swimming Summer National Championship"
"Women ","40-44","50","Backstroke","2","35.65"," Helene Nehrebecki","F44","DAM","384P-06JFA","08-22-2024","2024 U.S. Masters Swimming Summer National Championship"
"Women ","40-44","50","Backstroke","3","35.82"," Kelsey L Louderback","F41","MAQ","3842-05XP5","08-03-2024","Pacific Masters Swimming Long Course Championships"
"Women ","40-44","50","Backstroke","4","36.85"," Allison R Kari","F44","UC38","3843-TFWF4","08-22-2024","2024 U.S. Masters Swimming Summer National Championship"
"Women ","40-44","50","Backstroke","5","45.78"," Amie D Prichard","F44","USF","3841-0016V","08-03-2024","Pacific Masters Swimming Long Course Championships"
"Women ","40-44","50","Backstroke","6","51.34"," Meredith A West","F40","SMM","3842-03PVE","07-07-2024","Silver State Masters LCM"
"Women ","40-44","50","Backstroke","7","58.52"," Natalie S Ward Kiel","F44","CARS","384F-F41Z7","07-07-2024","Silver State Masters LCM"
"Women ","40-44","100","Backstroke","1","1:12.83"," Jennifer D Radecke-Noble","F40","TVM","3841-08F5P","08-04-2024","Pacific Masters Swimming Long Course Championships"
"Women ","40-44","100","Backstroke","2","1:13.04"," Naoko Watanabe","F42","TOC","384Y-03DZ2","08-25-2024","2024 U.S. Masters Swimming Summer National Championship"
"Women ","40-44","100","Backstroke","3","1:15.74"," Jessica N Huang","F40","USF","384D-03TR3","08-04-2024","Pacific Masters Swimming Long Course Championships"
"Women ","40-44","100","Backstroke","4","1:19.62"," Allison R Kari","F44","UC38","3843-TFWF4","08-25-2024","2024 U.S. Masters Swimming Summer National Championship"
"Women ","40-44","100","Backstroke","5","1:23.99"," Helene Nehrebecki","F44","DAM","384P-06JFA","08-04-2024","Pacific Masters Swimming Long Course Championships"
"Women ","40-44","100","Backstroke","6","1:31.17"," Robin J Lee","F43","MAQ","3841-03YYB","08-04-2024","Pacific Masters Swimming Long Course Championships"
"Women ","40-44","100","Backstroke","7","1:31.42"," Sarah L Groskopf","F44","HTUB","384S-03KAH","08-04-2024","Pacific Masters Swimming Long Course Championships"
"Women ","40-44","100","Backstroke","8","1:35.16"," Amy K Sitzmann","F44","TVM","3841-040PG","08-04-2024","Pacific Masters Swimming Long Course Championships"
"Women ","40-44","100","Backstroke","9","1:36.98"," Tori Murray","F42","RHMS","384J-JY6CD","08-04-2024","Pacific Masters Swimming Long Course Championships"
"Women ","40-44","100","Backstroke","10","1:43.44"," Amie D Prichard","F44","USF","3841-0016V","08-04-2024","Pacific Masters Swimming Long Course Championships"
"Women ","40-44","100","Backstroke","11","1:44.13"," Donita L Flecker","F42","SMAC","384U-086B0","08-04-2024","Pacific Masters Swimming Long Course Championships"
"Women ","40-44","100","Backstroke","12","2:12.75"," Natalie S Ward Kiel","F44","CARS","384F-F41Z7","07-07-2024","Silver State Masters LCM"
"Women ","40-44","200","Backstroke","1","3:07.15"," Helene Nehrebecki","F44","DAM","384P-06JFA","08-03-2024","Pacific Masters Swimming Long Course Championships"
"Women ","40-44","200","Backstroke","2","3:35.78"," Amie D Prichard","F44","USF","3841-0016V","08-03-2024","Pacific Masters Swimming Long Course Championships"
"Women ","40-44","50","Breaststroke","1","38.39"," Lauren Au Brinkmeyer","F40","MAM","384H-03RD5","08-04-2024","Pacific Masters Swimming Long Course Championships"
"Women ","40-44","50","Breaststroke","2","38.45"," Jessica N Huang","F40","USF","384D-03TR3","08-04-2024","Pacific Masters Swimming Long Course Championships"
"Women ","40-44","50","Breaststroke","3","39.68"," Helene Nehrebecki","F44","DAM","384P-06JFA","08-04-2024","Pacific Masters Swimming Long Course Championships"
"Women ","40-44","50","Breaststroke","4","43.97"," Robin J Lee","F43","MAQ","3841-03YYB","08-04-2024","Pacific Masters Swimming Long Course Championships"
"Women ","40-44","50","Breaststroke","5","44.77"," Emily Scott","F44","SFGG","3848-05SC6","08-04-2024","Pacific Masters Swimming Long Course Championships"
"Women ","40-44","50","Breaststroke","6","48.55"," Tori Murray","F42","RHMS","384J-JY6CD","08-04-2024","Pacific Masters Swimming Long Course Championships"
"Women ","40-44","50","Breaststroke","7","54.6"," Jez Lee","F44","SMAC","3844-72PWB","08-04-2024","Pacific Masters Swimming Long Course Championships"
"Women ","40-44","100","Breaststroke","1","1:25.71"," Helene Nehrebecki","F44","DAM","384P-06JFA","08-03-2024","Pacific Masters Swimming Long Course Championships"
"Women ","40-44","100","Breaststroke","2","1:51.61"," Nora D Devine","F42","USF","3845-06PNG","08-03-2024","Pacific Masters Swimming Long Course Championships"
"Women ","40-44","200","Breaststroke","1","3:08.52"," Lauren Au Brinkmeyer","F40","MAM","384H-03RD5","08-04-2024","Pacific Masters Swimming Long Course Championships"
"Women ","40-44","200","Breaststroke","2","3:45.59"," Tori Murray","F42","RHMS","384J-JY6CD","08-04-2024","Pacific Masters Swimming Long Course Championships"
"Women ","40-44","200","Breaststroke","3","4:12.64"," Jez Lee","F44","SMAC","3844-72PWB","08-04-2024","Pacific Masters Swimming Long Course Championships"
"Women ","40-44","50","Butterfly","1","30.62"," Jennifer D Radecke-Noble","F40","TVM","3841-08F5P","08-04-2024","Pacific Masters Swimming Long Course Championships"
"Women ","40-44","50","Butterfly","2","31.84"," Naoko Watanabe","F42","TOC","384Y-03DZ2","08-23-2024","2024 U.S. Masters Swimming Summer National Championship"
"Women ","40-44","50","Butterfly","3","33.21"," Helene Nehrebecki","F44","DAM","384P-06JFA","08-23-2024","2024 U.S. Masters Swimming Summer National Championship"
"Women ","40-44","50","Butterfly","4","34.77"," Rachel M Rempe","F41","MAQ","384M-03ZNH","08-04-2024","Pacific Masters Swimming Long Course Championships"
"Women ","40-44","50","Butterfly","5","35.03"," Kelsey L Louderback","F41","MAQ","3842-05XP5","08-04-2024","Pacific Masters Swimming Long Course Championships"
"Women ","40-44","50","Butterfly","6","35.22"," Lauren Au Brinkmeyer","F40","MAM","384H-03RD5","08-04-2024","Pacific Masters Swimming Long Course Championships"
"Women ","40-44","50","Butterfly","7","38.14"," Tori Murray","F42","RHMS","384J-JY6CD","08-04-2024","Pacific Masters Swimming Long Course Championships"
"Women ","40-44","50","Butterfly","8","40.76"," Robin J Lee","F43","MAQ","3841-03YYB","08-04-2024","Pacific Masters Swimming Long Course Championships"
"Women ","40-44","50","Butterfly","9","41.47"," Sarah L Groskopf","F44","HTUB","384S-03KAH","08-04-2024","Pacific Masters Swimming Long Course Championships"
"Women ","40-44","50","Butterfly","10","51.07"," Donita L Flecker","F42","SMAC","384U-086B0","08-04-2024","Pacific Masters Swimming Long Course Championships"
"Women ","40-44","100","Butterfly","1","1:16.98"," Helene Nehrebecki","F44","DAM","384P-06JFA","08-24-2024","2024 U.S. Masters Swimming Summer National Championship"
"Women ","40-44","100","Butterfly","2","1:20.30"," Rachel M Rempe","F41","MAQ","384M-03ZNH","08-03-2024","Pacific Masters Swimming Long Course Championships"
"Women ","40-44","200","Butterfly","1","3:07.92"," Helene Nehrebecki","F44","DAM","384P-06JFA","08-25-2024","2024 U.S. Masters Swimming Summer National Championship"
"Women ","40-44","200","Butterfly","2","4:16.86"," Donita L Flecker","F42","SMAC","384U-086B0","08-04-2024","Pacific Masters Swimming Long Course Championships"
"Women ","40-44","200","Butterfly","3","4:22.47"," Jez Lee","F44","SMAC","3844-72PWB","08-04-2024","Pacific Masters Swimming Long Course Championships"
"Women ","40-44","200","Individual Medley","1","2:38.40"," Jennifer D Radecke-Noble","F40","TVM","3841-08F5P","08-04-2024","Pacific Masters Swimming Long Course Championships"
"Women ","40-44","200","Individual Medley","2","2:40.54"," Jessica N Huang","F40","USF","384D-03TR3","08-04-2024","Pacific Masters Swimming Long Course Championships"
"Women ","40-44","200","Individual Medley","3","2:51.81"," Jennifer L McIntyre","F44","SNM","384A-9XK12","08-22-2024","2024 U.S. Masters Swimming Summer National Championship"
"Women ","40-44","200","Individual Medley","4","2:57.34"," Helene Nehrebecki","F44","DAM","384P-06JFA","08-04-2024","Pacific Masters Swimming Long Course Championships"
"Women ","40-44","200","Individual Medley","5","2:57.61"," Allison R Kari","F44","UC38","3843-TFWF4","08-22-2024","2024 U.S. Masters Swimming Summer National Championship"
"Women ","40-44","200","Individual Medley","6","3:01.97"," Rachel M Rempe","F41","MAQ","384M-03ZNH","08-04-2024","Pacific Masters Swimming Long Course Championships"
"Women ","40-44","200","Individual Medley","7","3:11.11"," Sarah L Groskopf","F44","HTUB","384S-03KAH","08-04-2024","Pacific Masters Swimming Long Course Championships"
"Women ","40-44","200","Individual Medley","8","3:16.32"," Robin J Lee","F43","MAQ","3841-03YYB","08-04-2024","Pacific Masters Swimming Long Course Championships"
"Women ","40-44","200","Individual Medley","9","3:18.70"," Tori Murray","F42","RHMS","384J-JY6CD","08-04-2024","Pacific Masters Swimming Long Course Championships"
"Women ","40-44","200","Individual Medley","10","3:26.09"," Amy K Sitzmann","F44","TVM","3841-040PG","08-04-2024","Pacific Masters Swimming Long Course Championships"
"Women ","40-44","200","Individual Medley","11","3:50.22"," Donita L Flecker","F42","SMAC","384U-086B0","08-04-2024","Pacific Masters Swimming Long Course Championships"
"Women ","40-44","400","Individual Medley","1","6:24.70"," Helene Nehrebecki","F44","DAM","384P-06JFA","08-02-2024","Pacific Masters Swimming Long Course Championships"
"Women ","40-44","400","Individual Medley","2","8:59.44"," Koung Chaiyasane","F40","MEMO","3841-09709","08-02-2024","Pacific Masters Swimming Long Course Championships"
"Women ","45-49","50","Freestyle","1","29.71"," Niki L Woodard","F48","PT","384S-07U68","08-03-2024","Pacific Masters Swimming Long Course Championships"
"Women ","45-49","50","Freestyle","2","30.06"," Lauren E Hooper","F45","WCM","3848-03WD3","08-24-2024","2024 U.S. Masters Swimming Summer National Championship"
"Women ","45-49","50","Freestyle","3","30.47"," Amy Rodde","F45","BAC","384U-MGZAW","08-03-2024","Pacific Masters Swimming Long Course Championships"
"Women ","45-49","50","Freestyle","4","31.55"," Katie M Bracco Comfort","F48","MELO","384N-03US8","08-03-2024","Pacific Masters Swimming Long Course Championships"
"Women ","45-49","50","Freestyle","5","32.37"," Christina M Cairns","F46","MAQ","3841-03MRY","08-03-2024","Pacific Masters Swimming Long Course Championships"
"Women ","45-49","50","Freestyle","6","33.5"," Taylor H Davis","F48","USF","3840-739B3","08-03-2024","Pacific Masters Swimming Long Course Championships"
"Women ","45-49","50","Freestyle","7","34.45"," Melanie C Belluomini","F47","DAM","384K-05PKW","08-03-2024","Pacific Masters Swimming Long Course Championships"
"Women ","45-49","50","Freestyle","8","39.29"," Traci E Avar","F45","USF","3845-5JSH1","08-03-2024","Pacific Masters Swimming Long Course Championships"
"Women ","45-49","50","Freestyle","9","41.01"," Suzanne E Pyatt","F49","USF","384B-CRYVA","08-03-2024","Pacific Masters Swimming Long Course Championships"
"Women ","45-49","50","Freestyle","10","48.31"," Elizabeth S Sayed","F45","USF","3843-62GJR","08-03-2024","Pacific Masters Swimming Long Course Championships"
"Women ","45-49","50","Freestyle","11","52.17"," Jennifer Lizzie MacDonald","F48","SNM","3842-UFERT","07-07-2024","Silver State Masters LCM"
"Women ","45-49","100","Freestyle","1","1:06.25"," Niki L Woodard","F48","PT","384S-07U68","08-03-2024","Pacific Masters Swimming Long Course Championships"
"Women ","45-49","100","Freestyle","2","1:08.62"," Katie M Bracco Comfort","F48","MELO","384N-03US8","08-03-2024","Pacific Masters Swimming Long Course Championships"
"Women ","45-49","100","Freestyle","3","1:10.52"," Christina M Cairns","F46","MAQ","3841-03MRY","08-03-2024","Pacific Masters Swimming Long Course Championships"
"Women ","45-49","100","Freestyle","4","1:12.13"," Heather R Erickson","F47","MAM","384C-01XK9","06-23-2024","2024 SLOS Firecracker Invitational"
"Women ","45-49","100","Freestyle","5","1:14.34"," Taylor H Davis","F48","USF","3840-739B3","08-03-2024","Pacific Masters Swimming Long Course Championships"
"Women ","45-49","100","Freestyle","6","1:28.08"," Suzanne E Pyatt","F49","USF","384B-CRYVA","08-03-2024","Pacific Masters Swimming Long Course Championships"
"Women ","45-49","100","Freestyle","7","1:44.66"," Elizabeth S Sayed","F45","USF","3843-62GJR","08-03-2024","Pacific Masters Swimming Long Course Championships"
"Women ","45-49","100","Freestyle","8","2:02.39"," Jennifer Lizzie MacDonald","F48","SNM","3842-UFERT","07-07-2024","Silver State Masters LCM"
"Women ","45-49","200","Freestyle","1","2:28.38"," Niki L Woodard","F48","PT","384S-07U68","08-04-2024","Pacific Masters Swimming Long Course Championships"
"Women ","45-49","200","Freestyle","2","2:33.15"," Katie M Bracco Comfort","F48","MELO","384N-03US8","08-04-2024","Pacific Masters Swimming Long Course Championships"
"Women ","45-49","200","Freestyle","3","2:36.56"," Christina M Cairns","F46","MAQ","3841-03MRY","08-04-2024","Pacific Masters Swimming Long Course Championships"
"Women ","45-49","200","Freestyle","4","2:48.14"," Taylor H Davis","F48","USF","3840-739B3","08-04-2024","Pacific Masters Swimming Long Course Championships"
"Women ","45-49","200","Freestyle","5","2:51.56"," Vee Bee","F45","RPM","3843-3H6XF","08-04-2024","Pacific Masters Swimming Long Course Championships"
"Women ","45-49","200","Freestyle","6","3:25.47"," Ruth Cheung","F45","QSS","384K-9Y87F","08-04-2024","Pacific Masters Swimming Long Course Championships"
"Women ","45-49","200","Freestyle","7","3:27.84"," Susan Alfieri","F47","MAQ","384A-02ZE0","08-04-2024","Pacific Masters Swimming Long Course Championships"
"Women ","45-49","200","Freestyle","8","3:28.60"," Teresa A Silva","F48","SFGG","384R-K6J6G","08-04-2024","Pacific Masters Swimming Long Course Championships"
"Women ","45-49","400","Freestyle","1","4:36.68"," Heidi S George","F48","UC38","384T-03KD2","04-12-2024","2024 MVN Fran Crippen Memorial Swim Meet of Champions"
"Women ","45-49","400","Freestyle","2","5:22.59"," Katie M Bracco Comfort","F48","MELO","384N-03US8","08-04-2024","Pacific Masters Swimming Long Course Championships"
"Women ","45-49","400","Freestyle","3","7:13.53"," Ruth Cheung","F45","QSS","384K-9Y87F","08-04-2024","Pacific Masters Swimming Long Course Championships"
"Women ","45-49","800","Freestyle","1","9:15.41"," Heidi S George","F48","UC38","384T-03KD2","04-14-2024","2024 MVN Fran Crippen Memorial Swim Meet of Champions"
"Women ","45-49","800","Freestyle","2","12:57.03"," Vee Bee","F45","RPM","3843-3H6XF","08-03-2024","Pacific Masters Swimming Long Course Championships"
"Women ","45-49","1500","Freestyle","1","17:26.47"," Heidi S George","F47","UC38","3835-03KD2","","2023 ISCA LC Open "
"Women ","45-49","1500","Freestyle","2","26:09.85"," Catherine Topping","F45","MAQ","384Y-Y2NSS","08-02-2024","Pacific Masters Swimming Long Course Championships"
"Women ","45-49","50","Backstroke","1","32.71"," Lauren E Hooper","F45","WCM","3848-03WD3","","2024 U.S. Masters Swimming Summer National Championship"
"Women ","45-49","50","Backstroke","2","36.72"," Christina M Cairns","F46","MAQ","3841-03MRY","08-03-2024","Pacific Masters Swimming Long Course Championships"
"Women ","45-49","50","Backstroke","3","36.83"," Amy Rodde","F45","BAC","384U-MGZAW","08-03-2024","Pacific Masters Swimming Long Course Championships"
"Women ","45-49","50","Backstroke","4","41.3"," Taylor H Davis","F48","USF","3840-739B3","08-03-2024","Pacific Masters Swimming Long Course Championships"
"Women ","45-49","50","Backstroke","5","46.86"," Traci E Avar","F45","USF","3845-5JSH1","08-03-2024","Pacific Masters Swimming Long Course Championships"
"Women ","45-49","50","Backstroke","6","52.01"," Suzanne E Pyatt","F49","USF","384B-CRYVA","08-03-2024","Pacific Masters Swimming Long Course Championships"
"Women ","45-49","50","Backstroke","7","53.17"," Elizabeth S Sayed","F45","USF","3843-62GJR","08-03-2024","Pacific Masters Swimming Long Course Championships"
"Women ","45-49","100","Backstroke","1","1:11.34"," Lauren E Hooper","F45","WCM","3848-03WD3","08-25-2024","2024 U.S. Masters Swimming Summer National Championship"
"Women ","45-49","100","Backstroke","2","1:20.97"," Christina M Cairns","F46","MAQ","3841-03MRY","08-04-2024","Pacific Masters Swimming Long Course Championships"
"Women ","45-49","100","Backstroke","3","1:32.31"," Taylor H Davis","F48","USF","3840-739B3","08-04-2024","Pacific Masters Swimming Long Course Championships"
"Women ","45-49","200","Backstroke","1","3:29.28"," Elizabeth Flynn","F45","MEMO","384K-0AMS8","08-23-2024","2024 U.S. Masters Swimming Summer National Championship"
"Women ","45-49","200","Backstroke","2","3:58.84"," Elizabeth S Sayed","F45","USF","3843-62GJR","08-03-2024","Pacific Masters Swimming Long Course Championships"
"Women ","45-49","50","Breaststroke","1","44.29"," Elizabeth Flynn","F45","MEMO","384K-0AMS8","08-23-2024","2024 U.S. Masters Swimming Summer National Championship"
"Women ","45-49","50","Breaststroke","2","49.72"," Giulia Ferraris","F47","MAAC","384W-03M8U","08-04-2024","Pacific Masters Swimming Long Course Championships"
"Women ","45-49","100","Breaststroke","1","1:28.48"," Amy Rodde","F45","BAC","384U-MGZAW","08-03-2024","Pacific Masters Swimming Long Course Championships"
"Women ","45-49","100","Breaststroke","2","1:36.66"," Christina M Cairns","F46","MAQ","3841-03MRY","08-03-2024","Pacific Masters Swimming Long Course Championships"
"Women ","45-49","100","Breaststroke","3","1:52.15"," Suzanne E Pyatt","F49","USF","384B-CRYVA","08-03-2024","Pacific Masters Swimming Long Course Championships"
"Women ","45-49","200","Breaststroke","1","4:08.89"," Susan Alfieri","F47","MAQ","384A-02ZE0","08-04-2024","Pacific Masters Swimming Long Course Championships"
"Women ","45-49","50","Butterfly","1","32.13"," Lauren E Hooper","F45","WCM","3848-03WD3","08-23-2024","2024 U.S. Masters Swimming Summer National Championship"
"Women ","45-49","50","Butterfly","2","32.89"," Niki L Woodard","F48","PT","384S-07U68","08-04-2024","Pacific Masters Swimming Long Course Championships"
"Women ","45-49","50","Butterfly","3","33.33"," Katie M Bracco Comfort","F48","MELO","384N-03US8","08-04-2024","Pacific Masters Swimming Long Course Championships"
"Women ","45-49","50","Butterfly","4","35.2"," Melanie C Belluomini","F47","DAM","384K-05PKW","08-04-2024","Pacific Masters Swimming Long Course Championships"
"Women ","45-49","50","Butterfly","5","38.82"," Giulia Ferraris","F47","MAAC","384W-03M8U","08-04-2024","Pacific Masters Swimming Long Course Championships"
"Women ","45-49","50","Butterfly","6","41.58"," Taylor H Davis","F48","USF","3840-739B3","08-04-2024","Pacific Masters Swimming Long Course Championships"
"Women ","45-49","50","Butterfly","7","58.06"," Ruth Cheung","F45","QSS","384K-9Y87F","08-04-2024","Pacific Masters Swimming Long Course Championships"
"Women ","45-49","100","Butterfly","1","1:16.48"," Niki L Woodard","F48","PT","384S-07U68","08-03-2024","Pacific Masters Swimming Long Course Championships"
"Women ","45-49","100","Butterfly","2","1:19.27"," Katie M Bracco Comfort","F48","MELO","384N-03US8","08-03-2024","Pacific Masters Swimming Long Course Championships"
"Women ","45-49","100","Butterfly","3","1:28.85"," Melanie C Belluomini","F47","DAM","384K-05PKW","08-03-2024","Pacific Masters Swimming Long Course Championships"
"Women ","45-49","200","Individual Medley","1","2:49.72"," Lauren E Hooper","F45","WCM","3848-03WD3","08-22-2024","2024 U.S. Masters Swimming Summer National Championship"
"Women ","45-49","200","Individual Medley","2","2:53.80"," Niki L Woodard","F48","PT","384S-07U68","08-04-2024","Pacific Masters Swimming Long Course Championships"
"Women ","45-49","200","Individual Medley","3","3:22.50"," Melanie C Belluomini","F47","DAM","384K-05PKW","08-04-2024","Pacific Masters Swimming Long Course Championships"
"Women ","45-49","400","Individual Medley","1","7:10.86"," Elizabeth Flynn","F45","MEMO","384K-0AMS8","07-28-2024","2024 San Diego Long Course Championships"
"Women ","45-49","400","Individual Medley","2","7:17.42"," Melanie C Belluomini","F47","DAM","384K-05PKW","08-02-2024","Pacific Masters Swimming Long Course Championships"
"Women ","50-54","50","Freestyle","1","30.17"," Alison Zamanian","F54","WCM","3842-03FP1","","2024 U.S. Masters Swimming Summer National Championship"
"Women ","50-54","50","Freestyle","2","30.67"," Kelli A Broussard","F52","SRM","3842-01T55","08-24-2024","2024 End of Summer Spectacular LCM Swim Meet"
"Women ","50-54","50","Freestyle","3","31.52"," Susanne P Rublein","F54","MAM","3848-03GAV","08-24-2024","2024 U.S. Masters Swimming Summer National Championship"
"Women ","50-54","50","Freestyle","4","32.93"," Carrie Attwell","F54","TOC","3847-03N0W","08-03-2024","Pacific Masters Swimming Long Course Championships"
"Women ","50-54","50","Freestyle","5","35.14"," Christine M O'Hanlon","F54","RHMS","384Y-03X8F","08-03-2024","Pacific Masters Swimming Long Course Championships"
"Women ","50-54","50","Freestyle","6","37.86"," Ann Michelle Ongerth","F50","WCM","384G-MB511","08-03-2024","Pacific Masters Swimming Long Course Championships"
"Women ","50-54","100","Freestyle","1","1:07.30"," Alison Zamanian","F54","WCM","3842-03FP1","","2024 U.S. Masters Swimming Summer National Championship"
"Women ","50-54","100","Freestyle","2","1:08.34"," Kelli A Broussard","F52","SRM","3842-01T55","08-24-2024","2024 End of Summer Spectacular LCM Swim Meet"
"Women ","50-54","100","Freestyle","3","1:14.77"," Carrie Attwell","F54","TOC","3847-03N0W","08-03-2024","Pacific Masters Swimming Long Course Championships"
"Women ","50-54","100","Freestyle","4","1:18.82"," Christine M O'Hanlon","F54","RHMS","384Y-03X8F","08-03-2024","Pacific Masters Swimming Long Course Championships"
"Women ","50-54","100","Freestyle","5","1:30.78"," Patricia B Koning","F54","LAC","3845-VP0SX","08-03-2024","Pacific Masters Swimming Long Course Championships"
"Women ","50-54","200","Freestyle","1","2:17.59"," Alison Zamanian","F54","WCM","3842-03FP1","08-22-2024","2024 U.S. Masters Swimming Summer National Championship"
"Women ","50-54","200","Freestyle","2","2:47.15"," Carrie Attwell","F54","TOC","3847-03N0W","08-22-2024","2024 U.S. Masters Swimming Summer National Championship"
"Women ","50-54","200","Freestyle","3","3:01.26"," Christine M O'Hanlon","F54","RHMS","384Y-03X8F","08-04-2024","Pacific Masters Swimming Long Course Championships"
"Women ","50-54","200","Freestyle","4","3:18.92"," Jo Singh","F52","MELO","384Y-4PWA1","08-04-2024","Pacific Masters Swimming Long Course Championships"
"Women ","50-54","400","Freestyle","1","4:50.61"," Alison Zamanian","F54","WCM","3842-03FP1","08-25-2024","2024 U.S. Masters Swimming Summer National Championship"
"Women ","50-54","400","Freestyle","2","6:06.80"," Colleen M Darling","F50","WCM","3846-03WVE","08-04-2024","Pacific Masters Swimming Long Course Championships"
"Women ","50-54","400","Freestyle","3","6:51.91"," Jo Singh","F52","MELO","384Y-4PWA1","08-04-2024","Pacific Masters Swimming Long Course Championships"
"Women ","50-54","800","Freestyle","1","9:55.11"," Alison Zamanian","F54","WCM","3842-03FP1","08-24-2024","2024 U.S. Masters Swimming Summer National Championship"
"Women ","50-54","800","Freestyle","2","12:53.99"," Colleen M Darling","F50","WCM","3846-03WVE","08-03-2024","Pacific Masters Swimming Long Course Championships"
"Women ","50-54","800","Freestyle","3","13:47.90"," Patricia B Koning","F54","LAC","3845-VP0SX","08-03-2024","Pacific Masters Swimming Long Course Championships"
"Women ","50-54","800","Freestyle","4","14:15.93"," Jo Singh","F52","MELO","384Y-4PWA1","08-03-2024","Pacific Masters Swimming Long Course Championships"
"Women ","50-54","1500","Freestyle","1","18:46.95"," Alison Zamanian","F54","WCM","3842-03FP1","08-02-2024","Pacific Masters Swimming Long Course Championships"
"Women ","50-54","1500","Freestyle","2","23:42.40"," Colleen M Darling","F50","WCM","3846-03WVE","08-02-2024","Pacific Masters Swimming Long Course Championships"
"Women ","50-54","1500","Freestyle","3","28:00.20"," Jo Singh","F52","MELO","384Y-4PWA1","08-02-2024","Pacific Masters Swimming Long Course Championships"
"Women ","50-54","50","Backstroke","1","37.99"," Susanne P Rublein","F54","MAM","3848-03GAV","06-21-2024","2024 SLOS Firecracker Invitational"
"Women ","50-54","50","Backstroke","2","43.15"," Christine M O'Hanlon","F54","RHMS","384Y-03X8F","08-03-2024","Pacific Masters Swimming Long Course Championships"
"Women ","50-54","50","Backstroke","3","48.53"," Patricia B Koning","F54","LAC","3845-VP0SX","08-03-2024","Pacific Masters Swimming Long Course Championships"
"Women ","50-54","100","Backstroke","1","1:23.96"," Susanne P Rublein","F54","MAM","3848-03GAV","06-22-2024","2024 SLOS Firecracker Invitational"
"Women ","50-54","100","Backstroke","2","1:36.34"," Christine M O'Hanlon","F54","RHMS","384Y-03X8F","08-04-2024","Pacific Masters Swimming Long Course Championships"
"Women ","50-54","200","Backstroke","1","2:41.91"," Alison Zamanian","F54","WCM","3842-03FP1","08-23-2024","2024 U.S. Masters Swimming Summer National Championship"
"Women ","50-54","200","Backstroke","2","4:21.89"," Jo Singh","F52","MELO","384Y-4PWA1","08-03-2024","Pacific Masters Swimming Long Course Championships"
"Women ","50-54","50","Breaststroke","1","40.94"," Susanne P Rublein","F54","MAM","3848-03GAV","08-23-2024","2024 U.S. Masters Swimming Summer National Championship"
"Women ","50-54","50","Breaststroke","2","41.89"," Carrie Attwell","F54","TOC","3847-03N0W","08-23-2024","2024 U.S. Masters Swimming Summer National Championship"
"Women ","50-54","100","Breaststroke","1","1:31.09"," Susanne P Rublein","F54","MAM","3848-03GAV","08-22-2024","2024 U.S. Masters Swimming Summer National Championship"
"Women ","50-54","100","Breaststroke","2","1:33.41"," Carrie Attwell","F54","TOC","3847-03N0W","08-22-2024","2024 U.S. Masters Swimming Summer National Championship"
"Women ","50-54","100","Breaststroke","3","1:46.93"," Patricia B Koning","F54","LAC","3845-VP0SX","08-03-2024","Pacific Masters Swimming Long Course Championships"
"Women ","50-54","100","Breaststroke","4","1:53.66"," Ann Michelle Ongerth","F50","WCM","384G-MB511","08-03-2024","Pacific Masters Swimming Long Course Championships"
"Women ","50-54","200","Breaststroke","1","3:11.49"," Alison Zamanian","F54","WCM","3842-03FP1","08-04-2024","Pacific Masters Swimming Long Course Championships"
"Women ","50-54","200","Breaststroke","2","3:18.26"," Susanne P Rublein","F54","MAM","3848-03GAV","08-24-2024","2024 U.S. Masters Swimming Summer National Championship"
"Women ","50-54","200","Breaststroke","3","3:27.52"," Carrie Attwell","F54","TOC","3847-03N0W","08-24-2024","2024 U.S. Masters Swimming Summer National Championship"
"Women ","50-54","50","Butterfly","1","33.54"," Kelli A Broussard","F52","SRM","3842-01T55","08-24-2024","2024 End of Summer Spectacular LCM Swim Meet"
"Women ","50-54","50","Butterfly","2","33.79"," Alison Zamanian","F54","WCM","3842-03FP1","","2024 U.S. Masters Swimming Summer National Championship"
"Women ","50-54","50","Butterfly","3","34.51"," Carrie Attwell","F54","TOC","3847-03N0W","08-23-2024","2024 U.S. Masters Swimming Summer National Championship"
"Women ","50-54","50","Butterfly","4","37.44"," Susanne P Rublein","F54","MAM","3848-03GAV","06-21-2024","2024 SLOS Firecracker Invitational"
"Women ","50-54","50","Butterfly","5","52.66"," Jo Singh","F52","MELO","384Y-4PWA1","08-04-2024","Pacific Masters Swimming Long Course Championships"
"Women ","50-54","100","Butterfly","1","1:15.25"," Alison Zamanian","F54","WCM","3842-03FP1","","2024 U.S. Masters Swimming Summer National Championship"
"Women ","50-54","100","Butterfly","2","1:19.86"," Kelli A Broussard","F52","SRM","3842-01T55","08-24-2024","2024 End of Summer Spectacular LCM Swim Meet"
"Women ","50-54","100","Butterfly","3","1:25.96"," Colleen M Darling","F50","WCM","3846-03WVE","08-03-2024","Pacific Masters Swimming Long Course Championships"
"Women ","50-54","100","Butterfly","4","1:45.66"," Ann Michelle Ongerth","F50","WCM","384G-MB511","08-03-2024","Pacific Masters Swimming Long Course Championships"
"Women ","50-54","200","Butterfly","1","3:20.35"," Colleen M Darling","F50","WCM","3846-03WVE","08-04-2024","Pacific Masters Swimming Long Course Championships"
"Women ","50-54","200","Butterfly","2","4:06.89"," Ann Michelle Ongerth","F50","WCM","384G-MB511","08-04-2024","Pacific Masters Swimming Long Course Championships"
"Women ","50-54","200","Individual Medley","1","2:42.20"," Alison Zamanian","F54","WCM","3842-03FP1","08-22-2024","2024 U.S. Masters Swimming Summer National Championship"
"Women ","50-54","200","Individual Medley","2","2:56.54"," Kelli A Broussard","F52","SRM","3842-01T55","08-24-2024","2024 End of Summer Spectacular LCM Swim Meet"
"Women ","50-54","200","Individual Medley","3","3:01.32"," Susanne P Rublein","F54","MAM","3848-03GAV","08-22-2024","2024 U.S. Masters Swimming Summer National Championship"
"Women ","50-54","200","Individual Medley","4","3:05.99"," Carrie Attwell","F54","TOC","3847-03N0W","08-22-2024","2024 U.S. Masters Swimming Summer National Championship"
"Women ","50-54","400","Individual Medley","1","5:39.24"," Alison Zamanian","F54","WCM","3842-03FP1","08-02-2024","Pacific Masters Swimming Long Course Championships"
"Women ","50-54","400","Individual Medley","2","6:29.31"," Susanne P Rublein","F54","MAM","3848-03GAV","08-23-2024","2024 U.S. Masters Swimming Summer National Championship"
"Women ","50-54","400","Individual Medley","3","6:53.29"," Colleen M Darling","F50","WCM","3846-03WVE","08-02-2024","Pacific Masters Swimming Long Course Championships"
"Women ","55-59","50","Freestyle","1","32.82"," Laureen K Welting","F59","TOC","384U-03J3S","08-24-2024","2024 U.S. Masters Swimming Summer National Championship"
"Women ","55-59","50","Freestyle","2","34.75"," Jasmine Bachtiger","F55","RHMS","384P-03PNS","08-24-2024","2024 U.S. Masters Swimming Summer National Championship"
"Women ","55-59","50","Freestyle","3","34.96"," Rebecca L Friedlander","F58","SNM","384H-02D8U","08-24-2024","2024 U.S. Masters Swimming Summer National Championship"
"Women ","55-59","50","Freestyle","4","35.41"," Tracey Jones","F56","SRM","384J-08244","08-03-2024","Pacific Masters Swimming Long Course Championships"
"Women ","55-59","50","Freestyle","5","36.08"," Margaret P De Somma","F56","MAQ","384F-06CVV","08-03-2024","Pacific Masters Swimming Long Course Championships"
"Women ","55-59","50","Freestyle","6","36.93"," Tina M Voight","F55","MEMO","384A-06T52","08-03-2024","Pacific Masters Swimming Long Course Championships"
"Women ","55-59","50","Freestyle","7","38.06"," janet alexander","F57","CMAM","384D-VZY1B","08-03-2024","Pacific Masters Swimming Long Course Championships"
"Women ","55-59","50","Freestyle","8","40.33"," Kim D Bradshaw","F58","CARS","3841-BC4C0","07-07-2024","Silver State Masters LCM"
"Women ","55-59","50","Freestyle","9","40.73"," Wendy Cervantes-Mui","F57","LOM","3841-HMW32","","EuroGames Vienna 2024"
"Women ","55-59","50","Freestyle","10","47.8"," K Kiely Gilfillan","F56","SNM","384X-03R8M","07-07-2024","Silver State Masters LCM"
"Women ","55-59","50","Freestyle","11","48.29"," Sherri L Eng","F55","USF","384W-0A86V","08-03-2024","Pacific Masters Swimming Long Course Championships"
"Women ","55-59","100","Freestyle","1","1:13.94"," Laureen K Welting","F59","TOC","384U-03J3S","08-25-2024","2024 U.S. Masters Swimming Summer National Championship"
"Women ","55-59","100","Freestyle","2","1:17.65"," Tracey Jones","F56","SRM","384J-08244","08-03-2024","Pacific Masters Swimming Long Course Championships"
"Women ","55-59","100","Freestyle","3","1:17.90"," Rebecca L Friedlander","F58","SNM","384H-02D8U","07-07-2024","Silver State Masters LCM"
"Women ","55-59","100","Freestyle","4","1:20.29"," Margaret P De Somma","F56","MAQ","384F-06CVV","08-03-2024","Pacific Masters Swimming Long Course Championships"
"Women ","55-59","100","Freestyle","5","1:23.06"," Tina M Voight","F55","MEMO","384A-06T52","08-03-2024","Pacific Masters Swimming Long Course Championships"
"Women ","55-59","100","Freestyle","6","1:32.64"," Wendy Cervantes-Mui","F57","LOM","3841-HMW32","","EuroGames Vienna 2024"
"Women ","55-59","100","Freestyle","7","1:36.00"," Kim D Bradshaw","F58","CARS","3841-BC4C0","07-07-2024","Silver State Masters LCM"
"Women ","55-59","100","Freestyle","8","1:54.53"," Sherri L Eng","F55","USF","384W-0A86V","08-03-2024","Pacific Masters Swimming Long Course Championships"
"Women ","55-59","200","Freestyle","1","2:37.73"," Michelle L Goldberg","F56","DAM","384K-03TPU","","Pacific Masters Swimming Long Course Championships"
"Women ","55-59","200","Freestyle","2","2:39.34"," Rebecca L Friedlander","F58","SNM","384H-02D8U","08-22-2024","2024 U.S. Masters Swimming Summer National Championship"
"Women ","55-59","200","Freestyle","3","2:56.15"," Vicki Shu","F56","MEMO","384E-02YSG","","Pacific Masters Swimming Long Course Championships"
"Women ","55-59","200","Freestyle","4","3:03.59"," Julie A Ask","F56","USF","384A-03M9U","08-04-2024","Pacific Masters Swimming Long Course Championships"
"Women ","55-59","200","Freestyle","5","3:07.17"," Tina M Voight","F55","MEMO","384A-06T52","08-04-2024","Pacific Masters Swimming Long Course Championships"
"Women ","55-59","200","Freestyle","6","3:20.36"," Wendy Cervantes-Mui","F57","LOM","3841-HMW32","","EuroGames Vienna 2024"
"Women ","55-59","200","Freestyle","7","4:04.48"," K Kiely Gilfillan","F56","SNM","384X-03R8M","07-07-2024","Silver State Masters LCM"
"Women ","55-59","200","Freestyle","8","4:46.40"," Lisa M Asta","F59","WCM","3842-0715J","08-04-2024","Pacific Masters Swimming Long Course Championships"
"Women ","55-59","400","Freestyle","1","5:35.26"," Michelle L Goldberg","F56","DAM","384K-03TPU","08-04-2024","Pacific Masters Swimming Long Course Championships"
"Women ","55-59","400","Freestyle","2","6:05.03"," Sheila Nelson","F56","SRM","384A-024PJ","08-24-2024","2024 End of Summer Spectacular LCM Swim Meet"
"Women ","55-59","400","Freestyle","3","6:20.01"," Julie A Ask","F56","USF","384A-03M9U","08-04-2024","Pacific Masters Swimming Long Course Championships"
"Women ","55-59","400","Freestyle","4","6:48.67"," Tina M Voight","F55","MEMO","384A-06T52","08-04-2024","Pacific Masters Swimming Long Course Championships"
"Women ","55-59","800","Freestyle","1","11:17.41"," Michelle L Goldberg","F56","DAM","384K-03TPU","08-03-2024","Pacific Masters Swimming Long Course Championships"
"Women ","55-59","800","Freestyle","2","11:34.52"," Wendy L Bjerknes","F55","SMM","384W-05SKJ","08-24-2024","2024 U.S. Masters Swimming Summer National Championship"
"Women ","55-59","800","Freestyle","3","11:41.94"," Vicki Shu","F56","MEMO","384E-02YSG","08-03-2024","Pacific Masters Swimming Long Course Championships"
"Women ","55-59","800","Freestyle","4","21:32.47"," Qing Hu","F58","WCM","3840-P6YRG","08-03-2024","Pacific Masters Swimming Long Course Championships"
"Women ","55-59","1500","Freestyle","1","21:08.04"," Rebecca L Friedlander","F58","SNM","384H-02D8U","08-21-2024","2024 U.S. Masters Swimming Summer National Championship"
"Women ","55-59","1500","Freestyle","2","21:45.53"," Michelle L Goldberg","F56","DAM","384K-03TPU","08-02-2024","Pacific Masters Swimming Long Course Championships"
"Women ","55-59","1500","Freestyle","3","21:58.55"," Juliet Cox","F56","MAM","384V-03FWJ","08-02-2024","Pacific Masters Swimming Long Course Championships"
"Women ","55-59","1500","Freestyle","4","26:51.64"," Tina M Voight","F55","MEMO","384A-06T52","08-02-2024","Pacific Masters Swimming Long Course Championships"
"Women ","55-59","50","Backstroke","1","38.82"," Laureen K Welting","F59","TOC","384U-03J3S","08-22-2024","2024 U.S. Masters Swimming Summer National Championship"
"Women ","55-59","50","Backstroke","2","39.81"," Emma Garforth","F56","DAM","3846-06SFT","08-03-2024","Pacific Masters Swimming Long Course Championships"
"Women ","55-59","50","Backstroke","3","41.62"," Sara Jones","F56","SRM","384H-041EC","08-03-2024","Pacific Masters Swimming Long Course Championships"
"Women ","55-59","50","Backstroke","4","45.53"," Jasmine Bachtiger","F55","RHMS","384P-03PNS","08-03-2024","Pacific Masters Swimming Long Course Championships"
"Women ","55-59","50","Backstroke","5","56.78"," Wendy Cervantes-Mui","F57","LOM","3841-HMW32","","EuroGames Vienna 2024"
"Women ","55-59","50","Backstroke","6","1:02.24"," Kim D Bradshaw","F58","CARS","3841-BC4C0","07-07-2024","Silver State Masters LCM"
"Women ","55-59","50","Backstroke","7","1:32.04"," Qing Hu","F58","WCM","3840-P6YRG","08-03-2024","Pacific Masters Swimming Long Course Championships"
"Women ","55-59","100","Backstroke","1","1:24.84"," Emma Garforth","F56","DAM","3846-06SFT","08-25-2024","2024 U.S. Masters Swimming Summer National Championship"
"Women ","55-59","100","Backstroke","2","1:28.06"," Sara Jones","F56","SRM","384H-041EC","08-04-2024","Pacific Masters Swimming Long Course Championships"
"Women ","55-59","100","Backstroke","3","1:29.76"," Laureen K Welting","F59","TOC","384U-03J3S","08-04-2024","Pacific Masters Swimming Long Course Championships"
"Women ","55-59","100","Backstroke","4","1:48.86"," Julie A Ask","F56","USF","384A-03M9U","08-04-2024","Pacific Masters Swimming Long Course Championships"
"Women ","55-59","100","Backstroke","5","2:07.56"," Wendy Cervantes-Mui","F57","LOM","3841-HMW32","","EuroGames Vienna 2024"
"Women ","55-59","100","Backstroke","6","2:43.15"," Lisa M Asta","F59","WCM","3842-0715J","08-04-2024","Pacific Masters Swimming Long Course Championships"
"Women ","55-59","200","Backstroke","1","3:04.36"," Rebecca L Friedlander","F58","SNM","384H-02D8U","08-23-2024","2024 U.S. Masters Swimming Summer National Championship"
"Women ","55-59","200","Backstroke","2","3:05.85"," Sara Jones","F56","SRM","384H-041EC","08-03-2024","Pacific Masters Swimming Long Course Championships"
"Women ","55-59","200","Backstroke","3","3:30.21"," Sheila Nelson","F56","SRM","384A-024PJ","08-24-2024","2024 End of Summer Spectacular LCM Swim Meet"
"Women ","55-59","200","Backstroke","4","6:19.22"," Qing Hu","F58","WCM","3840-P6YRG","08-03-2024","Pacific Masters Swimming Long Course Championships"
"Women ","55-59","50","Breaststroke","1","43.14"," Emma Garforth","F56","DAM","3846-06SFT","08-23-2024","2024 U.S. Masters Swimming Summer National Championship"
"Women ","55-59","50","Breaststroke","2","45.51"," Sheila Nelson","F56","SRM","384A-024PJ","08-24-2024","2024 End of Summer Spectacular LCM Swim Meet"
"Women ","55-59","50","Breaststroke","3","49.22"," Tina M Voight","F55","MEMO","384A-06T52","08-04-2024","Pacific Masters Swimming Long Course Championships"
"Women ","55-59","50","Breaststroke","4","49.9"," Kathy Glatter","F58","UC38","384V-07XDU","08-23-2024","2024 U.S. Masters Swimming Summer National Championship"
"Women ","55-59","50","Breaststroke","5","50.29"," Jasmine Bachtiger","F55","RHMS","384P-03PNS","08-04-2024","Pacific Masters Swimming Long Course Championships"
"Women ","55-59","50","Breaststroke","6","1:01.87"," Sherri L Eng","F55","USF","384W-0A86V","08-04-2024","Pacific Masters Swimming Long Course Championships"
"Women ","55-59","50","Breaststroke","7","1:03.20"," Julie A Ask","F56","USF","384A-03M9U","08-04-2024","Pacific Masters Swimming Long Course Championships"
"Women ","55-59","100","Breaststroke","1","1:34.08"," Emma Garforth","F56","DAM","3846-06SFT","08-03-2024","Pacific Masters Swimming Long Course Championships"
"Women ","55-59","100","Breaststroke","2","1:40.41"," Tracey Jones","F56","SRM","384J-08244","08-03-2024","Pacific Masters Swimming Long Course Championships"
"Women ","55-59","100","Breaststroke","3","1:49.93"," Kathy Glatter","F58","UC38","384V-07XDU","08-22-2024","2024 U.S. Masters Swimming Summer National Championship"
"Women ","55-59","100","Breaststroke","4","2:29.39"," Sherri L Eng","F55","USF","384W-0A86V","08-03-2024","Pacific Masters Swimming Long Course Championships"
"Women ","55-59","200","Breaststroke","1","3:25.15"," Emma Garforth","F56","DAM","3846-06SFT","08-24-2024","2024 U.S. Masters Swimming Summer National Championship"
"Women ","55-59","200","Breaststroke","2","3:29.26"," Michelle L Goldberg","F56","DAM","384K-03TPU","08-04-2024","Pacific Masters Swimming Long Course Championships"
"Women ","55-59","200","Breaststroke","3","3:31.01"," Tracey Jones","F56","SRM","384J-08244","08-04-2024","Pacific Masters Swimming Long Course Championships"
"Women ","55-59","200","Breaststroke","4","3:44.93"," Sheila Nelson","F56","SRM","384A-024PJ","08-24-2024","2024 End of Summer Spectacular LCM Swim Meet"
"Women ","55-59","200","Breaststroke","5","3:56.97"," Kathy Glatter","F58","UC38","384V-07XDU","08-04-2024","Pacific Masters Swimming Long Course Championships"
"Women ","55-59","200","Breaststroke","6","5:12.12"," Sherri L Eng","F55","USF","384W-0A86V","08-04-2024","Pacific Masters Swimming Long Course Championships"
"Women ","55-59","200","Breaststroke","7","5:36.44"," Lisa M Asta","F59","WCM","3842-0715J","08-04-2024","Pacific Masters Swimming Long Course Championships"
"Women ","55-59","50","Butterfly","1","36.38"," Laureen K Welting","F59","TOC","384U-03J3S","08-23-2024","2024 U.S. Masters Swimming Summer National Championship"
"Women ","55-59","50","Butterfly","2","37.56"," Jasmine Bachtiger","F55","RHMS","384P-03PNS","08-23-2024","2024 U.S. Masters Swimming Summer National Championship"
"Women ","55-59","50","Butterfly","3","39.3"," Margaret P De Somma","F56","MAQ","384F-06CVV","08-04-2024","Pacific Masters Swimming Long Course Championships"
"Women ","55-59","50","Butterfly","4","39.89"," Tracey Jones","F56","SRM","384J-08244","08-04-2024","Pacific Masters Swimming Long Course Championships"
"Women ","55-59","50","Butterfly","5","43.77"," Emma Garforth","F56","DAM","3846-06SFT","","2024 U.S. Masters Swimming Summer National Championship"
"Women ","55-59","50","Butterfly","6","53.39"," Julie A Ask","F56","USF","384A-03M9U","08-04-2024","Pacific Masters Swimming Long Course Championships"
"Women ","55-59","50","Butterfly","7","56.31"," Wendy Cervantes-Mui","F57","LOM","3841-HMW32","","EuroGames Vienna 2024"
"Women ","55-59","50","Butterfly","8","1:03.42"," K Kiely Gilfillan","F56","SNM","384X-03R8M","07-07-2024","Silver State Masters LCM"
"Women ","55-59","50","Butterfly","9","1:11.65"," Lisa M Asta","F59","WCM","3842-0715J","08-04-2024","Pacific Masters Swimming Long Course Championships"
"Women ","55-59","100","Butterfly","1","1:21.19"," Vicki Shu","F56","MEMO","384E-02YSG","08-03-2024","Pacific Masters Swimming Long Course Championships"
"Women ","55-59","100","Butterfly","2","1:24.25"," Wendy L Bjerknes","F55","SMM","384W-05SKJ","08-03-2024","Pacific Masters Swimming Long Course Championships"
"Women ","55-59","100","Butterfly","3","1:25.25"," Michelle L Goldberg","F56","DAM","384K-03TPU","08-03-2024","Pacific Masters Swimming Long Course Championships"
"Women ","55-59","100","Butterfly","4","1:27.40"," Laureen K Welting","F59","TOC","384U-03J3S","08-24-2024","2024 U.S. Masters Swimming Summer National Championship"
"Women ","55-59","100","Butterfly","5","1:35.58"," Emma Garforth","F56","DAM","3846-06SFT","","2024 U.S. Masters Swimming Summer National Championship"
"Women ","55-59","100","Butterfly","6","1:46.47"," janet alexander","F57","CMAM","384D-VZY1B","08-03-2024","Pacific Masters Swimming Long Course Championships"
"Women ","55-59","200","Butterfly","1","3:12.55"," Vicki Shu","F56","MEMO","384E-02YSG","08-04-2024","Pacific Masters Swimming Long Course Championships"
"Women ","55-59","200","Butterfly","2","5:43.74"," Lisa M Asta","F59","WCM","3842-0715J","08-04-2024","Pacific Masters Swimming Long Course Championships"
"Women ","55-59","200","Individual Medley","1","3:02.40"," Emma Garforth","F56","DAM","3846-06SFT","08-04-2024","Pacific Masters Swimming Long Course Championships"
"Women ","55-59","200","Individual Medley","2","3:03.10"," Michelle L Goldberg","F56","DAM","384K-03TPU","08-04-2024","Pacific Masters Swimming Long Course Championships"
"Women ","55-59","200","Individual Medley","3","3:07.52"," Sara Jones","F56","SRM","384H-041EC","08-04-2024","Pacific Masters Swimming Long Course Championships"
"Women ","55-59","200","Individual Medley","4","3:08.13"," Vicki Shu","F56","MEMO","384E-02YSG","08-04-2024","Pacific Masters Swimming Long Course Championships"
"Women ","55-59","200","Individual Medley","5","3:47.78"," Julie A Ask","F56","USF","384A-03M9U","08-04-2024","Pacific Masters Swimming Long Course Championships"
"Women ","55-59","200","Individual Medley","6","4:00.11"," yoriko fukushi","F55","USF","3844-UG792","08-04-2024","Pacific Masters Swimming Long Course Championships"
"Women ","55-59","200","Individual Medley","7","5:08.20"," Lisa M Asta","F59","WCM","3842-0715J","08-04-2024","Pacific Masters Swimming Long Course Championships"
"Women ","55-59","400","Individual Medley","1","6:26.28"," Emma Garforth","F56","DAM","3846-06SFT","08-02-2024","Pacific Masters Swimming Long Course Championships"
"Women ","55-59","400","Individual Medley","2","6:34.29"," Vicki Shu","F56","MEMO","384E-02YSG","08-02-2024","Pacific Masters Swimming Long Course Championships"
"Women ","55-59","400","Individual Medley","3","6:35.26"," Sara Jones","F56","SRM","384H-041EC","08-02-2024","Pacific Masters Swimming Long Course Championships"
"Women ","60-64","50","Freestyle","1","30.63"," Sarah E Quick","F60","NBA","3845-094JH","08-03-2024","Pacific Masters Swimming Long Course Championships"
"Women ","60-64","50","Freestyle","2","34.79"," Monica A Carter","F63","SACMA","384Z-ZDAUD","08-24-2024","2024 U.S. Masters Swimming Summer National Championship"
"Women ","60-64","50","Freestyle","3","35.51"," Valerie Knight-Williams","F61","SACMA","384B-1E9WH","08-03-2024","Pacific Masters Swimming Long Course Championships"
"Women ","60-64","50","Freestyle","4","37.37"," Josie A Viscardi","F60","RHMS","384A-03PT4","08-03-2024","Pacific Masters Swimming Long Course Championships"
"Women ","60-64","50","Freestyle","5","39.11"," Cassandra Coffee","F63","TAM","384W-CCSWM","08-03-2024","Pacific Masters Swimming Long Course Championships"
"Women ","60-64","50","Freestyle","6","44.37"," Bernie K Warford","F62","CMAM","384C-3HJPK","07-07-2024","Silver State Masters LCM"
"Women ","60-64","50","Freestyle","7","49.12"," Pascale I Macleod","F60","USF","384H-0BA4G","08-03-2024","Pacific Masters Swimming Long Course Championships"
"Women ","60-64","50","Freestyle","8","49.24"," Melanie L Whitenack","F61","UC38","384E-0BAUD","08-03-2024","2024 Rose Bowl Masters LCM Swim Meet"
"Women ","60-64","50","Freestyle","9","50.55"," Brenda Darden","F60","SNM","3849-09J7Y","07-07-2024","Silver State Masters LCM"
"Women ","60-64","50","Freestyle","10","50.56"," Susie Sampiere-Prochnow","F61","MAQ","384W-HAZAP","08-03-2024","Pacific Masters Swimming Long Course Championships"
"Women ","60-64","50","Freestyle","11","58.11"," Teresa M Focha","F63","ALB","3845-03NDN","07-07-2024","Silver State Masters LCM"
"Women ","60-64","50","Freestyle","12","58.62"," Leah A Carroll","F63","ALB","384C-09H3C","07-06-2024","Pacific Northwest Masters LCM Summer Meet"
"Women ","60-64","50","Freestyle","13","1:00.83"," Stephanie S Fontaine","F62","PSWIM","384D-0AAY1","07-07-2024","Silver State Masters LCM"
"Women ","60-64","100","Freestyle","1","1:07.96"," Sarah E Quick","F60","NBA","3845-094JH","08-03-2024","Pacific Masters Swimming Long Course Championships"
"Women ","60-64","100","Freestyle","2","1:16.81"," Monica A Carter","F63","SACMA","384Z-ZDAUD","08-03-2024","Pacific Masters Swimming Long Course Championships"
"Women ","60-64","100","Freestyle","3","1:29.78"," Josie A Viscardi","F60","RHMS","384A-03PT4","08-03-2024","Pacific Masters Swimming Long Course Championships"
"Women ","60-64","100","Freestyle","4","1:32.68"," Cassandra Coffee","F63","TAM","384W-CCSWM","08-03-2024","Pacific Masters Swimming Long Course Championships"
"Women ","60-64","100","Freestyle","5","1:45.73"," Rocio Haskell","F61","MAM","384W-V1U52","07-07-2024","Silver State Masters LCM"
"Women ","60-64","100","Freestyle","6","1:45.91"," Brenda Darden","F60","SNM","3849-09J7Y","07-07-2024","Silver State Masters LCM"
"Women ","60-64","100","Freestyle","7","1:51.57"," Deborah Valderrama","F61","USF","3840-03F5E","08-03-2024","Pacific Masters Swimming Long Course Championships"
"Women ","60-64","100","Freestyle","8","1:56.35"," Melanie L Whitenack","F61","UC38","384E-0BAUD","08-03-2024","2024 Rose Bowl Masters LCM Swim Meet"
"Women ","60-64","100","Freestyle","9","1:57.68"," Teresa M Focha","F63","ALB","3845-03NDN","","Pacific Masters Swimming Long Course Championships"
"Women ","60-64","100","Freestyle","10","2:00.23"," Jean W Field","F62","USF","384A-CPJBJ","08-03-2024","Pacific Masters Swimming Long Course Championships"
"Women ","60-64","100","Freestyle","11","2:01.06"," Michele Cobble","F62","USF","384P-0ANM0","08-03-2024","Pacific Masters Swimming Long Course Championships"
"Women ","60-64","100","Freestyle","12","2:04.01"," Leah A Carroll","F63","ALB","384C-09H3C","07-06-2024","Pacific Northwest Masters LCM Summer Meet"
"Women ","60-64","100","Freestyle","13","2:05.82"," Susie Sampiere-Prochnow","F61","MAQ","384W-HAZAP","08-03-2024","Pacific Masters Swimming Long Course Championships"
"Women ","60-64","100","Freestyle","14","2:25.96"," Eva Kirsch","F62","CMAM","384T-T7E7Y","08-03-2024","Pacific Masters Swimming Long Course Championships"
"Women ","60-64","200","Freestyle","1","2:28.01"," Lisa A Ward","F60","WCM","384X-006FT","08-22-2024","2024 U.S. Masters Swimming Summer National Championship"
"Women ","60-64","200","Freestyle","2","2:29.73"," Sarah E Quick","F60","NBA","3845-094JH","08-04-2024","Pacific Masters Swimming Long Course Championships"
"Women ","60-64","200","Freestyle","3","2:47.04"," Stephanie D Couch","F60","MELO","384Y-03UKW","08-04-2024","Pacific Masters Swimming Long Course Championships"
"Women ","60-64","200","Freestyle","4","2:47.83"," Monica A Carter","F63","SACMA","384Z-ZDAUD","08-22-2024","2024 U.S. Masters Swimming Summer National Championship"
"Women ","60-64","200","Freestyle","5","3:42.66"," Rocio Haskell","F61","MAM","384W-V1U52","08-04-2024","Pacific Masters Swimming Long Course Championships"
"Women ","60-64","200","Freestyle","6","3:42.80"," Brenda Darden","F60","SNM","3849-09J7Y","07-07-2024","Silver State Masters LCM"
"Women ","60-64","200","Freestyle","7","4:06.92"," Teresa M Focha","F63","ALB","3845-03NDN","","Pacific Masters Swimming Long Course Championships"
"Women ","60-64","200","Freestyle","8","4:15.20"," Leah A Carroll","F63","ALB","384C-09H3C","07-06-2024","Pacific Northwest Masters LCM Summer Meet"
"Women ","60-64","200","Freestyle","9","5:19.85"," Eva Kirsch","F62","CMAM","384T-T7E7Y","08-04-2024","Pacific Masters Swimming Long Course Championships"
"Women ","60-64","400","Freestyle","1","5:26.31"," Lisa A Ward","F60","WCM","384X-006FT","08-25-2024","2024 U.S. Masters Swimming Summer National Championship"
"Women ","60-64","400","Freestyle","2","5:33.73"," Sarah E Quick","F60","NBA","3845-094JH","","Pacific Masters Swimming Long Course Championships"
"Women ","60-64","400","Freestyle","3","5:44.63"," Stephanie D Couch","F60","MELO","384Y-03UKW","","Pacific Masters Swimming Long Course Championships"
"Women ","60-64","400","Freestyle","4","5:52.87"," Monica A Carter","F63","SACMA","384Z-ZDAUD","08-04-2024","Pacific Masters Swimming Long Course Championships"
"Women ","60-64","400","Freestyle","5","6:00.01"," Jane E Russell","F61","DAM","3846-074TS","08-25-2024","2024 U.S. Masters Swimming Summer National Championship"
"Women ","60-64","400","Freestyle","6","6:50.14"," Jennifer Phalen","F60","DAM","384C-JENNY","08-25-2024","2024 U.S. Masters Swimming Summer National Championship"
"Women ","60-64","400","Freestyle","7","8:17.89"," Teresa M Focha","F63","ALB","3845-03NDN","08-04-2024","Pacific Masters Swimming Long Course Championships"
"Women ","60-64","400","Freestyle","8","8:36.75"," Leah A Carroll","F63","ALB","384C-09H3C","07-06-2024","Pacific Northwest Masters LCM Summer Meet"
"Women ","60-64","400","Freestyle","9","9:37.10"," Eva Kirsch","F62","CMAM","384T-T7E7Y","08-04-2024","Pacific Masters Swimming Long Course Championships"
"Women ","60-64","800","Freestyle","1","11:07.86"," Lisa A Ward","F60","WCM","384X-006FT","08-03-2024","Pacific Masters Swimming Long Course Championships"
"Women ","60-64","800","Freestyle","2","11:11.28"," Sarah E Quick","F60","NBA","3845-094JH","","Pacific Masters Swimming Long Course Championships"
"Women ","60-64","800","Freestyle","3","11:34.61"," Stephanie D Couch","F60","MELO","384Y-03UKW","","Pacific Masters Swimming Long Course Championships"
"Women ","60-64","800","Freestyle","4","12:03.74"," Monica A Carter","F63","SACMA","384Z-ZDAUD","08-03-2024","Pacific Masters Swimming Long Course Championships"
"Women ","60-64","800","Freestyle","5","13:11.15"," Catherine W Taylor","F61","WCM","384D-081Y6","08-03-2024","Pacific Masters Swimming Long Course Championships"
"Women ","60-64","800","Freestyle","6","14:07.43"," Jennifer Phalen","F60","DAM","384C-JENNY","","Pacific Masters Swimming Long Course Championships"
"Women ","60-64","800","Freestyle","7","16:50.43"," Teresa M Focha","F63","ALB","3845-03NDN","","Pacific Masters Swimming Long Course Championships"
"Women ","60-64","800","Freestyle","8","17:19.09"," Leah A Carroll","F63","ALB","384C-09H3C","07-06-2024","Pacific Northwest Masters LCM Summer Meet"
"Women ","60-64","800","Freestyle","9","19:27.29"," Eva Kirsch","F62","CMAM","384T-T7E7Y","08-03-2024","Pacific Masters Swimming Long Course Championships"
"Women ","60-64","1500","Freestyle","1","19:59.33"," Carola P Khouri","F62","FREM","3848-002NF","08-21-2024","2024 U.S. Masters Swimming Summer National Championship"
"Women ","60-64","1500","Freestyle","2","20:54.17"," Sarah E Quick","F60","NBA","3845-094JH","08-02-2024","Pacific Masters Swimming Long Course Championships"
"Women ","60-64","1500","Freestyle","3","21:10.55"," Lisa A Ward","F60","WCM","384X-006FT","08-02-2024","Pacific Masters Swimming Long Course Championships"
"Women ","60-64","1500","Freestyle","4","21:39.56"," Stephanie D Couch","F60","MELO","384Y-03UKW","08-02-2024","Pacific Masters Swimming Long Course Championships"
"Women ","60-64","1500","Freestyle","5","25:27.57"," Catherine W Taylor","F61","WCM","384D-081Y6","08-02-2024","Pacific Masters Swimming Long Course Championships"
"Women ","60-64","1500","Freestyle","6","27:04.56"," Jennifer Phalen","F60","DAM","384C-JENNY","08-02-2024","Pacific Masters Swimming Long Course Championships"
"Women ","60-64","1500","Freestyle","7","29:07.44"," Mary G Schaezlein","F60","USF","384Z-2A9B7","08-02-2024","Pacific Masters Swimming Long Course Championships"
"Women ","60-64","1500","Freestyle","8","32:00.94"," Teresa M Focha","F63","ALB","3845-03NDN","08-02-2024","Pacific Masters Swimming Long Course Championships"
"Women ","60-64","1500","Freestyle","9","32:45.05"," Leah A Carroll","F63","ALB","384C-09H3C","07-06-2024","Pacific Northwest Masters LCM Summer Meet"
"Women ","60-64","50","Backstroke","1","35.81"," Lisa A Ward","F60","WCM","384X-006FT","08-22-2024","2024 U.S. Masters Swimming Summer National Championship"
"Women ","60-64","50","Backstroke","2","40.5"," April A Oliver","F63","NBA","384T-0370H","08-03-2024","Pacific Masters Swimming Long Course Championships"
"Women ","60-64","50","Backstroke","3","41.99"," Jane E Russell","F61","DAM","3846-074TS","08-03-2024","Pacific Masters Swimming Long Course Championships"
"Women ","60-64","50","Backstroke","4","42.9"," Valerie Knight-Williams","F61","SACMA","384B-1E9WH","08-03-2024","Pacific Masters Swimming Long Course Championships"
"Women ","60-64","50","Backstroke","5","44.1"," Monica A Carter","F63","SACMA","384Z-ZDAUD","08-22-2024","2024 U.S. Masters Swimming Summer National Championship"
"Women ","60-64","50","Backstroke","6","45.7"," Susan J Nowack","F64","SRM","3845-03P9G","08-03-2024","Pacific Masters Swimming Long Course Championships"
"Women ","60-64","50","Backstroke","7","53.89"," Jennifer Phalen","F60","DAM","384C-JENNY","07-07-2024","Silver State Masters LCM"
"Women ","60-64","50","Backstroke","8","54.81"," Melanie L Whitenack","F61","UC38","384E-0BAUD","08-03-2024","2024 Rose Bowl Masters LCM Swim Meet"
"Women ","60-64","50","Backstroke","9","56.32"," Teresa M Focha","F63","ALB","3845-03NDN","07-07-2024","Silver State Masters LCM"
"Women ","60-64","50","Backstroke","10","56.91"," Deborah Valderrama","F61","USF","3840-03F5E","08-03-2024","Pacific Masters Swimming Long Course Championships"
"Women ","60-64","50","Backstroke","11","1:01.25"," Michele Cobble","F62","USF","384P-0ANM0","08-03-2024","Pacific Masters Swimming Long Course Championships"
"Women ","60-64","50","Backstroke","12","1:12.27"," Stephanie S Fontaine","F62","PSWIM","384D-0AAY1","07-07-2024","Silver State Masters LCM"
"Women ","60-64","50","Backstroke","13","1:15.49"," Susie Sampiere-Prochnow","F61","MAQ","384W-HAZAP","08-03-2024","Pacific Masters Swimming Long Course Championships"
"Women ","60-64","100","Backstroke","1","1:15.78"," Lisa A Ward","F60","WCM","384X-006FT","08-25-2024","2024 U.S. Masters Swimming Summer National Championship"
"Women ","60-64","100","Backstroke","2","1:31.75"," Jane E Russell","F61","DAM","3846-074TS","08-25-2024","2024 U.S. Masters Swimming Summer National Championship"
"Women ","60-64","100","Backstroke","3","1:32.83"," Stephanie D Couch","F60","MELO","384Y-03UKW","","Pacific Masters Swimming Long Course Championships"
"Women ","60-64","100","Backstroke","4","1:39.83"," Susan J Nowack","F64","SRM","3845-03P9G","08-04-2024","Pacific Masters Swimming Long Course Championships"
"Women ","60-64","100","Backstroke","5","1:54.98"," Joan A Crow","F60","DAM","3846-068F9","08-04-2024","Pacific Masters Swimming Long Course Championships"
"Women ","60-64","100","Backstroke","6","2:00.08"," Jennifer Phalen","F60","DAM","384C-JENNY","07-07-2024","Silver State Masters LCM"
"Women ","60-64","100","Backstroke","7","2:01.08"," Leah A Carroll","F63","ALB","384C-09H3C","08-25-2024","2024 U.S. Masters Swimming Summer National Championship"
"Women ","60-64","100","Backstroke","8","2:01.31"," Teresa M Focha","F63","ALB","3845-03NDN","08-04-2024","Pacific Masters Swimming Long Course Championships"
"Women ","60-64","100","Backstroke","9","2:39.01"," Julie Dunkle","F63","TVM","384Y-MFN7E","08-04-2024","Pacific Masters Swimming Long Course Championships"
"Women ","60-64","100","Backstroke","10","2:40.78"," Susie Sampiere-Prochnow","F61","MAQ","384W-HAZAP","08-04-2024","Pacific Masters Swimming Long Course Championships"
"Women ","60-64","200","Backstroke","1","2:42.92"," Lisa A Ward","F60","WCM","384X-006FT","08-23-2024","2024 U.S. Masters Swimming Summer National Championship"
"Women ","60-64","200","Backstroke","2","3:08.09"," Stephanie D Couch","F60","MELO","384Y-03UKW","08-03-2024","Pacific Masters Swimming Long Course Championships"
"Women ","60-64","200","Backstroke","3","3:20.61"," Jane E Russell","F61","DAM","3846-074TS","08-03-2024","Pacific Masters Swimming Long Course Championships"
"Women ","60-64","200","Backstroke","4","3:24.36"," Monica A Carter","F63","SACMA","384Z-ZDAUD","08-03-2024","Pacific Masters Swimming Long Course Championships"
"Women ","60-64","200","Backstroke","5","3:27.18"," Susan J Nowack","F64","SRM","3845-03P9G","08-03-2024","Pacific Masters Swimming Long Course Championships"
"Women ","60-64","200","Backstroke","6","3:40.50"," Catherine W Taylor","F61","WCM","384D-081Y6","08-03-2024","Pacific Masters Swimming Long Course Championships"
"Women ","60-64","200","Backstroke","7","3:54.33"," Jennifer Phalen","F60","DAM","384C-JENNY","08-03-2024","Pacific Masters Swimming Long Course Championships"
"Women ","60-64","200","Backstroke","8","4:04.99"," Teresa M Focha","F63","ALB","3845-03NDN","08-03-2024","Pacific Masters Swimming Long Course Championships"
"Women ","60-64","200","Backstroke","9","4:05.60"," Leah A Carroll","F63","ALB","384C-09H3C","07-06-2024","Pacific Northwest Masters LCM Summer Meet"
"Women ","60-64","50","Breaststroke","1","46.81"," Karin LaBerge","F60","TVM","384V-03H9D","08-04-2024","Pacific Masters Swimming Long Course Championships"
"Women ","60-64","50","Breaststroke","2","47.11"," Lisa M Sheeper","F60","MELO","384C-03G4T","08-23-2024","2024 U.S. Masters Swimming Summer National Championship"
"Women ","60-64","50","Breaststroke","3","49.36"," Valerie Knight-Williams","F61","SACMA","384B-1E9WH","08-04-2024","Pacific Masters Swimming Long Course Championships"
"Women ","60-64","50","Breaststroke","4","50.77"," Joan A Crow","F60","DAM","3846-068F9","08-04-2024","Pacific Masters Swimming Long Course Championships"
"Women ","60-64","50","Breaststroke","5","52.01"," Bernie K Warford","F62","CMAM","384C-3HJPK","07-07-2024","Silver State Masters LCM"
"Women ","60-64","50","Breaststroke","6","52.28"," Jennifer Phalen","F60","DAM","384C-JENNY","08-23-2024","2024 U.S. Masters Swimming Summer National Championship"
"Women ","60-64","50","Breaststroke","7","54.33"," Monica A Carter","F63","SACMA","384Z-ZDAUD","08-23-2024","2024 U.S. Masters Swimming Summer National Championship"
"Women ","60-64","50","Breaststroke","8","55.08"," Cassandra Coffee","F63","TAM","384W-CCSWM","08-04-2024","Pacific Masters Swimming Long Course Championships"
"Women ","60-64","50","Breaststroke","9","56.27"," Joanna L Berg","F64","MAM","3841-0712E","07-07-2024","Silver State Masters LCM"
"Women ","60-64","50","Breaststroke","10","57.03"," Brenda Darden","F60","SNM","3849-09J7Y","07-07-2024","Silver State Masters LCM"
"Women ","60-64","50","Breaststroke","11","1:00.65"," Pascale I Macleod","F60","USF","384H-0BA4G","08-04-2024","Pacific Masters Swimming Long Course Championships"
"Women ","60-64","50","Breaststroke","12","1:08.37"," Teresa M Focha","F63","ALB","3845-03NDN","07-07-2024","Silver State Masters LCM"
"Women ","60-64","50","Breaststroke","13","1:14.84"," Julie Dunkle","F63","TVM","384Y-MFN7E","08-04-2024","Pacific Masters Swimming Long Course Championships"
"Women ","60-64","100","Breaststroke","1","1:42.62"," Lisa M Sheeper","F60","MELO","384C-03G4T","08-22-2024","2024 U.S. Masters Swimming Summer National Championship"
"Women ","60-64","100","Breaststroke","2","1:44.84"," Jennifer Phalen","F60","DAM","384C-JENNY","08-22-2024","2024 U.S. Masters Swimming Summer National Championship"
"Women ","60-64","100","Breaststroke","3","1:45.80"," Valerie Knight-Williams","F61","SACMA","384B-1E9WH","08-03-2024","Pacific Masters Swimming Long Course Championships"
"Women ","60-64","100","Breaststroke","4","1:47.25"," Catherine W Taylor","F61","WCM","384D-081Y6","08-03-2024","Pacific Masters Swimming Long Course Championships"
"Women ","60-64","100","Breaststroke","5","1:56.93"," Joanna L Berg","F64","MAM","3841-0712E","07-07-2024","Silver State Masters LCM"
"Women ","60-64","100","Breaststroke","6","2:02.00"," Brenda Darden","F60","SNM","3849-09J7Y","07-07-2024","Silver State Masters LCM"
"Women ","60-64","100","Breaststroke","7","2:02.48"," Josie A Viscardi","F60","RHMS","384A-03PT4","08-03-2024","Pacific Masters Swimming Long Course Championships"
"Women ","60-64","100","Breaststroke","8","2:04.56"," Leah A Carroll","F63","ALB","384C-09H3C","08-03-2024","Pacific Masters Swimming Long Course Championships"
"Women ","60-64","100","Breaststroke","9","2:09.72"," Eva Kirsch","F62","CMAM","384T-T7E7Y","08-03-2024","Pacific Masters Swimming Long Course Championships"
"Women ","60-64","100","Breaststroke","10","2:11.22"," Pascale I Macleod","F60","USF","384H-0BA4G","08-03-2024","Pacific Masters Swimming Long Course Championships"
"Women ","60-64","100","Breaststroke","11","2:35.30"," Michele Cobble","F62","USF","384P-0ANM0","08-03-2024","Pacific Masters Swimming Long Course Championships"
"Women ","60-64","200","Breaststroke","1","3:40.39"," Karin LaBerge","F60","TVM","384V-03H9D","08-04-2024","Pacific Masters Swimming Long Course Championships"
"Women ","60-64","200","Breaststroke","2","3:43.92"," Jennifer Phalen","F60","DAM","384C-JENNY","08-24-2024","2024 U.S. Masters Swimming Summer National Championship"
"Women ","60-64","200","Breaststroke","3","3:47.21"," Jane E Russell","F61","DAM","3846-074TS","08-24-2024","2024 U.S. Masters Swimming Summer National Championship"
"Women ","60-64","200","Breaststroke","4","4:05.13"," Catherine W Taylor","F61","WCM","384D-081Y6","08-04-2024","Pacific Masters Swimming Long Course Championships"
"Women ","60-64","200","Breaststroke","5","4:18.18"," Joanna L Berg","F64","MAM","3841-0712E","07-07-2024","Silver State Masters LCM"
"Women ","60-64","200","Breaststroke","6","4:26.38"," Leah A Carroll","F63","ALB","384C-09H3C","08-24-2024","2024 U.S. Masters Swimming Summer National Championship"
"Women ","60-64","200","Breaststroke","7","4:37.17"," Eva Kirsch","F62","CMAM","384T-T7E7Y","08-04-2024","Pacific Masters Swimming Long Course Championships"
"Women ","60-64","200","Breaststroke","8","4:57.24"," Pascale I Macleod","F60","USF","384H-0BA4G","08-04-2024","Pacific Masters Swimming Long Course Championships"
"Women ","60-64","200","Breaststroke","9","4:57.96"," Teresa M Focha","F63","ALB","3845-03NDN","07-07-2024","Silver State Masters LCM"
"Women ","60-64","50","Butterfly","1","32.85"," Lisa A Ward","F60","WCM","384X-006FT","08-23-2024","2024 U.S. Masters Swimming Summer National Championship"
"Women ","60-64","50","Butterfly","2","35.43"," April A Oliver","F63","NBA","384T-0370H","08-04-2024","Pacific Masters Swimming Long Course Championships"
"Women ","60-64","50","Butterfly","3","37.85"," Jane E Russell","F61","DAM","3846-074TS","08-23-2024","2024 U.S. Masters Swimming Summer National Championship"
"Women ","60-64","50","Butterfly","4","38.43"," Monica A Carter","F63","SACMA","384Z-ZDAUD","08-23-2024","2024 U.S. Masters Swimming Summer National Championship"
"Women ","60-64","50","Butterfly","5","39.35"," Susan J Nowack","F64","SRM","3845-03P9G","08-04-2024","Pacific Masters Swimming Long Course Championships"
"Women ","60-64","50","Butterfly","6","47.37"," Valerie Knight-Williams","F61","SACMA","384B-1E9WH","08-04-2024","Pacific Masters Swimming Long Course Championships"
"Women ","60-64","50","Butterfly","7","47.96"," Cassandra Coffee","F63","TAM","384W-CCSWM","08-04-2024","Pacific Masters Swimming Long Course Championships"
"Women ","60-64","50","Butterfly","8","52.44"," Jennifer Phalen","F60","DAM","384C-JENNY","07-07-2024","Silver State Masters LCM"
"Women ","60-64","50","Butterfly","9","54.66"," Rocio Haskell","F61","MAM","384W-V1U52","08-04-2024","Pacific Masters Swimming Long Course Championships"
"Women ","60-64","50","Butterfly","10","57.35"," Lisa Blatt","F62","USF","384C-0719Z","08-04-2024","Pacific Masters Swimming Long Course Championships"
"Women ","60-64","50","Butterfly","11","57.89"," Teresa M Focha","F63","ALB","3845-03NDN","07-14-2024","FAST Swimming Masters LCM Swim Meet"
"Women ","60-64","50","Butterfly","12","1:17.50"," Julie Dunkle","F63","TVM","384Y-MFN7E","08-04-2024","Pacific Masters Swimming Long Course Championships"
"Women ","60-64","100","Butterfly","1","1:21.75"," Lisa A Ward","F60","WCM","384X-006FT","08-03-2024","Pacific Masters Swimming Long Course Championships"
"Women ","60-64","100","Butterfly","2","1:28.44"," Jane E Russell","F61","DAM","3846-074TS","08-03-2024","Pacific Masters Swimming Long Course Championships"
"Women ","60-64","100","Butterfly","3","1:30.01"," Monica A Carter","F63","SACMA","384Z-ZDAUD","08-24-2024","2024 U.S. Masters Swimming Summer National Championship"
"Women ","60-64","100","Butterfly","4","1:32.13"," Susan J Nowack","F64","SRM","3845-03P9G","08-03-2024","Pacific Masters Swimming Long Course Championships"
"Women ","60-64","100","Butterfly","5","1:34.01"," Stephanie D Couch","F60","MELO","384Y-03UKW","08-03-2024","Pacific Masters Swimming Long Course Championships"
"Women ","60-64","100","Butterfly","6","1:52.09"," Leah A Carroll","F63","ALB","384C-09H3C","08-24-2024","2024 U.S. Masters Swimming Summer National Championship"
"Women ","60-64","100","Butterfly","7","1:54.18"," Deborah Valderrama","F61","USF","3840-03F5E","08-03-2024","Pacific Masters Swimming Long Course Championships"
"Women ","60-64","100","Butterfly","8","1:57.80"," Josie A Viscardi","F60","RHMS","384A-03PT4","08-03-2024","Pacific Masters Swimming Long Course Championships"
"Women ","60-64","100","Butterfly","9","1:57.80"," Jennifer Phalen","F60","DAM","384C-JENNY","08-03-2024","Pacific Masters Swimming Long Course Championships"
"Women ","60-64","100","Butterfly","10","2:03.53"," Teresa M Focha","F63","ALB","3845-03NDN","","Pacific Masters Swimming Long Course Championships"
"Women ","60-64","100","Butterfly","11","2:14.09"," Lisa Blatt","F62","USF","384C-0719Z","08-03-2024","Pacific Masters Swimming Long Course Championships"
"Women ","60-64","200","Butterfly","1","3:29.01"," Jane E Russell","F61","DAM","3846-074TS","08-04-2024","Pacific Masters Swimming Long Course Championships"
"Women ","60-64","200","Butterfly","2","3:37.53"," Stephanie D Couch","F60","MELO","384Y-03UKW","08-04-2024","Pacific Masters Swimming Long Course Championships"
"Women ","60-64","200","Butterfly","3","3:40.17"," Monica A Carter","F63","SACMA","384Z-ZDAUD","08-04-2024","Pacific Masters Swimming Long Course Championships"
"Women ","60-64","200","Butterfly","4","4:04.32"," Leah A Carroll","F63","ALB","384C-09H3C","08-25-2024","2024 U.S. Masters Swimming Summer National Championship"
"Women ","60-64","200","Butterfly","5","4:17.93"," Jennifer Phalen","F60","DAM","384C-JENNY","08-04-2024","Pacific Masters Swimming Long Course Championships"
"Women ","60-64","200","Butterfly","6","4:27.27"," Teresa M Focha","F63","ALB","3845-03NDN","08-25-2024","2024 U.S. Masters Swimming Summer National Championship"
"Women ","60-64","200","Individual Medley","1","3:10.28"," Karin LaBerge","F60","TVM","384V-03H9D","08-04-2024","Pacific Masters Swimming Long Course Championships"
"Women ","60-64","200","Individual Medley","2","3:15.04"," Jane E Russell","F61","DAM","3846-074TS","08-04-2024","Pacific Masters Swimming Long Course Championships"
"Women ","60-64","200","Individual Medley","3","3:34.73"," Catherine W Taylor","F61","WCM","384D-081Y6","08-04-2024","Pacific Masters Swimming Long Course Championships"
"Women ","60-64","200","Individual Medley","4","3:42.62"," Jennifer Phalen","F60","DAM","384C-JENNY","08-22-2024","2024 U.S. Masters Swimming Summer National Championship"
"Women ","60-64","200","Individual Medley","5","4:10.76"," Leah A Carroll","F63","ALB","384C-09H3C","08-04-2024","Pacific Masters Swimming Long Course Championships"
"Women ","60-64","200","Individual Medley","6","4:26.22"," Rocio Haskell","F61","MAM","384W-V1U52","07-07-2024","Silver State Masters LCM"
"Women ","60-64","200","Individual Medley","7","4:26.91"," Lisa Blatt","F62","USF","384C-0719Z","08-04-2024","Pacific Masters Swimming Long Course Championships"
"Women ","60-64","200","Individual Medley","8","4:28.67"," Teresa M Focha","F63","ALB","3845-03NDN","07-14-2024","FAST Swimming Masters LCM Swim Meet"
"Women ","60-64","200","Individual Medley","9","4:29.86"," Joanna L Berg","F64","MAM","3841-0712E","07-07-2024","Silver State Masters LCM"
"Women ","60-64","400","Individual Medley","1","6:40.52"," Stephanie D Couch","F60","MELO","384Y-03UKW","08-02-2024","Pacific Masters Swimming Long Course Championships"
"Women ","60-64","400","Individual Medley","2","6:56.16"," Jane E Russell","F61","DAM","3846-074TS","08-23-2024","2024 U.S. Masters Swimming Summer National Championship"
"Women ","60-64","400","Individual Medley","3","7:16.07"," Monica A Carter","F63","SACMA","384Z-ZDAUD","08-02-2024","Pacific Masters Swimming Long Course Championships"
"Women ","60-64","400","Individual Medley","4","7:32.47"," Sherri Nichelman","F64","WCM","3844-0AW7Z","08-02-2024","Pacific Masters Swimming Long Course Championships"
"Women ","60-64","400","Individual Medley","5","8:10.31"," Jennifer Phalen","F60","DAM","384C-JENNY","07-07-2024","Silver State Masters LCM"
"Women ","60-64","400","Individual Medley","6","8:42.37"," Leah A Carroll","F63","ALB","384C-09H3C","08-02-2024","Pacific Masters Swimming Long Course Championships"
"Women ","60-64","400","Individual Medley","7","8:48.23"," Teresa M Focha","F63","ALB","3845-03NDN","08-02-2024","Pacific Masters Swimming Long Course Championships"
"Women ","65-69","50","Freestyle","1","36.71"," Carol M Ogilvie","F69","USF","3844-03GA6","08-03-2024","Pacific Masters Swimming Long Course Championships"
"Women ","65-69","50","Freestyle","2","39.18"," Marguerite Meyer","F65","TOC","384A-03FG4","","2024 U.S. Masters Swimming Summer National Championship"
"Women ","65-69","50","Freestyle","3","47.76"," Marilyn J Buzolich","F69","USF","3843-03GAP","08-03-2024","Pacific Masters Swimming Long Course Championships"
"Women ","65-69","100","Freestyle","1","1:22.03"," Marguerite Meyer","F65","TOC","384A-03FG4","","2024 U.S. Masters Swimming Summer National Championship"
"Women ","65-69","100","Freestyle","2","1:35.12"," Jessie J Hickel","F66","EBAT","384H-03FVA","08-03-2024","Pacific Masters Swimming Long Course Championships"
"Women ","65-69","200","Freestyle","1","2:35.65"," Suzanne M Heim-Bowen","F66","WCM","384W-03F3T","","Pacific Masters Swimming Long Course Championships"
"Women ","65-69","200","Freestyle","2","2:42.23"," Charlene O'Brien","F68","WCM","3840-03KRC","08-04-2024","Pacific Masters Swimming Long Course Championships"
"Women ","65-69","200","Freestyle","3","2:50.65"," Marguerite Meyer","F65","TOC","384A-03FG4","","2024 U.S. Masters Swimming Summer National Championship"
"Women ","65-69","200","Freestyle","4","2:52.83"," Susan P Helmrich","F69","LNRS","3842-03ND1","08-22-2024","2024 U.S. Masters Swimming Summer National Championship"
"Women ","65-69","200","Freestyle","5","3:03.20"," Carol M Ogilvie","F69","USF","3844-03GA6","08-04-2024","Pacific Masters Swimming Long Course Championships"
"Women ","65-69","200","Freestyle","6","3:21.42"," Amy J Kaiser","F65","USF","3841-05VAU","08-04-2024","Pacific Masters Swimming Long Course Championships"
"Women ","65-69","400","Freestyle","1","5:32.15"," Suzanne M Heim-Bowen","F66","WCM","384W-03F3T","","Pacific Masters Swimming Long Course Championships"
"Women ","65-69","400","Freestyle","2","5:49.59"," Marguerite Meyer","F65","TOC","384A-03FG4","","2024 U.S. Masters Swimming Summer National Championship"
"Women ","65-69","400","Freestyle","3","5:54.84"," Susan P Helmrich","F69","LNRS","3842-03ND1","08-25-2024","2024 U.S. Masters Swimming Summer National Championship"
"Women ","65-69","400","Freestyle","4","6:27.73"," Carol M Ogilvie","F69","USF","3844-03GA6","08-04-2024","Pacific Masters Swimming Long Course Championships"
"Women ","65-69","400","Freestyle","5","6:43.86"," Phyllis E Quinn","F69","TOC","384E-03F7Y","08-25-2024","2024 U.S. Masters Swimming Summer National Championship"
"Women ","65-69","400","Freestyle","6","6:53.45"," Amy J Kaiser","F65","USF","3841-05VAU","08-04-2024","Pacific Masters Swimming Long Course Championships"
"Women ","65-69","800","Freestyle","1","11:10.43"," Suzanne M Heim-Bowen","F66","WCM","384W-03F3T","","Pacific Masters Swimming Long Course Championships"
"Women ","65-69","800","Freestyle","2","11:30.71"," Charlene O'Brien","F68","WCM","3840-03KRC","08-03-2024","Pacific Masters Swimming Long Course Championships"
"Women ","65-69","800","Freestyle","3","11:50.54"," Marguerite Meyer","F65","TOC","384A-03FG4","","2024 U.S. Masters Swimming Summer National Championship"
"Women ","65-69","800","Freestyle","4","12:02.88"," Susan P Helmrich","F69","LNRS","3842-03ND1","08-24-2024","2024 U.S. Masters Swimming Summer National Championship"
"Women ","65-69","800","Freestyle","5","13:20.68"," Carol M Ogilvie","F69","USF","3844-03GA6","08-03-2024","Pacific Masters Swimming Long Course Championships"
"Women ","65-69","800","Freestyle","6","13:57.86"," Phyllis E Quinn","F69","TOC","384E-03F7Y","08-03-2024","Pacific Masters Swimming Long Course Championships"
"Women ","65-69","1500","Freestyle","1","21:07.86"," Suzanne M Heim-Bowen","F66","WCM","384W-03F3T","08-02-2024","Pacific Masters Swimming Long Course Championships"
"Women ","65-69","1500","Freestyle","2","22:26.41"," Marguerite Meyer","F65","TOC","384A-03FG4","08-21-2024","2024 U.S. Masters Swimming Summer National Championship"
"Women ","65-69","1500","Freestyle","3","26:04.37"," Phyllis E Quinn","F69","TOC","384E-03F7Y","08-02-2024","Pacific Masters Swimming Long Course Championships"
"Women ","65-69","50","Backstroke","1","42.07"," Marguerite Meyer","F65","TOC","384A-03FG4","","2024 U.S. Masters Swimming Summer National Championship"
"Women ","65-69","50","Backstroke","2","42.32"," Susan P Helmrich","F69","LNRS","3842-03ND1","08-22-2024","2024 U.S. Masters Swimming Summer National Championship"
"Women ","65-69","50","Backstroke","3","44.9"," Cokie Lepinski","F65","MAQ","384J-C0K1E","08-03-2024","Pacific Masters Swimming Long Course Championships"
"Women ","65-69","50","Backstroke","4","54.21"," Jessie J Hickel","F66","EBAT","384H-03FVA","08-03-2024","Pacific Masters Swimming Long Course Championships"
"Women ","65-69","50","Backstroke","5","1:00.29"," Marilyn J Buzolich","F69","USF","3843-03GAP","08-03-2024","Pacific Masters Swimming Long Course Championships"
"Women ","65-69","100","Backstroke","1","1:31.37"," Susan P Helmrich","F69","LNRS","3842-03ND1","08-25-2024","2024 U.S. Masters Swimming Summer National Championship"
"Women ","65-69","100","Backstroke","2","1:33.45"," Charlene O'Brien","F68","WCM","3840-03KRC","08-04-2024","Pacific Masters Swimming Long Course Championships"
"Women ","65-69","100","Backstroke","3","2:01.48"," Amy J Kaiser","F65","USF","3841-05VAU","08-04-2024","Pacific Masters Swimming Long Course Championships"
"Women ","65-69","200","Backstroke","1","3:16.23"," Charlene O'Brien","F68","WCM","3840-03KRC","08-03-2024","Pacific Masters Swimming Long Course Championships"
"Women ","65-69","200","Backstroke","2","3:19.62"," Susan P Helmrich","F69","LNRS","3842-03ND1","08-23-2024","2024 U.S. Masters Swimming Summer National Championship"
"Women ","65-69","200","Backstroke","3","3:40.68"," Phyllis E Quinn","F69","TOC","384E-03F7Y","08-23-2024","2024 U.S. Masters Swimming Summer National Championship"
"Women ","65-69","200","Backstroke","4","3:42.99"," Carol M Ogilvie","F69","USF","3844-03GA6","08-03-2024","Pacific Masters Swimming Long Course Championships"
"Women ","65-69","200","Backstroke","5","3:45.38"," Jessie J Hickel","F66","EBAT","384H-03FVA","08-03-2024","Pacific Masters Swimming Long Course Championships"
"Women ","65-69","100","Breaststroke","1","1:42.42"," Cokie Lepinski","F65","MAQ","384J-C0K1E","08-03-2024","Pacific Masters Swimming Long Course Championships"
"Women ","65-69","100","Breaststroke","2","2:04.81"," Jessie J Hickel","F66","EBAT","384H-03FVA","08-03-2024","Pacific Masters Swimming Long Course Championships"
"Women ","65-69","100","Breaststroke","3","2:58.33"," Judy A Marrocco","F69","USF","3844-03GAR","08-03-2024","Pacific Masters Swimming Long Course Championships"
"Women ","65-69","200","Breaststroke","1","4:15.04"," Phyllis E Quinn","F69","TOC","384E-03F7Y","08-04-2024","Pacific Masters Swimming Long Course Championships"
"Women ","65-69","50","Butterfly","1","37.23"," Charlene O'Brien","F68","WCM","3840-03KRC","08-04-2024","Pacific Masters Swimming Long Course Championships"
"Women ","65-69","50","Butterfly","2","54.8"," Amy J Kaiser","F65","USF","3841-05VAU","08-04-2024","Pacific Masters Swimming Long Course Championships"
"Women ","65-69","100","Butterfly","1","1:27.27"," Charlene O'Brien","F68","WCM","3840-03KRC","08-03-2024","Pacific Masters Swimming Long Course Championships"
"Women ","65-69","200","Individual Medley","1","3:33.43"," Carol M Ogilvie","F69","USF","3844-03GA6","08-04-2024","Pacific Masters Swimming Long Course Championships"
"Women ","65-69","200","Individual Medley","2","3:43.72"," Phyllis E Quinn","F69","TOC","384E-03F7Y","08-22-2024","2024 U.S. Masters Swimming Summer National Championship"
"Women ","65-69","400","Individual Medley","1","7:51.05"," Phyllis E Quinn","F69","TOC","384E-03F7Y","08-02-2024","Pacific Masters Swimming Long Course Championships"
"Women ","70-74","50","Freestyle","1","31.2"," Laura B Val","F73","TAM","384T-03H9F","","2024 U.S. Masters Swimming Summer National Championship"
"Women ","70-74","50","Freestyle","2","38.97"," Linda Hepworth","F71","RHMS","384R-068JR","08-03-2024","Pacific Masters Swimming Long Course Championships"
"Women ","70-74","50","Freestyle","3","39.82"," Sally K Guthrie","F74","SACMA","384V-028TM","08-03-2024","Pacific Masters Swimming Long Course Championships"
"Women ","70-74","50","Freestyle","4","40.18"," Nanette S Stringer","F72","USF","3846-008J6","08-03-2024","Pacific Masters Swimming Long Course Championships"
"Women ","70-74","50","Freestyle","5","48.49"," Kathy Gill","F70","DAM","384D-03GY3","08-03-2024","Pacific Masters Swimming Long Course Championships"
"Women ","70-74","50","Freestyle","6","50.54"," Darcy C Cohn","F73","USF","384S-09YUW","08-03-2024","Pacific Masters Swimming Long Course Championships"
"Women ","70-74","50","Freestyle","7","1:04.86"," Laurie S Perry","F70","BHAM","384P-03VAV","07-07-2024","Silver State Masters LCM"
"Women ","70-74","50","Freestyle","8","1:11.99"," Susan C August","F70","MAQ","3848-09V50","08-03-2024","Pacific Masters Swimming Long Course Championships"
"Women ","70-74","100","Freestyle","1","1:08.70"," Laura B Val","F73","TAM","384T-03H9F","08-25-2024","2024 U.S. Masters Swimming Summer National Championship"
"Women ","70-74","100","Freestyle","2","1:27.69"," Sally K Guthrie","F74","SACMA","384V-028TM","08-25-2024","2024 U.S. Masters Swimming Summer National Championship"
"Women ","70-74","100","Freestyle","3","1:29.13"," Nanette S Stringer","F72","USF","3846-008J6","08-03-2024","Pacific Masters Swimming Long Course Championships"
"Women ","70-74","100","Freestyle","4","1:30.88"," Linda Hepworth","F71","RHMS","384R-068JR","08-03-2024","Pacific Masters Swimming Long Course Championships"
"Women ","70-74","100","Freestyle","5","2:02.21"," Darcy C Cohn","F73","USF","384S-09YUW","08-03-2024","Pacific Masters Swimming Long Course Championships"
"Women ","70-74","100","Freestyle","6","2:25.57"," Laurie S Perry","F70","BHAM","384P-03VAV","07-07-2024","Silver State Masters LCM"
"Women ","70-74","200","Freestyle","1","2:29.56"," Laura B Val","F73","TAM","384T-03H9F","08-22-2024","2024 U.S. Masters Swimming Summer National Championship"
"Women ","70-74","200","Freestyle","2","3:11.69"," Sally K Guthrie","F74","SACMA","384V-028TM","08-04-2024","Pacific Masters Swimming Long Course Championships"
"Women ","70-74","200","Freestyle","3","3:17.74"," Linda Hepworth","F71","RHMS","384R-068JR","08-04-2024","Pacific Masters Swimming Long Course Championships"
"Women ","70-74","400","Freestyle","1","5:27.66"," Laura B Val","F73","TAM","384T-03H9F","08-04-2024","Pacific Masters Swimming Long Course Championships"
"Women ","70-74","400","Freestyle","2","6:57.85"," Mimi C Willard","F71","TAM","384E-077DH","08-04-2024","Pacific Masters Swimming Long Course Championships"
"Women ","70-74","800","Freestyle","1","14:32.63"," Mimi C Willard","F71","TAM","384E-077DH","08-03-2024","Pacific Masters Swimming Long Course Championships"
"Women ","70-74","800","Freestyle","2","16:45.60"," Elaine S Thomas","F70","MVM","384N-00FNZ","08-24-2024","2024 U.S. Masters Swimming Summer National Championship"
"Women ","70-74","1500","Freestyle","1","25:58.30"," Sally K Guthrie","F74","SACMA","384V-028TM","08-02-2024","Pacific Masters Swimming Long Course Championships"
"Women ","70-74","1500","Freestyle","2","27:29.95"," Mimi C Willard","F71","TAM","384E-077DH","08-21-2024","2024 U.S. Masters Swimming Summer National Championship"
"Women ","70-74","50","Backstroke","1","35.26"," Laura B Val","F73","TAM","384T-03H9F","08-22-2024","2024 U.S. Masters Swimming Summer National Championship"
"Women ","70-74","50","Backstroke","2","46.77"," Sally K Guthrie","F74","SACMA","384V-028TM","08-22-2024","2024 U.S. Masters Swimming Summer National Championship"
"Women ","70-74","50","Backstroke","3","48.45"," Linda Hepworth","F71","RHMS","384R-068JR","08-03-2024","Pacific Masters Swimming Long Course Championships"
"Women ","70-74","50","Backstroke","4","53.79"," Kathy Gill","F70","DAM","384D-03GY3","08-03-2024","Pacific Masters Swimming Long Course Championships"
"Women ","70-74","50","Backstroke","5","1:18.71"," Laurie S Perry","F70","BHAM","384P-03VAV","07-07-2024","Silver State Masters LCM"
"Women ","70-74","100","Backstroke","1","1:18.06"," Laura B Val","F73","TAM","384T-03H9F","08-25-2024","2024 U.S. Masters Swimming Summer National Championship"
"Women ","70-74","100","Backstroke","2","1:46.18"," Mimi C Willard","F71","TAM","384E-077DH","08-04-2024","Pacific Masters Swimming Long Course Championships"
"Women ","70-74","100","Backstroke","3","1:48.91"," Linda Hepworth","F71","RHMS","384R-068JR","08-04-2024","Pacific Masters Swimming Long Course Championships"
"Women ","70-74","100","Backstroke","4","2:03.66"," Elaine S Thomas","F70","MVM","384N-00FNZ","08-25-2024","2024 U.S. Masters Swimming Summer National Championship"
"Women ","70-74","100","Backstroke","5","2:31.86"," Laurie S Perry","F70","BHAM","384P-03VAV","07-07-2024","Silver State Masters LCM"
"Women ","70-74","200","Backstroke","1","2:50.49"," Laura B Val","F73","TAM","384T-03H9F","08-23-2024","2024 U.S. Masters Swimming Summer National Championship"
"Women ","70-74","200","Backstroke","2","3:43.13"," Mimi C Willard","F71","TAM","384E-077DH","08-03-2024","Pacific Masters Swimming Long Course Championships"
"Women ","70-74","200","Backstroke","3","3:49.74"," Linda Hepworth","F71","RHMS","384R-068JR","08-03-2024","Pacific Masters Swimming Long Course Championships"
"Women ","70-74","200","Backstroke","4","4:18.93"," Kathy Gill","F70","DAM","384D-03GY3","08-03-2024","Pacific Masters Swimming Long Course Championships"
"Women ","70-74","200","Backstroke","5","4:22.49"," Elaine S Thomas","F70","MVM","384N-00FNZ","08-23-2024","2024 U.S. Masters Swimming Summer National Championship"
"Women ","70-74","50","Breaststroke","1","1:09.25"," Darcy C Cohn","F73","USF","384S-09YUW","08-04-2024","Pacific Masters Swimming Long Course Championships"
"Women ","70-74","100","Breaststroke","1","2:29.62"," Darcy C Cohn","F73","USF","384S-09YUW","08-03-2024","Pacific Masters Swimming Long Course Championships"
"Women ","70-74","200","Breaststroke","1","4:28.41"," Mimi C Willard","F71","TAM","384E-077DH","08-24-2024","2024 U.S. Masters Swimming Summer National Championship"
"Women ","70-74","200","Breaststroke","2","5:22.16"," Darcy C Cohn","F73","USF","384S-09YUW","08-04-2024","Pacific Masters Swimming Long Course Championships"
"Women ","70-74","50","Butterfly","1","35.82"," Laura B Val","F73","TAM","384T-03H9F","08-04-2024","Pacific Masters Swimming Long Course Championships"
"Women ","70-74","50","Butterfly","2","48.62"," Sally K Guthrie","F74","SACMA","384V-028TM","08-04-2024","Pacific Masters Swimming Long Course Championships"
"Women ","70-74","50","Butterfly","3","1:01.43"," Teddy C Palmer","F70","WCM","384M-DRAFT","08-04-2024","Pacific Masters Swimming Long Course Championships"
"Women ","70-74","100","Butterfly","1","1:22.33"," Laura B Val","F73","TAM","384T-03H9F","08-03-2024","Pacific Masters Swimming Long Course Championships"
"Women ","70-74","100","Butterfly","2","1:54.49"," Sally K Guthrie","F74","SACMA","384V-028TM","08-03-2024","Pacific Masters Swimming Long Course Championships"
"Women ","70-74","200","Butterfly","1","4:27.51"," Sally K Guthrie","F74","SACMA","384V-028TM","08-04-2024","Pacific Masters Swimming Long Course Championships"
"Women ","70-74","200","Individual Medley","1","3:51.19"," Sally K Guthrie","F74","SACMA","384V-028TM","08-22-2024","2024 U.S. Masters Swimming Summer National Championship"
"Women ","70-74","200","Individual Medley","2","4:00.07"," Mimi C Willard","F71","TAM","384E-077DH","08-22-2024","2024 U.S. Masters Swimming Summer National Championship"
"Women ","70-74","200","Individual Medley","3","4:44.48"," Elaine S Thomas","F70","MVM","384N-00FNZ","08-22-2024","2024 U.S. Masters Swimming Summer National Championship"
"Women ","70-74","200","Individual Medley","4","5:13.64"," Darcy C Cohn","F73","USF","384S-09YUW","08-04-2024","Pacific Masters Swimming Long Course Championships"
"Women ","70-74","400","Individual Medley","1","8:10.39"," Sally K Guthrie","F74","SACMA","384V-028TM","08-23-2024","2024 U.S. Masters Swimming Summer National Championship"
"Women ","70-74","400","Individual Medley","2","8:45.96"," Mimi C Willard","F71","TAM","384E-077DH","08-23-2024","2024 U.S. Masters Swimming Summer National Championship"
"Women ","75-79","50","Freestyle","1","44.99"," Jane V Lee","F75","PSWIM","384D-03FG7","07-07-2024","Silver State Masters LCM"
"Women ","75-79","50","Freestyle","2","45.33"," Peggy Reedy","F78","DAM","384W-0B5J9","08-03-2024","Pacific Masters Swimming Long Course Championships"
"Women ","75-79","50","Freestyle","3","50.66"," Susie A Caso","F78","MAM","384N-03FJZ","08-03-2024","Pacific Masters Swimming Long Course Championships"
"Women ","75-79","50","Freestyle","4","54.78"," Erin L Pashelinsky","F77","USF","384Z-03FP8","08-03-2024","Pacific Masters Swimming Long Course Championships"
"Women ","75-79","50","Freestyle","5","57.17"," Nancy H Ewing","F77","ALB","384M-0B23M","08-03-2024","Pacific Masters Swimming Long Course Championships"
"Women ","75-79","50","Freestyle","6","1:03.44"," Martha C Campbell","F76","USF","384P-03G3E","08-03-2024","Pacific Masters Swimming Long Course Championships"
"Women ","75-79","100","Freestyle","1","1:26.03"," ruth Y shaps","F77","MAM","3843-03GFW","08-03-2024","Pacific Masters Swimming Long Course Championships"
"Women ","75-79","100","Freestyle","2","1:58.06"," Erin L Pashelinsky","F77","USF","384Z-03FP8","08-03-2024","Pacific Masters Swimming Long Course Championships"
"Women ","75-79","100","Freestyle","3","1:58.64"," Susie A Caso","F78","MAM","384N-03FJZ","08-03-2024","Pacific Masters Swimming Long Course Championships"
"Women ","75-79","100","Freestyle","4","2:01.41"," Maggie H Tevis","F76","RHMS","3847-03J7P","08-03-2024","Pacific Masters Swimming Long Course Championships"
"Women ","75-79","200","Freestyle","1","3:15.46"," ruth Y shaps","F77","MAM","3843-03GFW","08-04-2024","Pacific Masters Swimming Long Course Championships"
"Women ","75-79","200","Freestyle","2","3:41.32"," Stephanie I Scott","F77","WCM","3846-03K0Y","08-22-2024","2024 U.S. Masters Swimming Summer National Championship"
"Women ","75-79","200","Freestyle","3","4:24.73"," Susie A Caso","F78","MAM","384N-03FJZ","08-04-2024","Pacific Masters Swimming Long Course Championships"
"Women ","75-79","400","Freestyle","1","7:44.70"," Stephanie I Scott","F77","WCM","3846-03K0Y","08-25-2024","2024 U.S. Masters Swimming Summer National Championship"
"Women ","75-79","400","Freestyle","2","9:18.11"," Erin L Pashelinsky","F77","USF","384Z-03FP8","08-04-2024","Pacific Masters Swimming Long Course Championships"
"Women ","75-79","1500","Freestyle","1","25:55.26"," ruth Y shaps","F77","MAM","3843-03GFW","08-02-2024","Pacific Masters Swimming Long Course Championships"
"Women ","75-79","1500","Freestyle","2","29:09.64"," Stephanie I Scott","F77","WCM","3846-03K0Y","08-02-2024","Pacific Masters Swimming Long Course Championships"
"Women ","75-79","1500","Freestyle","3","30:02.68"," Cynthia L Dutro","F76","MELO","384V-03G5A","08-02-2024","Pacific Masters Swimming Long Course Championships"
"Women ","75-79","50","Backstroke","1","47.74"," ruth Y shaps","F77","MAM","3843-03GFW","08-03-2024","Pacific Masters Swimming Long Course Championships"
"Women ","75-79","50","Backstroke","2","51.32"," Jane V Lee","F75","PSWIM","384D-03FG7","07-07-2024","Silver State Masters LCM"
"Women ","75-79","50","Backstroke","3","1:03.16"," Peggy Reedy","F78","DAM","384W-0B5J9","08-03-2024","Pacific Masters Swimming Long Course Championships"
"Women ","75-79","50","Backstroke","4","1:07.14"," Maggie H Tevis","F76","RHMS","3847-03J7P","08-03-2024","Pacific Masters Swimming Long Course Championships"
"Women ","75-79","50","Backstroke","5","1:11.54"," Erin L Pashelinsky","F77","USF","384Z-03FP8","08-03-2024","Pacific Masters Swimming Long Course Championships"
"Women ","75-79","100","Backstroke","1","1:46.07"," ruth Y shaps","F77","MAM","3843-03GFW","08-04-2024","Pacific Masters Swimming Long Course Championships"
"Women ","75-79","100","Backstroke","2","1:53.60"," Jane V Lee","F75","PSWIM","384D-03FG7","07-07-2024","Silver State Masters LCM"
"Women ","75-79","100","Backstroke","3","2:41.30"," Erin L Pashelinsky","F77","USF","384Z-03FP8","08-04-2024","Pacific Masters Swimming Long Course Championships"
"Women ","75-79","50","Breaststroke","1","1:02.91"," Susie A Caso","F78","MAM","384N-03FJZ","08-04-2024","Pacific Masters Swimming Long Course Championships"
"Women ","75-79","50","Breaststroke","2","1:28.33"," Erin L Pashelinsky","F77","USF","384Z-03FP8","08-04-2024","Pacific Masters Swimming Long Course Championships"
"Women ","75-79","100","Breaststroke","1","2:22.70"," Susie A Caso","F78","MAM","384N-03FJZ","08-03-2024","Pacific Masters Swimming Long Course Championships"
"Women ","75-79","100","Breaststroke","2","2:53.79"," Doris Florig","F75","UC38","384V-0NXA6","08-22-2024","2024 U.S. Masters Swimming Summer National Championship"
"Women ","75-79","200","Breaststroke","1","5:01.71"," Stephanie I Scott","F77","WCM","3846-03K0Y","08-24-2024","2024 U.S. Masters Swimming Summer National Championship"
"Women ","75-79","200","Breaststroke","2","5:12.01"," Susie A Caso","F78","MAM","384N-03FJZ","08-04-2024","Pacific Masters Swimming Long Course Championships"
"Women ","75-79","200","Breaststroke","3","6:21.88"," Doris Florig","F75","UC38","384V-0NXA6","08-24-2024","2024 U.S. Masters Swimming Summer National Championship"
"Women ","75-79","200","Individual Medley","1","4:32.80"," Stephanie I Scott","F77","WCM","3846-03K0Y","08-22-2024","2024 U.S. Masters Swimming Summer National Championship"
"Women ","75-79","400","Individual Medley","1","9:29.44"," Cynthia L Dutro","F76","MELO","384V-03G5A","08-02-2024","Pacific Masters Swimming Long Course Championships"
"Women ","75-79","400","Individual Medley","2","9:42.32"," Stephanie I Scott","F77","WCM","3846-03K0Y","08-02-2024","Pacific Masters Swimming Long Course Championships"
"Women ","80-84","50","Freestyle","1","44.22"," Daniela Barnea","F80","MELO","384Y-03JTU","","2024 U.S. Masters Swimming Summer National Championship"
"Women ","80-84","50","Freestyle","2","54.88"," Nancy J Ridout","F82","TAM","3849-NANCY","08-03-2024","Pacific Masters Swimming Long Course Championships"
"Women ","80-84","50","Freestyle","3","1:03.41"," Lauren E Chaitkin","F80","USF","384V-03G39","08-03-2024","Pacific Masters Swimming Long Course Championships"
"Women ","80-84","100","Freestyle","1","1:50.73"," Daniela Barnea","F80","MELO","384Y-03JTU","","Pacific Masters Swimming Long Course Championships"
"Women ","80-84","100","Freestyle","2","2:04.84"," Peg K Mc Partland","F82","MAM","384A-7U6P1","08-03-2024","Pacific Masters Swimming Long Course Championships"
"Women ","80-84","100","Freestyle","3","2:12.46"," Nancy J Ridout","F82","TAM","3849-NANCY","08-03-2024","Pacific Masters Swimming Long Course Championships"
"Women ","80-84","100","Freestyle","4","2:17.23"," Lauren E Chaitkin","F80","USF","384V-03G39","08-03-2024","Pacific Masters Swimming Long Course Championships"
"Women ","80-84","200","Freestyle","1","3:49.84"," Daniela Barnea","F80","MELO","384Y-03JTU","","Pacific Masters Swimming Long Course Championships"
"Women ","80-84","200","Freestyle","2","4:29.81"," Peg K Mc Partland","F82","MAM","384A-7U6P1","08-04-2024","Pacific Masters Swimming Long Course Championships"
"Women ","80-84","200","Freestyle","3","4:48.38"," Lauren E Chaitkin","F80","USF","384V-03G39","08-04-2024","Pacific Masters Swimming Long Course Championships"
"Women ","80-84","400","Freestyle","1","9:21.41"," Peg K Mc Partland","F82","MAM","384A-7U6P1","08-04-2024","Pacific Masters Swimming Long Course Championships"
"Women ","80-84","50","Backstroke","1","58.8"," Peg K Mc Partland","F82","MAM","384A-7U6P1","08-03-2024","Pacific Masters Swimming Long Course Championships"
"Women ","80-84","50","Backstroke","2","1:09.07"," Lauren E Chaitkin","F80","USF","384V-03G39","08-03-2024","Pacific Masters Swimming Long Course Championships"
"Women ","80-84","50","Backstroke","3","1:27.82"," Susan E White","F82","TCAM","3846-03H53","07-07-2024","Silver State Masters LCM"
"Women ","80-84","100","Backstroke","1","2:33.62"," Lauren E Chaitkin","F80","USF","384V-03G39","08-04-2024","Pacific Masters Swimming Long Course Championships"
"Women ","80-84","100","Backstroke","2","3:12.93"," Susan E White","F82","TCAM","3846-03H53","07-07-2024","Silver State Masters LCM"
"Women ","80-84","200","Backstroke","1","4:50.20"," Peg K Mc Partland","F82","MAM","384A-7U6P1","08-03-2024","Pacific Masters Swimming Long Course Championships"
"Women ","80-84","200","Backstroke","2","5:16.50"," Lauren E Chaitkin","F80","USF","384V-03G39","08-03-2024","Pacific Masters Swimming Long Course Championships"
"Women ","80-84","50","Breaststroke","1","51.78"," Daniela Barnea","F80","MELO","384Y-03JTU","08-23-2024","2024 U.S. Masters Swimming Summer National Championship"
"Women ","80-84","50","Breaststroke","2","1:16.41"," Nancy Stretch","F84","TOC","384Y-03GCF","08-23-2024","2024 U.S. Masters Swimming Summer National Championship"
"Women ","80-84","100","Breaststroke","1","1:53.06"," Daniela Barnea","F80","MELO","384Y-03JTU","08-22-2024","2024 U.S. Masters Swimming Summer National Championship"
"Women ","80-84","100","Breaststroke","2","2:37.90"," Nancy Stretch","F84","TOC","384Y-03GCF","08-22-2024","2024 U.S. Masters Swimming Summer National Championship"
"Women ","80-84","200","Breaststroke","1","4:14.99"," Daniela Barnea","F80","MELO","384Y-03JTU","08-04-2024","Pacific Masters Swimming Long Course Championships"
"Women ","80-84","200","Breaststroke","2","5:49.52"," Nancy Stretch","F84","TOC","384Y-03GCF","08-24-2024","2024 U.S. Masters Swimming Summer National Championship"
"Women ","80-84","50","Butterfly","1","1:51.84"," Susan E White","F82","TCAM","3846-03H53","07-07-2024","Silver State Masters LCM"
"Women ","80-84","100","Butterfly","1","1:53.95"," Daniela Barnea","F80","MELO","384Y-03JTU","08-24-2024","2024 U.S. Masters Swimming Summer National Championship"
"Women ","80-84","200","Butterfly","1","4:14.92"," Daniela Barnea","F80","MELO","384Y-03JTU","08-04-2024","Pacific Masters Swimming Long Course Championships"
"Women ","80-84","200","Individual Medley","1","3:47.11"," Daniela Barnea","F80","MELO","384Y-03JTU","08-22-2024","2024 U.S. Masters Swimming Summer National Championship"
"Women ","80-84","200","Individual Medley","2","5:06.59"," Nancy Stretch","F84","TOC","384Y-03GCF","08-22-2024","2024 U.S. Masters Swimming Summer National Championship"
"Women ","80-84","400","Individual Medley","1","8:11.16"," Daniela Barnea","F80","MELO","384Y-03JTU","08-02-2024","Pacific Masters Swimming Long Course Championships"
"Women ","80-84","400","Individual Medley","2","10:54.85"," Nancy Stretch","F84","TOC","384Y-03GCF","08-02-2024","Pacific Masters Swimming Long Course Championships"
"Women ","85-89","50","Freestyle","1","1:06.04"," Thyra Tegner","F89","QSS","384S-03NEH","08-24-2024","2024 U.S. Masters Swimming Summer National Championship"
"Women ","85-89","50","Freestyle","2","1:16.80"," Tanako Hagiwara","F86","USF","384C-TANKH","08-03-2024","Pacific Masters Swimming Long Course Championships"
"Women ","85-89","100","Freestyle","1","2:35.72"," Thyra Tegner","F89","QSS","384S-03NEH","08-25-2024","2024 U.S. Masters Swimming Summer National Championship"
"Women ","85-89","100","Freestyle","2","2:57.59"," Tanako Hagiwara","F86","USF","384C-TANKH","08-03-2024","Pacific Masters Swimming Long Course Championships"
"Women ","85-89","200","Freestyle","1","6:16.31"," Judith L Morton","F85","WCM","384T-07B2H","08-04-2024","Pacific Masters Swimming Long Course Championships"
"Women ","85-89","200","Freestyle","2","6:16.34"," Tanako Hagiwara","F86","USF","384C-TANKH","08-04-2024","Pacific Masters Swimming Long Course Championships"
"Women ","85-89","400","Freestyle","1","13:26.01"," Judith L Morton","F85","WCM","384T-07B2H","08-04-2024","Pacific Masters Swimming Long Course Championships"
"Women ","85-89","50","Backstroke","1","1:26.69"," Thyra Tegner","F89","QSS","384S-03NEH","08-22-2024","2024 U.S. Masters Swimming Summer National Championship"
"Women ","85-89","50","Backstroke","2","1:46.69"," Tanako Hagiwara","F86","USF","384C-TANKH","08-03-2024","Pacific Masters Swimming Long Course Championships"
"Women ","85-89","100","Backstroke","1","3:11.53"," Judith L Morton","F85","WCM","384T-07B2H","08-04-2024","Pacific Masters Swimming Long Course Championships"
"Women ","85-89","100","Backstroke","2","3:17.44"," Thyra Tegner","F89","QSS","384S-03NEH","08-25-2024","2024 U.S. Masters Swimming Summer National Championship"
"Women ","85-89","200","Backstroke","1","6:42.59"," Judith L Morton","F85","WCM","384T-07B2H","08-03-2024","Pacific Masters Swimming Long Course Championships"
"Women ","85-89","100","Butterfly","1","4:18.37"," Judith L Morton","F85","WCM","384T-07B2H","08-03-2024","Pacific Masters Swimming Long Course Championships"
"Women ","85-89","200","Butterfly","1","8:59.15"," Judith L Morton","F85","WCM","384T-07B2H","08-04-2024","Pacific Masters Swimming Long Course Championships"
"Men ","18-24","50","Freestyle","1","24.82"," Drake M Southern","M24","TVM","384W-XD98K","08-03-2024","Pacific Masters Swimming Long Course Championships"
"Men ","18-24","50","Freestyle","2","25.88"," Cole G Bennett","M19","UC38","384V-JPV2F","07-07-2024","Silver State Masters LCM"
"Men ","18-24","50","Freestyle","3","26.91"," Alexander W Waterson","M19","DAM","384U-X47WH","08-03-2024","Pacific Masters Swimming Long Course Championships"
"Men ","18-24","50","Freestyle","4","28.83"," Robbie A Daugherty","M24","CARS","384Z-NCTRP","07-07-2024","Silver State Masters LCM"
"Men ","18-24","50","Freestyle","5","29.94"," Ethan J Daniels","M20","SNM","384H-3ZFH9","07-07-2024","Silver State Masters LCM"
"Men ","18-24","50","Freestyle","6","30.56"," Clapton Hernandez","M22","TSUN","384P-U98UT","08-03-2024","Pacific Masters Swimming Long Course Championships"
"Men ","18-24","100","Freestyle","1","57.2"," Cole G Bennett","M19","UC38","384V-JPV2F","07-07-2024","Silver State Masters LCM"
"Men ","18-24","100","Freestyle","2","1:02.37"," Alexander W Waterson","M19","DAM","384U-X47WH","08-03-2024","Pacific Masters Swimming Long Course Championships"
"Men ","18-24","100","Freestyle","3","1:06.97"," Clapton Hernandez","M22","TSUN","384P-U98UT","08-03-2024","Pacific Masters Swimming Long Course Championships"
"Men ","18-24","100","Freestyle","4","1:08.40"," Robbie A Daugherty","M24","CARS","384Z-NCTRP","07-07-2024","Silver State Masters LCM"
"Men ","18-24","100","Freestyle","5","1:13.31"," Alexander J Lipina","M23","WCM","3844-K82VS","08-03-2024","Pacific Masters Swimming Long Course Championships"
"Men ","18-24","200","Freestyle","1","2:23.16"," Samuel E Lopez","M24","USF","384Y-0BB3H","08-04-2024","Pacific Masters Swimming Long Course Championships"
"Men ","18-24","200","Freestyle","2","2:23.74"," Ethan J Daniels","M20","SNM","384H-3ZFH9","07-07-2024","Silver State Masters LCM"
"Men ","18-24","800","Freestyle","1","8:35.60"," Nathanael Ridosko","M19","TVAM","384D-P4330","08-03-2024","Pacific Masters Swimming Long Course Championships"
"Men ","18-24","50","Backstroke","1","32.65"," Alexander W Waterson","M19","DAM","384U-X47WH","08-03-2024","Pacific Masters Swimming Long Course Championships"
"Men ","18-24","50","Backstroke","2","36.02"," Robbie A Daugherty","M24","CARS","384Z-NCTRP","07-07-2024","Silver State Masters LCM"
"Men ","18-24","50","Backstroke","3","37.3"," Ethan J Daniels","M20","SNM","384H-3ZFH9","07-07-2024","Silver State Masters LCM"
"Men ","18-24","100","Backstroke","1","1:05.85"," Drake M Southern","M24","TVM","384W-XD98K","08-04-2024","Pacific Masters Swimming Long Course Championships"
"Men ","18-24","100","Backstroke","2","1:08.99"," Raymond L Iacobacci","M21","UC38","384J-J0UUV","08-04-2024","Pacific Masters Swimming Long Course Championships"
"Men ","18-24","100","Backstroke","3","1:09.36"," Cole G Bennett","M19","UC38","384V-JPV2F","07-07-2024","Silver State Masters LCM"
"Men ","18-24","100","Backstroke","4","1:17.48"," Ethan J Daniels","M20","SNM","384H-3ZFH9","07-07-2024","Silver State Masters LCM"
"Men ","18-24","50","Breaststroke","1","34.29"," Alexander W Waterson","M19","DAM","384U-X47WH","08-04-2024","Pacific Masters Swimming Long Course Championships"
"Men ","18-24","50","Breaststroke","2","35.42"," Alec T Sasano","M22","UC38","3844-BRK2P","08-04-2024","Pacific Masters Swimming Long Course Championships"
"Men ","18-24","50","Breaststroke","3","37.6"," Robbie A Daugherty","M24","CARS","384Z-NCTRP","07-07-2024","Silver State Masters LCM"
"Men ","18-24","100","Breaststroke","1","1:20.00"," Ethan J Daniels","M20","SNM","384H-3ZFH9","07-07-2024","Silver State Masters LCM"
"Men ","18-24","100","Breaststroke","2","1:21.16"," Robbie A Daugherty","M24","CARS","384Z-NCTRP","07-07-2024","Silver State Masters LCM"
"Men ","18-24","100","Breaststroke","3","1:26.56"," Presley W Golling","M21","CRUZ","384P-5AF1F","06-22-2024","2024 SLOS Firecracker Invitational"
"Men ","18-24","200","Breaststroke","1","3:15.50"," Samuel E Lopez","M24","USF","384Y-0BB3H","08-04-2024","Pacific Masters Swimming Long Course Championships"
"Men ","18-24","50","Butterfly","1","28.51"," Cole G Bennett","M19","UC38","384V-JPV2F","07-07-2024","Silver State Masters LCM"
"Men ","18-24","50","Butterfly","2","28.61"," Raymond L Iacobacci","M21","UC38","384J-J0UUV","08-04-2024","Pacific Masters Swimming Long Course Championships"
"Men ","18-24","50","Butterfly","3","29.44"," Alexander W Waterson","M19","DAM","384U-X47WH","08-04-2024","Pacific Masters Swimming Long Course Championships"
"Men ","18-24","50","Butterfly","4","29.91"," Alec T Sasano","M22","UC38","3844-BRK2P","08-04-2024","Pacific Masters Swimming Long Course Championships"
"Men ","18-24","50","Butterfly","5","30.25"," Samuel E Lopez","M24","USF","384Y-0BB3H","08-04-2024","Pacific Masters Swimming Long Course Championships"
"Men ","18-24","50","Butterfly","6","32.31"," Clapton Hernandez","M22","TSUN","384P-U98UT","08-04-2024","Pacific Masters Swimming Long Course Championships"
"Men ","18-24","50","Butterfly","7","32.95"," Ethan J Daniels","M20","SNM","384H-3ZFH9","07-07-2024","Silver State Masters LCM"
"Men ","18-24","50","Butterfly","8","37.94"," Robbie A Daugherty","M24","CARS","384Z-NCTRP","07-07-2024","Silver State Masters LCM"
"Men ","18-24","100","Butterfly","1","1:02.29"," Luke T Scanlon","M21","TVAM","384H-GKR0U","08-03-2024","Pacific Masters Swimming Long Course Championships"
"Men ","18-24","100","Butterfly","2","1:03.86"," Cole G Bennett","M19","UC38","384V-JPV2F","07-07-2024","Silver State Masters LCM"
"Men ","18-24","200","Individual Medley","1","2:27.63"," Raymond L Iacobacci","M21","UC38","384J-J0UUV","08-04-2024","Pacific Masters Swimming Long Course Championships"
"Men ","18-24","200","Individual Medley","2","2:30.99"," Alec T Sasano","M22","UC38","3844-BRK2P","08-04-2024","Pacific Masters Swimming Long Course Championships"
"Men ","18-24","200","Individual Medley","3","2:39.59"," Presley W Golling","M21","CRUZ","384P-5AF1F","06-23-2024","2024 SLOS Firecracker Invitational"
"Men ","18-24","200","Individual Medley","4","2:42.69"," Samuel E Lopez","M24","USF","384Y-0BB3H","08-04-2024","Pacific Masters Swimming Long Course Championships"
"Men ","18-24","200","Individual Medley","5","2:46.01"," Alexander W Waterson","M19","DAM","384U-X47WH","08-04-2024","Pacific Masters Swimming Long Course Championships"
"Men ","18-24","400","Individual Medley","1","6:20.88"," D Michael Xu","M23","STAN","384K-4AS5E","08-02-2024","Pacific Masters Swimming Long Course Championships"
"Men ","25-29","50","Freestyle","1","24.09"," Andy Song","M26","TOC","3849-Z3RFY","","2024 U.S. Masters Swimming Summer National Championship"
"Men ","25-29","50","Freestyle","2","24.1"," Benjamin J Cono","M28","TOC","384W-NZSVD","","2024 U.S. Masters Swimming Summer National Championship"
"Men ","25-29","50","Freestyle","3","24.21"," Mark W Andrew","M27","TOC","384K-8N4WX","08-24-2024","2024 U.S. Masters Swimming Summer National Championship"
"Men ","25-29","50","Freestyle","4","24.3"," Shane W Forker","M26","TOC","384U-J7XTN","","2024 U.S. Masters Swimming Summer National Championship"
"Men ","25-29","50","Freestyle","5","24.6"," Hank Poppe","M26","TOC","384J-PRRZ6","","2024 U.S. Masters Swimming Summer National Championship"
"Men ","25-29","50","Freestyle","6","25.08"," Murphy J McQuet","M27","TOC","384U-GT4CK","08-24-2024","2024 U.S. Masters Swimming Summer National Championship"
"Men ","25-29","50","Freestyle","7","25.13"," Karl Arvidsson","M26","TOC","384V-RGKZR","","2024 U.S. Masters Swimming Summer National Championship"
"Men ","25-29","50","Freestyle","8","25.34"," Nikita Semenov","M29","BAC","384T-GN90H","08-24-2024","2024 U.S. Masters Swimming Summer National Championship"
"Men ","25-29","50","Freestyle","9","25.4"," Kyle C Millis","M25","TOC","384B-1JS70","08-24-2024","2024 U.S. Masters Swimming Summer National Championship"
"Men ","25-29","50","Freestyle","10","25.76"," Michal Zyla","M28","QSS","3847-NK12D","04-14-2024","2024 MVN Fran Crippen Memorial Swim Meet of Champions"
"Men ","25-29","50","Freestyle","11","25.89"," Henry P Copses","M28","FBSC","3844-DPY37","08-24-2024","2024 U.S. Masters Swimming Summer National Championship"
"Men ","25-29","50","Freestyle","12","26.01"," John D Chu","M27","FBSC","384W-DSU8A","08-24-2024","2024 U.S. Masters Swimming Summer National Championship"
"Men ","25-29","50","Freestyle","13","26.38"," Richard Chen","M29","UC38","3845-WSBXU","08-24-2024","2024 U.S. Masters Swimming Summer National Championship"
"Men ","25-29","50","Freestyle","14","26.41"," Jackson H Enright","M25","USF","384K-3HSH1","08-03-2024","Pacific Masters Swimming Long Course Championships"
"Men ","25-29","50","Freestyle","15","26.45"," Jonathan Chow","M29","TSUN","384X-Y3HF5","08-03-2024","Pacific Masters Swimming Long Course Championships"
"Men ","25-29","50","Freestyle","16","26.56"," Matthew Whittle","M28","TOC","384T-2B3JW","08-24-2024","2024 U.S. Masters Swimming Summer National Championship"
"Men ","25-29","50","Freestyle","17","26.69"," John P Copses","M28","FBSC","384U-B047D","08-24-2024","2024 U.S. Masters Swimming Summer National Championship"
"Men ","25-29","50","Freestyle","18","27.42"," Daniel Hobbs","M28","SNM","3847-0BAYV","08-24-2024","2024 U.S. Masters Swimming Summer National Championship"
"Men ","25-29","50","Freestyle","19","27.64"," Denis Reznik","M28","FBSC","384D-38WBR","08-24-2024","2024 U.S. Masters Swimming Summer National Championship"
"Men ","25-29","50","Freestyle","20","28.59"," Andrew D Hayes","M29","TSUN","384B-UBPGZ","08-03-2024","Pacific Masters Swimming Long Course Championships"
"Men ","25-29","50","Freestyle","21","30.43"," Patrick O MacDonald","M29","TSUN","384H-B7811","07-07-2024","Silver State Masters LCM"
"Men ","25-29","50","Freestyle","22","31.1"," Surya Dwarakanath","M27","TSUN","384X-MRBD7","08-03-2024","Pacific Masters Swimming Long Course Championships"
"Men ","25-29","50","Freestyle","23","32.74"," Marc A Taniguchi","M28","TSUN","3846-BF5PZ","08-03-2024","Pacific Masters Swimming Long Course Championships"
"Men ","25-29","100","Freestyle","1","53.38"," Murphy J McQuet","M27","TOC","384U-GT4CK","08-25-2024","2024 U.S. Masters Swimming Summer National Championship"
"Men ","25-29","100","Freestyle","2","53.41"," Shane W Forker","M26","TOC","384U-J7XTN","08-25-2024","2024 U.S. Masters Swimming Summer National Championship"
"Men ","25-29","100","Freestyle","3","54.53"," Dylan Kubick","M29","USF","384Z-FF9Z3","08-03-2024","Pacific Masters Swimming Long Course Championships"
"Men ","25-29","100","Freestyle","4","55.02"," Michal Zyla","M28","QSS","3847-NK12D","04-12-2024","2024 MVN Fran Crippen Memorial Swim Meet of Champions"
"Men ","25-29","100","Freestyle","5","55.41"," Hank Poppe","M26","TOC","384J-PRRZ6","08-25-2024","2024 U.S. Masters Swimming Summer National Championship"
"Men ","25-29","100","Freestyle","6","56.26"," Karl Arvidsson","M26","TOC","384V-RGKZR","08-25-2024","2024 U.S. Masters Swimming Summer National Championship"
"Men ","25-29","100","Freestyle","7","56.53"," John D Chu","M27","FBSC","384W-DSU8A","08-25-2024","2024 U.S. Masters Swimming Summer National Championship"
"Men ","25-29","100","Freestyle","8","57.7"," Jackson H Enright","M25","USF","384K-3HSH1","08-03-2024","Pacific Masters Swimming Long Course Championships"
"Men ","25-29","100","Freestyle","9","58.31"," Matthew Whittle","M28","TOC","384T-2B3JW","08-25-2024","2024 U.S. Masters Swimming Summer National Championship"
"Men ","25-29","100","Freestyle","10","59.45"," Jonathan Chow","M29","TSUN","384X-Y3HF5","08-03-2024","Pacific Masters Swimming Long Course Championships"
"Men ","25-29","100","Freestyle","11","59.71"," Denis Reznik","M28","FBSC","384D-38WBR","08-25-2024","2024 U.S. Masters Swimming Summer National Championship"
"Men ","25-29","100","Freestyle","12","1:00.86"," Richard Chen","M29","UC38","3845-WSBXU","08-25-2024","2024 U.S. Masters Swimming Summer National Championship"
"Men ","25-29","100","Freestyle","13","1:04.80"," Andrew D Hayes","M29","TSUN","384B-UBPGZ","08-03-2024","Pacific Masters Swimming Long Course Championships"
"Men ","25-29","100","Freestyle","14","1:08.80"," Patrick O MacDonald","M29","TSUN","384H-B7811","07-07-2024","Silver State Masters LCM"
"Men ","25-29","100","Freestyle","15","1:09.65"," Justin Yue","M27","TSUN","384A-4RXYN","08-03-2024","Pacific Masters Swimming Long Course Championships"
"Men ","25-29","100","Freestyle","16","1:10.95"," Surya Dwarakanath","M27","TSUN","384X-MRBD7","08-03-2024","Pacific Masters Swimming Long Course Championships"
"Men ","25-29","100","Freestyle","17","1:12.35"," Marc A Taniguchi","M28","TSUN","3846-BF5PZ","08-03-2024","Pacific Masters Swimming Long Course Championships"
"Men ","25-29","200","Freestyle","1","1:59.81"," Murphy J McQuet","M27","TOC","384U-GT4CK","08-24-2024","2024 U.S. Masters Swimming Summer National Championship"
"Men ","25-29","200","Freestyle","2","2:02.06"," Michal Zyla","M28","QSS","3847-NK12D","04-13-2024","2024 MVN Fran Crippen Memorial Swim Meet of Champions"
"Men ","25-29","200","Freestyle","3","2:02.09"," Dylan Kubick","M29","USF","384Z-FF9Z3","08-04-2024","Pacific Masters Swimming Long Course Championships"
"Men ","25-29","200","Freestyle","4","2:10.78"," John D Chu","M27","FBSC","384W-DSU8A","08-24-2024","2024 U.S. Masters Swimming Summer National Championship"
"Men ","25-29","200","Freestyle","5","2:18.42"," Avery Krovetz","M28","UC33","3844-0A18W","06-01-2024","OC Riptide Aquatics Masters LCM Meet"
"Men ","25-29","200","Freestyle","6","2:26.29"," Andrew J Cho","M26","SFGG","3845-J8FF0","08-04-2024","Pacific Masters Swimming Long Course Championships"
"Men ","25-29","400","Freestyle","1","5:01.29"," Avery Krovetz","M28","UC33","3844-0A18W","06-01-2024","OC Riptide Aquatics Masters LCM Meet"
"Men ","25-29","400","Freestyle","2","7:02.16"," Surya Dwarakanath","M27","TSUN","384X-MRBD7","","Pacific Masters Swimming Long Course Championships"
"Men ","25-29","800","Freestyle","1","10:33.25"," Avery Krovetz","M28","UC33","3844-0A18W","06-01-2024","OC Riptide Aquatics Masters LCM Meet"
"Men ","25-29","800","Freestyle","2","14:17.46"," Surya Dwarakanath","M27","TSUN","384X-MRBD7","08-03-2024","Pacific Masters Swimming Long Course Championships"
"Men ","25-29","1500","Freestyle","1","20:19.66"," Andrew M Goard","M29","USF","384U-0B5B3","08-02-2024","Pacific Masters Swimming Long Course Championships"
"Men ","25-29","50","Backstroke","1","26.19"," Andy Song","M26","TOC","3849-Z3RFY","","2024 U.S. Masters Swimming Summer National Championship"
"Men ","25-29","50","Backstroke","2","27.3"," Kyle C Millis","M25","TOC","384B-1JS70","08-22-2024","2024 U.S. Masters Swimming Summer National Championship"
"Men ","25-29","50","Backstroke","3","27.9"," Dylan Kubick","M29","USF","384Z-FF9Z3","08-03-2024","Pacific Masters Swimming Long Course Championships"
"Men ","25-29","50","Backstroke","4","28.95"," Shane W Forker","M26","TOC","384U-J7XTN","","2024 U.S. Masters Swimming Summer National Championship"
"Men ","25-29","50","Backstroke","5","30.03"," Hank Poppe","M26","TOC","384J-PRRZ6","08-03-2024","Pacific Masters Swimming Long Course Championships"
"Men ","25-29","50","Backstroke","6","30.15"," Michal Zyla","M28","QSS","3847-NK12D","04-12-2024","2024 MVN Fran Crippen Memorial Swim Meet of Champions"
"Men ","25-29","50","Backstroke","7","30.25"," Nikita Semenov","M29","BAC","384T-GN90H","08-22-2024","2024 U.S. Masters Swimming Summer National Championship"
"Men ","25-29","50","Backstroke","8","30.36"," Benjamin J Cono","M28","TOC","384W-NZSVD","08-22-2024","2024 U.S. Masters Swimming Summer National Championship"
"Men ","25-29","50","Backstroke","9","31.93"," Matthew Whittle","M28","TOC","384T-2B3JW","08-03-2024","Pacific Masters Swimming Long Course Championships"
"Men ","25-29","50","Backstroke","10","32.27"," Jonathan Chow","M29","TSUN","384X-Y3HF5","08-03-2024","Pacific Masters Swimming Long Course Championships"
"Men ","25-29","50","Backstroke","11","34.4"," Andrew D Hayes","M29","TSUN","384B-UBPGZ","08-03-2024","Pacific Masters Swimming Long Course Championships"
"Men ","25-29","50","Backstroke","12","36.27"," Patrick O MacDonald","M29","TSUN","384H-B7811","08-22-2024","2024 U.S. Masters Swimming Summer National Championship"
"Men ","25-29","50","Backstroke","13","40.68"," Justin Yue","M27","TSUN","384A-4RXYN","08-03-2024","Pacific Masters Swimming Long Course Championships"
"Men ","25-29","100","Backstroke","1","58.26"," Andy Song","M26","TOC","3849-Z3RFY","08-25-2024","2024 U.S. Masters Swimming Summer National Championship"
"Men ","25-29","100","Backstroke","2","59.53"," Kyle C Millis","M25","TOC","384B-1JS70","08-25-2024","2024 U.S. Masters Swimming Summer National Championship"
"Men ","25-29","100","Backstroke","3","1:03.19"," Karl Arvidsson","M26","TOC","384V-RGKZR","08-25-2024","2024 U.S. Masters Swimming Summer National Championship"
"Men ","25-29","100","Backstroke","4","1:09.57"," Robert J Ciano","M25","UC38","384Y-BJHC0","08-04-2024","Pacific Masters Swimming Long Course Championships"
"Men ","25-29","100","Backstroke","5","1:19.11"," Patrick O MacDonald","M29","TSUN","384H-B7811","07-07-2024","Silver State Masters LCM"
"Men ","25-29","200","Backstroke","1","2:09.79"," Andy Song","M26","TOC","3849-Z3RFY","08-23-2024","2024 U.S. Masters Swimming Summer National Championship"
"Men ","25-29","200","Backstroke","2","2:13.29"," Kyle C Millis","M25","TOC","384B-1JS70","08-23-2024","2024 U.S. Masters Swimming Summer National Championship"
"Men ","25-29","200","Backstroke","3","2:36.78"," Matthew Whittle","M28","TOC","384T-2B3JW","08-03-2024","Pacific Masters Swimming Long Course Championships"
"Men ","25-29","50","Breaststroke","1","27.55"," Benjamin J Cono","M28","TOC","384W-NZSVD","08-23-2024","2024 U.S. Masters Swimming Summer National Championship"
"Men ","25-29","50","Breaststroke","2","29.24"," Hank Poppe","M26","TOC","384J-PRRZ6","08-23-2024","2024 U.S. Masters Swimming Summer National Championship"
"Men ","25-29","50","Breaststroke","3","29.99"," Mark W Andrew","M27","TOC","384K-8N4WX","08-23-2024","2024 U.S. Masters Swimming Summer National Championship"
"Men ","25-29","50","Breaststroke","4","30.74"," Karl Arvidsson","M26","TOC","384V-RGKZR","08-23-2024","2024 U.S. Masters Swimming Summer National Championship"
"Men ","25-29","50","Breaststroke","5","31.71"," Nikita Semenov","M29","BAC","384T-GN90H","08-23-2024","2024 U.S. Masters Swimming Summer National Championship"
"Men ","25-29","50","Breaststroke","6","32.94"," Shane W Forker","M26","TOC","384U-J7XTN","08-23-2024","2024 U.S. Masters Swimming Summer National Championship"
"Men ","25-29","50","Breaststroke","7","33.18"," Daniel Hobbs","M28","SNM","3847-0BAYV","08-23-2024","2024 U.S. Masters Swimming Summer National Championship"
"Men ","25-29","100","Breaststroke","1","1:03.73"," Benjamin J Cono","M28","TOC","384W-NZSVD","08-22-2024","2024 U.S. Masters Swimming Summer National Championship"
"Men ","25-29","100","Breaststroke","2","1:06.79"," Mark W Andrew","M27","TOC","384K-8N4WX","08-22-2024","2024 U.S. Masters Swimming Summer National Championship"
"Men ","25-29","100","Breaststroke","3","1:06.89"," Hank Poppe","M26","TOC","384J-PRRZ6","08-22-2024","2024 U.S. Masters Swimming Summer National Championship"
"Men ","25-29","100","Breaststroke","4","1:07.29"," Karl Arvidsson","M26","TOC","384V-RGKZR","08-22-2024","2024 U.S. Masters Swimming Summer National Championship"
"Men ","25-29","100","Breaststroke","5","1:13.20"," Daniel Hobbs","M28","SNM","3847-0BAYV","08-22-2024","2024 U.S. Masters Swimming Summer National Championship"
"Men ","25-29","100","Breaststroke","6","1:25.31"," Marc A Taniguchi","M28","TSUN","3846-BF5PZ","08-03-2024","Pacific Masters Swimming Long Course Championships"
"Men ","25-29","100","Breaststroke","7","1:28.65"," Patrick O MacDonald","M29","TSUN","384H-B7811","08-22-2024","2024 U.S. Masters Swimming Summer National Championship"
"Men ","25-29","100","Breaststroke","8","1:29.93"," Justin Yue","M27","TSUN","384A-4RXYN","08-03-2024","Pacific Masters Swimming Long Course Championships"
"Men ","25-29","200","Breaststroke","1","2:32.69"," Hank Poppe","M26","TOC","384J-PRRZ6","08-24-2024","2024 U.S. Masters Swimming Summer National Championship"
"Men ","25-29","200","Breaststroke","2","2:34.87"," Mark W Andrew","M27","TOC","384K-8N4WX","08-24-2024","2024 U.S. Masters Swimming Summer National Championship"
"Men ","25-29","50","Butterfly","1","25.76"," Benjamin J Cono","M28","TOC","384W-NZSVD","08-23-2024","2024 U.S. Masters Swimming Summer National Championship"
"Men ","25-29","50","Butterfly","2","25.83"," Andy Song","M26","TOC","3849-Z3RFY","08-23-2024","2024 U.S. Masters Swimming Summer National Championship"
"Men ","25-29","50","Butterfly","3","25.87"," Murphy J McQuet","M27","TOC","384U-GT4CK","08-23-2024","2024 U.S. Masters Swimming Summer National Championship"
"Men ","25-29","50","Butterfly","4","25.94"," Hank Poppe","M26","TOC","384J-PRRZ6","08-23-2024","2024 U.S. Masters Swimming Summer National Championship"
"Men ","25-29","50","Butterfly","5","26.24"," Shane W Forker","M26","TOC","384U-J7XTN","08-23-2024","2024 U.S. Masters Swimming Summer National Championship"
"Men ","25-29","50","Butterfly","6","26.62"," Karl Arvidsson","M26","TOC","384V-RGKZR","08-23-2024","2024 U.S. Masters Swimming Summer National Championship"
"Men ","25-29","50","Butterfly","7","26.86"," Kyle C Millis","M25","TOC","384B-1JS70","08-23-2024","2024 U.S. Masters Swimming Summer National Championship"
"Men ","25-29","50","Butterfly","8","27.18"," Nikita Semenov","M29","BAC","384T-GN90H","08-23-2024","2024 U.S. Masters Swimming Summer National Championship"
"Men ","25-29","50","Butterfly","9","27.88"," Michal Zyla","M28","QSS","3847-NK12D","04-13-2024","2024 MVN Fran Crippen Memorial Swim Meet of Champions"
"Men ","25-29","50","Butterfly","10","29.69"," Robert J Ciano","M25","UC38","384Y-BJHC0","08-04-2024","Pacific Masters Swimming Long Course Championships"
"Men ","25-29","50","Butterfly","11","40.97"," Surya Dwarakanath","M27","TSUN","384X-MRBD7","08-04-2024","Pacific Masters Swimming Long Course Championships"
"Men ","25-29","100","Butterfly","1","57.64"," Andy Song","M26","TOC","3849-Z3RFY","08-24-2024","2024 U.S. Masters Swimming Summer National Championship"
"Men ","25-29","100","Butterfly","2","58.95"," Murphy J McQuet","M27","TOC","384U-GT4CK","08-24-2024","2024 U.S. Masters Swimming Summer National Championship"
"Men ","25-29","100","Butterfly","3","59.52"," Shane W Forker","M26","TOC","384U-J7XTN","08-24-2024","2024 U.S. Masters Swimming Summer National Championship"
"Men ","25-29","100","Butterfly","4","1:00.32"," Hank Poppe","M26","TOC","384J-PRRZ6","08-03-2024","Pacific Masters Swimming Long Course Championships"
"Men ","25-29","100","Butterfly","5","1:01.00"," Kyle C Millis","M25","TOC","384B-1JS70","08-24-2024","2024 U.S. Masters Swimming Summer National Championship"
"Men ","25-29","100","Butterfly","6","1:01.49"," Daniel Hobbs","M28","SNM","3847-0BAYV","08-24-2024","2024 U.S. Masters Swimming Summer National Championship"
"Men ","25-29","100","Butterfly","7","1:03.53"," Matthew Whittle","M28","TOC","384T-2B3JW","08-24-2024","2024 U.S. Masters Swimming Summer National Championship"
"Men ","25-29","100","Butterfly","8","1:07.99"," Henry P Copses","M28","FBSC","3844-DPY37","08-24-2024","2024 U.S. Masters Swimming Summer National Championship"
"Men ","25-29","200","Individual Medley","1","2:13.17"," Mark W Andrew","M27","TOC","384K-8N4WX","08-22-2024","2024 U.S. Masters Swimming Summer National Championship"
"Men ","25-29","200","Individual Medley","2","2:15.71"," Karl Arvidsson","M26","TOC","384V-RGKZR","08-22-2024","2024 U.S. Masters Swimming Summer National Championship"
"Men ","25-29","200","Individual Medley","3","2:17.51"," Dylan Kubick","M29","USF","384Z-FF9Z3","08-04-2024","Pacific Masters Swimming Long Course Championships"
"Men ","25-29","200","Individual Medley","4","2:31.99"," Robert J Ciano","M25","UC38","384Y-BJHC0","08-04-2024","Pacific Masters Swimming Long Course Championships"
"Men ","25-29","200","Individual Medley","5","2:45.46"," Patrick O MacDonald","M29","TSUN","384H-B7811","08-22-2024","2024 U.S. Masters Swimming Summer National Championship"
"Men ","25-29","200","Individual Medley","6","3:21.89"," Surya Dwarakanath","M27","TSUN","384X-MRBD7","08-04-2024","Pacific Masters Swimming Long Course Championships"
"Men ","25-29","400","Individual Medley","1","4:57.29"," Mark W Andrew","M27","TOC","384K-8N4WX","08-23-2024","2024 U.S. Masters Swimming Summer National Championship"
"Men ","25-29","400","Individual Medley","2","5:13.90"," Daniel Hobbs","M28","SNM","3847-0BAYV","08-23-2024","2024 U.S. Masters Swimming Summer National Championship"
"Men ","30-34","50","Freestyle","1","24.33"," Daniel Tan","M32","TSUN","384E-A7HEZ","08-03-2024","Pacific Masters Swimming Long Course Championships"
"Men ","30-34","50","Freestyle","2","26.1"," Luke B Shaffer","M30","DAM","384W-K0GEG","08-03-2024","Pacific Masters Swimming Long Course Championships"
"Men ","30-34","50","Freestyle","3","26.59"," Jon Christensen","M34","USF","384G-08BTJ","08-03-2024","Pacific Masters Swimming Long Course Championships"
"Men ","30-34","50","Freestyle","4","27.1"," Chasen J Rogers","M34","MEMO","384S-ASH25","","2024 U.S. Masters Swimming Summer National Championship"
"Men ","30-34","50","Freestyle","5","27.37"," Andrew S Barton","M31","USF","384K-048JT","08-03-2024","Pacific Masters Swimming Long Course Championships"
"Men ","30-34","50","Freestyle","6","28.48"," Austin W Jones","M33","TSUN","3849-P9B29","08-03-2024","Pacific Masters Swimming Long Course Championships"
"Men ","30-34","50","Freestyle","7","28.97"," Kai Peacock","M32","TSUN","3847-08AE7","08-03-2024","Pacific Masters Swimming Long Course Championships"
"Men ","30-34","50","Freestyle","8","29.2"," Yue Shen Gu","M31","WCM","384D-A8APZ","08-03-2024","Pacific Masters Swimming Long Course Championships"
"Men ","30-34","50","Freestyle","9","30.48"," Edouard Burlet","M31","TSUN","384D-V73GX","08-03-2024","Pacific Masters Swimming Long Course Championships"
"Men ","30-34","50","Freestyle","10","32.75"," David Ivan","M32","USF","384F-RVA63","08-03-2024","Pacific Masters Swimming Long Course Championships"
"Men ","30-34","100","Freestyle","1","54.76"," Daniel Tan","M32","TSUN","384E-A7HEZ","08-03-2024","Pacific Masters Swimming Long Course Championships"
"Men ","30-34","100","Freestyle","2","57.73"," Armon J Keshmiri","M31","SJCF","3840-0V23K","08-03-2024","Pacific Masters Swimming Long Course Championships"
"Men ","30-34","100","Freestyle","3","59.24"," Luke B Shaffer","M30","DAM","384W-K0GEG","08-03-2024","Pacific Masters Swimming Long Course Championships"
"Men ","30-34","100","Freestyle","4","59.46"," Thomas B Dowley","M33","TOC","3841-ECRDW","08-25-2024","2024 U.S. Masters Swimming Summer National Championship"
"Men ","30-34","100","Freestyle","5","59.77"," Chasen J Rogers","M34","MEMO","384S-ASH25","08-25-2024","2024 U.S. Masters Swimming Summer National Championship"
"Men ","30-34","100","Freestyle","6","1:00.55"," Andrew S Barton","M31","USF","384K-048JT","08-03-2024","Pacific Masters Swimming Long Course Championships"
"Men ","30-34","100","Freestyle","7","1:03.12"," Austin W Jones","M33","TSUN","3849-P9B29","08-03-2024","Pacific Masters Swimming Long Course Championships"
"Men ","30-34","100","Freestyle","8","1:05.34"," William Glomstad","M30","WCM","3842-07XPS","08-03-2024","Pacific Masters Swimming Long Course Championships"
"Men ","30-34","100","Freestyle","9","1:05.57"," Kai Peacock","M32","TSUN","3847-08AE7","08-03-2024","Pacific Masters Swimming Long Course Championships"
"Men ","30-34","100","Freestyle","10","1:06.82"," Ian Kos","M30","USF","384B-P4C36","08-03-2024","Pacific Masters Swimming Long Course Championships"
"Men ","30-34","100","Freestyle","11","1:06.86"," Yue Shen Gu","M31","WCM","384D-A8APZ","","Pacific Masters Swimming Long Course Championships"
"Men ","30-34","100","Freestyle","12","1:07.84"," Edouard Burlet","M31","TSUN","384D-V73GX","08-03-2024","Pacific Masters Swimming Long Course Championships"
"Men ","30-34","100","Freestyle","13","1:17.05"," David Ivan","M32","USF","384F-RVA63","08-03-2024","Pacific Masters Swimming Long Course Championships"
"Men ","30-34","200","Freestyle","1","1:54.67"," Marcos Lavado","M33","WCM","384G-C13AC","","2024 World Aquatics Masters Championships"
"Men ","30-34","200","Freestyle","2","2:10.49"," Jonathan D Brodie","M30","SFGG","384N-0835K","08-04-2024","Pacific Masters Swimming Long Course Championships"
"Men ","30-34","200","Freestyle","3","2:13.35"," Thomas B Dowley","M33","TOC","3841-ECRDW","08-24-2024","2024 U.S. Masters Swimming Summer National Championship"
"Men ","30-34","200","Freestyle","4","2:16.04"," Chasen J Rogers","M34","MEMO","384S-ASH25","08-24-2024","2024 U.S. Masters Swimming Summer National Championship"
"Men ","30-34","200","Freestyle","5","2:19.63"," Luke B Shaffer","M30","DAM","384W-K0GEG","08-04-2024","Pacific Masters Swimming Long Course Championships"
"Men ","30-34","200","Freestyle","6","2:28.17"," Marcus Ho","M31","USF","384P-8VC86","08-04-2024","Pacific Masters Swimming Long Course Championships"
"Men ","30-34","200","Freestyle","7","2:38.19"," Michael R Thomas","M32","MVM","384P-07X03","08-04-2024","Pacific Masters Swimming Long Course Championships"
"Men ","30-34","400","Freestyle","1","4:42.47"," Thomas B Dowley","M33","TOC","3841-ECRDW","08-25-2024","2024 U.S. Masters Swimming Summer National Championship"
"Men ","30-34","400","Freestyle","2","5:06.68"," William Glomstad","M30","WCM","3842-07XPS","08-04-2024","Pacific Masters Swimming Long Course Championships"
"Men ","30-34","400","Freestyle","3","5:30.89"," Nathan Leber","M32","USF","3846-0A8YB","08-04-2024","Pacific Masters Swimming Long Course Championships"
"Men ","30-34","800","Freestyle","1","9:45.68"," Rodrigo M paz","M33","TSUN","3840-N0ZN6","08-03-2024","Pacific Masters Swimming Long Course Championships"
"Men ","30-34","800","Freestyle","2","10:41.41"," Ian Kos","M30","USF","384B-P4C36","08-03-2024","Pacific Masters Swimming Long Course Championships"
"Men ","30-34","800","Freestyle","3","10:44.51"," William Glomstad","M30","WCM","3842-07XPS","08-03-2024","Pacific Masters Swimming Long Course Championships"
"Men ","30-34","800","Freestyle","4","10:49.77"," Austin W Jones","M33","TSUN","3849-P9B29","08-03-2024","Pacific Masters Swimming Long Course Championships"
"Men ","30-34","800","Freestyle","5","11:24.97"," Nathan Leber","M32","USF","3846-0A8YB","08-03-2024","Pacific Masters Swimming Long Course Championships"
"Men ","30-34","800","Freestyle","6","11:41.79"," Luke B Shaffer","M30","DAM","384W-K0GEG","08-03-2024","Pacific Masters Swimming Long Course Championships"
"Men ","30-34","800","Freestyle","7","12:31.05"," Yue Shen Gu","M31","WCM","384D-A8APZ","08-03-2024","Pacific Masters Swimming Long Course Championships"
"Men ","30-34","800","Freestyle","8","13:17.98"," Michael R Thomas","M32","MVM","384P-07X03","08-22-2024","2024 U.S. Masters Swimming Summer National Championship"
"Men ","30-34","1500","Freestyle","1","20:11.07"," Ian Kos","M30","USF","384B-P4C36","08-02-2024","Pacific Masters Swimming Long Course Championships"
"Men ","30-34","1500","Freestyle","2","20:16.08"," William Glomstad","M30","WCM","3842-07XPS","08-21-2024","2024 U.S. Masters Swimming Summer National Championship"
"Men ","30-34","1500","Freestyle","3","21:47.02"," Nathan Leber","M32","USF","3846-0A8YB","08-02-2024","Pacific Masters Swimming Long Course Championships"
"Men ","30-34","1500","Freestyle","4","22:17.57"," Luke B Shaffer","M30","DAM","384W-K0GEG","08-02-2024","Pacific Masters Swimming Long Course Championships"
"Men ","30-34","1500","Freestyle","5","23:07.50"," Patrick A Farley","M33","USF","3847-0A7BA","08-02-2024","Pacific Masters Swimming Long Course Championships"
"Men ","30-34","50","Backstroke","1","30.2"," Daniel Tan","M32","TSUN","384E-A7HEZ","08-03-2024","Pacific Masters Swimming Long Course Championships"
"Men ","30-34","50","Backstroke","2","31.83"," Thomas B Dowley","M33","TOC","3841-ECRDW","","2024 U.S. Masters Swimming Summer National Championship"
"Men ","30-34","50","Backstroke","3","32.2"," Chasen J Rogers","M34","MEMO","384S-ASH25","08-22-2024","2024 U.S. Masters Swimming Summer National Championship"
"Men ","30-34","50","Backstroke","4","34.78"," William Glomstad","M30","WCM","3842-07XPS","08-22-2024","2024 U.S. Masters Swimming Summer National Championship"
"Men ","30-34","50","Backstroke","5","35.08"," Andrew S Barton","M31","USF","384K-048JT","08-03-2024","Pacific Masters Swimming Long Course Championships"
"Men ","30-34","50","Backstroke","6","38.66"," Yue Shen Gu","M31","WCM","384D-A8APZ","08-03-2024","Pacific Masters Swimming Long Course Championships"
"Men ","30-34","50","Backstroke","7","39.02"," Kai Peacock","M32","TSUN","3847-08AE7","08-03-2024","Pacific Masters Swimming Long Course Championships"
"Men ","30-34","50","Backstroke","8","41.48"," Ian Kos","M30","USF","384B-P4C36","08-03-2024","Pacific Masters Swimming Long Course Championships"
"Men ","30-34","100","Backstroke","1","1:04.07"," Jonathan D Brodie","M30","SFGG","384N-0835K","08-04-2024","Pacific Masters Swimming Long Course Championships"
"Men ","30-34","100","Backstroke","2","1:06.70"," Jon Christensen","M34","USF","384G-08BTJ","08-04-2024","Pacific Masters Swimming Long Course Championships"
"Men ","30-34","100","Backstroke","3","1:18.46"," William Glomstad","M30","WCM","3842-07XPS","08-04-2024","Pacific Masters Swimming Long Course Championships"
"Men ","30-34","100","Backstroke","4","1:24.19"," Michael R Thomas","M32","MVM","384P-07X03","08-04-2024","Pacific Masters Swimming Long Course Championships"
"Men ","30-34","200","Backstroke","1","2:25.23"," George W Greer","M34","EBAT","384S-06BCD","08-03-2024","Pacific Masters Swimming Long Course Championships"
"Men ","30-34","200","Backstroke","2","3:22.52"," Yue Shen Gu","M31","WCM","384D-A8APZ","08-03-2024","Pacific Masters Swimming Long Course Championships"
"Men ","30-34","50","Breaststroke","1","30.81"," Jon Christensen","M34","USF","384G-08BTJ","08-04-2024","Pacific Masters Swimming Long Course Championships"
"Men ","30-34","50","Breaststroke","2","33.18"," Rodrigo M paz","M33","TSUN","3840-N0ZN6","08-04-2024","Pacific Masters Swimming Long Course Championships"
"Men ","30-34","50","Breaststroke","3","39.47"," Jaime A Devargas","M32","SFGG","3847-N3HHX","08-04-2024","Pacific Masters Swimming Long Course Championships"
"Men ","30-34","50","Breaststroke","4","41.89"," Michael R Thomas","M32","MVM","384P-07X03","08-04-2024","Pacific Masters Swimming Long Course Championships"
"Men ","30-34","50","Breaststroke","5","42.74"," Edouard Burlet","M31","TSUN","384D-V73GX","08-04-2024","Pacific Masters Swimming Long Course Championships"
"Men ","30-34","100","Breaststroke","1","1:10.36"," Jon Christensen","M34","USF","384G-08BTJ","08-03-2024","Pacific Masters Swimming Long Course Championships"
"Men ","30-34","100","Breaststroke","2","1:12.59"," Rodrigo M paz","M33","TSUN","3840-N0ZN6","08-03-2024","Pacific Masters Swimming Long Course Championships"
"Men ","30-34","100","Breaststroke","3","1:27.76"," Brandon Yan","M30","TOC","384P-HC5GY","08-22-2024","2024 U.S. Masters Swimming Summer National Championship"
"Men ","30-34","100","Breaststroke","4","1:35.38"," Ian Kos","M30","USF","384B-P4C36","08-03-2024","Pacific Masters Swimming Long Course Championships"
"Men ","30-34","100","Breaststroke","5","1:37.46"," Kai Peacock","M32","TSUN","3847-08AE7","08-03-2024","Pacific Masters Swimming Long Course Championships"
"Men ","30-34","200","Breaststroke","1","2:36.12"," Jon Christensen","M34","USF","384G-08BTJ","08-04-2024","Pacific Masters Swimming Long Course Championships"
"Men ","30-34","200","Breaststroke","2","2:39.78"," Rodrigo M paz","M33","TSUN","3840-N0ZN6","08-04-2024","Pacific Masters Swimming Long Course Championships"
"Men ","30-34","200","Breaststroke","3","2:43.19"," Thomas B Dowley","M33","TOC","3841-ECRDW","08-24-2024","2024 U.S. Masters Swimming Summer National Championship"
"Men ","30-34","200","Breaststroke","4","3:31.21"," Michael R Thomas","M32","MVM","384P-07X03","08-04-2024","Pacific Masters Swimming Long Course Championships"
"Men ","30-34","50","Butterfly","1","27.75"," Stephen Grinich","M30","SFGG","384G-3FE0C","08-04-2024","Pacific Masters Swimming Long Course Championships"
"Men ","30-34","50","Butterfly","2","27.77"," Luke B Shaffer","M30","DAM","384W-K0GEG","08-04-2024","Pacific Masters Swimming Long Course Championships"
"Men ","30-34","50","Butterfly","3","28.44"," Jonathan D Brodie","M30","SFGG","384N-0835K","08-04-2024","Pacific Masters Swimming Long Course Championships"
"Men ","30-34","50","Butterfly","4","29.84"," Chasen J Rogers","M34","MEMO","384S-ASH25","08-23-2024","2024 U.S. Masters Swimming Summer National Championship"
"Men ","30-34","50","Butterfly","5","32.19"," William Glomstad","M30","WCM","3842-07XPS","08-23-2024","2024 U.S. Masters Swimming Summer National Championship"
"Men ","30-34","50","Butterfly","6","32.56"," Michael R Thomas","M32","MVM","384P-07X03","08-23-2024","2024 U.S. Masters Swimming Summer National Championship"
"Men ","30-34","50","Butterfly","7","33.28"," Jaime A Devargas","M32","SFGG","3847-N3HHX","08-04-2024","Pacific Masters Swimming Long Course Championships"
"Men ","30-34","50","Butterfly","8","36.68"," Edouard Burlet","M31","TSUN","384D-V73GX","08-04-2024","Pacific Masters Swimming Long Course Championships"
"Men ","30-34","100","Butterfly","1","55.23"," Marcos Lavado","M33","WCM","384G-C13AC","","2024 World Aquatics Masters Championships"
"Men ","30-34","100","Butterfly","2","1:05.77"," Armon J Keshmiri","M31","SJCF","3840-0V23K","08-03-2024","Pacific Masters Swimming Long Course Championships"
"Men ","30-34","100","Butterfly","3","1:18.80"," Kai Peacock","M32","TSUN","3847-08AE7","08-03-2024","Pacific Masters Swimming Long Course Championships"
"Men ","30-34","100","Butterfly","4","1:19.33"," Michael R Thomas","M32","MVM","384P-07X03","08-24-2024","2024 U.S. Masters Swimming Summer National Championship"
"Men ","30-34","200","Butterfly","1","2:07.71"," Marcos Lavado","M33","WCM","384G-C13AC","","2024 World Aquatics Masters Championships"
"Men ","30-34","200","Butterfly","2","3:08.58"," Nathan Leber","M32","USF","3846-0A8YB","08-04-2024","Pacific Masters Swimming Long Course Championships"
"Men ","30-34","200","Butterfly","3","3:19.10"," Michael R Thomas","M32","MVM","384P-07X03","08-25-2024","2024 U.S. Masters Swimming Summer National Championship"
"Men ","30-34","200","Individual Medley","1","2:24.14"," Jon Christensen","M34","USF","384G-08BTJ","08-04-2024","Pacific Masters Swimming Long Course Championships"
"Men ","30-34","200","Individual Medley","2","2:27.49"," Thomas B Dowley","M33","TOC","3841-ECRDW","08-22-2024","2024 U.S. Masters Swimming Summer National Championship"
"Men ","30-34","200","Individual Medley","3","3:00.73"," Michael R Thomas","M32","MVM","384P-07X03","08-04-2024","Pacific Masters Swimming Long Course Championships"
"Men ","30-34","200","Individual Medley","4","3:09.55"," Brandon Yan","M30","TOC","384P-HC5GY","08-22-2024","2024 U.S. Masters Swimming Summer National Championship"
"Men ","30-34","400","Individual Medley","1","5:17.34"," Thomas B Dowley","M33","TOC","3841-ECRDW","08-23-2024","2024 U.S. Masters Swimming Summer National Championship"
"Men ","30-34","400","Individual Medley","2","6:11.76"," Nathan Leber","M32","USF","3846-0A8YB","08-02-2024","Pacific Masters Swimming Long Course Championships"
"Men ","30-34","400","Individual Medley","3","6:43.09"," Michael R Thomas","M32","MVM","384P-07X03","08-23-2024","2024 U.S. Masters Swimming Summer National Championship"
"Men ","35-39","50","Freestyle","1","23.99"," Andy Grant","M39","WCM","3846-06HRS","","2024 U.S. Masters Swimming Summer National Championship"
"Men ","35-39","50","Freestyle","2","25.21"," Bobby Savulich","M37","TOC","3843-JSXSV","08-24-2024","2024 U.S. Masters Swimming Summer National Championship"
"Men ","35-39","50","Freestyle","3","26.48"," Onur Uras","M39","WCM","384J-09ERW","08-24-2024","2024 U.S. Masters Swimming Summer National Championship"
"Men ","35-39","50","Freestyle","4","26.72"," Ryan Nickell","M39","BAYCL","384X-090JU","07-06-2024","Pacific Northwest Masters LCM Summer Meet"
"Men ","35-39","50","Freestyle","5","28.12"," Qing Zang","M38","MELO","3840-ZPPHU","08-24-2024","2024 U.S. Masters Swimming Summer National Championship"
"Men ","35-39","50","Freestyle","6","28.17"," Billy W Tam","M38","USF","384D-03VU5","08-03-2024","Pacific Masters Swimming Long Course Championships"
"Men ","35-39","50","Freestyle","7","29"," Kevin L Lai","M36","MEMO","384F-BSX4S","08-03-2024","Pacific Masters Swimming Long Course Championships"
"Men ","35-39","50","Freestyle","8","31.2"," Kyle C Schempp","M35","TVM","3841-07P8G","08-03-2024","Pacific Masters Swimming Long Course Championships"
"Men ","35-39","50","Freestyle","9","33.02"," Yevgeniy M Kapustin","M38","USF","3841-4NCDU","08-03-2024","Pacific Masters Swimming Long Course Championships"
"Men ","35-39","50","Freestyle","10","36.3"," August B Brautigam","M39","SNM","3847-09TFV","07-07-2024","Silver State Masters LCM"
"Men ","35-39","100","Freestyle","1","51.93"," Andy Grant","M39","WCM","3846-06HRS","08-25-2024","2024 U.S. Masters Swimming Summer National Championship"
"Men ","35-39","100","Freestyle","2","55.4"," Bobby Savulich","M37","TOC","3843-JSXSV","08-25-2024","2024 U.S. Masters Swimming Summer National Championship"
"Men ","35-39","100","Freestyle","3","1:00.64"," Louis Rogers","M35","WCM","384B-1HU6Y","08-03-2024","Pacific Masters Swimming Long Course Championships"
"Men ","35-39","100","Freestyle","4","1:01.16"," Matthew T Zachan","M38","DAM","384U-4G58K","08-03-2024","Pacific Masters Swimming Long Course Championships"
"Men ","35-39","100","Freestyle","5","1:01.31"," Kyle T Leimkuhler","M37","MELO","384T-08408","08-03-2024","Pacific Masters Swimming Long Course Championships"
"Men ","35-39","100","Freestyle","6","1:03.44"," Kevin L Lai","M36","MEMO","384F-BSX4S","08-03-2024","Pacific Masters Swimming Long Course Championships"
"Men ","35-39","100","Freestyle","7","1:04.44"," Kyler Murlas","M35","ALB","384C-XAN73","08-03-2024","Pacific Masters Swimming Long Course Championships"
"Men ","35-39","100","Freestyle","8","1:04.83"," Qing Zang","M38","MELO","3840-ZPPHU","08-25-2024","2024 U.S. Masters Swimming Summer National Championship"
"Men ","35-39","100","Freestyle","9","1:05.62"," Billy W Tam","M38","USF","384D-03VU5","08-03-2024","Pacific Masters Swimming Long Course Championships"
"Men ","35-39","100","Freestyle","10","1:09.88"," Kyle C Schempp","M35","TVM","3841-07P8G","08-03-2024","Pacific Masters Swimming Long Course Championships"
"Men ","35-39","100","Freestyle","11","1:15.17"," Yevgeniy M Kapustin","M38","USF","3841-4NCDU","08-03-2024","Pacific Masters Swimming Long Course Championships"
"Men ","35-39","100","Freestyle","12","1:26.45"," August B Brautigam","M39","SNM","3847-09TFV","07-07-2024","Silver State Masters LCM"
"Men ","35-39","200","Freestyle","1","1:55.38"," Andy Grant","M39","WCM","3846-06HRS","","2024 U.S. Masters Swimming Summer National Championship"
"Men ","35-39","200","Freestyle","2","2:06.19"," Bobby Savulich","M37","TOC","3843-JSXSV","08-24-2024","2024 U.S. Masters Swimming Summer National Championship"
"Men ","35-39","200","Freestyle","3","2:15.36"," Nathan J Chenco","M38","STAN","384Z-DD0CA","08-24-2024","2024 U.S. Masters Swimming Summer National Championship"
"Men ","35-39","200","Freestyle","4","2:18.40"," Kyle T Leimkuhler","M37","MELO","384T-08408","08-04-2024","Pacific Masters Swimming Long Course Championships"
"Men ","35-39","200","Freestyle","5","2:29.46"," Konstantinos Parasyris","M35","TVM","3845-A8DP1","08-04-2024","Pacific Masters Swimming Long Course Championships"
"Men ","35-39","200","Freestyle","6","2:37.76"," Kyle C Schempp","M35","TVM","3841-07P8G","08-04-2024","Pacific Masters Swimming Long Course Championships"
"Men ","35-39","200","Freestyle","7","2:51.70"," Austin J Lange","M37","SACMA","384U-YVAJ8","08-04-2024","Pacific Masters Swimming Long Course Championships"
"Men ","35-39","200","Freestyle","8","2:59.18"," Yevgeniy M Kapustin","M38","USF","3841-4NCDU","08-04-2024","Pacific Masters Swimming Long Course Championships"
"Men ","35-39","200","Freestyle","9","2:59.81"," August B Brautigam","M39","SNM","3847-09TFV","07-07-2024","Silver State Masters LCM"
"Men ","35-39","400","Freestyle","1","4:05.99"," Chad E La Tourette","M36","TOC","384U-09H5H","08-25-2024","2024 U.S. Masters Swimming Summer National Championship"
"Men ","35-39","400","Freestyle","2","4:20.77"," Andy Grant","M39","WCM","3846-06HRS","","Pacific Masters Swimming Long Course Championships"
"Men ","35-39","400","Freestyle","3","4:53.48"," Matthew T Zachan","M38","DAM","384U-4G58K","08-04-2024","Pacific Masters Swimming Long Course Championships"
"Men ","35-39","800","Freestyle","1","9:45.28"," Andy Grant","M39","WCM","3846-06HRS","08-03-2024","Pacific Masters Swimming Long Course Championships"
"Men ","35-39","800","Freestyle","2","9:50.25"," Nathan J Chenco","M38","STAN","384Z-DD0CA","08-22-2024","2024 U.S. Masters Swimming Summer National Championship"
"Men ","35-39","800","Freestyle","3","9:56.70"," Jackson Z Wang","M37","TOC","384P-076FR","08-22-2024","2024 U.S. Masters Swimming Summer National Championship"
"Men ","35-39","800","Freestyle","4","10:08.73"," Kyle T Leimkuhler","M37","MELO","384T-08408","08-03-2024","Pacific Masters Swimming Long Course Championships"
"Men ","35-39","800","Freestyle","5","10:13.92"," Matthew T Zachan","M38","DAM","384U-4G58K","08-03-2024","Pacific Masters Swimming Long Course Championships"
"Men ","35-39","1500","Freestyle","1","16:07.52"," Chad E La Tourette","M36","TOC","384U-09H5H","08-21-2024","2024 U.S. Masters Swimming Summer National Championship"
"Men ","35-39","1500","Freestyle","2","18:48.09"," Jack Calhoun","M35","CRUZ","3844-06Y9W","08-21-2024","2024 U.S. Masters Swimming Summer National Championship"
"Men ","35-39","1500","Freestyle","3","19:33.90"," Matthew T Zachan","M38","DAM","384U-4G58K","08-02-2024","Pacific Masters Swimming Long Course Championships"
"Men ","35-39","1500","Freestyle","4","24:17.99"," Billy W Tam","M38","USF","384D-03VU5","08-02-2024","Pacific Masters Swimming Long Course Championships"
"Men ","35-39","50","Backstroke","1","27.78"," Andy Grant","M39","WCM","3846-06HRS","08-22-2024","2024 U.S. Masters Swimming Summer National Championship"
"Men ","35-39","50","Backstroke","2","29.92"," Jackson Z Wang","M37","TOC","384P-076FR","08-22-2024","2024 U.S. Masters Swimming Summer National Championship"
"Men ","35-39","50","Backstroke","3","30.14"," Bobby Savulich","M37","TOC","3843-JSXSV","08-22-2024","2024 U.S. Masters Swimming Summer National Championship"
"Men ","35-39","50","Backstroke","4","32.86"," Louis Rogers","M35","WCM","384B-1HU6Y","08-03-2024","Pacific Masters Swimming Long Course Championships"
"Men ","35-39","50","Backstroke","5","38.31"," Austin J Lange","M37","SACMA","384U-YVAJ8","08-03-2024","Pacific Masters Swimming Long Course Championships"
"Men ","35-39","50","Backstroke","6","1:01.87"," August B Brautigam","M39","SNM","3847-09TFV","07-07-2024","Silver State Masters LCM"
"Men ","35-39","100","Backstroke","1","1:00.94"," Andy Grant","M39","WCM","3846-06HRS","08-25-2024","2024 U.S. Masters Swimming Summer National Championship"
"Men ","35-39","100","Backstroke","2","1:09.72"," Bobby Savulich","M37","TOC","3843-JSXSV","08-04-2024","Pacific Masters Swimming Long Course Championships"
"Men ","35-39","100","Backstroke","3","1:25.50"," Austin J Lange","M37","SACMA","384U-YVAJ8","08-04-2024","Pacific Masters Swimming Long Course Championships"
"Men ","35-39","200","Backstroke","1","2:32.91"," Louis Rogers","M35","WCM","384B-1HU6Y","08-03-2024","Pacific Masters Swimming Long Course Championships"
"Men ","35-39","200","Backstroke","2","3:11.36"," Austin J Lange","M37","SACMA","384U-YVAJ8","08-03-2024","Pacific Masters Swimming Long Course Championships"
"Men ","35-39","50","Breaststroke","1","28.65"," Brandon J Fischer","M35","UC38","384Z-0B8R9","04-13-2024","2024 MVN Fran Crippen Memorial Swim Meet of Champions"
"Men ","35-39","50","Breaststroke","2","33.04"," Bobby Savulich","M37","TOC","3843-JSXSV","08-23-2024","2024 U.S. Masters Swimming Summer National Championship"
"Men ","35-39","50","Breaststroke","3","35.06"," Nathan J Chenco","M38","STAN","384Z-DD0CA","08-23-2024","2024 U.S. Masters Swimming Summer National Championship"
"Men ","35-39","50","Breaststroke","4","38.34"," Kyle C Schempp","M35","TVM","3841-07P8G","08-04-2024","Pacific Masters Swimming Long Course Championships"
"Men ","35-39","50","Breaststroke","5","39.19"," Konstantinos Parasyris","M35","TVM","3845-A8DP1","08-04-2024","Pacific Masters Swimming Long Course Championships"
"Men ","35-39","50","Breaststroke","6","44.85"," Yevgeniy M Kapustin","M38","USF","3841-4NCDU","08-04-2024","Pacific Masters Swimming Long Course Championships"
"Men ","35-39","50","Breaststroke","7","47.97"," August B Brautigam","M39","SNM","3847-09TFV","07-07-2024","Silver State Masters LCM"
"Men ","35-39","100","Breaststroke","1","1:01.54"," Brandon J Fischer","M35","TVAM","384Z-0B8R9","","2024 US Olympic Trials"
"Men ","35-39","100","Breaststroke","2","1:17.76"," Nathan J Chenco","M38","STAN","384Z-DD0CA","08-22-2024","2024 U.S. Masters Swimming Summer National Championship"
"Men ","35-39","100","Breaststroke","3","1:18.52"," Kevin L Lai","M36","MEMO","384F-BSX4S","08-03-2024","Pacific Masters Swimming Long Course Championships"
"Men ","35-39","100","Breaststroke","4","1:24.93"," Louis Rogers","M35","WCM","384B-1HU6Y","08-03-2024","Pacific Masters Swimming Long Course Championships"
"Men ","35-39","100","Breaststroke","5","1:26.31"," Billy W Tam","M38","USF","384D-03VU5","08-03-2024","Pacific Masters Swimming Long Course Championships"
"Men ","35-39","200","Breaststroke","1","2:13.09"," Brandon J Fischer","M35","TVAM","384Z-0B8R9","","2024 US Olympic Trials"
"Men ","35-39","200","Breaststroke","2","2:58.79"," Matthew T Zachan","M38","DAM","384U-4G58K","08-04-2024","Pacific Masters Swimming Long Course Championships"
"Men ","35-39","50","Butterfly","1","26.14"," Andy Grant","M39","WCM","3846-06HRS","08-23-2024","2024 U.S. Masters Swimming Summer National Championship"
"Men ","35-39","50","Butterfly","2","26.34"," Bobby Savulich","M37","TOC","3843-JSXSV","08-23-2024","2024 U.S. Masters Swimming Summer National Championship"
"Men ","35-39","50","Butterfly","3","26.61"," Jackson Z Wang","M37","TOC","384P-076FR","08-23-2024","2024 U.S. Masters Swimming Summer National Championship"
"Men ","35-39","50","Butterfly","4","28.42"," Onur Uras","M39","WCM","384J-09ERW","08-23-2024","2024 U.S. Masters Swimming Summer National Championship"
"Men ","35-39","50","Butterfly","5","28.58"," Ryan Nickell","M39","BAYCL","384X-090JU","08-23-2024","2024 U.S. Masters Swimming Summer National Championship"
"Men ","35-39","50","Butterfly","6","30.7"," Kyle T Leimkuhler","M37","MELO","384T-08408","08-04-2024","Pacific Masters Swimming Long Course Championships"
"Men ","35-39","50","Butterfly","7","33.24"," Konstantinos Parasyris","M35","TVM","3845-A8DP1","08-04-2024","Pacific Masters Swimming Long Course Championships"
"Men ","35-39","50","Butterfly","8","33.6"," EMMANUEL TORRES","M38","WCM","384F-DZXZT","08-04-2024","Pacific Masters Swimming Long Course Championships"
"Men ","35-39","50","Butterfly","9","36.65"," Yevgeniy M Kapustin","M38","USF","3841-4NCDU","08-04-2024","Pacific Masters Swimming Long Course Championships"
"Men ","35-39","50","Butterfly","10","45.35"," August B Brautigam","M39","SNM","3847-09TFV","07-07-2024","Silver State Masters LCM"
"Men ","35-39","100","Butterfly","1","1:06.67"," Matthew T Zachan","M38","DAM","384U-4G58K","08-03-2024","Pacific Masters Swimming Long Course Championships"
"Men ","35-39","100","Butterfly","2","1:08.90"," Kyle T Leimkuhler","M37","MELO","384T-08408","08-03-2024","Pacific Masters Swimming Long Course Championships"
"Men ","35-39","100","Butterfly","3","1:18.50"," Billy W Tam","M38","USF","384D-03VU5","08-03-2024","Pacific Masters Swimming Long Course Championships"
"Men ","35-39","100","Butterfly","4","1:21.25"," Ryan Nickell","M39","BAYCL","384X-090JU","07-06-2024","Pacific Northwest Masters LCM Summer Meet"
"Men ","35-39","100","Butterfly","5","1:21.46"," EMMANUEL TORRES","M38","WCM","384F-DZXZT","08-24-2024","2024 U.S. Masters Swimming Summer National Championship"
"Men ","35-39","100","Butterfly","6","1:36.28"," Yevgeniy M Kapustin","M38","USF","3841-4NCDU","08-03-2024","Pacific Masters Swimming Long Course Championships"
"Men ","35-39","200","Butterfly","1","3:09.65"," EMMANUEL TORRES","M38","WCM","384F-DZXZT","08-25-2024","2024 U.S. Masters Swimming Summer National Championship"
"Men ","35-39","200","Individual Medley","1","2:33.03"," Bobby Savulich","M37","TOC","3843-JSXSV","08-04-2024","Pacific Masters Swimming Long Course Championships"
"Men ","35-39","200","Individual Medley","2","3:02.88"," EMMANUEL TORRES","M38","WCM","384F-DZXZT","08-04-2024","Pacific Masters Swimming Long Course Championships"
"Men ","35-39","400","Individual Medley","1","4:42.50"," Chad E La Tourette","M36","TOC","384U-09H5H","08-23-2024","2024 U.S. Masters Swimming Summer National Championship"
"Men ","35-39","400","Individual Medley","2","6:24.62"," Billy W Tam","M38","USF","384D-03VU5","08-02-2024","Pacific Masters Swimming Long Course Championships"
"Men ","35-39","400","Individual Medley","3","6:25.48"," EMMANUEL TORRES","M38","WCM","384F-DZXZT","08-23-2024","2024 U.S. Masters Swimming Summer National Championship"
"Men ","40-44","50","Freestyle","1","26.01"," Juan P Valdivieso","M43","TOC","384E-0771P","","2024 U.S. Masters Swimming Summer National Championship"
"Men ","40-44","50","Freestyle","2","26.16"," John Samotyj","M43","USF","384J-03VBZ","08-03-2024","Pacific Masters Swimming Long Course Championships"
"Men ","40-44","50","Freestyle","3","27.48"," Benjamin J Neuwirth","M41","USF","384N-04BTU","08-03-2024","Pacific Masters Swimming Long Course Championships"
"Men ","40-44","50","Freestyle","4","27.62"," Matthieu Fuzellier","M44","USF","3849-062N7","08-03-2024","Pacific Masters Swimming Long Course Championships"
"Men ","40-44","50","Freestyle","5","27.66"," John Connolly V","M41","NBA","384K-2FT42","08-24-2024","2024 U.S. Masters Swimming Summer National Championship"
"Men ","40-44","50","Freestyle","6","27.69"," Trevor B Rose","M41","UC38","3841-09HGE","08-24-2024","2024 U.S. Masters Swimming Summer National Championship"
"Men ","40-44","50","Freestyle","7","30.31"," Philip Wu","M41","MAQ","3841-05YXB","08-03-2024","Pacific Masters Swimming Long Course Championships"
"Men ","40-44","50","Freestyle","8","37.24"," Daniel A Marlow","M41","CARS","3841-B2R5E","07-07-2024","Silver State Masters LCM"
"Men ","40-44","50","Freestyle","9","42.69"," Triloksingh K Rajput","M43","LAC","3842-FRRR1","08-03-2024","Pacific Masters Swimming Long Course Championships"
"Men ","40-44","100","Freestyle","1","1:01.32"," Trevor B Rose","M41","UC38","3841-09HGE","08-25-2024","2024 U.S. Masters Swimming Summer National Championship"
"Men ","40-44","100","Freestyle","2","1:02.39"," Matthieu Fuzellier","M44","USF","3849-062N7","08-03-2024","Pacific Masters Swimming Long Course Championships"
"Men ","40-44","100","Freestyle","3","1:02.75"," Benjamin J Neuwirth","M41","USF","384N-04BTU","08-03-2024","Pacific Masters Swimming Long Course Championships"
"Men ","40-44","100","Freestyle","4","1:09.51"," Philip Wu","M41","MAQ","3841-05YXB","08-03-2024","Pacific Masters Swimming Long Course Championships"
"Men ","40-44","100","Freestyle","5","1:13.41"," John Samotyj","M43","USF","384J-03VBZ","08-03-2024","Pacific Masters Swimming Long Course Championships"
"Men ","40-44","100","Freestyle","6","1:23.64"," Daniel A Marlow","M41","CARS","3841-B2R5E","07-07-2024","Silver State Masters LCM"
"Men ","40-44","100","Freestyle","7","1:36.99"," Triloksingh K Rajput","M43","LAC","3842-FRRR1","08-03-2024","Pacific Masters Swimming Long Course Championships"
"Men ","40-44","200","Freestyle","1","2:04.86"," Juan P Valdivieso","M43","TOC","384E-0771P","08-24-2024","2024 U.S. Masters Swimming Summer National Championship"
"Men ","40-44","200","Freestyle","2","2:17.99"," Zebron J Lemke","M44","AAM","384P-03S8A","08-04-2024","Pacific Masters Swimming Long Course Championships"
"Men ","40-44","200","Freestyle","3","2:38.07"," Jimmy Song","M41","MEMO","3848-09EU2","08-04-2024","Pacific Masters Swimming Long Course Championships"
"Men ","40-44","200","Freestyle","4","3:01.00"," Daniel A Marlow","M41","CARS","3841-B2R5E","07-07-2024","Silver State Masters LCM"
"Men ","40-44","400","Freestyle","1","4:30.30"," Juan P Valdivieso","M43","TOC","384E-0771P","08-25-2024","2024 U.S. Masters Swimming Summer National Championship"
"Men ","40-44","400","Freestyle","2","5:13.21"," Franco D Pacheco","M40","MBAY","384A-06V4Z","08-04-2024","Pacific Masters Swimming Long Course Championships"
"Men ","40-44","400","Freestyle","3","6:13.70"," Jimmy Song","M41","MEMO","3848-09EU2","","2024 U.S. Masters Swimming Summer National Championship"
"Men ","40-44","400","Freestyle","4","6:41.34"," Daniel A Marlow","M41","CARS","3841-B2R5E","07-07-2024","Silver State Masters LCM"
"Men ","40-44","800","Freestyle","1","9:27.33"," Juan P Valdivieso","M43","TOC","384E-0771P","08-22-2024","2024 U.S. Masters Swimming Summer National Championship"
"Men ","40-44","800","Freestyle","2","12:29.63"," Jimmy Song","M41","MEMO","3848-09EU2","","2024 U.S. Masters Swimming Summer National Championship"
"Men ","40-44","1500","Freestyle","1","18:50.79"," Zebron J Lemke","M44","AAM","384P-03S8A","08-02-2024","Pacific Masters Swimming Long Course Championships"
"Men ","40-44","1500","Freestyle","2","21:10.50"," Billy E Rinehart","M42","TOC","384P-H0M2R","08-21-2024","2024 U.S. Masters Swimming Summer National Championship"
"Men ","40-44","1500","Freestyle","3","21:15.08"," Franco D Pacheco","M40","MBAY","384A-06V4Z","08-02-2024","Pacific Masters Swimming Long Course Championships"
"Men ","40-44","1500","Freestyle","4","23:12.45"," Jimmy Song","M41","MEMO","3848-09EU2","08-21-2024","2024 U.S. Masters Swimming Summer National Championship"
"Men ","40-44","50","Backstroke","1","31.43"," John Connolly V","M41","NBA","384K-2FT42","08-22-2024","2024 U.S. Masters Swimming Summer National Championship"
"Men ","40-44","50","Backstroke","2","32.03"," Matthieu Fuzellier","M44","USF","3849-062N7","08-03-2024","Pacific Masters Swimming Long Course Championships"
"Men ","40-44","50","Backstroke","3","32.49"," Benjamin J Neuwirth","M41","USF","384N-04BTU","08-03-2024","Pacific Masters Swimming Long Course Championships"
"Men ","40-44","50","Backstroke","4","56.39"," Triloksingh K Rajput","M43","LAC","3842-FRRR1","08-03-2024","Pacific Masters Swimming Long Course Championships"
"Men ","40-44","100","Backstroke","1","1:10.66"," John Connolly V","M41","NBA","384K-2FT42","08-25-2024","2024 U.S. Masters Swimming Summer National Championship"
"Men ","40-44","100","Backstroke","2","1:14.61"," Kevin Horan","M40","RPM","384V-J0V5D","08-04-2024","Pacific Masters Swimming Long Course Championships"
"Men ","40-44","200","Backstroke","1","2:39.71"," Matthieu Fuzellier","M44","USF","3849-062N7","08-03-2024","Pacific Masters Swimming Long Course Championships"
"Men ","40-44","200","Backstroke","2","3:13.11"," Jimmy Song","M41","MEMO","3848-09EU2","08-23-2024","2024 U.S. Masters Swimming Summer National Championship"
"Men ","40-44","200","Backstroke","3","4:37.40"," Triloksingh K Rajput","M43","LAC","3842-FRRR1","08-03-2024","Pacific Masters Swimming Long Course Championships"
"Men ","40-44","50","Breaststroke","1","39.03"," Jimmy Song","M41","MEMO","3848-09EU2","08-23-2024","2024 U.S. Masters Swimming Summer National Championship"
"Men ","40-44","50","Breaststroke","2","42.28"," Philip Wu","M41","MAQ","3841-05YXB","08-04-2024","Pacific Masters Swimming Long Course Championships"
"Men ","40-44","50","Breaststroke","3","47.04"," Daniel A Marlow","M41","CARS","3841-B2R5E","07-07-2024","Silver State Masters LCM"
"Men ","40-44","100","Breaststroke","1","1:24.59"," Jimmy Song","M41","MEMO","3848-09EU2","08-03-2024","Pacific Masters Swimming Long Course Championships"
"Men ","40-44","100","Breaststroke","2","1:35.85"," Philip Wu","M41","MAQ","3841-05YXB","08-03-2024","Pacific Masters Swimming Long Course Championships"
"Men ","40-44","100","Breaststroke","3","2:02.64"," Triloksingh K Rajput","M43","LAC","3842-FRRR1","08-03-2024","Pacific Masters Swimming Long Course Championships"
"Men ","40-44","200","Breaststroke","1","3:01.90"," Jimmy Song","M41","MEMO","3848-09EU2","08-24-2024","2024 U.S. Masters Swimming Summer National Championship"
"Men ","40-44","50","Butterfly","1","29.03"," Trevor B Rose","M41","UC38","3841-09HGE","08-23-2024","2024 U.S. Masters Swimming Summer National Championship"
"Men ","40-44","50","Butterfly","2","34.25"," Philip Wu","M41","MAQ","3841-05YXB","08-04-2024","Pacific Masters Swimming Long Course Championships"
"Men ","40-44","50","Butterfly","3","39.13"," Jimmy Song","M41","MEMO","3848-09EU2","","2024 U.S. Masters Swimming Summer National Championship"
"Men ","40-44","100","Butterfly","1","59.45"," Juan P Valdivieso","M43","TOC","384E-0771P","08-24-2024","2024 U.S. Masters Swimming Summer National Championship"
"Men ","40-44","100","Butterfly","2","1:11.17"," Benjamin J Neuwirth","M41","USF","384N-04BTU","08-03-2024","Pacific Masters Swimming Long Course Championships"
"Men ","40-44","100","Butterfly","3","1:16.37"," Matthieu Fuzellier","M44","USF","3849-062N7","08-03-2024","Pacific Masters Swimming Long Course Championships"
"Men ","40-44","100","Butterfly","4","1:24.95"," Jimmy Song","M41","MEMO","3848-09EU2","08-03-2024","Pacific Masters Swimming Long Course Championships"
"Men ","40-44","200","Butterfly","1","2:19.21"," Juan P Valdivieso","M43","TOC","384E-0771P","08-25-2024","2024 U.S. Masters Swimming Summer National Championship"
"Men ","40-44","200","Butterfly","2","3:11.05"," Jimmy Song","M41","MEMO","3848-09EU2","08-04-2024","Pacific Masters Swimming Long Course Championships"
"Men ","40-44","200","Individual Medley","1","2:26.86"," William R Kloppe","M44","UC38","3840-09DR9","06-08-2024","2024 Bumpy Jones Classic Long Course Meet"
"Men ","40-44","200","Individual Medley","2","2:40.81"," Zebron J Lemke","M44","AAM","384P-03S8A","08-04-2024","Pacific Masters Swimming Long Course Championships"
"Men ","40-44","200","Individual Medley","3","2:53.46"," Franco D Pacheco","M40","MBAY","384A-06V4Z","08-04-2024","Pacific Masters Swimming Long Course Championships"
"Men ","40-44","200","Individual Medley","4","2:57.57"," Jimmy Song","M41","MEMO","3848-09EU2","08-22-2024","2024 U.S. Masters Swimming Summer National Championship"
"Men ","40-44","200","Individual Medley","5","3:09.74"," Philip Wu","M41","MAQ","3841-05YXB","08-04-2024","Pacific Masters Swimming Long Course Championships"
"Men ","40-44","400","Individual Medley","1","5:13.52"," Juan P Valdivieso","M43","TOC","384E-0771P","08-23-2024","2024 U.S. Masters Swimming Summer National Championship"
"Men ","40-44","400","Individual Medley","2","6:15.96"," Jimmy Song","M41","MEMO","3848-09EU2","08-02-2024","Pacific Masters Swimming Long Course Championships"
"Men ","45-49","50","Freestyle","1","25.73"," Mike Pyle","M49","MELO","384C-06SMK","08-03-2024","Pacific Masters Swimming Long Course Championships"
"Men ","45-49","50","Freestyle","2","28.23"," Chad D Holbrook","M45","WCM","3843-ZX84M","","2024 U.S. Masters Swimming Summer National Championship"
"Men ","45-49","50","Freestyle","3","29.67"," Michael Frazier","M48","SACMA","384Y-07N77","08-03-2024","Pacific Masters Swimming Long Course Championships"
"Men ","45-49","50","Freestyle","4","32.75"," Ellison R Wada","M45","WCM","384H-03H75","08-03-2024","Pacific Masters Swimming Long Course Championships"
"Men ","45-49","50","Freestyle","5","33.16"," Oleg Mustiazza","M46","GOOG","384D-06M9Y","08-03-2024","Pacific Masters Swimming Long Course Championships"
"Men ","45-49","100","Freestyle","1","57.69"," Mike Pyle","M49","MELO","384C-06SMK","08-03-2024","Pacific Masters Swimming Long Course Championships"
"Men ","45-49","100","Freestyle","2","1:07.76"," Greg Sabatini","M48","RPM","3846-07N52","08-03-2024","Pacific Masters Swimming Long Course Championships"
"Men ","45-49","100","Freestyle","3","1:08.53"," Michael Frazier","M48","SACMA","384Y-07N77","08-03-2024","Pacific Masters Swimming Long Course Championships"
"Men ","45-49","100","Freestyle","4","1:10.69"," Andrew A Pierce","M48","WCM","384D-NX5T0","08-03-2024","Pacific Masters Swimming Long Course Championships"
"Men ","45-49","100","Freestyle","5","1:14.26"," Ellison R Wada","M45","WCM","384H-03H75","08-03-2024","Pacific Masters Swimming Long Course Championships"
"Men ","45-49","100","Freestyle","6","1:16.46"," Oleg Mustiazza","M46","GOOG","384D-06M9Y","08-03-2024","Pacific Masters Swimming Long Course Championships"
"Men ","45-49","200","Freestyle","1","2:19.22"," Chad D Holbrook","M45","WCM","3843-ZX84M","08-24-2024","2024 U.S. Masters Swimming Summer National Championship"
"Men ","45-49","200","Freestyle","2","2:26.27"," Omer Baristiran","M45","USF","384A-H88WV","08-04-2024","Pacific Masters Swimming Long Course Championships"
"Men ","45-49","200","Freestyle","3","2:50.51"," Ellison R Wada","M45","WCM","384H-03H75","08-04-2024","Pacific Masters Swimming Long Course Championships"
"Men ","45-49","200","Freestyle","4","2:55.93"," John S Bucy","M46","USF","3846-03Y13","08-04-2024","Pacific Masters Swimming Long Course Championships"
"Men ","45-49","400","Freestyle","1","5:35.31"," Orin bentley","M47","MEMO","3841-BFAST","08-04-2024","Pacific Masters Swimming Long Course Championships"
"Men ","45-49","400","Freestyle","2","6:20.45"," Ellison R Wada","M45","WCM","384H-03H75","08-04-2024","Pacific Masters Swimming Long Course Championships"
"Men ","45-49","800","Freestyle","1","10:09.57"," Chad D Holbrook","M45","WCM","3843-ZX84M","08-22-2024","2024 U.S. Masters Swimming Summer National Championship"
"Men ","45-49","800","Freestyle","2","12:42.23"," Ellison R Wada","M45","WCM","384H-03H75","08-03-2024","Pacific Masters Swimming Long Course Championships"
"Men ","45-49","800","Freestyle","3","14:00.82"," Oleg Mustiazza","M46","GOOG","384D-06M9Y","08-03-2024","Pacific Masters Swimming Long Course Championships"
"Men ","45-49","1500","Freestyle","1","24:26.93"," Ellison R Wada","M45","WCM","384H-03H75","08-02-2024","Pacific Masters Swimming Long Course Championships"
"Men ","45-49","50","Backstroke","1","33.26"," Chad D Holbrook","M45","WCM","3843-ZX84M","08-22-2024","2024 U.S. Masters Swimming Summer National Championship"
"Men ","45-49","50","Backstroke","2","37.6"," Greg Sabatini","M48","RPM","3846-07N52","08-03-2024","Pacific Masters Swimming Long Course Championships"
"Men ","45-49","50","Backstroke","3","39.1"," Michael Frazier","M48","SACMA","384Y-07N77","08-03-2024","Pacific Masters Swimming Long Course Championships"
"Men ","45-49","50","Backstroke","4","47.29"," Oleg Mustiazza","M46","GOOG","384D-06M9Y","08-03-2024","Pacific Masters Swimming Long Course Championships"
"Men ","45-49","100","Backstroke","1","1:11.34"," Chad D Holbrook","M45","WCM","3843-ZX84M","08-25-2024","2024 U.S. Masters Swimming Summer National Championship"
"Men ","45-49","100","Backstroke","2","1:19.88"," Omer Baristiran","M45","USF","384A-H88WV","08-04-2024","Pacific Masters Swimming Long Course Championships"
"Men ","45-49","200","Backstroke","1","2:32.77"," Chad D Holbrook","M45","WCM","3843-ZX84M","08-23-2024","2024 U.S. Masters Swimming Summer National Championship"
"Men ","45-49","50","Breaststroke","1","39.5"," Michael Frazier","M48","SACMA","384Y-07N77","08-04-2024","Pacific Masters Swimming Long Course Championships"
"Men ","45-49","50","Breaststroke","2","44.57"," Zachary Hannan","M46","DAM","3843-7BDVB","07-07-2024","Silver State Masters LCM"
"Men ","45-49","100","Breaststroke","1","1:24.66"," Andrew A Pierce","M48","WCM","384D-NX5T0","08-03-2024","Pacific Masters Swimming Long Course Championships"
"Men ","45-49","100","Breaststroke","2","1:29.36"," Greg Sabatini","M48","RPM","3846-07N52","08-03-2024","Pacific Masters Swimming Long Course Championships"
"Men ","45-49","100","Breaststroke","3","1:36.49"," Zachary Hannan","M46","DAM","3843-7BDVB","07-07-2024","Silver State Masters LCM"
"Men ","45-49","200","Breaststroke","1","3:08.39"," Andrew A Pierce","M48","WCM","384D-NX5T0","08-04-2024","Pacific Masters Swimming Long Course Championships"
"Men ","45-49","50","Butterfly","1","32.04"," Omer Baristiran","M45","USF","384A-H88WV","08-04-2024","Pacific Masters Swimming Long Course Championships"
"Men ","45-49","100","Butterfly","1","1:24.26"," Greg Sabatini","M48","RPM","3846-07N52","08-03-2024","Pacific Masters Swimming Long Course Championships"
"Men ","45-49","200","Individual Medley","1","2:56.13"," Michael Frazier","M48","SACMA","384Y-07N77","08-04-2024","Pacific Masters Swimming Long Course Championships"
"Men ","45-49","200","Individual Medley","2","2:57.71"," Orin bentley","M47","MEMO","3841-BFAST","08-04-2024","Pacific Masters Swimming Long Course Championships"
"Men ","45-49","200","Individual Medley","3","3:05.02"," Kevin Waterson","M45","DAM","384U-08CRR","08-04-2024","Pacific Masters Swimming Long Course Championships"
"Men ","45-49","200","Individual Medley","4","3:27.88"," John S Bucy","M46","USF","3846-03Y13","08-04-2024","Pacific Masters Swimming Long Course Championships"
"Men ","50-54","50","Freestyle","1","24.88"," Robert J Smith","M50","UC38","384K-03PTF","08-24-2024","2024 U.S. Masters Swimming Summer National Championship"
"Men ","50-54","50","Freestyle","2","26.06"," Kent A Anderson","M52","DAM","384A-03WVJ","08-03-2024","Pacific Masters Swimming Long Course Championships"
"Men ","50-54","50","Freestyle","3","27.31"," Dikan Rendic","M53","GOOG","384P-03JJA","08-24-2024","2024 U.S. Masters Swimming Summer National Championship"
"Men ","50-54","50","Freestyle","4","27.74"," Jonathan D Flakoll","M50","WCM","3844-07M3H","08-24-2024","2024 U.S. Masters Swimming Summer National Championship"
"Men ","50-54","50","Freestyle","5","27.88"," Jon Piland","M53","PSWIM","384J-07SV4","08-24-2024","2024 U.S. Masters Swimming Summer National Championship"
"Men ","50-54","50","Freestyle","6","29"," Mike Grisso","M54","USF","384S-M1KEY","08-03-2024","Pacific Masters Swimming Long Course Championships"
"Men ","50-54","50","Freestyle","7","29.15"," Matt Rogers","M54","MEMO","384Z-F758U","08-03-2024","Pacific Masters Swimming Long Course Championships"
"Men ","50-54","50","Freestyle","8","29.43"," Douglas B Erickson","M52","RHMS","384Y-03GRT","08-03-2024","Pacific Masters Swimming Long Course Championships"
"Men ","50-54","50","Freestyle","9","29.81"," Justin Pickard","M50","MAQ","384F-VUAJW","08-03-2024","Pacific Masters Swimming Long Course Championships"
"Men ","50-54","50","Freestyle","10","30.23"," Mark T Fahlen","M53","MAAC","384U-003TT","08-03-2024","Pacific Masters Swimming Long Course Championships"
"Men ","50-54","50","Freestyle","11","31.78"," Eric Hatch","M50","SNM","384G-GCNX0","08-24-2024","2024 U.S. Masters Swimming Summer National Championship"
"Men ","50-54","50","Freestyle","12","32.5"," Ahren E Lehnert","M51","MEMO","384K-07TZ7","08-03-2024","Pacific Masters Swimming Long Course Championships"
"Men ","50-54","50","Freestyle","13","33.69"," Eric R Martin","M53","TEME","3840-03RTV","06-22-2024","2024 SLOS Firecracker Invitational"
"Men ","50-54","50","Freestyle","14","40.56"," Alexandre Barros","M54","USF","384B-0768A","08-03-2024","Pacific Masters Swimming Long Course Championships"
"Men ","50-54","100","Freestyle","1","58.54"," Kent A Anderson","M52","DAM","384A-03WVJ","08-03-2024","Pacific Masters Swimming Long Course Championships"
"Men ","50-54","100","Freestyle","2","1:00.09"," Jonathan D Flakoll","M50","WCM","3844-07M3H","08-03-2024","Pacific Masters Swimming Long Course Championships"
"Men ","50-54","100","Freestyle","3","1:05.29"," Patrick D Mc Donough","M51","WCM","384J-03H3G","08-03-2024","Pacific Masters Swimming Long Course Championships"
"Men ","50-54","100","Freestyle","4","1:05.55"," Mike Grisso","M54","USF","384S-M1KEY","08-03-2024","Pacific Masters Swimming Long Course Championships"
"Men ","50-54","100","Freestyle","5","1:05.63"," Mark T Fahlen","M53","MAAC","384U-003TT","08-03-2024","Pacific Masters Swimming Long Course Championships"
"Men ","50-54","100","Freestyle","6","1:06.05"," Matt Rogers","M54","MEMO","384Z-F758U","08-03-2024","Pacific Masters Swimming Long Course Championships"
"Men ","50-54","100","Freestyle","7","1:06.75"," Todd Wehmann","M52","MEMO","384W-09V9T","","Pacific Masters Swimming Long Course Championships"
"Men ","50-54","100","Freestyle","8","1:10.08"," Romer Rosales-Delmoral","M51","MELO","3846-TDTNE","","Pacific Masters Swimming Long Course Championships"
"Men ","50-54","100","Freestyle","9","1:11.94"," Eric Hatch","M50","SNM","384G-GCNX0","07-07-2024","Silver State Masters LCM"
"Men ","50-54","100","Freestyle","10","1:12.55"," Ahren E Lehnert","M51","MEMO","384K-07TZ7","08-03-2024","Pacific Masters Swimming Long Course Championships"
"Men ","50-54","100","Freestyle","11","1:17.22"," Eric R Martin","M53","TEME","3840-03RTV","06-23-2024","2024 SLOS Firecracker Invitational"
"Men ","50-54","100","Freestyle","12","1:34.12"," Alexandre Barros","M54","USF","384B-0768A","08-03-2024","Pacific Masters Swimming Long Course Championships"
"Men ","50-54","200","Freestyle","1","2:21.96"," Brad Winsor","M53","DAM","384D-03J9D","08-04-2024","Pacific Masters Swimming Long Course Championships"
"Men ","50-54","200","Freestyle","2","2:23.84"," Romer Rosales-Delmoral","M51","MELO","3846-TDTNE","08-04-2024","Pacific Masters Swimming Long Course Championships"
"Men ","50-54","200","Freestyle","3","2:26.64"," Mark T Fahlen","M53","MAAC","384U-003TT","08-04-2024","Pacific Masters Swimming Long Course Championships"
"Men ","50-54","200","Freestyle","4","2:29.07"," Mike Grisso","M54","USF","384S-M1KEY","08-04-2024","Pacific Masters Swimming Long Course Championships"
"Men ","50-54","200","Freestyle","5","2:31.34"," Todd Wehmann","M52","MEMO","384W-09V9T","","Pacific Masters Swimming Long Course Championships"
"Men ","50-54","200","Freestyle","6","2:39.83"," Ahren E Lehnert","M51","MEMO","384K-07TZ7","08-24-2024","2024 U.S. Masters Swimming Summer National Championship"
"Men ","50-54","200","Freestyle","7","3:26.55"," Alexandre Barros","M54","USF","384B-0768A","08-04-2024","Pacific Masters Swimming Long Course Championships"
"Men ","50-54","200","Freestyle","8","3:29.87"," Andrew Serchia","M53","MAQ","384K-MY0H5","08-04-2024","Pacific Masters Swimming Long Course Championships"
"Men ","50-54","400","Freestyle","1","4:57.66"," Brad Winsor","M53","DAM","384D-03J9D","08-04-2024","Pacific Masters Swimming Long Course Championships"
"Men ","50-54","400","Freestyle","2","5:02.77"," Romer Rosales-Delmoral","M51","MELO","3846-TDTNE","08-04-2024","Pacific Masters Swimming Long Course Championships"
"Men ","50-54","400","Freestyle","3","5:15.73"," Mark T Fahlen","M53","MAAC","384U-003TT","08-04-2024","Pacific Masters Swimming Long Course Championships"
"Men ","50-54","400","Freestyle","4","5:18.10"," Matt Harrington","M53","USF","3848-03GM4","08-04-2024","Pacific Masters Swimming Long Course Championships"
"Men ","50-54","400","Freestyle","5","5:57.54"," Ahren E Lehnert","M51","MEMO","384K-07TZ7","08-04-2024","Pacific Masters Swimming Long Course Championships"
"Men ","50-54","800","Freestyle","1","10:15.37"," Brad Winsor","M53","DAM","384D-03J9D","","Pacific Masters Swimming Long Course Championships"
"Men ","50-54","800","Freestyle","2","10:30.66"," Romer Rosales-Delmoral","M51","MELO","3846-TDTNE","08-03-2024","Pacific Masters Swimming Long Course Championships"
"Men ","50-54","800","Freestyle","3","11:02.72"," Matt Harrington","M53","USF","3848-03GM4","08-03-2024","Pacific Masters Swimming Long Course Championships"
"Men ","50-54","800","Freestyle","4","11:21.62"," Todd Wehmann","M52","MEMO","384W-09V9T","08-03-2024","Pacific Masters Swimming Long Course Championships"
"Men ","50-54","800","Freestyle","5","11:30.07"," Keith Hertzer","M51","MEMO","3842-098B3","08-03-2024","Pacific Masters Swimming Long Course Championships"
"Men ","50-54","800","Freestyle","6","12:27.70"," Ahren E Lehnert","M51","MEMO","384K-07TZ7","08-03-2024","Pacific Masters Swimming Long Course Championships"
"Men ","50-54","1500","Freestyle","1","19:28.43"," Brad Winsor","M53","DAM","384D-03J9D","08-02-2024","Pacific Masters Swimming Long Course Championships"
"Men ","50-54","1500","Freestyle","2","20:17.12"," Romer Rosales-Delmoral","M51","MELO","3846-TDTNE","08-02-2024","Pacific Masters Swimming Long Course Championships"
"Men ","50-54","1500","Freestyle","3","21:00.08"," Eric Hatch","M50","SNM","384G-GCNX0","08-21-2024","2024 U.S. Masters Swimming Summer National Championship"
"Men ","50-54","1500","Freestyle","4","21:08.40"," Matt Harrington","M53","USF","3848-03GM4","08-02-2024","Pacific Masters Swimming Long Course Championships"
"Men ","50-54","1500","Freestyle","5","21:34.97"," Todd Wehmann","M52","MEMO","384W-09V9T","08-02-2024","Pacific Masters Swimming Long Course Championships"
"Men ","50-54","1500","Freestyle","6","21:54.81"," Yann A Kneubuhler","M52","RPM","3840-0ASHS","08-02-2024","Pacific Masters Swimming Long Course Championships"
"Men ","50-54","1500","Freestyle","7","23:39.78"," Ahren E Lehnert","M51","MEMO","384K-07TZ7","08-02-2024","Pacific Masters Swimming Long Course Championships"
"Men ","50-54","50","Backstroke","1","31.55"," Jonathan D Flakoll","M50","WCM","3844-07M3H","08-22-2024","2024 U.S. Masters Swimming Summer National Championship"
"Men ","50-54","50","Backstroke","2","36.15"," Justin Pickard","M50","MAQ","384F-VUAJW","08-03-2024","Pacific Masters Swimming Long Course Championships"
"Men ","50-54","50","Backstroke","3","36.93"," Matt Rogers","M54","MEMO","384Z-F758U","08-03-2024","Pacific Masters Swimming Long Course Championships"
"Men ","50-54","50","Backstroke","4","37.59"," Todd Wehmann","M52","MEMO","384W-09V9T","08-03-2024","Pacific Masters Swimming Long Course Championships"
"Men ","50-54","50","Backstroke","5","37.9"," Patrick D Mc Donough","M51","WCM","384J-03H3G","08-03-2024","Pacific Masters Swimming Long Course Championships"
"Men ","50-54","50","Backstroke","6","39.03"," Douglas B Erickson","M52","RHMS","384Y-03GRT","08-03-2024","Pacific Masters Swimming Long Course Championships"
"Men ","50-54","50","Backstroke","7","40.32"," Romer Rosales-Delmoral","M51","MELO","3846-TDTNE","","Pacific Masters Swimming Long Course Championships"
"Men ","50-54","50","Backstroke","8","41.3"," Matt Harrington","M53","USF","3848-03GM4","08-03-2024","Pacific Masters Swimming Long Course Championships"
"Men ","50-54","50","Backstroke","9","42.17"," Eric R Martin","M53","TEME","3840-03RTV","06-21-2024","2024 SLOS Firecracker Invitational"
"Men ","50-54","50","Backstroke","10","42.19"," Shane I Rankin","M50","USF","384A-6A2BX","08-03-2024","Pacific Masters Swimming Long Course Championships"
"Men ","50-54","100","Backstroke","1","1:18.01"," Justin Pickard","M50","MAQ","384F-VUAJW","08-04-2024","Pacific Masters Swimming Long Course Championships"
"Men ","50-54","100","Backstroke","2","1:20.21"," Brad Winsor","M53","DAM","384D-03J9D","08-04-2024","Pacific Masters Swimming Long Course Championships"
"Men ","50-54","100","Backstroke","3","1:21.50"," Todd Wehmann","M52","MEMO","384W-09V9T","08-04-2024","Pacific Masters Swimming Long Course Championships"
"Men ","50-54","100","Backstroke","4","1:21.79"," Matt Rogers","M54","MEMO","384Z-F758U","08-04-2024","Pacific Masters Swimming Long Course Championships"
"Men ","50-54","100","Backstroke","5","1:24.68"," Eric Hatch","M50","SNM","384G-GCNX0","07-07-2024","Silver State Masters LCM"
"Men ","50-54","100","Backstroke","6","1:26.39"," Romer Rosales-Delmoral","M51","MELO","3846-TDTNE","","Pacific Masters Swimming Long Course Championships"
"Men ","50-54","100","Backstroke","7","1:32.97"," Shane I Rankin","M50","USF","384A-6A2BX","08-04-2024","Pacific Masters Swimming Long Course Championships"
"Men ","50-54","200","Backstroke","1","2:45.56"," Jonathan D Flakoll","M50","WCM","3844-07M3H","08-03-2024","Pacific Masters Swimming Long Course Championships"
"Men ","50-54","200","Backstroke","2","2:51.80"," Eric Hatch","M50","SNM","384G-GCNX0","08-23-2024","2024 U.S. Masters Swimming Summer National Championship"
"Men ","50-54","200","Backstroke","3","2:58.92"," Todd Wehmann","M52","MEMO","384W-09V9T","08-03-2024","Pacific Masters Swimming Long Course Championships"
"Men ","50-54","200","Backstroke","4","3:02.59"," Mark T Fahlen","M53","MAAC","384U-003TT","08-03-2024","Pacific Masters Swimming Long Course Championships"
"Men ","50-54","200","Backstroke","5","3:02.92"," Romer Rosales-Delmoral","M51","MELO","3846-TDTNE","08-03-2024","Pacific Masters Swimming Long Course Championships"
"Men ","50-54","200","Backstroke","6","3:23.91"," Shane I Rankin","M50","USF","384A-6A2BX","08-03-2024","Pacific Masters Swimming Long Course Championships"
"Men ","50-54","50","Breaststroke","1","32.16"," Jon Piland","M53","PSWIM","384J-07SV4","08-23-2024","2024 U.S. Masters Swimming Summer National Championship"
"Men ","50-54","50","Breaststroke","2","37.32"," Douglas B Erickson","M52","RHMS","384Y-03GRT","08-04-2024","Pacific Masters Swimming Long Course Championships"
"Men ","50-54","50","Breaststroke","3","37.58"," Raphael Casaes","M50","AAM","384J-09PRR","08-23-2024","2024 U.S. Masters Swimming Summer National Championship"
"Men ","50-54","50","Breaststroke","4","37.97"," Keith Hertzer","M51","MEMO","3842-098B3","08-04-2024","Pacific Masters Swimming Long Course Championships"
"Men ","50-54","50","Breaststroke","5","44.09"," Mike Grisso","M54","USF","384S-M1KEY","08-04-2024","Pacific Masters Swimming Long Course Championships"
"Men ","50-54","50","Breaststroke","6","50.99"," Alexandre Barros","M54","USF","384B-0768A","08-04-2024","Pacific Masters Swimming Long Course Championships"
"Men ","50-54","50","Breaststroke","7","52.46"," Andrew Serchia","M53","MAQ","384K-MY0H5","08-04-2024","Pacific Masters Swimming Long Course Championships"
"Men ","50-54","100","Breaststroke","1","1:13.24"," Jon Piland","M53","PSWIM","384J-07SV4","08-22-2024","2024 U.S. Masters Swimming Summer National Championship"
"Men ","50-54","100","Breaststroke","2","1:22.26"," Jonathan D Flakoll","M50","WCM","3844-07M3H","08-03-2024","Pacific Masters Swimming Long Course Championships"
"Men ","50-54","100","Breaststroke","3","1:22.43"," Raphael Casaes","M50","AAM","384J-09PRR","08-22-2024","2024 U.S. Masters Swimming Summer National Championship"
"Men ","50-54","100","Breaststroke","4","1:26.82"," Keith Hertzer","M51","MEMO","3842-098B3","08-03-2024","Pacific Masters Swimming Long Course Championships"
"Men ","50-54","100","Breaststroke","5","1:28.09"," Douglas B Erickson","M52","RHMS","384Y-03GRT","08-03-2024","Pacific Masters Swimming Long Course Championships"
"Men ","50-54","100","Breaststroke","6","1:40.97"," Eric Hatch","M50","SNM","384G-GCNX0","07-07-2024","Silver State Masters LCM"
"Men ","50-54","100","Breaststroke","7","2:00.23"," Alexandre Barros","M54","USF","384B-0768A","08-03-2024","Pacific Masters Swimming Long Course Championships"
"Men ","50-54","200","Breaststroke","1","2:59.17"," Jon Piland","M53","PSWIM","384J-07SV4","08-04-2024","Pacific Masters Swimming Long Course Championships"
"Men ","50-54","200","Breaststroke","2","3:17.64"," Keith Hertzer","M51","MEMO","3842-098B3","08-04-2024","Pacific Masters Swimming Long Course Championships"
"Men ","50-54","50","Butterfly","1","28.08"," Dikan Rendic","M53","GOOG","384P-03JJA","08-04-2024","Pacific Masters Swimming Long Course Championships"
"Men ","50-54","50","Butterfly","2","28.52"," Kent A Anderson","M52","DAM","384A-03WVJ","07-07-2024","Silver State Masters LCM"
"Men ","50-54","50","Butterfly","3","28.91"," Jon Piland","M53","PSWIM","384J-07SV4","08-23-2024","2024 U.S. Masters Swimming Summer National Championship"
"Men ","50-54","50","Butterfly","4","29.64"," Jonathan D Flakoll","M50","WCM","3844-07M3H","08-23-2024","2024 U.S. Masters Swimming Summer National Championship"
"Men ","50-54","50","Butterfly","5","31.62"," Brad Winsor","M53","DAM","384D-03J9D","08-04-2024","Pacific Masters Swimming Long Course Championships"
"Men ","50-54","50","Butterfly","6","31.67"," Matt Rogers","M54","MEMO","384Z-F758U","08-04-2024","Pacific Masters Swimming Long Course Championships"
"Men ","50-54","50","Butterfly","7","31.79"," Justin Pickard","M50","MAQ","384F-VUAJW","08-04-2024","Pacific Masters Swimming Long Course Championships"
"Men ","50-54","50","Butterfly","8","34.07"," Douglas B Erickson","M52","RHMS","384Y-03GRT","08-04-2024","Pacific Masters Swimming Long Course Championships"
"Men ","50-54","50","Butterfly","9","34.08"," Mike Grisso","M54","USF","384S-M1KEY","08-04-2024","Pacific Masters Swimming Long Course Championships"
"Men ","50-54","50","Butterfly","10","41.92"," Shane I Rankin","M50","USF","384A-6A2BX","08-04-2024","Pacific Masters Swimming Long Course Championships"
"Men ","50-54","100","Butterfly","1","1:04.04"," Kent A Anderson","M52","DAM","384A-03WVJ","08-03-2024","Pacific Masters Swimming Long Course Championships"
"Men ","50-54","100","Butterfly","2","1:07.91"," Jonathan D Flakoll","M50","WCM","3844-07M3H","08-24-2024","2024 U.S. Masters Swimming Summer National Championship"
"Men ","50-54","100","Butterfly","3","1:20.59"," Patrick D Mc Donough","M51","WCM","384J-03H3G","08-03-2024","Pacific Masters Swimming Long Course Championships"
"Men ","50-54","100","Butterfly","4","1:21.35"," Romer Rosales-Delmoral","M51","MELO","3846-TDTNE","","Pacific Masters Swimming Long Course Championships"
"Men ","50-54","100","Butterfly","5","1:22.15"," Mike Grisso","M54","USF","384S-M1KEY","08-03-2024","Pacific Masters Swimming Long Course Championships"
"Men ","50-54","100","Butterfly","6","1:23.42"," Matt Rogers","M54","MEMO","384Z-F758U","08-03-2024","Pacific Masters Swimming Long Course Championships"
"Men ","50-54","100","Butterfly","7","1:28.70"," Keith Hertzer","M51","MEMO","3842-098B3","08-03-2024","Pacific Masters Swimming Long Course Championships"
"Men ","50-54","100","Butterfly","8","1:29.02"," Eric Hatch","M50","SNM","384G-GCNX0","07-07-2024","Silver State Masters LCM"
"Men ","50-54","100","Butterfly","9","1:37.69"," Shane I Rankin","M50","USF","384A-6A2BX","08-03-2024","Pacific Masters Swimming Long Course Championships"
"Men ","50-54","200","Butterfly","1","2:44.83"," Brad Winsor","M53","DAM","384D-03J9D","08-04-2024","Pacific Masters Swimming Long Course Championships"
"Men ","50-54","200","Butterfly","2","2:56.08"," Matt Harrington","M53","USF","3848-03GM4","08-04-2024","Pacific Masters Swimming Long Course Championships"
"Men ","50-54","200","Individual Medley","1","2:51.59"," Eric Hatch","M50","SNM","384G-GCNX0","08-22-2024","2024 U.S. Masters Swimming Summer National Championship"
"Men ","50-54","200","Individual Medley","2","2:54.53"," Todd Wehmann","M52","MEMO","384W-09V9T","08-04-2024","Pacific Masters Swimming Long Course Championships"
"Men ","50-54","200","Individual Medley","3","2:55.00"," Keith Hertzer","M51","MEMO","3842-098B3","08-04-2024","Pacific Masters Swimming Long Course Championships"
"Men ","50-54","200","Individual Medley","4","2:55.10"," Mark T Fahlen","M53","MAAC","384U-003TT","08-04-2024","Pacific Masters Swimming Long Course Championships"
"Men ","50-54","200","Individual Medley","5","3:24.88"," Shane I Rankin","M50","USF","384A-6A2BX","08-04-2024","Pacific Masters Swimming Long Course Championships"
"Men ","50-54","400","Individual Medley","1","6:09.02"," Romer Rosales-Delmoral","M51","MELO","3846-TDTNE","08-02-2024","Pacific Masters Swimming Long Course Championships"
"Men ","50-54","400","Individual Medley","2","6:09.46"," Matt Harrington","M53","USF","3848-03GM4","08-02-2024","Pacific Masters Swimming Long Course Championships"
"Men ","50-54","400","Individual Medley","3","6:10.45"," Eric Hatch","M50","SNM","384G-GCNX0","08-23-2024","2024 U.S. Masters Swimming Summer National Championship"
"Men ","50-54","400","Individual Medley","4","6:29.92"," Yann A Kneubuhler","M52","RPM","3840-0ASHS","08-02-2024","Pacific Masters Swimming Long Course Championships"
"Men ","55-59","50","Freestyle","1","28.4"," Mikael Langner","M56","USF","384F-041F6","08-03-2024","Pacific Masters Swimming Long Course Championships"
"Men ","55-59","50","Freestyle","2","28.57"," Trevor D Oldershaw","M55","ECAM","384N-04FHF","08-24-2024","2024 U.S. Masters Swimming Summer National Championship"
"Men ","55-59","50","Freestyle","3","30.14"," James D Glasnapp","M57","USF","384Z-03X8E","08-03-2024","Pacific Masters Swimming Long Course Championships"
"Men ","55-59","50","Freestyle","4","30.15"," Charles Neidhoefer","M58","SRM","384U-03U1E","08-03-2024","Pacific Masters Swimming Long Course Championships"
"Men ","55-59","50","Freestyle","5","30.26"," Scott A Jackson","M55","UC38","384R-DF71H","08-24-2024","2024 U.S. Masters Swimming Summer National Championship"
"Men ","55-59","50","Freestyle","6","31.69"," Nick A Barajas","M58","SACMA","3843-5F0AX","08-03-2024","Pacific Masters Swimming Long Course Championships"
"Men ","55-59","50","Freestyle","7","31.93"," Theodore M Mulvaney","M55","CARS","384W-03G59","07-07-2024","Silver State Masters LCM"
"Men ","55-59","50","Freestyle","8","32.09"," Christopher D Cocca","M59","MELO","3843-07791","08-03-2024","Pacific Masters Swimming Long Course Championships"
"Men ","55-59","50","Freestyle","9","32.5"," jono marcus","M58","RHMS","384R-WD4H4","08-03-2024","Pacific Masters Swimming Long Course Championships"
"Men ","55-59","50","Freestyle","10","32.53"," Gregory Lingle","M59","LAC","384N-7E9D4","08-03-2024","Pacific Masters Swimming Long Course Championships"
"Men ","55-59","50","Freestyle","11","36.87"," Long Wu","M59","MEMO","3848-03Z6S","08-24-2024","2024 U.S. Masters Swimming Summer National Championship"
"Men ","55-59","50","Freestyle","12","38.24"," Jason A Geller","M58","TOC","384H-03PGT","08-03-2024","Pacific Masters Swimming Long Course Championships"
"Men ","55-59","50","Freestyle","13","38.5"," Shervin Tajbaksh","M59","MAQ","3842-09JCV","08-03-2024","Pacific Masters Swimming Long Course Championships"
"Men ","55-59","50","Freestyle","14","42.73"," Michael L Abegg","M59","NBA","3841-024BY","08-03-2024","Pacific Masters Swimming Long Course Championships"
"Men ","55-59","50","Freestyle","15","48.05"," Jon Shalowitz","M57","USF","3849-03VPD","08-03-2024","Pacific Masters Swimming Long Course Championships"
"Men ","55-59","100","Freestyle","1","1:05.31"," Mikael Langner","M56","USF","384F-041F6","08-03-2024","Pacific Masters Swimming Long Course Championships"
"Men ","55-59","100","Freestyle","2","1:05.40"," Trevor D Oldershaw","M55","ECAM","384N-04FHF","08-25-2024","2024 U.S. Masters Swimming Summer National Championship"
"Men ","55-59","100","Freestyle","3","1:06.21"," Charles Neidhoefer","M58","SRM","384U-03U1E","08-03-2024","Pacific Masters Swimming Long Course Championships"
"Men ","55-59","100","Freestyle","4","1:08.92"," Ted Krovetz","M58","DAM","384G-03HGF","08-25-2024","2024 U.S. Masters Swimming Summer National Championship"
"Men ","55-59","100","Freestyle","5","1:09.86"," Jimmy Hong","M55","FREM","384J-07DF4","07-07-2024","Silver State Masters LCM"
"Men ","55-59","100","Freestyle","6","1:10.61"," Gregory Lingle","M59","LAC","384N-7E9D4","08-03-2024","Pacific Masters Swimming Long Course Championships"
"Men ","55-59","100","Freestyle","7","1:11.15"," Nick A Barajas","M58","SACMA","3843-5F0AX","08-03-2024","Pacific Masters Swimming Long Course Championships"
"Men ","55-59","100","Freestyle","8","1:11.64"," jono marcus","M58","RHMS","384R-WD4H4","08-03-2024","Pacific Masters Swimming Long Course Championships"
"Men ","55-59","100","Freestyle","9","1:12.83"," Christopher D Cocca","M59","MELO","3843-07791","08-03-2024","Pacific Masters Swimming Long Course Championships"
"Men ","55-59","100","Freestyle","10","1:18.58"," Theodore M Mulvaney","M55","CARS","384W-03G59","07-07-2024","Silver State Masters LCM"
"Men ","55-59","100","Freestyle","11","1:20.23"," Long Wu","M59","MEMO","3848-03Z6S","08-25-2024","2024 U.S. Masters Swimming Summer National Championship"
"Men ","55-59","100","Freestyle","12","1:21.49"," Bernard Arias","M55","USF","384K-0A96H","08-03-2024","Pacific Masters Swimming Long Course Championships"
"Men ","55-59","100","Freestyle","13","1:37.37"," Michael L Abegg","M59","NBA","3841-024BY","08-03-2024","Pacific Masters Swimming Long Course Championships"
"Men ","55-59","200","Freestyle","1","2:25.18"," Mikael Langner","M56","USF","384F-041F6","08-24-2024","2024 U.S. Masters Swimming Summer National Championship"
"Men ","55-59","200","Freestyle","2","2:29.02"," Charles Neidhoefer","M58","SRM","384U-03U1E","08-04-2024","Pacific Masters Swimming Long Course Championships"
"Men ","55-59","200","Freestyle","3","2:29.95"," Ted Krovetz","M58","DAM","384G-03HGF","08-24-2024","2024 U.S. Masters Swimming Summer National Championship"
"Men ","55-59","200","Freestyle","4","2:34.83"," Jeff A Stegner","M59","WCM","384B-KHF7R","08-04-2024","Pacific Masters Swimming Long Course Championships"
"Men ","55-59","200","Freestyle","5","2:42.28"," Eric N Kinney","M55","MELO","384S-03RFG","08-04-2024","Pacific Masters Swimming Long Course Championships"
"Men ","55-59","200","Freestyle","6","2:45.60"," Nick A Barajas","M58","SACMA","3843-5F0AX","08-04-2024","Pacific Masters Swimming Long Course Championships"
"Men ","55-59","200","Freestyle","7","2:46.70"," jono marcus","M58","RHMS","384R-WD4H4","08-04-2024","Pacific Masters Swimming Long Course Championships"
"Men ","55-59","200","Freestyle","8","2:52.76"," Paul Carter","M56","WCM","3847-08BBN","08-04-2024","Pacific Masters Swimming Long Course Championships"
"Men ","55-59","200","Freestyle","9","2:55.50"," Theodore M Mulvaney","M55","CARS","384W-03G59","07-07-2024","Silver State Masters LCM"
"Men ","55-59","200","Freestyle","10","3:08.34"," Long Wu","M59","MEMO","3848-03Z6S","08-24-2024","2024 U.S. Masters Swimming Summer National Championship"
"Men ","55-59","200","Freestyle","11","3:16.70"," Mitchell A Todd","M57","MAQ","384U-0AWCE","08-04-2024","Pacific Masters Swimming Long Course Championships"
"Men ","55-59","400","Freestyle","1","4:34.09"," Barton S Wells","M57","UC38","3849-03WKA","07-27-2024","South Central Zone Summer Championships"
"Men ","55-59","400","Freestyle","2","5:18.63"," Ted Krovetz","M58","DAM","384G-03HGF","08-04-2024","Pacific Masters Swimming Long Course Championships"
"Men ","55-59","400","Freestyle","3","6:34.94"," Paul Carter","M56","WCM","3847-08BBN","08-04-2024","Pacific Masters Swimming Long Course Championships"
"Men ","55-59","400","Freestyle","4","6:50.27"," Mitchell A Todd","M57","MAQ","384U-0AWCE","08-04-2024","Pacific Masters Swimming Long Course Championships"
"Men ","55-59","800","Freestyle","1","9:56.41"," Mike G Shaffer","M59","HTUB","3849-03B3B","","Pacific Masters Swimming Long Course Championships"
"Men ","55-59","800","Freestyle","2","11:00.31"," Ted Krovetz","M58","DAM","384G-03HGF","","2024 U.S. Masters Swimming Summer National Championship"
"Men ","55-59","800","Freestyle","3","12:04.98"," Gregory Lingle","M59","LAC","384N-7E9D4","08-03-2024","Pacific Masters Swimming Long Course Championships"
"Men ","55-59","800","Freestyle","4","12:55.59"," Christopher D Cocca","M59","MELO","3843-07791","08-03-2024","Pacific Masters Swimming Long Course Championships"
"Men ","55-59","800","Freestyle","5","13:30.75"," jono marcus","M58","RHMS","384R-WD4H4","08-03-2024","Pacific Masters Swimming Long Course Championships"
"Men ","55-59","800","Freestyle","6","15:29.42"," Long Wu","M59","MEMO","3848-03Z6S","","Pacific Masters Swimming Long Course Championships"
"Men ","55-59","1500","Freestyle","1","18:25.09"," Barton S Wells","M57","UC38","3849-03WKA","07-26-2024","South Central Zone Summer Championships"
"Men ","55-59","1500","Freestyle","2","19:00.29"," Mike G Shaffer","M59","HTUB","3849-03B3B","08-02-2024","Pacific Masters Swimming Long Course Championships"
"Men ","55-59","1500","Freestyle","3","21:01.37"," Ted Krovetz","M58","DAM","384G-03HGF","08-21-2024","2024 U.S. Masters Swimming Summer National Championship"
"Men ","55-59","1500","Freestyle","4","26:52.30"," Mitchell A Todd","M57","MAQ","384U-0AWCE","08-02-2024","Pacific Masters Swimming Long Course Championships"
"Men ","55-59","1500","Freestyle","5","28:42.90"," Long Wu","M59","MEMO","3848-03Z6S","08-02-2024","Pacific Masters Swimming Long Course Championships"
"Men ","55-59","50","Backstroke","1","29.64"," Rick Gould","M56","STAN","384M-03K93","08-22-2024","2024 U.S. Masters Swimming Summer National Championship"
"Men ","55-59","50","Backstroke","2","36.61"," Mikael Langner","M56","USF","384F-041F6","08-03-2024","Pacific Masters Swimming Long Course Championships"
"Men ","55-59","50","Backstroke","3","38.7"," James D Glasnapp","M57","USF","384Z-03X8E","08-03-2024","Pacific Masters Swimming Long Course Championships"
"Men ","55-59","50","Backstroke","4","39.18"," Scott A Jackson","M55","UC38","384R-DF71H","08-22-2024","2024 U.S. Masters Swimming Summer National Championship"
"Men ","55-59","50","Backstroke","5","42.12"," Gregory Lingle","M59","LAC","384N-7E9D4","08-03-2024","Pacific Masters Swimming Long Course Championships"
"Men ","55-59","50","Backstroke","6","51.17"," Long Wu","M59","MEMO","3848-03Z6S","07-07-2024","Silver State Masters LCM"
"Men ","55-59","100","Backstroke","1","1:04.90"," Rick Gould","M56","STAN","384M-03K93","08-25-2024","2024 U.S. Masters Swimming Summer National Championship"
"Men ","55-59","100","Backstroke","2","1:12.31"," Mike G Shaffer","M59","HTUB","3849-03B3B","08-04-2024","Pacific Masters Swimming Long Course Championships"
"Men ","55-59","100","Backstroke","3","1:17.48"," Mikael Langner","M56","USF","384F-041F6","08-04-2024","Pacific Masters Swimming Long Course Championships"
"Men ","55-59","100","Backstroke","4","1:19.43"," Trevor D Oldershaw","M55","ECAM","384N-04FHF","08-25-2024","2024 U.S. Masters Swimming Summer National Championship"
"Men ","55-59","100","Backstroke","5","1:30.84"," Jeff A Stegner","M59","WCM","384B-KHF7R","08-04-2024","Pacific Masters Swimming Long Course Championships"
"Men ","55-59","100","Backstroke","6","2:04.58"," Long Wu","M59","MEMO","3848-03Z6S","07-07-2024","Silver State Masters LCM"
"Men ","55-59","200","Backstroke","1","2:23.51"," Rick Gould","M56","STAN","384M-03K93","08-23-2024","2024 U.S. Masters Swimming Summer National Championship"
"Men ","55-59","200","Backstroke","2","2:37.65"," Mike G Shaffer","M59","HTUB","3849-03B3B","08-03-2024","Pacific Masters Swimming Long Course Championships"
"Men ","55-59","200","Backstroke","3","2:50.46"," Mikael Langner","M56","USF","384F-041F6","08-23-2024","2024 U.S. Masters Swimming Summer National Championship"
"Men ","55-59","200","Backstroke","4","2:57.34"," Trevor D Oldershaw","M55","ECAM","384N-04FHF","08-23-2024","2024 U.S. Masters Swimming Summer National Championship"
"Men ","55-59","200","Backstroke","5","3:13.17"," Gregory Lingle","M59","LAC","384N-7E9D4","08-03-2024","Pacific Masters Swimming Long Course Championships"
"Men ","55-59","200","Backstroke","6","3:14.39"," Ted Krovetz","M58","DAM","384G-03HGF","08-03-2024","Pacific Masters Swimming Long Course Championships"
"Men ","55-59","200","Backstroke","7","3:15.84"," Christopher D Cocca","M59","MELO","3843-07791","08-03-2024","Pacific Masters Swimming Long Course Championships"
"Men ","55-59","200","Backstroke","8","4:13.56"," Long Wu","M59","MEMO","3848-03Z6S","07-07-2024","Silver State Masters LCM"
"Men ","55-59","50","Breaststroke","1","36.74"," Charles Neidhoefer","M58","SRM","384U-03U1E","08-04-2024","Pacific Masters Swimming Long Course Championships"
"Men ","55-59","50","Breaststroke","2","39.56"," Patrick F Mc Bride","M55","USF","3848-03KWV","08-04-2024","Pacific Masters Swimming Long Course Championships"
"Men ","55-59","50","Breaststroke","3","40.85"," Jimmy Hong","M55","FREM","384J-07DF4","07-07-2024","Silver State Masters LCM"
"Men ","55-59","50","Breaststroke","4","40.99"," Long Wu","M59","MEMO","3848-03Z6S","08-04-2024","Pacific Masters Swimming Long Course Championships"
"Men ","55-59","50","Breaststroke","5","42.93"," Paul Carter","M56","WCM","3847-08BBN","08-04-2024","Pacific Masters Swimming Long Course Championships"
"Men ","55-59","50","Breaststroke","6","43.56"," Nick A Barajas","M58","SACMA","3843-5F0AX","08-04-2024","Pacific Masters Swimming Long Course Championships"
"Men ","55-59","100","Breaststroke","1","1:24.09"," Charles Neidhoefer","M58","SRM","384U-03U1E","08-03-2024","Pacific Masters Swimming Long Course Championships"
"Men ","55-59","100","Breaststroke","2","1:31.52"," Jimmy Hong","M55","FREM","384J-07DF4","07-07-2024","Silver State Masters LCM"
"Men ","55-59","100","Breaststroke","3","1:35.13"," Long Wu","M59","MEMO","3848-03Z6S","08-03-2024","Pacific Masters Swimming Long Course Championships"
"Men ","55-59","100","Breaststroke","4","1:42.73"," Jason A Geller","M58","TOC","384H-03PGT","08-03-2024","Pacific Masters Swimming Long Course Championships"
"Men ","55-59","100","Breaststroke","5","1:43.33"," jono marcus","M58","RHMS","384R-WD4H4","08-03-2024","Pacific Masters Swimming Long Course Championships"
"Men ","55-59","100","Breaststroke","6","1:53.23"," Bernard Arias","M55","USF","384K-0A96H","08-03-2024","Pacific Masters Swimming Long Course Championships"
"Men ","55-59","100","Breaststroke","7","1:59.58"," Thomas Kwan","M59","UC38","3845-07C48","08-03-2024","Pacific Masters Swimming Long Course Championships"
"Men ","55-59","100","Breaststroke","8","2:13.96"," Jon Shalowitz","M57","USF","3849-03VPD","08-03-2024","Pacific Masters Swimming Long Course Championships"
"Men ","55-59","200","Breaststroke","1","3:06.68"," Charles Neidhoefer","M58","SRM","384U-03U1E","08-04-2024","Pacific Masters Swimming Long Course Championships"
"Men ","55-59","200","Breaststroke","2","3:10.80"," Patrick F Mc Bride","M55","USF","3848-03KWV","08-04-2024","Pacific Masters Swimming Long Course Championships"
"Men ","55-59","200","Breaststroke","3","3:10.89"," Samuel T McAdam","M59","DAM","3844-03X23","08-04-2024","Pacific Masters Swimming Long Course Championships"
"Men ","55-59","200","Breaststroke","4","3:13.32"," Jeff A Stegner","M59","WCM","384B-KHF7R","08-24-2024","2024 U.S. Masters Swimming Summer National Championship"
"Men ","55-59","200","Breaststroke","5","3:29.96"," Long Wu","M59","MEMO","3848-03Z6S","08-24-2024","2024 U.S. Masters Swimming Summer National Championship"
"Men ","55-59","200","Breaststroke","6","4:29.29"," Thomas Kwan","M59","UC38","3845-07C48","08-04-2024","Pacific Masters Swimming Long Course Championships"
"Men ","55-59","50","Butterfly","1","32.93"," Scott A Jackson","M55","UC38","384R-DF71H","08-23-2024","2024 U.S. Masters Swimming Summer National Championship"
"Men ","55-59","50","Butterfly","2","33.44"," Patrick F Mc Bride","M55","USF","3848-03KWV","08-04-2024","Pacific Masters Swimming Long Course Championships"
"Men ","55-59","50","Butterfly","3","37.52"," jono marcus","M58","RHMS","384R-WD4H4","08-04-2024","Pacific Masters Swimming Long Course Championships"
"Men ","55-59","50","Butterfly","4","37.68"," Nick A Barajas","M58","SACMA","3843-5F0AX","08-04-2024","Pacific Masters Swimming Long Course Championships"
"Men ","55-59","50","Butterfly","5","37.73"," James C Stretch","M59","CARS","384W-FPD5G","07-07-2024","Silver State Masters LCM"
"Men ","55-59","50","Butterfly","6","44.62"," Long Wu","M59","MEMO","3848-03Z6S","07-07-2024","Silver State Masters LCM"
"Men ","55-59","100","Butterfly","1","1:08.41"," Mike G Shaffer","M59","HTUB","3849-03B3B","08-03-2024","Pacific Masters Swimming Long Course Championships"
"Men ","55-59","100","Butterfly","2","1:17.47"," Jeff A Stegner","M59","WCM","384B-KHF7R","08-24-2024","2024 U.S. Masters Swimming Summer National Championship"
"Men ","55-59","100","Butterfly","3","1:31.35"," Gregory Lingle","M59","LAC","384N-7E9D4","08-03-2024","Pacific Masters Swimming Long Course Championships"
"Men ","55-59","100","Butterfly","4","1:41.93"," James C Stretch","M59","CARS","384W-FPD5G","07-07-2024","Silver State Masters LCM"
"Men ","55-59","100","Butterfly","5","2:08.29"," Long Wu","M59","MEMO","3848-03Z6S","07-07-2024","Silver State Masters LCM"
"Men ","55-59","200","Butterfly","1","2:31.91"," Mike G Shaffer","M59","HTUB","3849-03B3B","08-04-2024","Pacific Masters Swimming Long Course Championships"
"Men ","55-59","200","Butterfly","2","3:17.35"," Eric N Kinney","M55","MELO","384S-03RFG","08-04-2024","Pacific Masters Swimming Long Course Championships"
"Men ","55-59","200","Butterfly","3","4:08.07"," James C Stretch","M59","CARS","384W-FPD5G","07-07-2024","Silver State Masters LCM"
"Men ","55-59","200","Butterfly","4","4:36.04"," Long Wu","M59","MEMO","3848-03Z6S","08-04-2024","Pacific Masters Swimming Long Course Championships"
"Men ","55-59","200","Individual Medley","1","2:53.01"," Mikael Langner","M56","USF","384F-041F6","08-04-2024","Pacific Masters Swimming Long Course Championships"
"Men ","55-59","200","Individual Medley","2","2:53.14"," Jeff A Stegner","M59","WCM","384B-KHF7R","08-04-2024","Pacific Masters Swimming Long Course Championships"
"Men ","55-59","200","Individual Medley","3","2:56.86"," Ted Krovetz","M58","DAM","384G-03HGF","08-22-2024","2024 U.S. Masters Swimming Summer National Championship"
"Men ","55-59","200","Individual Medley","4","2:57.96"," Patrick F Mc Bride","M55","USF","3848-03KWV","08-04-2024","Pacific Masters Swimming Long Course Championships"
"Men ","55-59","200","Individual Medley","5","3:09.65"," Paul Carter","M56","WCM","3847-08BBN","08-04-2024","Pacific Masters Swimming Long Course Championships"
"Men ","55-59","200","Individual Medley","6","3:29.55"," Long Wu","M59","MEMO","3848-03Z6S","08-04-2024","Pacific Masters Swimming Long Course Championships"
"Men ","55-59","400","Individual Medley","1","5:33.10"," Mike G Shaffer","M59","HTUB","3849-03B3B","08-02-2024","Pacific Masters Swimming Long Course Championships"
"Men ","55-59","400","Individual Medley","2","6:35.43"," Mikael Langner","M56","USF","384F-041F6","08-02-2024","Pacific Masters Swimming Long Course Championships"
"Men ","55-59","400","Individual Medley","3","8:50.09"," Long Wu","M59","MEMO","3848-03Z6S","07-07-2024","Silver State Masters LCM"
"Men ","60-64","50","Freestyle","1","28.63"," Kanui Manley","M60","PSWIM","3845-2GU1H","08-24-2024","2024 U.S. Masters Swimming Summer National Championship"
"Men ","60-64","50","Freestyle","2","29.26"," Daniel Tom","M60","MELO","3842-00105","08-03-2024","Pacific Masters Swimming Long Course Championships"
"Men ","60-64","50","Freestyle","3","29.41"," Tom T Nootbaar","M61","WCM","384R-03Y7M","08-03-2024","Pacific Masters Swimming Long Course Championships"
"Men ","60-64","50","Freestyle","4","30.3"," Kevin Keating","M61","SMAC","384N-03ZAR","08-03-2024","Pacific Masters Swimming Long Course Championships"
"Men ","60-64","50","Freestyle","5","31.17"," Ian E King","M62","WCM","3840-07M0V","","2024 U.S. Masters Swimming Summer National Championship"
"Men ","60-64","50","Freestyle","6","31.56"," Steven C Holtzman","M61","LNRS","384X-03ZHM","08-24-2024","2024 U.S. Masters Swimming Summer National Championship"
"Men ","60-64","50","Freestyle","7","32.52"," Michael Flegel","M61","LAC","384K-KRUKT","08-03-2024","Pacific Masters Swimming Long Course Championships"
"Men ","60-64","50","Freestyle","8","32.98"," Robert Suess","M63","RHMS","3842-06YXE","08-03-2024","Pacific Masters Swimming Long Course Championships"
"Men ","60-64","50","Freestyle","9","34.37"," Kevin Prochnow","M62","MAQ","3848-0B2K8","08-03-2024","Pacific Masters Swimming Long Course Championships"
"Men ","60-64","50","Freestyle","10","34.62"," Ken Mallon","M60","QSS","384E-0RBT8","08-03-2024","Pacific Masters Swimming Long Course Championships"
"Men ","60-64","50","Freestyle","11","35.93"," BRAD O'Brien","M62","RHMS","384K-3EMVX","08-03-2024","Pacific Masters Swimming Long Course Championships"
"Men ","60-64","50","Freestyle","12","36.15"," Jack Dapkewicz","M64","DAM","3849-07EKA","08-03-2024","Pacific Masters Swimming Long Course Championships"
"Men ","60-64","100","Freestyle","1","1:03.04"," Kanui Manley","M60","PSWIM","3845-2GU1H","08-25-2024","2024 U.S. Masters Swimming Summer National Championship"
"Men ","60-64","100","Freestyle","2","1:04.67"," Tom T Nootbaar","M61","WCM","384R-03Y7M","08-03-2024","Pacific Masters Swimming Long Course Championships"
"Men ","60-64","100","Freestyle","3","1:08.19"," Michael J Penn","M63","UC38","384W-03YCK","08-25-2024","2024 U.S. Masters Swimming Summer National Championship"
"Men ","60-64","100","Freestyle","4","1:08.87"," Kevin Keating","M61","SMAC","384N-03ZAR","08-03-2024","Pacific Masters Swimming Long Course Championships"
"Men ","60-64","100","Freestyle","5","1:10.66"," Tim Miller","M61","STAN","384V-03HUE","08-03-2024","Pacific Masters Swimming Long Course Championships"
"Men ","60-64","100","Freestyle","6","1:12.98"," Michael Flegel","M61","LAC","384K-KRUKT","08-03-2024","Pacific Masters Swimming Long Course Championships"
"Men ","60-64","100","Freestyle","7","1:20.95"," Kevin Prochnow","M62","MAQ","3848-0B2K8","08-03-2024","Pacific Masters Swimming Long Course Championships"
"Men ","60-64","100","Freestyle","8","1:21.54"," Ken Mallon","M60","QSS","384E-0RBT8","08-03-2024","Pacific Masters Swimming Long Course Championships"
"Men ","60-64","100","Freestyle","9","1:25.30"," Jack Dapkewicz","M64","DAM","3849-07EKA","08-03-2024","Pacific Masters Swimming Long Course Championships"
"Men ","60-64","100","Freestyle","10","1:29.57"," BRAD O'Brien","M62","RHMS","384K-3EMVX","08-03-2024","Pacific Masters Swimming Long Course Championships"
"Men ","60-64","200","Freestyle","1","2:20.62"," Kanui Manley","M60","PSWIM","3845-2GU1H","08-24-2024","2024 U.S. Masters Swimming Summer National Championship"
"Men ","60-64","200","Freestyle","2","2:30.60"," David Spitzler","M61","BAC","384H-03VJ6","08-04-2024","Pacific Masters Swimming Long Course Championships"
"Men ","60-64","200","Freestyle","3","2:33.51"," Steven C Holtzman","M61","LNRS","384X-03ZHM","08-24-2024","2024 U.S. Masters Swimming Summer National Championship"
"Men ","60-64","200","Freestyle","4","2:34.91"," Ian E King","M62","WCM","3840-07M0V","08-24-2024","2024 U.S. Masters Swimming Summer National Championship"
"Men ","60-64","200","Freestyle","5","2:36.50"," Tim Miller","M61","STAN","384V-03HUE","08-04-2024","Pacific Masters Swimming Long Course Championships"
"Men ","60-64","200","Freestyle","6","2:43.84"," Ron Taylor","M64","RPM","3847-03MUP","08-04-2024","Pacific Masters Swimming Long Course Championships"
"Men ","60-64","200","Freestyle","7","2:46.93"," Michael Flegel","M61","LAC","384K-KRUKT","08-04-2024","Pacific Masters Swimming Long Course Championships"
"Men ","60-64","400","Freestyle","1","8:12.80"," Dan T Burbage-Macaluso","M61","SACMA","3845-63MRU","08-04-2024","Pacific Masters Swimming Long Course Championships"
"Men ","60-64","400","Freestyle","2","8:36.50"," Matt M Smith","M60","USF","3840-J4NX0","08-04-2024","Pacific Masters Swimming Long Course Championships"
"Men ","60-64","800","Freestyle","1","10:20.70"," David Spitzler","M61","BAC","384H-03VJ6","08-03-2024","Pacific Masters Swimming Long Course Championships"
"Men ","60-64","800","Freestyle","2","11:06.24"," Steven C Holtzman","M61","LNRS","384X-03ZHM","08-22-2024","2024 U.S. Masters Swimming Summer National Championship"
"Men ","60-64","800","Freestyle","3","11:22.74"," Ian E King","M62","WCM","3840-07M0V","08-22-2024","2024 U.S. Masters Swimming Summer National Championship"
"Men ","60-64","800","Freestyle","4","11:54.22"," Ron Taylor","M64","RPM","3847-03MUP","08-03-2024","Pacific Masters Swimming Long Course Championships"
"Men ","60-64","800","Freestyle","5","12:06.99"," Tim K Sheeper","M61","MELO","384X-03G4R","08-22-2024","2024 U.S. Masters Swimming Summer National Championship"
"Men ","60-64","800","Freestyle","6","16:07.18"," Dan T Burbage-Macaluso","M61","SACMA","3845-63MRU","08-03-2024","Pacific Masters Swimming Long Course Championships"
"Men ","60-64","1500","Freestyle","1","20:01.14"," David Spitzler","M61","BAC","384H-03VJ6","08-02-2024","Pacific Masters Swimming Long Course Championships"
"Men ","60-64","1500","Freestyle","2","20:27.60"," Chris J Tainty","M64","CRUZ","384K-03JCS","08-02-2024","Pacific Masters Swimming Long Course Championships"
"Men ","60-64","1500","Freestyle","3","20:47.46"," Michael Notaro","M62","MAM","384J-03ZSP","08-21-2024","2024 U.S. Masters Swimming Summer National Championship"
"Men ","60-64","1500","Freestyle","4","23:03.98"," Ron Taylor","M64","RPM","3847-03MUP","08-02-2024","Pacific Masters Swimming Long Course Championships"
"Men ","60-64","50","Backstroke","1","33.55"," Hector Chao","M60","WCM","384T-03FC4","08-03-2024","Pacific Masters Swimming Long Course Championships"
"Men ","60-64","50","Backstroke","2","33.91"," Kanui Manley","M60","PSWIM","3845-2GU1H","08-22-2024","2024 U.S. Masters Swimming Summer National Championship"
"Men ","60-64","50","Backstroke","3","34.86"," Daniel Tom","M60","MELO","3842-00105","08-22-2024","2024 U.S. Masters Swimming Summer National Championship"
"Men ","60-64","50","Backstroke","4","35.09"," Ron Taylor","M64","RPM","3847-03MUP","08-03-2024","Pacific Masters Swimming Long Course Championships"
"Men ","60-64","50","Backstroke","5","38.24"," Curtice Smith","M60","USF","384W-03G9E","08-03-2024","Pacific Masters Swimming Long Course Championships"
"Men ","60-64","50","Backstroke","6","38.32"," Tom T Nootbaar","M61","WCM","384R-03Y7M","08-03-2024","Pacific Masters Swimming Long Course Championships"
"Men ","60-64","50","Backstroke","7","39.56"," Greg L Laudenslager","M63","RHMS","384P-07N19","08-03-2024","Pacific Masters Swimming Long Course Championships"
"Men ","60-64","50","Backstroke","8","43.99"," Kevin Prochnow","M62","MAQ","3848-0B2K8","08-03-2024","Pacific Masters Swimming Long Course Championships"
"Men ","60-64","50","Backstroke","9","49.87"," Robert Suess","M63","RHMS","3842-06YXE","08-03-2024","Pacific Masters Swimming Long Course Championships"
"Men ","60-64","100","Backstroke","1","1:13.00"," Hector Chao","M60","WCM","384T-03FC4","08-25-2024","2024 U.S. Masters Swimming Summer National Championship"
"Men ","60-64","100","Backstroke","2","1:15.00"," Kanui Manley","M60","PSWIM","3845-2GU1H","08-25-2024","2024 U.S. Masters Swimming Summer National Championship"
"Men ","60-64","100","Backstroke","3","1:16.95"," Michael J Penn","M63","UC38","384W-03YCK","06-01-2024","OC Riptide Aquatics Masters LCM Meet"
"Men ","60-64","100","Backstroke","4","1:18.13"," Daniel Tom","M60","MELO","3842-00105","08-04-2024","Pacific Masters Swimming Long Course Championships"
"Men ","60-64","100","Backstroke","5","1:25.33"," Greg L Laudenslager","M63","RHMS","384P-07N19","08-04-2024","Pacific Masters Swimming Long Course Championships"
"Men ","60-64","100","Backstroke","6","1:26.46"," Ian E King","M62","WCM","3840-07M0V","08-25-2024","2024 U.S. Masters Swimming Summer National Championship"
"Men ","60-64","100","Backstroke","7","1:47.93"," Kevin Prochnow","M62","MAQ","3848-0B2K8","08-04-2024","Pacific Masters Swimming Long Course Championships"
"Men ","60-64","200","Backstroke","1","2:38.62"," Hector Chao","M60","WCM","384T-03FC4","08-23-2024","2024 U.S. Masters Swimming Summer National Championship"
"Men ","60-64","200","Backstroke","2","3:05.57"," Steven C Holtzman","M61","LNRS","384X-03ZHM","08-23-2024","2024 U.S. Masters Swimming Summer National Championship"
"Men ","60-64","200","Backstroke","3","3:07.55"," Curtice Smith","M60","USF","384W-03G9E","08-03-2024","Pacific Masters Swimming Long Course Championships"
"Men ","60-64","200","Backstroke","4","3:08.07"," Greg L Laudenslager","M63","RHMS","384P-07N19","08-03-2024","Pacific Masters Swimming Long Course Championships"
"Men ","60-64","200","Backstroke","5","3:09.73"," Ian E King","M62","WCM","3840-07M0V","08-23-2024","2024 U.S. Masters Swimming Summer National Championship"
"Men ","60-64","50","Breaststroke","1","34.89"," Daniel Tom","M60","MELO","3842-00105","08-04-2024","Pacific Masters Swimming Long Course Championships"
"Men ","60-64","50","Breaststroke","2","35.96"," Tim Miller","M61","STAN","384V-03HUE","08-23-2024","2024 U.S. Masters Swimming Summer National Championship"
"Men ","60-64","50","Breaststroke","3","38.08"," Greg L Laudenslager","M63","RHMS","384P-07N19","08-04-2024","Pacific Masters Swimming Long Course Championships"
"Men ","60-64","50","Breaststroke","4","42.11"," Jack Ewing","M64","USF","384E-03G17","08-04-2024","Pacific Masters Swimming Long Course Championships"
"Men ","60-64","50","Breaststroke","5","45.48"," Robert Suess","M63","RHMS","3842-06YXE","08-04-2024","Pacific Masters Swimming Long Course Championships"
"Men ","60-64","50","Breaststroke","6","47.83"," Ken Mallon","M60","QSS","384E-0RBT8","08-04-2024","Pacific Masters Swimming Long Course Championships"
"Men ","60-64","50","Breaststroke","7","53.82"," Kevin Prochnow","M62","MAQ","3848-0B2K8","08-04-2024","Pacific Masters Swimming Long Course Championships"
"Men ","60-64","100","Breaststroke","1","1:19.13"," Daniel Tom","M60","MELO","3842-00105","08-22-2024","2024 U.S. Masters Swimming Summer National Championship"
"Men ","60-64","100","Breaststroke","2","1:20.33"," Tim Miller","M61","STAN","384V-03HUE","08-22-2024","2024 U.S. Masters Swimming Summer National Championship"
"Men ","60-64","100","Breaststroke","3","1:28.16"," Greg L Laudenslager","M63","RHMS","384P-07N19","08-03-2024","Pacific Masters Swimming Long Course Championships"
"Men ","60-64","200","Breaststroke","1","3:02.00"," Tim Miller","M61","STAN","384V-03HUE","08-24-2024","2024 U.S. Masters Swimming Summer National Championship"
"Men ","60-64","200","Breaststroke","2","3:03.33"," Daniel Tom","M60","MELO","3842-00105","08-04-2024","Pacific Masters Swimming Long Course Championships"
"Men ","60-64","200","Breaststroke","3","3:19.85"," Greg L Laudenslager","M63","RHMS","384P-07N19","08-04-2024","Pacific Masters Swimming Long Course Championships"
"Men ","60-64","50","Butterfly","1","29.96"," Hector Chao","M60","WCM","384T-03FC4","08-23-2024","2024 U.S. Masters Swimming Summer National Championship"
"Men ","60-64","50","Butterfly","2","30.28"," Kanui Manley","M60","PSWIM","3845-2GU1H","08-23-2024","2024 U.S. Masters Swimming Summer National Championship"
"Men ","60-64","50","Butterfly","3","31.34"," Kevin Keating","M61","SMAC","384N-03ZAR","08-04-2024","Pacific Masters Swimming Long Course Championships"
"Men ","60-64","50","Butterfly","4","32.08"," Daniel Tom","M60","MELO","3842-00105","08-23-2024","2024 U.S. Masters Swimming Summer National Championship"
"Men ","60-64","50","Butterfly","5","33.4"," Curtice Smith","M60","USF","384W-03G9E","08-04-2024","Pacific Masters Swimming Long Course Championships"
"Men ","60-64","50","Butterfly","6","41.25"," Robert Suess","M63","RHMS","3842-06YXE","08-04-2024","Pacific Masters Swimming Long Course Championships"
"Men ","60-64","50","Butterfly","7","42.4"," Ken Mallon","M60","QSS","384E-0RBT8","08-04-2024","Pacific Masters Swimming Long Course Championships"
"Men ","60-64","100","Butterfly","1","1:09.37"," Hector Chao","M60","WCM","384T-03FC4","08-03-2024","Pacific Masters Swimming Long Course Championships"
"Men ","60-64","100","Butterfly","2","1:15.00"," Tom T Nootbaar","M61","WCM","384R-03Y7M","08-03-2024","Pacific Masters Swimming Long Course Championships"
"Men ","60-64","100","Butterfly","3","1:18.46"," Kevin Keating","M61","SMAC","384N-03ZAR","08-03-2024","Pacific Masters Swimming Long Course Championships"
"Men ","60-64","100","Butterfly","4","1:19.25"," Curtice Smith","M60","USF","384W-03G9E","08-03-2024","Pacific Masters Swimming Long Course Championships"
"Men ","60-64","200","Butterfly","1","3:21.27"," Ron Taylor","M64","RPM","3847-03MUP","08-04-2024","Pacific Masters Swimming Long Course Championships"
"Men ","60-64","200","Individual Medley","1","2:38.57"," Hector Chao","M60","WCM","384T-03FC4","08-22-2024","2024 U.S. Masters Swimming Summer National Championship"
"Men ","60-64","200","Individual Medley","2","2:56.78"," Curtice Smith","M60","USF","384W-03G9E","08-04-2024","Pacific Masters Swimming Long Course Championships"
"Men ","60-64","200","Individual Medley","3","3:36.38"," Jack Ewing","M64","USF","384E-03G17","08-04-2024","Pacific Masters Swimming Long Course Championships"
"Men ","60-64","200","Individual Medley","4","4:15.06"," Dan T Burbage-Macaluso","M61","SACMA","3845-63MRU","08-04-2024","Pacific Masters Swimming Long Course Championships"
"Men ","60-64","400","Individual Medley","1","6:16.31"," Curtice Smith","M60","USF","384W-03G9E","08-02-2024","Pacific Masters Swimming Long Course Championships"
"Men ","60-64","400","Individual Medley","2","7:03.30"," Craig Coombs","M64","USF","384C-03KM5","08-02-2024","Pacific Masters Swimming Long Course Championships"
"Men ","60-64","400","Individual Medley","3","7:08.19"," Ian E King","M62","WCM","3840-07M0V","08-23-2024","2024 U.S. Masters Swimming Summer National Championship"
"Men ","65-69","50","Freestyle","1","30.65"," Geoff Spellberg","M68","NBA","384V-03VD8","08-03-2024","Pacific Masters Swimming Long Course Championships"
"Men ","65-69","50","Freestyle","2","32.96"," Bob Braham","M65","BAYCL","3846-TKJKT","08-24-2024","2024 U.S. Masters Swimming Summer National Championship"
"Men ","65-69","50","Freestyle","3","34.22"," Peter T Levikow","M65","PSWIM","3843-03S4S","07-07-2024","Silver State Masters LCM"
"Men ","65-69","50","Freestyle","4","34.85"," Clinton White","M65","UC38","384D-03KR9","07-06-2024","Pacific Northwest Masters LCM Summer Meet"
"Men ","65-69","50","Freestyle","5","36.81"," James E Cochrane","M66","RHMS","384H-03JSN","08-03-2024","Pacific Masters Swimming Long Course Championships"
"Men ","65-69","50","Freestyle","6","39.05"," Robert L Anderson","M69","MELO","384P-05SKS","06-22-2024","2024 SLOS Firecracker Invitational"
"Men ","65-69","50","Freestyle","7","41.13"," Dominique P Goupil","M69","FREM","384W-03VVM","08-03-2024","Pacific Masters Swimming Long Course Championships"
"Men ","65-69","50","Freestyle","8","42"," Maynard Geisler","M65","TAM","384T-0ADP5","08-03-2024","Pacific Masters Swimming Long Course Championships"
"Men ","65-69","50","Freestyle","9","42.89"," Jerry J Thompson","M66","RHMS","384D-07GR1","08-03-2024","Pacific Masters Swimming Long Course Championships"
"Men ","65-69","100","Freestyle","1","1:06.56"," Steve Cutting","M67","MAM","384X-03MEE","08-25-2024","2024 U.S. Masters Swimming Summer National Championship"
"Men ","65-69","100","Freestyle","2","1:11.08"," Geoff Spellberg","M68","NBA","384V-03VD8","07-20-2024","2024 PanAm Aquatics Masters Championships"
"Men ","65-69","100","Freestyle","3","1:12.14"," Christopher J Rock","M65","DAM","384Z-03KFE","08-03-2024","Pacific Masters Swimming Long Course Championships"
"Men ","65-69","100","Freestyle","4","1:15.52"," Jeffrey Citron","M69","MEMO","384J-03RPY","08-03-2024","Pacific Masters Swimming Long Course Championships"
"Men ","65-69","100","Freestyle","5","1:21.61"," Michael A Maritzen","M68","RHMS","3849-03XEM","08-03-2024","Pacific Masters Swimming Long Course Championships"
"Men ","65-69","100","Freestyle","6","2:01.78"," Phil J Diers","M67","TSUN","384H-06ABK","08-03-2024","Pacific Masters Swimming Long Course Championships"
"Men ","65-69","200","Freestyle","1","2:29.87"," Steve Cutting","M67","MAM","384X-03MEE","08-24-2024","2024 U.S. Masters Swimming Summer National Championship"
"Men ","65-69","200","Freestyle","2","2:41.60"," Geoff Spellberg","M68","NBA","384V-03VD8","07-19-2024","2024 PanAm Aquatics Masters Championships"
"Men ","65-69","200","Freestyle","3","2:43.70"," Kerry O'Brien","M67","WCM","384S-03FX6","08-04-2024","Pacific Masters Swimming Long Course Championships"
"Men ","65-69","200","Freestyle","4","2:45.57"," Chris Wagner","M65","USF","384A-03TR0","08-04-2024","Pacific Masters Swimming Long Course Championships"
"Men ","65-69","200","Freestyle","5","2:46.29"," David S Kemler","M66","WCM","384Z-0010C","08-04-2024","Pacific Masters Swimming Long Course Championships"
"Men ","65-69","200","Freestyle","6","2:46.37"," Lance E Halsted","M65","DAM","3847-03GEE","08-04-2024","Pacific Masters Swimming Long Course Championships"
"Men ","65-69","200","Freestyle","7","2:55.53"," Mark Schwartz","M66","DAM","3848-03GDY","08-04-2024","Pacific Masters Swimming Long Course Championships"
"Men ","65-69","200","Freestyle","8","3:02.39"," Robert L Anderson","M69","MELO","384P-05SKS","06-22-2024","2024 SLOS Firecracker Invitational"
"Men ","65-69","200","Freestyle","9","3:11.94"," Michael A Maritzen","M68","RHMS","3849-03XEM","08-04-2024","Pacific Masters Swimming Long Course Championships"
"Men ","65-69","200","Freestyle","10","3:24.01"," Eric Hektner","M66","SMAC","384W-09FUM","08-04-2024","Pacific Masters Swimming Long Course Championships"
"Men ","65-69","200","Freestyle","11","3:46.69"," Syd Williams","M69","USF","384Y-042AV","08-04-2024","Pacific Masters Swimming Long Course Championships"
"Men ","65-69","200","Freestyle","12","4:39.78"," Phil J Diers","M67","TSUN","384H-06ABK","08-04-2024","Pacific Masters Swimming Long Course Championships"
"Men ","65-69","400","Freestyle","1","5:42.02"," Chris Wagner","M65","USF","384A-03TR0","08-04-2024","Pacific Masters Swimming Long Course Championships"
"Men ","65-69","400","Freestyle","2","5:43.32"," Christopher J Rock","M65","DAM","384Z-03KFE","08-04-2024","Pacific Masters Swimming Long Course Championships"
"Men ","65-69","400","Freestyle","3","5:55.86"," Lance E Halsted","M65","DAM","3847-03GEE","08-04-2024","Pacific Masters Swimming Long Course Championships"
"Men ","65-69","400","Freestyle","4","5:58.99"," David S Kemler","M66","WCM","384Z-0010C","08-04-2024","Pacific Masters Swimming Long Course Championships"
"Men ","65-69","400","Freestyle","5","6:46.19"," Robert L Anderson","M69","MELO","384P-05SKS","","Pacific Masters Swimming Long Course Championships"
"Men ","65-69","400","Freestyle","6","9:06.72"," Stephen L Young","M66","USF","3849-06M9U","08-04-2024","Pacific Masters Swimming Long Course Championships"
"Men ","65-69","800","Freestyle","1","12:05.28"," David S Kemler","M66","WCM","384Z-0010C","08-03-2024","Pacific Masters Swimming Long Course Championships"
"Men ","65-69","800","Freestyle","2","12:06.69"," Chris Wagner","M65","USF","384A-03TR0","08-03-2024","Pacific Masters Swimming Long Course Championships"
"Men ","65-69","800","Freestyle","3","12:36.45"," Geoff Spellberg","M68","NBA","384V-03VD8","08-03-2024","Pacific Masters Swimming Long Course Championships"
"Men ","65-69","800","Freestyle","4","12:38.15"," Jeffrey Citron","M69","MEMO","384J-03RPY","08-03-2024","Pacific Masters Swimming Long Course Championships"
"Men ","65-69","800","Freestyle","5","13:34.07"," Robert L Anderson","M69","MELO","384P-05SKS","08-03-2024","Pacific Masters Swimming Long Course Championships"
"Men ","65-69","800","Freestyle","6","14:24.57"," Michael A Maritzen","M68","RHMS","3849-03XEM","08-03-2024","Pacific Masters Swimming Long Course Championships"
"Men ","65-69","800","Freestyle","7","19:24.66"," Stephen L Young","M66","USF","3849-06M9U","08-03-2024","Pacific Masters Swimming Long Course Championships"
"Men ","65-69","1500","Freestyle","1","22:47.68"," Chris Wagner","M65","USF","384A-03TR0","08-02-2024","Pacific Masters Swimming Long Course Championships"
"Men ","65-69","1500","Freestyle","2","24:04.48"," Jeffrey Citron","M69","MEMO","384J-03RPY","08-02-2024","Pacific Masters Swimming Long Course Championships"
"Men ","65-69","1500","Freestyle","3","25:28.06"," David L Woodruff","M68","DAM","384N-03HFT","08-02-2024","Pacific Masters Swimming Long Course Championships"
"Men ","65-69","1500","Freestyle","4","27:23.22"," Michael A Maritzen","M68","RHMS","3849-03XEM","08-02-2024","Pacific Masters Swimming Long Course Championships"
"Men ","65-69","1500","Freestyle","5","40:22.70"," Stephen L Young","M66","USF","3849-06M9U","08-02-2024","Pacific Masters Swimming Long Course Championships"
"Men ","65-69","50","Backstroke","1","36.81"," Steve Cutting","M67","MAM","384X-03MEE","08-22-2024","2024 U.S. Masters Swimming Summer National Championship"
"Men ","65-69","50","Backstroke","2","45.49"," Clinton White","M65","UC38","384D-03KR9","07-07-2024","Pacific Northwest Masters LCM Summer Meet"
"Men ","65-69","50","Backstroke","3","46.37"," David L Woodruff","M68","DAM","384N-03HFT","08-03-2024","Pacific Masters Swimming Long Course Championships"
"Men ","65-69","50","Backstroke","4","49.2"," James E Cochrane","M66","RHMS","384H-03JSN","08-03-2024","Pacific Masters Swimming Long Course Championships"
"Men ","65-69","50","Backstroke","5","52.04"," Dominique P Goupil","M69","FREM","384W-03VVM","08-03-2024","Pacific Masters Swimming Long Course Championships"
"Men ","65-69","50","Backstroke","6","54.27"," Jerry J Thompson","M66","RHMS","384D-07GR1","08-03-2024","Pacific Masters Swimming Long Course Championships"
"Men ","65-69","100","Backstroke","1","1:18.05"," Steve Cutting","M67","MAM","384X-03MEE","08-25-2024","2024 U.S. Masters Swimming Summer National Championship"
"Men ","65-69","100","Backstroke","2","1:23.54"," Chris Wagner","M65","USF","384A-03TR0","08-04-2024","Pacific Masters Swimming Long Course Championships"
"Men ","65-69","100","Backstroke","3","1:25.03"," Christopher J Rock","M65","DAM","384Z-03KFE","08-04-2024","Pacific Masters Swimming Long Course Championships"
"Men ","65-69","100","Backstroke","4","1:41.58"," Michael A Maritzen","M68","RHMS","3849-03XEM","08-04-2024","Pacific Masters Swimming Long Course Championships"
"Men ","65-69","100","Backstroke","5","1:43.05"," Mark Schwartz","M66","DAM","3848-03GDY","08-04-2024","Pacific Masters Swimming Long Course Championships"
"Men ","65-69","100","Backstroke","6","1:54.04"," James E Cochrane","M66","RHMS","384H-03JSN","08-04-2024","Pacific Masters Swimming Long Course Championships"
"Men ","65-69","100","Backstroke","7","1:55.73"," Dominique P Goupil","M69","FREM","384W-03VVM","08-04-2024","Pacific Masters Swimming Long Course Championships"
"Men ","65-69","200","Backstroke","1","2:46.61"," Steve Cutting","M67","MAM","384X-03MEE","08-23-2024","2024 U.S. Masters Swimming Summer National Championship"
"Men ","65-69","200","Backstroke","2","3:03.27"," David S Kemler","M66","WCM","384Z-0010C","08-03-2024","Pacific Masters Swimming Long Course Championships"
"Men ","65-69","200","Backstroke","3","3:04.36"," Chris Wagner","M65","USF","384A-03TR0","08-03-2024","Pacific Masters Swimming Long Course Championships"
"Men ","65-69","200","Backstroke","4","3:07.60"," Christopher J Rock","M65","DAM","384Z-03KFE","08-03-2024","Pacific Masters Swimming Long Course Championships"
"Men ","65-69","200","Backstroke","5","3:22.69"," Jeffrey Citron","M69","MEMO","384J-03RPY","08-03-2024","Pacific Masters Swimming Long Course Championships"
"Men ","65-69","200","Backstroke","6","4:56.60"," Stephen L Young","M66","USF","3849-06M9U","08-03-2024","Pacific Masters Swimming Long Course Championships"
"Men ","65-69","50","Breaststroke","1","41.02"," Peter T Levikow","M65","PSWIM","3843-03S4S","07-07-2024","Silver State Masters LCM"
"Men ","65-69","50","Breaststroke","2","41.11"," Michael Amaya","M67","SLTM","384D-FTVXF","08-23-2024","2024 U.S. Masters Swimming Summer National Championship"
"Men ","65-69","50","Breaststroke","3","42.04"," Bill Tulin","M66","TAM","3848-03TYP","08-04-2024","Pacific Masters Swimming Long Course Championships"
"Men ","65-69","50","Breaststroke","4","42.43"," Robert L Anderson","M69","MELO","384P-05SKS","08-04-2024","Pacific Masters Swimming Long Course Championships"
"Men ","65-69","50","Breaststroke","5","42.91"," Bob Braham","M65","BAYCL","3846-TKJKT","08-04-2024","Pacific Masters Swimming Long Course Championships"
"Men ","65-69","50","Breaststroke","6","45.47"," David L Woodruff","M68","DAM","384N-03HFT","08-04-2024","Pacific Masters Swimming Long Course Championships"
"Men ","65-69","50","Breaststroke","7","46.77"," John C Cottingham","M65","LGSR","384G-NMZXX","08-04-2024","Pacific Masters Swimming Long Course Championships"
"Men ","65-69","50","Breaststroke","8","46.85"," Eric Hektner","M66","SMAC","384W-09FUM","08-04-2024","Pacific Masters Swimming Long Course Championships"
"Men ","65-69","50","Breaststroke","9","50.21"," Maynard Geisler","M65","TAM","384T-0ADP5","08-04-2024","Pacific Masters Swimming Long Course Championships"
"Men ","65-69","50","Breaststroke","10","52.9"," Syd Williams","M69","USF","384Y-042AV","08-04-2024","Pacific Masters Swimming Long Course Championships"
"Men ","65-69","50","Breaststroke","11","54.61"," Jerry J Thompson","M66","RHMS","384D-07GR1","08-04-2024","Pacific Masters Swimming Long Course Championships"
"Men ","65-69","50","Breaststroke","12","1:09.35"," Phil J Diers","M67","TSUN","384H-06ABK","08-04-2024","Pacific Masters Swimming Long Course Championships"
"Men ","65-69","100","Breaststroke","1","1:31.59"," Michael Amaya","M67","SLTM","384D-FTVXF","08-22-2024","2024 U.S. Masters Swimming Summer National Championship"
"Men ","65-69","100","Breaststroke","2","1:37.51"," Peter T Levikow","M65","PSWIM","3843-03S4S","07-07-2024","Silver State Masters LCM"
"Men ","65-69","100","Breaststroke","3","1:38.24"," Robert L Anderson","M69","MELO","384P-05SKS","08-22-2024","2024 U.S. Masters Swimming Summer National Championship"
"Men ","65-69","100","Breaststroke","4","1:41.92"," David L Woodruff","M68","DAM","384N-03HFT","08-03-2024","Pacific Masters Swimming Long Course Championships"
"Men ","65-69","100","Breaststroke","5","1:48.98"," Dominique P Goupil","M69","FREM","384W-03VVM","08-03-2024","Pacific Masters Swimming Long Course Championships"
"Men ","65-69","100","Breaststroke","6","2:34.20"," Phil J Diers","M67","TSUN","384H-06ABK","08-03-2024","Pacific Masters Swimming Long Course Championships"
"Men ","65-69","100","Breaststroke","7","2:47.71"," Stephen L Young","M66","USF","3849-06M9U","08-03-2024","Pacific Masters Swimming Long Course Championships"
"Men ","65-69","200","Breaststroke","1","3:38.54"," Bob Braham","M65","BAYCL","3846-TKJKT","08-04-2024","Pacific Masters Swimming Long Course Championships"
"Men ","65-69","200","Breaststroke","2","3:45.00"," Robert L Anderson","M69","MELO","384P-05SKS","08-04-2024","Pacific Masters Swimming Long Course Championships"
"Men ","65-69","200","Breaststroke","3","4:01.47"," Dominique P Goupil","M69","FREM","384W-03VVM","08-04-2024","Pacific Masters Swimming Long Course Championships"
"Men ","65-69","200","Breaststroke","4","4:03.35"," Eric Hektner","M66","SMAC","384W-09FUM","08-04-2024","Pacific Masters Swimming Long Course Championships"
"Men ","65-69","200","Breaststroke","5","4:06.15"," Syd Williams","M69","USF","384Y-042AV","08-04-2024","Pacific Masters Swimming Long Course Championships"
"Men ","65-69","200","Breaststroke","6","5:59.93"," Stephen L Young","M66","USF","3849-06M9U","08-04-2024","Pacific Masters Swimming Long Course Championships"
"Men ","65-69","50","Butterfly","1","33.41"," Geoff Spellberg","M68","NBA","384V-03VD8","07-19-2024","2024 PanAm Aquatics Masters Championships"
"Men ","65-69","50","Butterfly","2","36.4"," Kerry O'Brien","M67","WCM","384S-03FX6","08-04-2024","Pacific Masters Swimming Long Course Championships"
"Men ","65-69","50","Butterfly","3","36.59"," John C Cottingham","M65","LGSR","384G-NMZXX","08-04-2024","Pacific Masters Swimming Long Course Championships"
"Men ","65-69","50","Butterfly","4","37.77"," Lance E Halsted","M65","DAM","3847-03GEE","08-04-2024","Pacific Masters Swimming Long Course Championships"
"Men ","65-69","50","Butterfly","5","39.87"," Peter T Levikow","M65","PSWIM","3843-03S4S","07-07-2024","Silver State Masters LCM"
"Men ","65-69","50","Butterfly","6","39.93"," Mark Schwartz","M66","DAM","3848-03GDY","08-04-2024","Pacific Masters Swimming Long Course Championships"
"Men ","65-69","50","Butterfly","7","40.06"," Clinton White","M65","UC38","384D-03KR9","07-06-2024","Pacific Northwest Masters LCM Summer Meet"
"Men ","65-69","50","Butterfly","8","41.36"," David L Woodruff","M68","DAM","384N-03HFT","08-04-2024","Pacific Masters Swimming Long Course Championships"
"Men ","65-69","100","Butterfly","1","1:26.82"," Geoff Spellberg","M68","NBA","384V-03VD8","08-03-2024","Pacific Masters Swimming Long Course Championships"
"Men ","65-69","100","Butterfly","2","1:39.65"," Robert L Anderson","M69","MELO","384P-05SKS","08-03-2024","Pacific Masters Swimming Long Course Championships"
"Men ","65-69","200","Butterfly","1","3:46.75"," Robert L Anderson","M69","MELO","384P-05SKS","08-04-2024","Pacific Masters Swimming Long Course Championships"
"Men ","65-69","200","Individual Medley","1","2:51.05"," Steve Cutting","M67","MAM","384X-03MEE","08-22-2024","2024 U.S. Masters Swimming Summer National Championship"
"Men ","65-69","200","Individual Medley","2","3:03.69"," Christopher J Rock","M65","DAM","384Z-03KFE","08-04-2024","Pacific Masters Swimming Long Course Championships"
"Men ","65-69","200","Individual Medley","3","3:13.44"," David S Kemler","M66","WCM","384Z-0010C","08-04-2024","Pacific Masters Swimming Long Course Championships"
"Men ","65-69","200","Individual Medley","4","3:33.17"," Robert L Anderson","M69","MELO","384P-05SKS","08-22-2024","2024 U.S. Masters Swimming Summer National Championship"
"Men ","65-69","200","Individual Medley","5","5:29.24"," Phil J Diers","M67","TSUN","384H-06ABK","08-04-2024","Pacific Masters Swimming Long Course Championships"
"Men ","65-69","400","Individual Medley","1","6:57.22"," David S Kemler","M66","WCM","384Z-0010C","08-02-2024","Pacific Masters Swimming Long Course Championships"
"Men ","65-69","400","Individual Medley","2","7:47.41"," Robert L Anderson","M69","MELO","384P-05SKS","08-23-2024","2024 U.S. Masters Swimming Summer National Championship"
"Men ","70-74","50","Freestyle","1","30.29"," Craig M Ottersen","M72","PT","384Z-03F6T","08-24-2024","2024 U.S. Masters Swimming Summer National Championship"
"Men ","70-74","50","Freestyle","2","30.37"," Eric D Van Boer","M70","RHMS","384R-03J4C","08-03-2024","Pacific Masters Swimming Long Course Championships"
"Men ","70-74","50","Freestyle","3","31.45"," Lee D Haris","M70","TOC","384E-079BY","08-24-2024","2024 U.S. Masters Swimming Summer National Championship"
"Men ","70-74","50","Freestyle","4","33.42"," John T Foote","M74","TAM","384Y-03F8V","08-24-2024","2024 U.S. Masters Swimming Summer National Championship"
"Men ","70-74","50","Freestyle","5","35.64"," Robert E Durell","M73","ALB","384U-0804F","08-03-2024","Pacific Masters Swimming Long Course Championships"
"Men ","70-74","50","Freestyle","6","35.8"," Alan Welco","M70","UC38","384V-08878","07-07-2024","Silver State Masters LCM"
"Men ","70-74","50","Freestyle","7","36.11"," Stephen C Baker","M70","PSWIM","384G-03K52","07-07-2024","Silver State Masters LCM"
"Men ","70-74","50","Freestyle","8","37.57"," Steve Lintz","M74","SNM","384G-03J0F","07-07-2024","Silver State Masters LCM"
"Men ","70-74","50","Freestyle","9","41.27"," Andre Au","M71","ALB","384J-08B6Y","08-03-2024","Pacific Masters Swimming Long Course Championships"
"Men ","70-74","100","Freestyle","1","1:14.50"," Lee D Haris","M70","TOC","384E-079BY","07-18-2024","2024 Pan-American Masters Games"
"Men ","70-74","100","Freestyle","2","1:18.52"," John T Foote","M74","TAM","384Y-03F8V","08-25-2024","2024 U.S. Masters Swimming Summer National Championship"
"Men ","70-74","100","Freestyle","3","1:18.70"," Stephen A Small","M72","MEMO","384F-03GV2","","Pacific Masters Swimming Long Course Championships"
"Men ","70-74","100","Freestyle","4","1:25.13"," Stuart L Kahn","M71","DAM","3844-03YFZ","","Pacific Masters Swimming Long Course Championships"
"Men ","70-74","100","Freestyle","5","1:26.97"," Steve Lintz","M74","SNM","384G-03J0F","07-07-2024","Silver State Masters LCM"
"Men ","70-74","100","Freestyle","6","1:29.13"," Robert E Durell","M73","ALB","384U-0804F","08-03-2024","Pacific Masters Swimming Long Course Championships"
"Men ","70-74","200","Freestyle","1","2:42.02"," Eric D Van Boer","M70","RHMS","384R-03J4C","08-04-2024","Pacific Masters Swimming Long Course Championships"
"Men ","70-74","200","Freestyle","2","2:44.65"," Gordon E Bell","M72","WCM","384B-03K0J","08-04-2024","Pacific Masters Swimming Long Course Championships"
"Men ","70-74","200","Freestyle","3","2:53.56"," Stuart L Kahn","M71","DAM","3844-03YFZ","08-04-2024","Pacific Masters Swimming Long Course Championships"
"Men ","70-74","200","Freestyle","4","2:56.56"," Paul A Virtue","M73","USF","384R-03S11","08-04-2024","Pacific Masters Swimming Long Course Championships"
"Men ","70-74","200","Freestyle","5","2:57.28"," Stephen A Small","M72","MEMO","384F-03GV2","08-04-2024","Pacific Masters Swimming Long Course Championships"
"Men ","70-74","200","Freestyle","6","3:47.32"," Doug Senz","M72","MEMO","384K-S6PJ5","08-04-2024","Pacific Masters Swimming Long Course Championships"
"Men ","70-74","400","Freestyle","1","5:47.67"," Lee D Haris","M70","TOC","384E-079BY","07-18-2024","2024 Pan-American Masters Games"
"Men ","70-74","400","Freestyle","2","5:50.92"," Gordon E Bell","M72","WCM","384B-03K0J","08-04-2024","Pacific Masters Swimming Long Course Championships"
"Men ","70-74","400","Freestyle","3","6:25.68"," Stephen A Small","M72","MEMO","384F-03GV2","","Pacific Masters Swimming Long Course Championships"
"Men ","70-74","400","Freestyle","4","7:11.59"," Gary D Ruff","M71","NBA","384T-03NBY","","2024 World Aquatics Masters Championships"
"Men ","70-74","400","Freestyle","5","7:52.14"," Doug Senz","M72","MEMO","384K-S6PJ5","08-04-2024","Pacific Masters Swimming Long Course Championships"
"Men ","70-74","800","Freestyle","1","11:48.26"," Lee D Haris","M70","TOC","384E-079BY","07-17-2024","2024 Pan-American Masters Games"
"Men ","70-74","800","Freestyle","2","11:55.99"," Gordon E Bell","M72","WCM","384B-03K0J","08-03-2024","Pacific Masters Swimming Long Course Championships"
"Men ","70-74","800","Freestyle","3","12:58.51"," Stephen A Small","M72","MEMO","384F-03GV2","","Pacific Masters Swimming Long Course Championships"
"Men ","70-74","800","Freestyle","4","13:01.93"," Stuart L Kahn","M71","DAM","3844-03YFZ","","Pacific Masters Swimming Long Course Championships"
"Men ","70-74","800","Freestyle","5","15:10.33"," Gary D Ruff","M71","NBA","384T-03NBY","","2024 World Aquatics Masters Championships"
"Men ","70-74","1500","Freestyle","1","22:47.21"," Gordon E Bell","M72","WCM","384B-03K0J","08-02-2024","Pacific Masters Swimming Long Course Championships"
"Men ","70-74","1500","Freestyle","2","23:46.24"," Paul A Virtue","M73","USF","384R-03S11","08-02-2024","Pacific Masters Swimming Long Course Championships"
"Men ","70-74","1500","Freestyle","3","24:12.45"," Stephen A Small","M72","MEMO","384F-03GV2","08-02-2024","Pacific Masters Swimming Long Course Championships"
"Men ","70-74","1500","Freestyle","4","24:22.59"," Stuart L Kahn","M71","DAM","3844-03YFZ","08-02-2024","Pacific Masters Swimming Long Course Championships"
"Men ","70-74","1500","Freestyle","5","26:30.63"," Dan Winterrowd","M74","MEMO","3841-03JZ6","08-02-2024","Pacific Masters Swimming Long Course Championships"
"Men ","70-74","1500","Freestyle","6","32:10.26"," Doug Senz","M72","MEMO","384K-S6PJ5","08-02-2024","Pacific Masters Swimming Long Course Championships"
"Men ","70-74","50","Backstroke","1","36.61"," Eric D Van Boer","M70","RHMS","384R-03J4C","08-03-2024","Pacific Masters Swimming Long Course Championships"
"Men ","70-74","50","Backstroke","2","40.08"," John T Foote","M74","TAM","384Y-03F8V","08-22-2024","2024 U.S. Masters Swimming Summer National Championship"
"Men ","70-74","50","Backstroke","3","46.98"," Jeff Johanson","M70","BHAM","384P-770UG","07-07-2024","Silver State Masters LCM"
"Men ","70-74","50","Backstroke","4","47.8"," Steve Lintz","M74","SNM","384G-03J0F","07-07-2024","Silver State Masters LCM"
"Men ","70-74","50","Backstroke","5","48.83"," Robert E Durell","M73","ALB","384U-0804F","08-03-2024","Pacific Masters Swimming Long Course Championships"
"Men ","70-74","50","Backstroke","6","1:03.76"," Andre Au","M71","ALB","384J-08B6Y","08-03-2024","Pacific Masters Swimming Long Course Championships"
"Men ","70-74","100","Backstroke","1","1:22.85"," Eric D Van Boer","M70","RHMS","384R-03J4C","08-04-2024","Pacific Masters Swimming Long Course Championships"
"Men ","70-74","100","Backstroke","2","1:38.60"," Jeff Johanson","M70","BHAM","384P-770UG","08-04-2024","Pacific Masters Swimming Long Course Championships"
"Men ","70-74","100","Backstroke","3","1:40.84"," Stephen A Small","M72","MEMO","384F-03GV2","","Pacific Masters Swimming Long Course Championships"
"Men ","70-74","100","Backstroke","4","1:48.95"," Steve Lintz","M74","SNM","384G-03J0F","07-07-2024","Silver State Masters LCM"
"Men ","70-74","200","Backstroke","1","3:07.35"," Eric D Van Boer","M70","RHMS","384R-03J4C","08-03-2024","Pacific Masters Swimming Long Course Championships"
"Men ","70-74","200","Backstroke","2","3:27.47"," Jeff Johanson","M70","BHAM","384P-770UG","08-23-2024","2024 U.S. Masters Swimming Summer National Championship"
"Men ","70-74","200","Backstroke","3","3:38.42"," Stephen A Small","M72","MEMO","384F-03GV2","08-03-2024","Pacific Masters Swimming Long Course Championships"
"Men ","70-74","200","Backstroke","4","5:08.25"," Louis G Ceci","M74","TSUN","3841-03VNM","08-23-2024","2024 U.S. Masters Swimming Summer National Championship"
"Men ","70-74","50","Breaststroke","1","37.47"," Craig M Ottersen","M72","PT","384Z-03F6T","08-04-2024","Pacific Masters Swimming Long Course Championships"
"Men ","70-74","50","Breaststroke","2","45.41"," Jeff Johanson","M70","BHAM","384P-770UG","08-23-2024","2024 U.S. Masters Swimming Summer National Championship"
"Men ","70-74","50","Breaststroke","3","46.54"," Stephen C Baker","M70","PSWIM","384G-03K52","07-07-2024","Silver State Masters LCM"
"Men ","70-74","50","Breaststroke","4","46.68"," John T Foote","M74","TAM","384Y-03F8V","08-23-2024","2024 U.S. Masters Swimming Summer National Championship"
"Men ","70-74","50","Breaststroke","5","57.66"," Andre Au","M71","ALB","384J-08B6Y","08-04-2024","Pacific Masters Swimming Long Course Championships"
"Men ","70-74","100","Breaststroke","1","1:25.66"," Craig M Ottersen","M72","PT","384Z-03F6T","08-22-2024","2024 U.S. Masters Swimming Summer National Championship"
"Men ","70-74","100","Breaststroke","2","1:44.93"," Jeff Johanson","M70","BHAM","384P-770UG","08-03-2024","Pacific Masters Swimming Long Course Championships"
"Men ","70-74","100","Breaststroke","3","1:45.00"," Stephen C Baker","M70","PSWIM","384G-03K52","07-07-2024","Silver State Masters LCM"
"Men ","70-74","200","Breaststroke","1","3:46.27"," Gordon E Bell","M72","WCM","384B-03K0J","08-04-2024","Pacific Masters Swimming Long Course Championships"
"Men ","70-74","200","Breaststroke","2","3:47.47"," Jeff Johanson","M70","BHAM","384P-770UG","08-24-2024","2024 U.S. Masters Swimming Summer National Championship"
"Men ","70-74","200","Breaststroke","3","4:01.14"," Stephen A Small","M72","MEMO","384F-03GV2","08-04-2024","Pacific Masters Swimming Long Course Championships"
"Men ","70-74","200","Breaststroke","4","4:04.96"," Stephen C Baker","M70","PSWIM","384G-03K52","07-07-2024","Silver State Masters LCM"
"Men ","70-74","200","Breaststroke","5","4:48.96"," Louis G Ceci","M74","TSUN","3841-03VNM","08-24-2024","2024 U.S. Masters Swimming Summer National Championship"
"Men ","70-74","50","Butterfly","1","32.28"," Craig M Ottersen","M72","PT","384Z-03F6T","08-23-2024","2024 U.S. Masters Swimming Summer National Championship"
"Men ","70-74","50","Butterfly","2","34.15"," Eric D Van Boer","M70","RHMS","384R-03J4C","08-04-2024","Pacific Masters Swimming Long Course Championships"
"Men ","70-74","50","Butterfly","3","35.34"," Stuart L Kahn","M71","DAM","3844-03YFZ","08-04-2024","Pacific Masters Swimming Long Course Championships"
"Men ","70-74","50","Butterfly","4","36.4"," John T Foote","M74","TAM","384Y-03F8V","08-23-2024","2024 U.S. Masters Swimming Summer National Championship"
"Men ","70-74","50","Butterfly","5","39.99"," Alan Welco","M70","UC38","384V-08878","07-07-2024","Silver State Masters LCM"
"Men ","70-74","50","Butterfly","6","43.86"," Gordon E Bell","M72","WCM","384B-03K0J","08-04-2024","Pacific Masters Swimming Long Course Championships"
"Men ","70-74","50","Butterfly","7","45.62"," Jeff Johanson","M70","BHAM","384P-770UG","08-23-2024","2024 U.S. Masters Swimming Summer National Championship"
"Men ","70-74","100","Butterfly","1","1:58.68"," Stephen A Small","M72","MEMO","384F-03GV2","","Pacific Masters Swimming Long Course Championships"
"Men ","70-74","200","Butterfly","1","5:38.29"," Louis G Ceci","M74","TSUN","3841-03VNM","08-25-2024","2024 U.S. Masters Swimming Summer National Championship"
"Men ","70-74","200","Individual Medley","1","2:56.76"," Craig M Ottersen","M72","PT","384Z-03F6T","08-22-2024","2024 U.S. Masters Swimming Summer National Championship"
"Men ","70-74","200","Individual Medley","2","3:31.37"," Jeff Johanson","M70","BHAM","384P-770UG","08-04-2024","Pacific Masters Swimming Long Course Championships"
"Men ","70-74","200","Individual Medley","3","3:31.58"," Stephen A Small","M72","MEMO","384F-03GV2","08-04-2024","Pacific Masters Swimming Long Course Championships"
"Men ","70-74","400","Individual Medley","1","7:38.02"," Stephen A Small","M72","MEMO","384F-03GV2","08-02-2024","Pacific Masters Swimming Long Course Championships"
"Men ","70-74","400","Individual Medley","2","9:42.58"," Louis G Ceci","M74","TSUN","3841-03VNM","08-23-2024","2024 U.S. Masters Swimming Summer National Championship"
"Men ","75-79","50","Freestyle","1","32.27"," Alan D Bernard","M75","TAM","384S-06T01","08-03-2024","Pacific Masters Swimming Long Course Championships"
"Men ","75-79","50","Freestyle","2","34.61"," Wes Ashford","M76","PSWIM","3840-08F64","08-03-2024","Pacific Masters Swimming Long Course Championships"
"Men ","75-79","50","Freestyle","3","34.72"," Frederick J Dorey","M75","TOC","3840-03KJ8","08-24-2024","2024 U.S. Masters Swimming Summer National Championship"
"Men ","75-79","50","Freestyle","4","35.09"," Andrew M McPherson","M77","DAM","384M-03GXT","08-03-2024","Pacific Masters Swimming Long Course Championships"
"Men ","75-79","50","Freestyle","5","35.3"," Edward Rudloff","M77","TOC","384J-03J62","08-24-2024","2024 U.S. Masters Swimming Summer National Championship"
"Men ","75-79","50","Freestyle","6","36.31"," Dennis K Clancy","M76","UC38","3841-034NV","08-24-2024","2024 U.S. Masters Swimming Summer National Championship"
"Men ","75-79","50","Freestyle","7","38.23"," Rob Firmin","M76","ALB","3844-0B1BY","08-03-2024","Pacific Masters Swimming Long Course Championships"
"Men ","75-79","50","Freestyle","8","38.74"," Gary T Fitschen","M79","MAM","384K-03HPJ","08-03-2024","Pacific Masters Swimming Long Course Championships"
"Men ","75-79","50","Freestyle","9","39.19"," Larry Daniels","M79","TCAM","384G-03HWV","07-07-2024","Silver State Masters LCM"
"Men ","75-79","50","Freestyle","10","51.3"," Lance Wiscomb","M79","USF","3845-03GAS","08-03-2024","Pacific Masters Swimming Long Course Championships"
"Men ","75-79","50","Freestyle","11","54.3"," Donald A Pierce","M79","RHMS","384H-03KMG","08-03-2024","Pacific Masters Swimming Long Course Championships"
"Men ","75-79","50","Freestyle","12","1:04.78"," Michael Wingerath","M79","CMAM","384C-0YRMX","08-03-2024","Pacific Masters Swimming Long Course Championships"
"Men ","75-79","100","Freestyle","1","1:11.24"," Alan D Bernard","M75","TAM","384S-06T01","08-03-2024","Pacific Masters Swimming Long Course Championships"
"Men ","75-79","100","Freestyle","2","1:17.49"," Wes Ashford","M76","PSWIM","3840-08F64","08-03-2024","Pacific Masters Swimming Long Course Championships"
"Men ","75-79","100","Freestyle","3","1:20.07"," Andrew M McPherson","M77","DAM","384M-03GXT","08-03-2024","Pacific Masters Swimming Long Course Championships"
"Men ","75-79","100","Freestyle","4","1:52.21"," Lance Wiscomb","M79","USF","3845-03GAS","08-03-2024","Pacific Masters Swimming Long Course Championships"
"Men ","75-79","100","Freestyle","5","2:15.34"," Ed Murray","M75","USF","384F-06KPZ","08-03-2024","Pacific Masters Swimming Long Course Championships"
"Men ","75-79","100","Freestyle","6","2:33.68"," Michael Wingerath","M79","CMAM","384C-0YRMX","08-03-2024","Pacific Masters Swimming Long Course Championships"
"Men ","75-79","200","Freestyle","1","2:35.74"," Alan D Bernard","M75","TAM","384S-06T01","08-24-2024","2024 U.S. Masters Swimming Summer National Championship"
"Men ","75-79","200","Freestyle","2","2:54.30"," Edward Rudloff","M77","TOC","384J-03J62","08-24-2024","2024 U.S. Masters Swimming Summer National Championship"
"Men ","75-79","200","Freestyle","3","3:00.21"," Wes Ashford","M76","PSWIM","3840-08F64","07-07-2024","Silver State Masters LCM"
"Men ","75-79","200","Freestyle","4","3:31.41"," Larry Daniels","M79","TCAM","384G-03HWV","07-07-2024","Silver State Masters LCM"
"Men ","75-79","200","Freestyle","5","3:44.90"," David Benjamin","M75","MEMO","3843-03FHD","","Pacific Masters Swimming Long Course Championships"
"Men ","75-79","400","Freestyle","1","5:51.83"," Alan D Bernard","M75","TAM","384S-06T01","08-25-2024","2024 U.S. Masters Swimming Summer National Championship"
"Men ","75-79","400","Freestyle","2","6:30.69"," Wes Ashford","M76","PSWIM","3840-08F64","07-07-2024","Silver State Masters LCM"
"Men ","75-79","400","Freestyle","3","6:33.99"," Ted S Deacon","M75","DAM","384B-03GEJ","08-04-2024","Pacific Masters Swimming Long Course Championships"
"Men ","75-79","800","Freestyle","1","13:04.14"," Edward Rudloff","M77","TOC","384J-03J62","","2024 U.S. Masters Swimming Summer National Championship"
"Men ","75-79","800","Freestyle","2","13:10.87"," Wes Ashford","M76","PSWIM","3840-08F64","08-03-2024","Pacific Masters Swimming Long Course Championships"
"Men ","75-79","800","Freestyle","3","14:57.56"," Christian Jochim","M76","QSS","3842-03HWN","08-03-2024","Pacific Masters Swimming Long Course Championships"
"Men ","75-79","1500","Freestyle","1","21:33.55"," Joel R Wilson","M76","CRUZ","384S-03EYR","08-02-2024","Pacific Masters Swimming Long Course Championships"
"Men ","75-79","1500","Freestyle","2","24:33.28"," Edward Rudloff","M77","TOC","384J-03J62","08-21-2024","2024 U.S. Masters Swimming Summer National Championship"
"Men ","75-79","1500","Freestyle","3","28:46.68"," Christian Jochim","M76","QSS","3842-03HWN","08-02-2024","Pacific Masters Swimming Long Course Championships"
"Men ","75-79","1500","Freestyle","4","32:48.01"," Robert J Crockett","M76","MELO","384J-0A1FK","08-02-2024","Pacific Masters Swimming Long Course Championships"
"Men ","75-79","50","Backstroke","1","55.48"," Tom Sears","M77","MEMO","384V-6H0C9","08-22-2024","2024 U.S. Masters Swimming Summer National Championship"
"Men ","75-79","50","Backstroke","2","59.73"," David J Rust","M78","SRM","384F-03N36","08-03-2024","Pacific Masters Swimming Long Course Championships"
"Men ","75-79","50","Backstroke","3","59.94"," Donald A Pierce","M79","RHMS","384H-03KMG","08-03-2024","Pacific Masters Swimming Long Course Championships"
"Men ","75-79","50","Backstroke","4","1:05.79"," Lance Wiscomb","M79","USF","3845-03GAS","08-03-2024","Pacific Masters Swimming Long Course Championships"
"Men ","75-79","100","Backstroke","1","2:15.24"," David J Rust","M78","SRM","384F-03N36","08-04-2024","Pacific Masters Swimming Long Course Championships"
"Men ","75-79","200","Backstroke","1","4:50.43"," David J Rust","M78","SRM","384F-03N36","08-03-2024","Pacific Masters Swimming Long Course Championships"
"Men ","75-79","200","Backstroke","2","5:36.00"," Lance Wiscomb","M79","USF","3845-03GAS","08-03-2024","Pacific Masters Swimming Long Course Championships"
"Men ","75-79","50","Breaststroke","1","44.11"," Gary T Fitschen","M79","MAM","384K-03HPJ","08-04-2024","Pacific Masters Swimming Long Course Championships"
"Men ","75-79","50","Breaststroke","2","44.7"," Rick Meyerhoff","M77","TAM","3848-03N8M","08-23-2024","2024 U.S. Masters Swimming Summer National Championship"
"Men ","75-79","50","Breaststroke","3","50.15"," Andrew M McPherson","M77","DAM","384M-03GXT","08-04-2024","Pacific Masters Swimming Long Course Championships"
"Men ","75-79","50","Breaststroke","4","50.26"," Dennis K Clancy","M76","UC38","3841-034NV","08-23-2024","2024 U.S. Masters Swimming Summer National Championship"
"Men ","75-79","50","Breaststroke","5","50.56"," Frederick J Dorey","M75","TOC","3840-03KJ8","08-23-2024","2024 U.S. Masters Swimming Summer National Championship"
"Men ","75-79","50","Breaststroke","6","54.25"," Christian Jochim","M76","QSS","3842-03HWN","08-04-2024","Pacific Masters Swimming Long Course Championships"
"Men ","75-79","50","Breaststroke","7","1:02.48"," David J Rust","M78","SRM","384F-03N36","08-04-2024","Pacific Masters Swimming Long Course Championships"
"Men ","75-79","50","Breaststroke","8","1:31.31"," Michael Wingerath","M79","CMAM","384C-0YRMX","08-04-2024","Pacific Masters Swimming Long Course Championships"
"Men ","75-79","100","Breaststroke","1","1:35.78"," Gary T Fitschen","M79","MAM","384K-03HPJ","08-03-2024","Pacific Masters Swimming Long Course Championships"
"Men ","75-79","100","Breaststroke","2","1:44.17"," Rick Meyerhoff","M77","TAM","3848-03N8M","08-22-2024","2024 U.S. Masters Swimming Summer National Championship"
"Men ","75-79","100","Breaststroke","3","1:47.64"," Rob Firmin","M76","ALB","3844-0B1BY","08-03-2024","Pacific Masters Swimming Long Course Championships"
"Men ","75-79","100","Breaststroke","4","1:49.84"," Dennis K Clancy","M76","UC38","3841-034NV","08-22-2024","2024 U.S. Masters Swimming Summer National Championship"
"Men ","75-79","100","Breaststroke","5","2:00.11"," Christian Jochim","M76","QSS","3842-03HWN","08-03-2024","Pacific Masters Swimming Long Course Championships"
"Men ","75-79","100","Breaststroke","6","2:19.95"," Tom Sears","M77","MEMO","384V-6H0C9","08-22-2024","2024 U.S. Masters Swimming Summer National Championship"
"Men ","75-79","100","Breaststroke","7","2:22.92"," David J Rust","M78","SRM","384F-03N36","08-03-2024","Pacific Masters Swimming Long Course Championships"
"Men ","75-79","100","Breaststroke","8","2:54.03"," Lance Wiscomb","M79","USF","3845-03GAS","08-03-2024","Pacific Masters Swimming Long Course Championships"
"Men ","75-79","100","Breaststroke","9","3:02.58"," Ed Murray","M75","USF","384F-06KPZ","08-03-2024","Pacific Masters Swimming Long Course Championships"
"Men ","75-79","100","Breaststroke","10","3:32.38"," Michael Wingerath","M79","CMAM","384C-0YRMX","08-03-2024","Pacific Masters Swimming Long Course Championships"
"Men ","75-79","200","Breaststroke","1","3:33.87"," Gary T Fitschen","M79","MAM","384K-03HPJ","08-04-2024","Pacific Masters Swimming Long Course Championships"
"Men ","75-79","200","Breaststroke","2","4:01.39"," Dennis K Clancy","M76","UC38","3841-034NV","08-24-2024","2024 U.S. Masters Swimming Summer National Championship"
"Men ","75-79","200","Breaststroke","3","4:27.58"," Christian Jochim","M76","QSS","3842-03HWN","08-04-2024","Pacific Masters Swimming Long Course Championships"
"Men ","75-79","50","Butterfly","1","34.57"," Alan D Bernard","M75","TAM","384S-06T01","08-23-2024","2024 U.S. Masters Swimming Summer National Championship"
"Men ","75-79","50","Butterfly","2","40.06"," Andrew M McPherson","M77","DAM","384M-03GXT","08-04-2024","Pacific Masters Swimming Long Course Championships"
"Men ","75-79","50","Butterfly","3","1:00.97"," David J Rust","M78","SRM","384F-03N36","08-04-2024","Pacific Masters Swimming Long Course Championships"
"Men ","75-79","50","Butterfly","4","1:12.10"," Ed Murray","M75","USF","384F-06KPZ","08-04-2024","Pacific Masters Swimming Long Course Championships"
"Men ","75-79","100","Butterfly","1","1:20.35"," Alan D Bernard","M75","TAM","384S-06T01","08-24-2024","2024 U.S. Masters Swimming Summer National Championship"
"Men ","75-79","100","Butterfly","2","1:56.19"," Rick Meyerhoff","M77","TAM","3848-03N8M","08-24-2024","2024 U.S. Masters Swimming Summer National Championship"
"Men ","75-79","100","Butterfly","3","2:44.20"," Ed Murray","M75","USF","384F-06KPZ","08-03-2024","Pacific Masters Swimming Long Course Championships"
"Men ","75-79","200","Butterfly","1","3:19.90"," Alan D Bernard","M75","TAM","384S-06T01","08-25-2024","2024 U.S. Masters Swimming Summer National Championship"
"Men ","75-79","200","Butterfly","2","4:45.96"," Rick Meyerhoff","M77","TAM","3848-03N8M","08-25-2024","2024 U.S. Masters Swimming Summer National Championship"
"Men ","75-79","200","Individual Medley","1","3:06.57"," Alan D Bernard","M75","TAM","384S-06T01","08-22-2024","2024 U.S. Masters Swimming Summer National Championship"
"Men ","75-79","200","Individual Medley","2","3:37.37"," Gary T Fitschen","M79","MAM","384K-03HPJ","08-04-2024","Pacific Masters Swimming Long Course Championships"
"Men ","75-79","200","Individual Medley","3","4:49.14"," Tom Sears","M77","MEMO","384V-6H0C9","08-22-2024","2024 U.S. Masters Swimming Summer National Championship"
"Men ","75-79","200","Individual Medley","4","5:52.20"," Ed Murray","M75","USF","384F-06KPZ","08-04-2024","Pacific Masters Swimming Long Course Championships"
"Men ","75-79","400","Individual Medley","1","7:38.94"," Gary T Fitschen","M79","MAM","384K-03HPJ","08-02-2024","Pacific Masters Swimming Long Course Championships"
"Men ","75-79","400","Individual Medley","2","8:59.80"," Rick Meyerhoff","M77","TAM","3848-03N8M","08-23-2024","2024 U.S. Masters Swimming Summer National Championship"
"Men ","75-79","400","Individual Medley","3","12:01.77"," Ed Murray","M75","USF","384F-06KPZ","08-02-2024","Pacific Masters Swimming Long Course Championships"
"Men ","80-84","50","Freestyle","1","34.18"," Richard Burns","M81","TAM","384J-BURNS","08-03-2024","Pacific Masters Swimming Long Course Championships"
"Men ","80-84","50","Freestyle","2","34.37"," Ed Reed","M81","TAM","3848-039F6","08-24-2024","2024 U.S. Masters Swimming Summer National Championship"
"Men ","80-84","50","Freestyle","3","34.8"," Peter Andersen","M81","TAM","384M-02C43","08-24-2024","2024 U.S. Masters Swimming Summer National Championship"
"Men ","80-84","50","Freestyle","4","35.05"," Tony Ralphs","M81","TAM","384P-0897W","06-01-2024","OC Riptide Aquatics Masters LCM Meet"
"Men ","80-84","50","Freestyle","5","35.51"," James E Elder","M81","TOC","3849-03KTT","05-31-2024","Swim into Summer Masters Meet 2024"
"Men ","80-84","50","Freestyle","6","38.85"," David R Gildea","M81","MELO","384Y-03G57","08-24-2024","2024 U.S. Masters Swimming Summer National Championship"
"Men ","80-84","50","Freestyle","7","50.98"," Wayne C Hardwick","M80","SNM","3842-Y0XXW","07-07-2024","Silver State Masters LCM"
"Men ","80-84","50","Freestyle","8","57.77"," Jim M Stewart","M83","SRM","384G-03B1R","08-03-2024","Pacific Masters Swimming Long Course Championships"
"Men ","80-84","100","Freestyle","1","1:12.57"," Richard Burns","M81","TAM","384J-BURNS","08-25-2024","2024 U.S. Masters Swimming Summer National Championship"
"Men ","80-84","100","Freestyle","2","1:16.74"," Ed Reed","M81","TAM","3848-039F6","08-25-2024","2024 U.S. Masters Swimming Summer National Championship"
"Men ","80-84","100","Freestyle","3","1:20.99"," Tony Ralphs","M81","TAM","384P-0897W","06-01-2024","OC Riptide Aquatics Masters LCM Meet"
"Men ","80-84","100","Freestyle","4","1:25.00"," Peter Andersen","M81","TAM","384M-02C43","08-25-2024","2024 U.S. Masters Swimming Summer National Championship"
"Men ","80-84","100","Freestyle","5","1:28.25"," James E Elder","M81","TOC","3849-03KTT","05-31-2024","Swim into Summer Masters Meet 2024"
"Men ","80-84","100","Freestyle","6","1:31.37"," David R Gildea","M81","MELO","384Y-03G57","08-03-2024","Pacific Masters Swimming Long Course Championships"
"Men ","80-84","100","Freestyle","7","2:12.27"," Jim M Stewart","M83","SRM","384G-03B1R","08-03-2024","Pacific Masters Swimming Long Course Championships"
"Men ","80-84","200","Freestyle","1","2:58.41"," Tony Ralphs","M81","TAM","384P-0897W","08-24-2024","2024 U.S. Masters Swimming Summer National Championship"
"Men ","80-84","200","Freestyle","2","3:25.84"," Peter Andersen","M81","TAM","384M-02C43","08-24-2024","2024 U.S. Masters Swimming Summer National Championship"
"Men ","80-84","200","Freestyle","3","3:53.05"," James F Shaw","M83","UC38","384S-03EV3","08-24-2024","2024 U.S. Masters Swimming Summer National Championship"
"Men ","80-84","200","Freestyle","4","3:59.90"," David R Gildea","M81","MELO","384Y-03G57","","2024 U.S. Masters Swimming Summer National Championship"
"Men ","80-84","200","Freestyle","5","5:00.70"," Wayne C Hardwick","M80","SNM","3842-Y0XXW","07-07-2024","Silver State Masters LCM"
"Men ","80-84","400","Freestyle","1","6:16.09"," Richard Burns","M81","TAM","384J-BURNS","08-04-2024","Pacific Masters Swimming Long Course Championships"
"Men ","80-84","400","Freestyle","2","6:39.35"," Tony Ralphs","M81","TAM","384P-0897W","07-28-2024","2024 San Diego Long Course Championships"
"Men ","80-84","400","Freestyle","3","8:13.14"," David R Gildea","M81","MELO","384Y-03G57","","2024 U.S. Masters Swimming Summer National Championship"
"Men ","80-84","800","Freestyle","1","13:41.01"," Tony Ralphs","M81","TAM","384P-0897W","06-01-2024","OC Riptide Aquatics Masters LCM Meet"
"Men ","80-84","800","Freestyle","2","16:40.57"," David R Gildea","M81","MELO","384Y-03G57","","2024 U.S. Masters Swimming Summer National Championship"
"Men ","80-84","800","Freestyle","3","18:59.73"," James F Shaw","M83","UC38","384S-03EV3","08-22-2024","2024 U.S. Masters Swimming Summer National Championship"
"Men ","80-84","1500","Freestyle","1","25:08.74"," Tony Ralphs","M81","TAM","384P-0897W","08-21-2024","2024 U.S. Masters Swimming Summer National Championship"
"Men ","80-84","1500","Freestyle","2","31:27.75"," David R Gildea","M81","MELO","384Y-03G57","08-21-2024","2024 U.S. Masters Swimming Summer National Championship"
"Men ","80-84","50","Backstroke","1","36.89"," Richard Burns","M81","TAM","384J-BURNS","","2024 U.S. Masters Swimming Summer National Championship"
"Men ","80-84","50","Backstroke","2","46.61"," David R Gildea","M81","MELO","384Y-03G57","08-22-2024","2024 U.S. Masters Swimming Summer National Championship"
"Men ","80-84","50","Backstroke","3","53.11"," James F Shaw","M83","UC38","384S-03EV3","08-22-2024","2024 U.S. Masters Swimming Summer National Championship"
"Men ","80-84","50","Backstroke","4","1:08.75"," Wayne C Hardwick","M80","SNM","3842-Y0XXW","07-07-2024","Silver State Masters LCM"
"Men ","80-84","50","Backstroke","5","1:16.88"," Jim M Stewart","M83","SRM","384G-03B1R","08-03-2024","Pacific Masters Swimming Long Course Championships"
"Men ","80-84","100","Backstroke","1","1:22.78"," Richard Burns","M81","TAM","384J-BURNS","08-25-2024","2024 U.S. Masters Swimming Summer National Championship"
"Men ","80-84","100","Backstroke","2","1:52.20"," David R Gildea","M81","MELO","384Y-03G57","08-04-2024","Pacific Masters Swimming Long Course Championships"
"Men ","80-84","100","Backstroke","3","2:49.01"," Wayne C Hardwick","M80","SNM","3842-Y0XXW","07-07-2024","Silver State Masters LCM"
"Men ","80-84","100","Backstroke","4","2:58.89"," Jim M Stewart","M83","SRM","384G-03B1R","08-04-2024","Pacific Masters Swimming Long Course Championships"
"Men ","80-84","200","Backstroke","1","3:04.49"," Richard Burns","M81","TAM","384J-BURNS","08-23-2024","2024 U.S. Masters Swimming Summer National Championship"
"Men ","80-84","200","Backstroke","2","6:49.54"," Jim M Stewart","M83","SRM","384G-03B1R","08-03-2024","Pacific Masters Swimming Long Course Championships"
"Men ","80-84","50","Breaststroke","1","45.15"," David R Gildea","M81","MELO","384Y-03G57","08-23-2024","2024 U.S. Masters Swimming Summer National Championship"
"Men ","80-84","50","Breaststroke","2","46.63"," Peter Andersen","M81","TAM","384M-02C43","08-23-2024","2024 U.S. Masters Swimming Summer National Championship"
"Men ","80-84","100","Breaststroke","1","1:43.32"," Ed Reed","M81","TAM","3848-039F6","08-22-2024","2024 U.S. Masters Swimming Summer National Championship"
"Men ","80-84","100","Breaststroke","2","1:43.38"," David R Gildea","M81","MELO","384Y-03G57","08-22-2024","2024 U.S. Masters Swimming Summer National Championship"
"Men ","80-84","100","Breaststroke","3","1:50.39"," Peter Andersen","M81","TAM","384M-02C43","08-22-2024","2024 U.S. Masters Swimming Summer National Championship"
"Men ","80-84","100","Breaststroke","4","2:46.50"," Wayne C Hardwick","M80","SNM","3842-Y0XXW","07-07-2024","Silver State Masters LCM"
"Men ","80-84","200","Breaststroke","1","4:16.50"," Peter Andersen","M81","TAM","384M-02C43","08-24-2024","2024 U.S. Masters Swimming Summer National Championship"
"Men ","80-84","50","Butterfly","1","45.24"," David R Gildea","M81","MELO","384Y-03G57","08-23-2024","2024 U.S. Masters Swimming Summer National Championship"
"Men ","80-84","50","Butterfly","2","52.62"," James F Shaw","M83","UC38","384S-03EV3","08-23-2024","2024 U.S. Masters Swimming Summer National Championship"
"Men ","80-84","100","Butterfly","1","1:33.67"," Richard Burns","M81","TAM","384J-BURNS","08-24-2024","2024 U.S. Masters Swimming Summer National Championship"
"Men ","80-84","100","Butterfly","2","2:23.99"," James F Shaw","M83","UC38","384S-03EV3","08-24-2024","2024 U.S. Masters Swimming Summer National Championship"
"Men ","80-84","200","Individual Medley","1","3:14.38"," Richard Burns","M81","TAM","384J-BURNS","08-22-2024","2024 U.S. Masters Swimming Summer National Championship"
"Men ","80-84","200","Individual Medley","2","3:43.46"," Ed Reed","M81","TAM","3848-039F6","08-22-2024","2024 U.S. Masters Swimming Summer National Championship"
"Men ","80-84","400","Individual Medley","1","7:22.88"," Richard Burns","M81","TAM","384J-BURNS","08-02-2024","Pacific Masters Swimming Long Course Championships"
"Men ","80-84","400","Individual Medley","2","8:00.54"," Ed Reed","M81","TAM","3848-039F6","08-23-2024","2024 U.S. Masters Swimming Summer National Championship"
"Men ","85-89","50","Freestyle","1","37.31"," William Van Horn","M86","TOC","3845-03MS2","","2024 U.S. Masters Swimming Summer National Championship"
"Men ","85-89","50","Freestyle","2","47.69"," Jack C Fleming","M89","USF","384H-03J86","08-24-2024","2024 U.S. Masters Swimming Summer National Championship"
"Men ","85-89","200","Freestyle","1","3:25.38"," William Van Horn","M86","TOC","3845-03MS2","08-24-2024","2024 U.S. Masters Swimming Summer National Championship"
"Men ","85-89","400","Freestyle","1","9:45.85"," Jack C Fleming","M89","USF","384H-03J86","08-25-2024","2024 U.S. Masters Swimming Summer National Championship"
"Men ","85-89","800","Freestyle","1","16:19.27"," William Van Horn","M86","TOC","3845-03MS2","08-22-2024","2024 U.S. Masters Swimming Summer National Championship"
"Men ","85-89","800","Freestyle","2","22:46.79"," Jack C Fleming","M89","USF","384H-03J86","08-03-2024","Pacific Masters Swimming Long Course Championships"
"Men ","85-89","1500","Freestyle","1","43:09.77"," Jack C Fleming","M89","USF","384H-03J86","08-02-2024","Pacific Masters Swimming Long Course Championships"
"Men ","85-89","50","Backstroke","1","45.76"," William Van Horn","M86","TOC","3845-03MS2","08-22-2024","2024 U.S. Masters Swimming Summer National Championship"
"Men ","85-89","200","Backstroke","1","4:08.03"," William Van Horn","M86","TOC","3845-03MS2","08-23-2024","2024 U.S. Masters Swimming Summer National Championship"
"Men ","85-89","200","Backstroke","2","5:44.36"," Jack C Fleming","M89","USF","384H-03J86","08-03-2024","Pacific Masters Swimming Long Course Championships"
"Men ","85-89","50","Breaststroke","1","55.87"," Jack C Fleming","M89","USF","384H-03J86","08-23-2024","2024 U.S. Masters Swimming Summer National Championship"
"Men ","85-89","50","Butterfly","1","55.45"," William Van Horn","M86","TOC","3845-03MS2","08-23-2024","2024 U.S. Masters Swimming Summer National Championship"
"Men ","85-89","50","Butterfly","2","1:02.28"," Jack C Fleming","M89","USF","384H-03J86","08-23-2024","2024 U.S. Masters Swimming Summer National Championship"
"Men ","85-89","100","Butterfly","1","2:33.88"," Jack C Fleming","M89","USF","384H-03J86","08-24-2024","2024 U.S. Masters Swimming Summer National Championship"
"Men ","85-89","200","Butterfly","1","5:58.28"," Jack C Fleming","M89","USF","384H-03J86","08-25-2024","2024 U.S. Masters Swimming Summer National Championship"
"Men ","85-89","200","Individual Medley","1","4:28.34"," William Van Horn","M86","TOC","3845-03MS2","08-22-2024","2024 U.S. Masters Swimming Summer National Championship"
"Men ","90-94","50","Freestyle","1","59.76"," Robert W Mayo","M91","WCM","384V-03F39","08-03-2024","Pacific Masters Swimming Long Course Championships"
"Men ","90-94","100","Freestyle","1","2:21.94"," Robert W Mayo","M91","WCM","384V-03F39","08-03-2024","Pacific Masters Swimming Long Course Championships"
"Men ","90-94","200","Freestyle","1","5:11.49"," Robert W Mayo","M91","WCM","384V-03F39","08-04-2024","Pacific Masters Swimming Long Course Championships"
"Men ","90-94","100","Backstroke","1","2:23.55"," Robert W Mayo","M91","WCM","384V-03F39","08-04-2024","Pacific Masters Swimming Long Course Championships"
"Men ","90-94","200","Backstroke","1","5:19.04"," Robert W Mayo","M91","WCM","384V-03F39","08-03-2024","Pacific Masters Swimming Long Course Championships"
