"Sex","Age Group","Distance","Stroke","Rank","Time","Name","Age","Club","Reg Number","Date","Meet"
"Women ","18-24","50","Freestyle","1","24.46"," Crystal N Murphy","F23","TOC","385H-BJCAG","02-22-2025","2025 Splash &amp; Dash Sprint Pentathlon"
"Women ","18-24","50","Freestyle","2","25.14"," Cathy Teng","F24","MELO","3857-GA9YA","02-08-2025","USF Valentine's Affair"
"Women ","18-24","50","Freestyle","3","26.64"," Ruby  C Gonzalez","F22","MAQ","385M-WP4KG","03-09-2025","Short and Sweet Meet"
"Women ","18-24","50","Freestyle","4","26.76"," Jessica Z Mi","F24","USF","385K-JVTC6","02-08-2025","USF Valentine's Affair"
"Women ","18-24","50","Freestyle","5","27.2"," Emma  Lepisova","F24","BAC","3856-61TWR","02-08-2025","USF Valentine's Affair"
"Women ","18-24","50","Freestyle","6","27.44"," Violet H Henneberger","F22","ECAM","3857-KD0EN","02-22-2025","2025 Splash &amp; Dash Sprint Pentathlon"
"Women ","18-24","50","Freestyle","7","27.62"," Ali N Smith","F24","HTUB","385V-YDUAH","02-22-2025","2025 Splash &amp; Dash Sprint Pentathlon"
"Women ","18-24","50","Freestyle","8","28.54"," Julianna M Cardenas","F24","MEMO","385Y-U4HRD","02-22-2025","2025 Splash &amp; Dash Sprint Pentathlon"
"Women ","18-24","50","Freestyle","9","28.88"," Claire Cruse","F23","MAQ","3854-K2JDK","12-07-2024","THRICE is Nice!"
"Women ","18-24","50","Freestyle","10","30.14"," Genna A Davison","F20","UC38","385H-K1G60","03-09-2025","Short and Sweet Meet"
"Women ","18-24","50","Freestyle","11","30.93"," Ingrid Aldea-Delicado","F20","SNM","385D-XK3UD","03-02-2025","Silver State Masters SCY"
"Women ","18-24","50","Freestyle","12","31.35"," Vivian A Redmond","F22","TOC","385F-VVAWN","02-22-2025","2025 Splash &amp; Dash Sprint Pentathlon"
"Women ","18-24","50","Freestyle","13","34.52"," Macayla Sedeno","F21","MAQ","385K-JXJP8","03-09-2025","Short and Sweet Meet"
"Women ","18-24","50","Freestyle","14","41.08"," Elizabeth J Evans","F21","UC38","3853-MB2S4","03-01-2025","TVM Spring Classic - 2025"
"Women ","18-24","100","Freestyle","1","57.5"," Jessica Z Mi","F24","USF","385K-JVTC6","02-08-2025","USF Valentine's Affair"
"Women ","18-24","100","Freestyle","2","58.21"," Zoe Y Jacobs","F22","STAN","385B-PP0N3","02-08-2025","USF Valentine's Affair"
"Women ","18-24","100","Freestyle","3","1:00.47"," Ali N Smith","F24","HTUB","385V-YDUAH","03-01-2025","TVM Spring Classic - 2025"
"Women ","18-24","100","Freestyle","4","1:01.96"," reilly schindler","F24","CLOV","3840-NK5WW","09-29-2024","Palm Springs Masters SCY Swim Meet"
"Women ","18-24","100","Freestyle","5","1:05.01"," Jules R Parra","F24","TSUN","385D-98P1V","02-08-2025","USF Valentine's Affair"
"Women ","18-24","100","Freestyle","6","1:05.34"," Claire Cruse","F23","MAQ","3854-K2JDK","12-07-2024","THRICE is Nice!"
"Women ","18-24","100","Freestyle","7","1:13.76"," Catherine A Wedin","F24","CVM","3851-53UX6","03-02-2025","Silver State Masters SCY"
"Women ","18-24","100","Freestyle","8","1:28.49"," Elizabeth J Evans","F21","UC38","3853-MB2S4","03-01-2025","TVM Spring Classic - 2025"
"Women ","18-24","200","Freestyle","1","2:00.97"," Cathy Teng","F24","MELO","3857-GA9YA","03-01-2025","TVM Spring Classic - 2025"
"Women ","18-24","200","Freestyle","2","2:12.58"," Ruby  C Gonzalez","F22","MAQ","385M-WP4KG","03-09-2025","Short and Sweet Meet"
"Women ","18-24","200","Freestyle","3","2:18.33"," Claire Cruse","F23","MAQ","3854-K2JDK","12-07-2024","THRICE is Nice!"
"Women ","18-24","200","Freestyle","4","2:22.06"," Meri F Klingelhofer","F23","SFGG","3852-5NWFU","03-01-2025","TVM Spring Classic - 2025"
"Women ","18-24","200","Freestyle","5","2:41.09"," Genna A Davison","F20","UC38","385H-K1G60","03-09-2025","Short and Sweet Meet"
"Women ","18-24","200","Freestyle","6","3:01.19"," Macayla Sedeno","F21","MAQ","385K-JXJP8","03-09-2025","Short and Sweet Meet"
"Women ","18-24","1650","Freestyle","1","19:44.66"," reilly schindler","F24","CLOV","3840-NK5WW","09-29-2024","Palm Springs Masters SCY Swim Meet"
"Women ","18-24","50","Backstroke","1","28.14"," Crystal N Murphy","F23","TOC","385H-BJCAG","02-22-2025","2025 Splash &amp; Dash Sprint Pentathlon"
"Women ","18-24","50","Backstroke","2","28.72"," Cathy Teng","F24","MELO","3857-GA9YA","02-08-2025","USF Valentine's Affair"
"Women ","18-24","50","Backstroke","3","31.62"," Ruby  C Gonzalez","F22","MAQ","385M-WP4KG","03-09-2025","Short and Sweet Meet"
"Women ","18-24","50","Backstroke","4","33.16"," Julianna M Cardenas","F24","MEMO","385Y-U4HRD","02-22-2025","2025 Splash &amp; Dash Sprint Pentathlon"
"Women ","18-24","50","Backstroke","5","33.45"," Violet H Henneberger","F22","ECAM","3857-KD0EN","02-22-2025","2025 Splash &amp; Dash Sprint Pentathlon"
"Women ","18-24","50","Backstroke","6","34.66"," Meri F Klingelhofer","F23","SFGG","3852-5NWFU","03-01-2025","TVM Spring Classic - 2025"
"Women ","18-24","50","Backstroke","7","35.85"," Ingrid Aldea-Delicado","F20","SNM","385D-XK3UD","03-02-2025","Silver State Masters SCY"
"Women ","18-24","50","Backstroke","8","37.29"," Vivian A Redmond","F22","TOC","385F-VVAWN","02-22-2025","2025 Splash &amp; Dash Sprint Pentathlon"
"Women ","18-24","50","Backstroke","9","39.77"," Catherine A Wedin","F24","CVM","3851-53UX6","03-02-2025","Silver State Masters SCY"
"Women ","18-24","50","Backstroke","10","40.85"," Macayla Sedeno","F21","MAQ","385K-JXJP8","03-09-2025","Short and Sweet Meet"
"Women ","18-24","100","Backstroke","1","1:02.53"," Cathy Teng","F24","MELO","3857-GA9YA","03-01-2025","TVM Spring Classic - 2025"
"Women ","18-24","100","Backstroke","2","1:06.31"," Zoe Y Jacobs","F22","STAN","385B-PP0N3","02-08-2025","USF Valentine's Affair"
"Women ","18-24","100","Backstroke","3","1:19.38"," Jules R Parra","F24","TSUN","385D-98P1V","02-08-2025","USF Valentine's Affair"
"Women ","18-24","100","Backstroke","4","1:20.22"," Ingrid Aldea-Delicado","F20","SNM","385D-XK3UD","03-02-2025","Silver State Masters SCY"
"Women ","18-24","200","Backstroke","1","2:14.70"," Cathy Teng","F24","MELO","3857-GA9YA","03-09-2025","Short and Sweet Meet"
"Women ","18-24","200","Backstroke","2","2:35.16"," Ruby  C Gonzalez","F22","MAQ","385M-WP4KG","03-09-2025","Short and Sweet Meet"
"Women ","18-24","50","Breaststroke","1","32.83"," Crystal N Murphy","F23","TOC","385H-BJCAG","02-22-2025","2025 Splash &amp; Dash Sprint Pentathlon"
"Women ","18-24","50","Breaststroke","2","33.82"," Cathy Teng","F24","MELO","3857-GA9YA","02-08-2025","USF Valentine's Affair"
"Women ","18-24","50","Breaststroke","3","35.41"," Violet H Henneberger","F22","ECAM","3857-KD0EN","02-22-2025","2025 Splash &amp; Dash Sprint Pentathlon"
"Women ","18-24","50","Breaststroke","4","35.89"," Julianna M Cardenas","F24","MEMO","385Y-U4HRD","02-22-2025","2025 Splash &amp; Dash Sprint Pentathlon"
"Women ","18-24","50","Breaststroke","5","36.09"," Zoe Y Jacobs","F22","STAN","385B-PP0N3","02-08-2025","USF Valentine's Affair"
"Women ","18-24","50","Breaststroke","6","38.94"," Erika N Bessler","F23","SFGG","385G-0CS01","03-01-2025","TVM Spring Classic - 2025"
"Women ","18-24","50","Breaststroke","7","40.83"," Vivian A Redmond","F22","TOC","385F-VVAWN","02-22-2025","2025 Splash &amp; Dash Sprint Pentathlon"
"Women ","18-24","50","Breaststroke","8","41.45"," Ingrid Aldea-Delicado","F20","SNM","385D-XK3UD","03-02-2025","Silver State Masters SCY"
"Women ","18-24","100","Breaststroke","1","1:13.60"," Cathy Teng","F24","MELO","3857-GA9YA","03-01-2025","TVM Spring Classic - 2025"
"Women ","18-24","100","Breaststroke","2","1:25.69"," Jules R Parra","F24","TSUN","385D-98P1V","02-08-2025","USF Valentine's Affair"
"Women ","18-24","200","Breaststroke","1","2:38.86"," Cathy Teng","F24","MELO","3857-GA9YA","03-09-2025","Short and Sweet Meet"
"Women ","18-24","50","Butterfly","1","25.19"," Crystal N Murphy","F23","TOC","385H-BJCAG","02-22-2025","2025 Splash &amp; Dash Sprint Pentathlon"
"Women ","18-24","50","Butterfly","2","27.38"," Cathy Teng","F24","MELO","3857-GA9YA","02-08-2025","USF Valentine's Affair"
"Women ","18-24","50","Butterfly","3","28.71"," Zoe Y Jacobs","F22","STAN","385B-PP0N3","02-08-2025","USF Valentine's Affair"
"Women ","18-24","50","Butterfly","4","28.77"," Violet H Henneberger","F22","ECAM","3857-KD0EN","02-22-2025","2025 Splash &amp; Dash Sprint Pentathlon"
"Women ","18-24","50","Butterfly","5","29.09"," Jessica Z Mi","F24","USF","385K-JVTC6","02-08-2025","USF Valentine's Affair"
"Women ","18-24","50","Butterfly","6","30.82"," Julianna M Cardenas","F24","MEMO","385Y-U4HRD","02-22-2025","2025 Splash &amp; Dash Sprint Pentathlon"
"Women ","18-24","50","Butterfly","7","31.02"," Claire Cruse","F23","MAQ","3854-K2JDK","12-07-2024","THRICE is Nice!"
"Women ","18-24","50","Butterfly","8","31.05"," reilly schindler","F24","CLOV","3840-NK5WW","09-29-2024","Palm Springs Masters SCY Swim Meet"
"Women ","18-24","50","Butterfly","9","31.14"," Ali N Smith","F24","HTUB","385V-YDUAH","03-01-2025","TVM Spring Classic - 2025"
"Women ","18-24","50","Butterfly","10","32.32"," Genna A Davison","F20","UC38","385H-K1G60","03-09-2025","Short and Sweet Meet"
"Women ","18-24","50","Butterfly","11","32.69"," Meri F Klingelhofer","F23","SFGG","3852-5NWFU","03-01-2025","TVM Spring Classic - 2025"
"Women ","18-24","50","Butterfly","12","35.9"," Vivian A Redmond","F22","TOC","385F-VVAWN","02-22-2025","2025 Splash &amp; Dash Sprint Pentathlon"
"Women ","18-24","50","Butterfly","13","39.23"," Ingrid Aldea-Delicado","F20","SNM","385D-XK3UD","03-02-2025","Silver State Masters SCY"
"Women ","18-24","50","Butterfly","14","44.03"," Elizabeth J Evans","F21","UC38","3853-MB2S4","03-01-2025","TVM Spring Classic - 2025"
"Women ","18-24","100","Butterfly","1","1:02.45"," Jessica Z Mi","F24","USF","385K-JVTC6","02-08-2025","USF Valentine's Affair"
"Women ","18-24","100","Butterfly","2","1:13.43"," reilly schindler","F24","CLOV","3840-NK5WW","09-29-2024","Palm Springs Masters SCY Swim Meet"
"Women ","18-24","100","Butterfly","3","1:14.74"," Ali N Smith","F24","HTUB","385V-YDUAH","01-26-2025","Palm Spring s Masters SCY Meet "
"Women ","18-24","200","Butterfly","1","2:16.52"," Cathy Teng","F24","MELO","3857-GA9YA","03-09-2025","Short and Sweet Meet"
"Women ","18-24","100","Individual Medley","1","1:00.52"," Crystal N Murphy","F23","TOC","385H-BJCAG","02-22-2025","2025 Splash &amp; Dash Sprint Pentathlon"
"Women ","18-24","100","Individual Medley","2","1:02.95"," Cathy Teng","F24","MELO","3857-GA9YA","02-08-2025","USF Valentine's Affair"
"Women ","18-24","100","Individual Medley","3","1:07.14"," Zoe Y Jacobs","F22","STAN","385B-PP0N3","02-08-2025","USF Valentine's Affair"
"Women ","18-24","100","Individual Medley","4","1:09.16"," Jessica Z Mi","F24","USF","385K-JVTC6","02-08-2025","USF Valentine's Affair"
"Women ","18-24","100","Individual Medley","5","1:09.31"," Violet H Henneberger","F22","ECAM","3857-KD0EN","02-22-2025","2025 Splash &amp; Dash Sprint Pentathlon"
"Women ","18-24","100","Individual Medley","6","1:11.57"," Ali N Smith","F24","HTUB","385V-YDUAH","02-22-2025","2025 Splash &amp; Dash Sprint Pentathlon"
"Women ","18-24","100","Individual Medley","7","1:12.45"," Julianna M Cardenas","F24","MEMO","385Y-U4HRD","02-22-2025","2025 Splash &amp; Dash Sprint Pentathlon"
"Women ","18-24","100","Individual Medley","8","1:17.96"," Vivian A Redmond","F22","TOC","385F-VVAWN","02-22-2025","2025 Splash &amp; Dash Sprint Pentathlon"
"Women ","18-24","100","Individual Medley","9","1:18.45"," Ingrid Aldea-Delicado","F20","SNM","385D-XK3UD","03-02-2025","Silver State Masters SCY"
"Women ","18-24","100","Individual Medley","10","1:28.11"," Catherine A Wedin","F24","CVM","3851-53UX6","03-02-2025","Silver State Masters SCY"
"Women ","18-24","200","Individual Medley","1","2:16.62"," Cathy Teng","F24","MELO","3857-GA9YA","03-01-2025","TVM Spring Classic - 2025"
"Women ","25-29","50","Freestyle","1","24.41"," Virginia B Burns","F28","TOC","3850-21JXF","02-22-2025","2025 Splash &amp; Dash Sprint Pentathlon"
"Women ","25-29","50","Freestyle","2","24.44"," Selby C Sturzenegger","F27","TOC","3842-893H7","06-21-2024","2024 U.S. Masters Swimming Spring National Championship"
"Women ","25-29","50","Freestyle","3","24.64"," Grace Zhao","F25","TOC","385W-HAUGD","02-22-2025","2025 Splash &amp; Dash Sprint Pentathlon"
"Women ","25-29","50","Freestyle","4","24.78"," Lauren K Green","F26","TOC","385F-6CBHZ","02-22-2025","2025 Splash &amp; Dash Sprint Pentathlon"
"Women ","25-29","50","Freestyle","5","25.38"," Cynthia J Siebrand","F28","NBA","385K-F2SPC","02-08-2025","USF Valentine's Affair"
"Women ","25-29","50","Freestyle","6","25.56"," Hannah Orbach-Mandel","F27","USF","3852-SYRSD","02-08-2025","USF Valentine's Affair"
"Women ","25-29","50","Freestyle","7","26.33"," Catherine V Ladd","F28","TOC","385H-0AWGU","02-22-2025","2025 Splash &amp; Dash Sprint Pentathlon"
"Women ","25-29","50","Freestyle","8","26.42"," Fiara Llaguno","F25","SFGG","385A-FW23C","03-01-2025","TVM Spring Classic - 2025"
"Women ","25-29","50","Freestyle","9","26.77"," Allie Sanzi","F29","MELO","385P-0AGDD","03-09-2025","Short and Sweet Meet"
"Women ","25-29","50","Freestyle","10","26.97"," Lissi Knell","F29","MAM","384Y-098S8","06-21-2024","2024 U.S. Masters Swimming Spring National Championship"
"Women ","25-29","50","Freestyle","11","26.98"," Natalie Smith","F25","SMM","385D-0B3JU","02-08-2025","USF Valentine's Affair"
"Women ","25-29","50","Freestyle","12","27.08"," Hannah M Kukurugya","F26","TOC","3851-DZWU4","02-22-2025","2025 Splash &amp; Dash Sprint Pentathlon"
"Women ","25-29","50","Freestyle","13","27.15"," Stephanie A Blankley","F26","USF","385E-REH1A","02-08-2025","USF Valentine's Affair"
"Women ","25-29","50","Freestyle","14","27.48"," Serena Y Chang","F29","TSUN","385K-SVM4B","02-22-2025","2025 Splash &amp; Dash Sprint Pentathlon"
"Women ","25-29","50","Freestyle","15","27.66"," Georgia G Reilly","F27","TOC","385K-J2528","02-22-2025","2025 Splash &amp; Dash Sprint Pentathlon"
"Women ","25-29","50","Freestyle","16","27.8"," Nicole Greenberg","F25","USF","385Z-RA253","02-08-2025","USF Valentine's Affair"
"Women ","25-29","50","Freestyle","17","28.14"," Sonia M Martin","F27","STAN","385P-UWDPF","02-08-2025","USF Valentine's Affair"
"Women ","25-29","50","Freestyle","18","28.38"," Emma M Wagner","F25","USF","385P-NG5FU","02-08-2025","USF Valentine's Affair"
"Women ","25-29","50","Freestyle","19","28.45"," Amy Larsen","F25","WCM","385K-S7Z3Z","02-08-2025","USF Valentine's Affair"
"Women ","25-29","50","Freestyle","20","28.5"," Cassidy D Lavigne","F28","NBA","385G-0AG5A","02-08-2025","USF Valentine's Affair"
"Women ","25-29","50","Freestyle","21","28.91"," Andrea S Yau-Chan","F25","STAN","384C-5ECTS","11-23-2024","2024 SLOS Pumpkin Pie Invite"
"Women ","25-29","50","Freestyle","22","29.03"," Jessica Wu","F25","STAN","384B-KWH3Z","11-23-2024","2024 SLOS Pumpkin Pie Invite"
"Women ","25-29","50","Freestyle","23","29.05"," Niki Kates","F26","TEME","385R-SYYN0","02-22-2025","2025 Splash &amp; Dash Sprint Pentathlon"
"Women ","25-29","50","Freestyle","24","29.4"," Kaitlin R Bindert","F29","MAM","384M-P4ZX5","06-21-2024","2024 U.S. Masters Swimming Spring National Championship"
"Women ","25-29","50","Freestyle","25","29.68"," Rayni Wells","F25","SJCF","385K-TT4PU","12-07-2024","THRICE is Nice!"
"Women ","25-29","50","Freestyle","26","29.88"," Salena T Nguyen","F26","USF","385R-0RYJG","02-22-2025","2025 Splash &amp; Dash Sprint Pentathlon"
"Women ","25-29","50","Freestyle","27","30.88"," Alisha N Lewis","F25","USF","385F-AV72F","02-08-2025","USF Valentine's Affair"
"Women ","25-29","50","Freestyle","28","30.95"," Emily Woo","F29","MEMO","385X-6WJ2N","03-01-2025","TVM Spring Classic - 2025"
"Women ","25-29","50","Freestyle","29","31.12"," Bethany Wood","F25","SRM","385B-RWNV9","01-18-2025","2025 Santa Rosa Masters Resolution Meet"
"Women ","25-29","50","Freestyle","30","31.36"," Rayle A Silva","F28","MAQ","3852-A9B7J","03-09-2025","Short and Sweet Meet"
"Women ","25-29","50","Freestyle","31","32.03"," Pooneh S Kalhori","F26","ALB","385H-XRCGU","02-22-2025","2025 Splash &amp; Dash Sprint Pentathlon"
"Women ","25-29","50","Freestyle","32","32.22"," Ashley Eggart","F26","MAM","385Y-Y305U","02-22-2025","2025 Splash &amp; Dash Sprint Pentathlon"
"Women ","25-29","50","Freestyle","33","35.45"," Daniela Arteaga","F25","RPM","3856-ZDS14","02-22-2025","2025 Splash &amp; Dash Sprint Pentathlon"
"Women ","25-29","50","Freestyle","34","36.35"," Golsa R Karimi","F26","WCM","3856-KDESZ","02-22-2025","2025 Splash &amp; Dash Sprint Pentathlon"
"Women ","25-29","50","Freestyle","35","37.16"," Jennifer K Lipina","F27","WCM","385H-2CH2R","02-22-2025","2025 Splash &amp; Dash Sprint Pentathlon"
"Women ","25-29","100","Freestyle","1","53.6"," Catherine V Ladd","F27","TOC","384K-0AWGU","06-20-2024","2024 U.S. Masters Swimming Spring National Championship"
"Women ","25-29","100","Freestyle","2","53.89"," Hannah Orbach-Mandel","F27","USF","3852-SYRSD","02-08-2025","USF Valentine's Affair"
"Women ","25-29","100","Freestyle","3","57.93"," Hailey C Vance","F27","SRM","385E-0AZ4K","01-18-2025","2025 Santa Rosa Masters Resolution Meet"
"Women ","25-29","100","Freestyle","4","59.19"," Stephanie A Blankley","F26","USF","385E-REH1A","02-08-2025","USF Valentine's Affair"
"Women ","25-29","100","Freestyle","5","1:00.97"," Cassidy D Lavigne","F28","NBA","385G-0AG5A","02-08-2025","USF Valentine's Affair"
"Women ","25-29","100","Freestyle","6","1:01.12"," Emma M Wagner","F25","USF","385P-NG5FU","02-08-2025","USF Valentine's Affair"
"Women ","25-29","100","Freestyle","7","1:01.53"," Sonia M Martin","F27","STAN","385P-UWDPF","02-08-2025","USF Valentine's Affair"
"Women ","25-29","100","Freestyle","8","1:01.62"," Nicole Greenberg","F25","USF","385Z-RA253","02-08-2025","USF Valentine's Affair"
"Women ","25-29","100","Freestyle","9","1:02.01"," Amy Larsen","F25","WCM","385K-S7Z3Z","02-08-2025","USF Valentine's Affair"
"Women ","25-29","100","Freestyle","10","1:07.04"," Alisha N Lewis","F25","USF","385F-AV72F","02-08-2025","USF Valentine's Affair"
"Women ","25-29","100","Freestyle","11","1:07.22"," Rayni Wells","F25","SJCF","385K-TT4PU","12-07-2024","THRICE is Nice!"
"Women ","25-29","100","Freestyle","12","1:09.44"," Emily Woo","F29","MEMO","385X-6WJ2N","03-01-2025","TVM Spring Classic - 2025"
"Women ","25-29","100","Freestyle","13","1:10.42"," Bethany Wood","F25","SRM","385B-RWNV9","01-18-2025","2025 Santa Rosa Masters Resolution Meet"
"Women ","25-29","200","Freestyle","1","1:59.60"," Catherine V Ladd","F27","TOC","384K-0AWGU","06-21-2024","2024 U.S. Masters Swimming Spring National Championship"
"Women ","25-29","200","Freestyle","2","2:04.78"," Cynthia J Siebrand","F28","NBA","385K-F2SPC","01-18-2025","2025 Santa Rosa Masters Resolution Meet"
"Women ","25-29","200","Freestyle","3","2:09.17"," Allie Sanzi","F29","MELO","385P-0AGDD","03-09-2025","Short and Sweet Meet"
"Women ","25-29","200","Freestyle","4","2:26.80"," Salena T Nguyen","F26","USF","385R-0RYJG","03-09-2025","Short and Sweet Meet"
"Women ","25-29","200","Freestyle","5","2:26.91"," Emilie Claire Schneider","F25","CRUZ","3853-AF915","03-09-2025","Short and Sweet Meet"
"Women ","25-29","200","Freestyle","6","2:30.23"," Emily Woo","F29","MEMO","385X-6WJ2N","03-09-2025","Short and Sweet Meet"
"Women ","25-29","200","Freestyle","7","2:34.99"," Bethany Wood","F25","SRM","385B-RWNV9","01-18-2025","2025 Santa Rosa Masters Resolution Meet"
"Women ","25-29","500","Freestyle","1","5:28.71"," Lissi Knell","F29","MAM","384Y-098S8","06-20-2024","2024 U.S. Masters Swimming Spring National Championship"
"Women ","25-29","500","Freestyle","2","5:30.74"," Catherine V Ladd","F27","TOC","384K-0AWGU","06-20-2024","2024 U.S. Masters Swimming Spring National Championship"
"Women ","25-29","500","Freestyle","3","5:41.08"," Cynthia J Siebrand","F28","NBA","385K-F2SPC","03-09-2025","Short and Sweet Meet"
"Women ","25-29","500","Freestyle","4","5:42.21"," Stephanie A Blankley","F26","USF","385E-REH1A","","The City Mile"
"Women ","25-29","500","Freestyle","5","6:29.02"," Emilie Claire Schneider","F25","CRUZ","3853-AF915","03-09-2025","Short and Sweet Meet"
"Women ","25-29","500","Freestyle","6","6:45.60"," Emily Woo","F29","MEMO","385X-6WJ2N","03-09-2025","Short and Sweet Meet"
"Women ","25-29","500","Freestyle","7","7:01.20"," Rayle A Silva","F28","MAQ","3852-A9B7J","03-09-2025","Short and Sweet Meet"
"Women ","25-29","1000","Freestyle","1","11:33.19"," Stephanie A Blankley","F26","USF","385E-REH1A","","The City Mile"
"Women ","25-29","1000","Freestyle","2","12:17.07"," Cynthia J Siebrand","F28","NBA","385K-F2SPC","","The City Mile"
"Women ","25-29","1650","Freestyle","1","18:15.80"," Hannah Orbach-Mandel","F27","USF","3852-SYRSD","02-23-2025","The City Mile"
"Women ","25-29","1650","Freestyle","2","19:10.18"," Stephanie A Blankley","F26","USF","385E-REH1A","02-23-2025","The City Mile"
"Women ","25-29","1650","Freestyle","3","20:33.02"," Cynthia J Siebrand","F28","NBA","385K-F2SPC","02-23-2025","The City Mile"
"Women ","25-29","1650","Freestyle","4","21:45.53"," Ashley Eggart","F25","MAM","384G-Y305U","06-24-2024","2024 U.S. Masters Swimming Spring National Championship"
"Women ","25-29","1650","Freestyle","5","22:04.26"," Laurel Dearborn","F28","BAC","385P-F706N","02-23-2025","The City Mile"
"Women ","25-29","1650","Freestyle","6","22:51.93"," Emilie Claire Schneider","F25","CRUZ","3853-AF915","02-23-2025","The City Mile"
"Women ","25-29","1650","Freestyle","7","26:03.30"," Rayle A Silva","F28","MAQ","3852-A9B7J","02-23-2025","The City Mile"
"Women ","25-29","50","Backstroke","1","26.26"," Selby C Sturzenegger","F27","TOC","3842-893H7","06-22-2024","2024 U.S. Masters Swimming Spring National Championship"
"Women ","25-29","50","Backstroke","2","28.33"," Grace Zhao","F25","TOC","385W-HAUGD","02-22-2025","2025 Splash &amp; Dash Sprint Pentathlon"
"Women ","25-29","50","Backstroke","3","28.81"," Cynthia J Siebrand","F28","NBA","385K-F2SPC","02-08-2025","USF Valentine's Affair"
"Women ","25-29","50","Backstroke","4","29.07"," Lauren K Green","F26","TOC","385F-6CBHZ","02-22-2025","2025 Splash &amp; Dash Sprint Pentathlon"
"Women ","25-29","50","Backstroke","5","29.51"," Virginia B Burns","F28","TOC","3850-21JXF","02-22-2025","2025 Splash &amp; Dash Sprint Pentathlon"
"Women ","25-29","50","Backstroke","6","29.58"," Catherine V Ladd","F28","TOC","385H-0AWGU","02-22-2025","2025 Splash &amp; Dash Sprint Pentathlon"
"Women ","25-29","50","Backstroke","7","29.82"," Georgia G Reilly","F27","TOC","385K-J2528","02-22-2025","2025 Splash &amp; Dash Sprint Pentathlon"
"Women ","25-29","50","Backstroke","8","30.73"," Niki Kates","F26","TEME","385R-SYYN0","02-22-2025","2025 Splash &amp; Dash Sprint Pentathlon"
"Women ","25-29","50","Backstroke","9","30.93"," Allie Sanzi","F29","MELO","385P-0AGDD","03-09-2025","Short and Sweet Meet"
"Women ","25-29","50","Backstroke","10","30.95"," Kenya K Lam","F25","CSTS","385Y-WNTTR","02-08-2025","USF Valentine's Affair"
"Women ","25-29","50","Backstroke","11","31.2"," Natalia Orbach-Mandel","F25","USF","385J-9HCYJ","02-08-2025","USF Valentine's Affair"
"Women ","25-29","50","Backstroke","12","31.38"," Emma M Wagner","F25","USF","385P-NG5FU","02-08-2025","USF Valentine's Affair"
"Women ","25-29","50","Backstroke","13","31.66"," Hannah M Kukurugya","F26","TOC","3851-DZWU4","02-22-2025","2025 Splash &amp; Dash Sprint Pentathlon"
"Women ","25-29","50","Backstroke","14","32.42"," Stephanie A Blankley","F26","USF","385E-REH1A","02-08-2025","USF Valentine's Affair"
"Women ","25-29","50","Backstroke","15","33.24"," Serena Y Chang","F29","TSUN","385K-SVM4B","02-22-2025","2025 Splash &amp; Dash Sprint Pentathlon"
"Women ","25-29","50","Backstroke","16","33.39"," Vivian A Crow","F27","DAM","3850-09ZR6","12-07-2024","THRICE is Nice!"
"Women ","25-29","50","Backstroke","17","34.46"," Sonia M Martin","F27","STAN","385P-UWDPF","02-08-2025","USF Valentine's Affair"
"Women ","25-29","50","Backstroke","18","34.65"," Salena T Nguyen","F26","USF","385R-0RYJG","03-09-2025","Short and Sweet Meet"
"Women ","25-29","50","Backstroke","19","34.91"," Kaitlin R Bindert","F29","MAM","384M-P4ZX5","06-22-2024","2024 U.S. Masters Swimming Spring National Championship"
"Women ","25-29","50","Backstroke","20","35.09"," Bethany Wood","F25","SRM","385B-RWNV9","02-22-2025","2025 Splash &amp; Dash Sprint Pentathlon"
"Women ","25-29","50","Backstroke","21","35.51"," Andrea S Yau-Chan","F25","STAN","384C-5ECTS","11-22-2024","2024 SLOS Pumpkin Pie Invite"
"Women ","25-29","50","Backstroke","22","36.15"," Jessica Wu","F25","STAN","384B-KWH3Z","11-22-2024","2024 SLOS Pumpkin Pie Invite"
"Women ","25-29","50","Backstroke","23","37.75"," Alisha N Lewis","F25","USF","385F-AV72F","02-08-2025","USF Valentine's Affair"
"Women ","25-29","50","Backstroke","24","38.59"," Ashley Eggart","F26","MAM","385Y-Y305U","02-22-2025","2025 Splash &amp; Dash Sprint Pentathlon"
"Women ","25-29","50","Backstroke","25","40.02"," Emily Woo","F29","MEMO","385X-6WJ2N","03-09-2025","Short and Sweet Meet"
"Women ","25-29","50","Backstroke","26","42.01"," Pooneh S Kalhori","F26","ALB","385H-XRCGU","02-22-2025","2025 Splash &amp; Dash Sprint Pentathlon"
"Women ","25-29","50","Backstroke","27","42.16"," Daniela Arteaga","F25","RPM","3856-ZDS14","02-22-2025","2025 Splash &amp; Dash Sprint Pentathlon"
"Women ","25-29","50","Backstroke","28","48.21"," Golsa R Karimi","F26","WCM","3856-KDESZ","02-22-2025","2025 Splash &amp; Dash Sprint Pentathlon"
"Women ","25-29","50","Backstroke","29","51.93"," Katherine L Busatto","F26","CSTS","384H-7E4S7","12-07-2024","THRICE is Nice!"
"Women ","25-29","100","Backstroke","1","58.5"," Selby C Sturzenegger","F27","TOC","3842-893H7","06-21-2024","2024 U.S. Masters Swimming Spring National Championship"
"Women ","25-29","100","Backstroke","2","59.96"," Catherine V Ladd","F27","TOC","384K-0AWGU","06-21-2024","2024 U.S. Masters Swimming Spring National Championship"
"Women ","25-29","100","Backstroke","3","1:04.29"," Cynthia J Siebrand","F28","NBA","385K-F2SPC","01-18-2025","2025 Santa Rosa Masters Resolution Meet"
"Women ","25-29","100","Backstroke","4","1:05.20"," Hailey C Vance","F27","SRM","385E-0AZ4K","01-18-2025","2025 Santa Rosa Masters Resolution Meet"
"Women ","25-29","100","Backstroke","5","1:10.08"," Emma M Wagner","F25","USF","385P-NG5FU","02-08-2025","USF Valentine's Affair"
"Women ","25-29","100","Backstroke","6","1:12.69"," Vivian A Crow","F27","DAM","3850-09ZR6","12-07-2024","THRICE is Nice!"
"Women ","25-29","100","Backstroke","7","1:14.61"," Bethany Wood","F25","SRM","385B-RWNV9","01-18-2025","2025 Santa Rosa Masters Resolution Meet"
"Women ","25-29","100","Backstroke","8","1:17.51"," Kaitlin R Bindert","F29","MAM","384M-P4ZX5","06-21-2024","2024 U.S. Masters Swimming Spring National Championship"
"Women ","25-29","100","Backstroke","9","1:25.17"," Emily Woo","F29","MEMO","385X-6WJ2N","03-01-2025","TVM Spring Classic - 2025"
"Women ","25-29","200","Backstroke","1","2:09.16"," Catherine V Ladd","F27","TOC","384K-0AWGU","06-23-2024","2024 U.S. Masters Swimming Spring National Championship"
"Women ","25-29","200","Backstroke","2","2:18.73"," Cynthia J Siebrand","F28","NBA","385K-F2SPC","03-09-2025","Short and Sweet Meet"
"Women ","25-29","200","Backstroke","3","2:33.24"," Vivian A Crow","F27","DAM","3850-09ZR6","12-07-2024","THRICE is Nice!"
"Women ","25-29","200","Backstroke","4","2:51.76"," Kaitlin R Bindert","F29","MAM","384M-P4ZX5","06-23-2024","2024 U.S. Masters Swimming Spring National Championship"
"Women ","25-29","50","Breaststroke","1","31.3"," Grace Zhao","F25","TOC","385W-HAUGD","02-22-2025","2025 Splash &amp; Dash Sprint Pentathlon"
"Women ","25-29","50","Breaststroke","2","32.74"," Natalie Smith","F25","SMM","385D-0B3JU","02-08-2025","USF Valentine's Affair"
"Women ","25-29","50","Breaststroke","3","33.33"," Selby C Sturzenegger","F28","TOC","3854-893H7","02-22-2025","2025 Splash &amp; Dash Sprint Pentathlon"
"Women ","25-29","50","Breaststroke","4","33.41"," Cynthia J Siebrand","F28","NBA","385K-F2SPC","02-22-2025","2025 Splash &amp; Dash Sprint Pentathlon"
"Women ","25-29","50","Breaststroke","5","33.46"," Lissi Knell","F29","MAM","384Y-098S8","06-20-2024","2024 U.S. Masters Swimming Spring National Championship"
"Women ","25-29","50","Breaststroke","6","33.78"," Jessica Wu","F25","STAN","384B-KWH3Z","11-22-2024","2024 SLOS Pumpkin Pie Invite"
"Women ","25-29","50","Breaststroke","7","34.3"," Hannah M Kukurugya","F26","TOC","3851-DZWU4","02-22-2025","2025 Splash &amp; Dash Sprint Pentathlon"
"Women ","25-29","50","Breaststroke","8","34.7"," Lauren K Green","F26","TOC","385F-6CBHZ","02-22-2025","2025 Splash &amp; Dash Sprint Pentathlon"
"Women ","25-29","50","Breaststroke","9","35.35"," Kourtney N Brunings","F27","USF","385R-AXZDP","02-08-2025","USF Valentine's Affair"
"Women ","25-29","50","Breaststroke","10","35.97"," Virginia B Burns","F28","TOC","3850-21JXF","02-22-2025","2025 Splash &amp; Dash Sprint Pentathlon"
"Women ","25-29","50","Breaststroke","11","36.19"," Niki Kates","F26","TEME","385R-SYYN0","02-22-2025","2025 Splash &amp; Dash Sprint Pentathlon"
"Women ","25-29","50","Breaststroke","12","36.35"," Catherine V Ladd","F28","TOC","385H-0AWGU","02-22-2025","2025 Splash &amp; Dash Sprint Pentathlon"
"Women ","25-29","50","Breaststroke","13","36.38"," Andrea S Yau-Chan","F25","STAN","384C-5ECTS","11-22-2024","2024 SLOS Pumpkin Pie Invite"
"Women ","25-29","50","Breaststroke","14","36.77"," Nicole Greenberg","F25","USF","385Z-RA253","02-08-2025","USF Valentine's Affair"
"Women ","25-29","50","Breaststroke","15","37.03"," Ashley Eggart","F25","MAM","384G-Y305U","06-20-2024","2024 U.S. Masters Swimming Spring National Championship"
"Women ","25-29","50","Breaststroke","16","38.86"," Rayni Wells","F25","SJCF","385K-TT4PU","12-07-2024","THRICE is Nice!"
"Women ","25-29","50","Breaststroke","17","38.94"," Emily Woo","F29","MEMO","385X-6WJ2N","03-09-2025","Short and Sweet Meet"
"Women ","25-29","50","Breaststroke","18","39.45"," Stephanie A Blankley","F26","USF","385E-REH1A","02-08-2025","USF Valentine's Affair"
"Women ","25-29","50","Breaststroke","19","39.78"," Serena Y Chang","F29","TSUN","385K-SVM4B","02-22-2025","2025 Splash &amp; Dash Sprint Pentathlon"
"Women ","25-29","50","Breaststroke","20","39.94"," Salena T Nguyen","F26","USF","385R-0RYJG","02-22-2025","2025 Splash &amp; Dash Sprint Pentathlon"
"Women ","25-29","50","Breaststroke","21","40.31"," Rayle A Silva","F28","MAQ","3852-A9B7J","03-09-2025","Short and Sweet Meet"
"Women ","25-29","50","Breaststroke","22","41.81"," Allie Sanzi","F29","MELO","385P-0AGDD","02-22-2025","2025 Splash &amp; Dash Sprint Pentathlon"
"Women ","25-29","50","Breaststroke","23","43.79"," Pooneh S Kalhori","F26","ALB","385H-XRCGU","02-22-2025","2025 Splash &amp; Dash Sprint Pentathlon"
"Women ","25-29","50","Breaststroke","24","44.39"," Bethany Wood","F25","SRM","385B-RWNV9","02-22-2025","2025 Splash &amp; Dash Sprint Pentathlon"
"Women ","25-29","50","Breaststroke","25","45.98"," Daniela Arteaga","F25","RPM","3856-ZDS14","02-22-2025","2025 Splash &amp; Dash Sprint Pentathlon"
"Women ","25-29","50","Breaststroke","26","47.33"," Jennifer K Lipina","F27","WCM","385H-2CH2R","02-22-2025","2025 Splash &amp; Dash Sprint Pentathlon"
"Women ","25-29","50","Breaststroke","27","55.34"," Golsa R Karimi","F26","WCM","3856-KDESZ","02-22-2025","2025 Splash &amp; Dash Sprint Pentathlon"
"Women ","25-29","100","Breaststroke","1","1:10.43"," Natalie Smith","F25","SMM","385D-0B3JU","02-08-2025","USF Valentine's Affair"
"Women ","25-29","100","Breaststroke","2","1:13.52"," Cynthia J Siebrand","F28","NBA","385K-F2SPC","01-18-2025","2025 Santa Rosa Masters Resolution Meet"
"Women ","25-29","100","Breaststroke","3","1:14.85"," Jessica Wu","F25","STAN","384B-KWH3Z","11-23-2024","2024 SLOS Pumpkin Pie Invite"
"Women ","25-29","100","Breaststroke","4","1:16.07"," Kenya K Lam","F25","CSTS","385Y-WNTTR","02-08-2025","USF Valentine's Affair"
"Women ","25-29","100","Breaststroke","5","1:18.25"," Amy Larsen","F25","WCM","385K-S7Z3Z","02-08-2025","USF Valentine's Affair"
"Women ","25-29","100","Breaststroke","6","1:19.85"," Andrea S Yau-Chan","F25","STAN","384C-5ECTS","11-23-2024","2024 SLOS Pumpkin Pie Invite"
"Women ","25-29","100","Breaststroke","7","1:24.00"," Rayni Wells","F25","SJCF","385K-TT4PU","12-07-2024","THRICE is Nice!"
"Women ","25-29","100","Breaststroke","8","1:25.06"," Emily Woo","F29","MEMO","385X-6WJ2N","03-01-2025","TVM Spring Classic - 2025"
"Women ","25-29","200","Breaststroke","1","2:34.94"," Lissi Knell","F29","MAM","384Y-098S8","06-22-2024","2024 U.S. Masters Swimming Spring National Championship"
"Women ","25-29","200","Breaststroke","2","2:39.98"," Cynthia J Siebrand","F28","NBA","385K-F2SPC","03-09-2025","Short and Sweet Meet"
"Women ","25-29","200","Breaststroke","3","2:51.01"," Ashley Eggart","F25","MAM","384G-Y305U","06-22-2024","2024 U.S. Masters Swimming Spring National Championship"
"Women ","25-29","50","Butterfly","1","25.88"," Lauren K Green","F26","TOC","385F-6CBHZ","02-22-2025","2025 Splash &amp; Dash Sprint Pentathlon"
"Women ","25-29","50","Butterfly","2","25.99"," Virginia B Burns","F28","TOC","3850-21JXF","02-22-2025","2025 Splash &amp; Dash Sprint Pentathlon"
"Women ","25-29","50","Butterfly","3","26.19"," Cynthia J Siebrand","F28","NBA","385K-F2SPC","02-22-2025","2025 Splash &amp; Dash Sprint Pentathlon"
"Women ","25-29","50","Butterfly","4","27.37"," Grace Zhao","F25","TOC","385W-HAUGD","02-22-2025","2025 Splash &amp; Dash Sprint Pentathlon"
"Women ","25-29","50","Butterfly","5","27.37"," Selby C Sturzenegger","F28","TOC","3854-893H7","02-22-2025","2025 Splash &amp; Dash Sprint Pentathlon"
"Women ","25-29","50","Butterfly","6","27.44"," Hannah M Kukurugya","F26","TOC","3851-DZWU4","02-22-2025","2025 Splash &amp; Dash Sprint Pentathlon"
"Women ","25-29","50","Butterfly","7","27.82"," Hannah Orbach-Mandel","F27","USF","3852-SYRSD","02-08-2025","USF Valentine's Affair"
"Women ","25-29","50","Butterfly","8","27.9"," Kenya K Lam","F25","CSTS","385Y-WNTTR","02-08-2025","USF Valentine's Affair"
"Women ","25-29","50","Butterfly","9","28.04"," Fiara Llaguno","F25","SFGG","385A-FW23C","03-01-2025","TVM Spring Classic - 2025"
"Women ","25-29","50","Butterfly","10","28.17"," Catherine V Ladd","F28","TOC","385H-0AWGU","02-22-2025","2025 Splash &amp; Dash Sprint Pentathlon"
"Women ","25-29","50","Butterfly","11","28.69"," Natalie Smith","F25","SMM","385D-0B3JU","02-08-2025","USF Valentine's Affair"
"Women ","25-29","50","Butterfly","12","28.96"," Georgia G Reilly","F27","TOC","385K-J2528","02-22-2025","2025 Splash &amp; Dash Sprint Pentathlon"
"Women ","25-29","50","Butterfly","13","29.05"," Niki Kates","F26","TEME","385R-SYYN0","02-22-2025","2025 Splash &amp; Dash Sprint Pentathlon"
"Women ","25-29","50","Butterfly","14","29.22"," Allie Sanzi","F29","MELO","385P-0AGDD","03-09-2025","Short and Sweet Meet"
"Women ","25-29","50","Butterfly","15","29.37"," Kourtney N Brunings","F27","USF","385R-AXZDP","02-08-2025","USF Valentine's Affair"
"Women ","25-29","50","Butterfly","16","30.01"," Natalia Orbach-Mandel","F25","USF","385J-9HCYJ","02-08-2025","USF Valentine's Affair"
"Women ","25-29","50","Butterfly","17","30.06"," Emma M Wagner","F25","USF","385P-NG5FU","02-08-2025","USF Valentine's Affair"
"Women ","25-29","50","Butterfly","18","30.29"," Stephanie A Blankley","F26","USF","385E-REH1A","02-08-2025","USF Valentine's Affair"
"Women ","25-29","50","Butterfly","19","31.01"," Serena Y Chang","F29","TSUN","385K-SVM4B","02-22-2025","2025 Splash &amp; Dash Sprint Pentathlon"
"Women ","25-29","50","Butterfly","20","31.02"," Sonia M Martin","F27","STAN","385P-UWDPF","02-08-2025","USF Valentine's Affair"
"Women ","25-29","50","Butterfly","21","31.35"," Cassidy D Lavigne","F28","NBA","385G-0AG5A","02-08-2025","USF Valentine's Affair"
"Women ","25-29","50","Butterfly","22","31.51"," Andrea S Yau-Chan","F25","STAN","384C-5ECTS","11-22-2024","2024 SLOS Pumpkin Pie Invite"
"Women ","25-29","50","Butterfly","23","31.78"," Nicole Greenberg","F25","USF","385Z-RA253","02-08-2025","USF Valentine's Affair"
"Women ","25-29","50","Butterfly","24","31.95"," Jessica Wu","F25","STAN","384B-KWH3Z","11-22-2024","2024 SLOS Pumpkin Pie Invite"
"Women ","25-29","50","Butterfly","25","32.07"," Salena T Nguyen","F26","USF","385R-0RYJG","03-09-2025","Short and Sweet Meet"
"Women ","25-29","50","Butterfly","26","32.39"," Emilie Claire Schneider","F25","CRUZ","3853-AF915","03-09-2025","Short and Sweet Meet"
"Women ","25-29","50","Butterfly","27","32.63"," Kaitlin R Bindert","F29","MAM","384M-P4ZX5","06-23-2024","2024 U.S. Masters Swimming Spring National Championship"
"Women ","25-29","50","Butterfly","28","34.85"," Rayle A Silva","F28","MAQ","3852-A9B7J","03-09-2025","Short and Sweet Meet"
"Women ","25-29","50","Butterfly","29","34.96"," Emily Woo","F29","MEMO","385X-6WJ2N","03-09-2025","Short and Sweet Meet"
"Women ","25-29","50","Butterfly","30","35.35"," Ashley Eggart","F26","MAM","385Y-Y305U","02-22-2025","2025 Splash &amp; Dash Sprint Pentathlon"
"Women ","25-29","50","Butterfly","31","35.46"," Paige S Rossi","F28","USF","385Y-NMSVF","02-08-2025","USF Valentine's Affair"
"Women ","25-29","50","Butterfly","32","35.68"," Pooneh S Kalhori","F26","ALB","385H-XRCGU","02-22-2025","2025 Splash &amp; Dash Sprint Pentathlon"
"Women ","25-29","50","Butterfly","33","36.3"," Bethany Wood","F25","SRM","385B-RWNV9","02-22-2025","2025 Splash &amp; Dash Sprint Pentathlon"
"Women ","25-29","50","Butterfly","34","38.97"," Daniela Arteaga","F25","RPM","3856-ZDS14","02-22-2025","2025 Splash &amp; Dash Sprint Pentathlon"
"Women ","25-29","50","Butterfly","35","44.13"," Golsa R Karimi","F26","WCM","3856-KDESZ","02-22-2025","2025 Splash &amp; Dash Sprint Pentathlon"
"Women ","25-29","100","Butterfly","1","57.76"," Selby C Sturzenegger","F27","TOC","3842-893H7","06-22-2024","2024 U.S. Masters Swimming Spring National Championship"
"Women ","25-29","100","Butterfly","2","1:01.96"," Hannah Orbach-Mandel","F27","USF","3852-SYRSD","02-08-2025","USF Valentine's Affair"
"Women ","25-29","100","Butterfly","3","1:07.77"," Amy Larsen","F25","WCM","385K-S7Z3Z","02-08-2025","USF Valentine's Affair"
"Women ","25-29","100","Butterfly","4","1:09.21"," Cassidy D Lavigne","F28","NBA","385G-0AG5A","02-08-2025","USF Valentine's Affair"
"Women ","25-29","100","Butterfly","5","1:11.06"," Andrea S Yau-Chan","F25","STAN","384C-5ECTS","11-23-2024","2024 SLOS Pumpkin Pie Invite"
"Women ","25-29","100","Butterfly","6","1:22.74"," Emily Woo","F29","MEMO","385X-6WJ2N","03-01-2025","TVM Spring Classic - 2025"
"Women ","25-29","200","Butterfly","1","2:25.44"," Lissi Knell","F29","MAM","384Y-098S8","06-20-2024","2024 U.S. Masters Swimming Spring National Championship"
"Women ","25-29","200","Butterfly","2","2:56.25"," Emily Woo","F29","MEMO","385X-6WJ2N","03-09-2025","Short and Sweet Meet"
"Women ","25-29","100","Individual Medley","1","59.74"," Selby C Sturzenegger","F27","TOC","3842-893H7","06-21-2024","2024 U.S. Masters Swimming Spring National Championship"
"Women ","25-29","100","Individual Medley","2","1:00.23"," Grace Zhao","F25","TOC","385W-HAUGD","02-22-2025","2025 Splash &amp; Dash Sprint Pentathlon"
"Women ","25-29","100","Individual Medley","3","1:01.58"," Cynthia J Siebrand","F28","NBA","385K-F2SPC","02-22-2025","2025 Splash &amp; Dash Sprint Pentathlon"
"Women ","25-29","100","Individual Medley","4","1:02.10"," Virginia B Burns","F28","TOC","3850-21JXF","02-22-2025","2025 Splash &amp; Dash Sprint Pentathlon"
"Women ","25-29","100","Individual Medley","5","1:04.90"," Lauren K Green","F26","TOC","385F-6CBHZ","02-22-2025","2025 Splash &amp; Dash Sprint Pentathlon"
"Women ","25-29","100","Individual Medley","6","1:05.13"," Hannah M Kukurugya","F26","TOC","3851-DZWU4","02-22-2025","2025 Splash &amp; Dash Sprint Pentathlon"
"Women ","25-29","100","Individual Medley","7","1:05.79"," Natalie Smith","F25","SMM","385D-0B3JU","02-08-2025","USF Valentine's Affair"
"Women ","25-29","100","Individual Medley","8","1:06.74"," Catherine V Ladd","F28","TOC","385H-0AWGU","02-22-2025","2025 Splash &amp; Dash Sprint Pentathlon"
"Women ","25-29","100","Individual Medley","9","1:06.93"," Lissi Knell","F29","MAM","384Y-098S8","06-21-2024","2024 U.S. Masters Swimming Spring National Championship"
"Women ","25-29","100","Individual Medley","10","1:07.15"," Georgia G Reilly","F27","TOC","385K-J2528","02-22-2025","2025 Splash &amp; Dash Sprint Pentathlon"
"Women ","25-29","100","Individual Medley","11","1:07.30"," Hailey C Vance","F27","SRM","385E-0AZ4K","01-18-2025","2025 Santa Rosa Masters Resolution Meet"
"Women ","25-29","100","Individual Medley","12","1:08.14"," Niki Kates","F26","TEME","385R-SYYN0","02-22-2025","2025 Splash &amp; Dash Sprint Pentathlon"
"Women ","25-29","100","Individual Medley","13","1:09.48"," Amy Larsen","F25","WCM","385K-S7Z3Z","02-08-2025","USF Valentine's Affair"
"Women ","25-29","100","Individual Medley","14","1:09.86"," Fiara Llaguno","F25","SFGG","385A-FW23C","03-01-2025","TVM Spring Classic - 2025"
"Women ","25-29","100","Individual Medley","15","1:10.29"," Jessica Wu","F25","STAN","384B-KWH3Z","11-23-2024","2024 SLOS Pumpkin Pie Invite"
"Women ","25-29","100","Individual Medley","16","1:10.83"," Nicole Greenberg","F25","USF","385Z-RA253","02-08-2025","USF Valentine's Affair"
"Women ","25-29","100","Individual Medley","17","1:10.89"," Allie Sanzi","F29","MELO","385P-0AGDD","02-22-2025","2025 Splash &amp; Dash Sprint Pentathlon"
"Women ","25-29","100","Individual Medley","18","1:11.40"," Serena Y Chang","F29","TSUN","385K-SVM4B","02-22-2025","2025 Splash &amp; Dash Sprint Pentathlon"
"Women ","25-29","100","Individual Medley","19","1:13.21"," Ashley Eggart","F25","MAM","384G-Y305U","06-21-2024","2024 U.S. Masters Swimming Spring National Championship"
"Women ","25-29","100","Individual Medley","20","1:13.58"," Salena T Nguyen","F26","USF","385R-0RYJG","02-22-2025","2025 Splash &amp; Dash Sprint Pentathlon"
"Women ","25-29","100","Individual Medley","21","1:16.48"," Bethany Wood","F25","SRM","385B-RWNV9","02-22-2025","2025 Splash &amp; Dash Sprint Pentathlon"
"Women ","25-29","100","Individual Medley","22","1:20.96"," Emily Woo","F29","MEMO","385X-6WJ2N","03-01-2025","TVM Spring Classic - 2025"
"Women ","25-29","100","Individual Medley","23","1:21.46"," Pooneh S Kalhori","F26","ALB","385H-XRCGU","02-22-2025","2025 Splash &amp; Dash Sprint Pentathlon"
"Women ","25-29","100","Individual Medley","24","1:22.91"," Paige S Rossi","F28","USF","385Y-NMSVF","02-08-2025","USF Valentine's Affair"
"Women ","25-29","100","Individual Medley","25","1:29.41"," Daniela Arteaga","F25","RPM","3856-ZDS14","02-22-2025","2025 Splash &amp; Dash Sprint Pentathlon"
"Women ","25-29","100","Individual Medley","26","1:43.55"," Golsa R Karimi","F26","WCM","3856-KDESZ","02-22-2025","2025 Splash &amp; Dash Sprint Pentathlon"
"Women ","25-29","200","Individual Medley","1","2:11.87"," Selby C Sturzenegger","F27","TOC","3842-893H7","06-22-2024","2024 U.S. Masters Swimming Spring National Championship"
"Women ","25-29","200","Individual Medley","2","2:15.25"," Catherine V Ladd","F27","TOC","384K-0AWGU","06-22-2024","2024 U.S. Masters Swimming Spring National Championship"
"Women ","25-29","200","Individual Medley","3","2:37.12"," Ashley Eggart","F25","MAM","384G-Y305U","06-22-2024","2024 U.S. Masters Swimming Spring National Championship"
"Women ","30-34","50","Freestyle","1","24.13"," Allie C Davis","F30","SRM","385F-08AXC","02-22-2025","2025 Splash &amp; Dash Sprint Pentathlon"
"Women ","30-34","50","Freestyle","2","24.73"," Charlotte J Kamai","F30","USF","385V-09W1Z","02-22-2025","2025 Splash &amp; Dash Sprint Pentathlon"
"Women ","30-34","50","Freestyle","3","24.91"," Felicia Lee","F32","TOC","3856-0AG6V","02-22-2025","2025 Splash &amp; Dash Sprint Pentathlon"
"Women ","30-34","50","Freestyle","4","24.92"," Deirdre Clute","F32","TOC","384U-ZEP65","06-21-2024","2024 U.S. Masters Swimming Spring National Championship"
"Women ","30-34","50","Freestyle","5","26.32"," Stephanie M Doi","F30","USF","385T-0B3C4","02-08-2025","USF Valentine's Affair"
"Women ","30-34","50","Freestyle","6","26.51"," Emily Zheng","F32","TEME","385A-0B2TE","02-22-2025","2025 Splash &amp; Dash Sprint Pentathlon"
"Women ","30-34","50","Freestyle","7","26.71"," Laurence Bloch","F31","WCM","385M-08FDY","12-07-2024","THRICE is Nice!"
"Women ","30-34","50","Freestyle","8","26.9"," Anette Skoda","F33","UC38","385B-0717A","03-01-2025","TVM Spring Classic - 2025"
"Women ","30-34","50","Freestyle","9","26.96"," Karissa DeRousseau","F31","SRM","3850-07MUZ","02-22-2025","2025 Splash &amp; Dash Sprint Pentathlon"
"Women ","30-34","50","Freestyle","10","26.97"," Elyssa Pedote","F32","TOC","3855-0A9T3","02-22-2025","2025 Splash &amp; Dash Sprint Pentathlon"
"Women ","30-34","50","Freestyle","11","27.13"," Reiko Akimoto","F32","MAM","3858-N695B","02-22-2025","2025 Splash &amp; Dash Sprint Pentathlon"
"Women ","30-34","50","Freestyle","12","27.24"," Chelsea Finn","F32","STAN","385D-0AWGG","03-01-2025","TVM Spring Classic - 2025"
"Women ","30-34","50","Freestyle","13","27.42"," Mariana Borba","F32","USF","3859-RSETA","02-08-2025","USF Valentine's Affair"
"Women ","30-34","50","Freestyle","14","27.68"," Eva M Schulteis","F32","MAM","385V-TT1SP","02-22-2025","2025 Splash &amp; Dash Sprint Pentathlon"
"Women ","30-34","50","Freestyle","15","27.94"," Taryn Albright","F32","UC38","385S-0A3ER","02-22-2025","2025 Splash &amp; Dash Sprint Pentathlon"
"Women ","30-34","50","Freestyle","16","27.97"," Sabrina Maisel","F34","MVM","385N-06MZ8","04-13-2025","2025 San Diego Pancake Pentathlon &amp; Short Course Yards Swim Meet"
"Women ","30-34","50","Freestyle","17","28.61"," Lissi Knell","F30","MAM","385W-098S8","02-22-2025","2025 Splash &amp; Dash Sprint Pentathlon"
"Women ","30-34","50","Freestyle","18","28.62"," Jenn Hwang","F33","WCM","385H-09GHM","02-08-2025","USF Valentine's Affair"
"Women ","30-34","50","Freestyle","19","28.93"," Sallie S Walecka","F32","USF","385B-083PT","02-08-2025","USF Valentine's Affair"
"Women ","30-34","50","Freestyle","20","29.26"," Alexandra B McCarthy","F33","USF","3853-096R0","02-08-2025","USF Valentine's Affair"
"Women ","30-34","50","Freestyle","21","29.7"," Elizabeth Nachman","F34","TEME","385R-0AATY","02-22-2025","2025 Splash &amp; Dash Sprint Pentathlon"
"Women ","30-34","50","Freestyle","22","30.41"," Holly Finertie","F32","TEME","3857-J3RVH","02-22-2025","2025 Splash &amp; Dash Sprint Pentathlon"
"Women ","30-34","50","Freestyle","23","30.46"," Kristin A Wilson","F32","MEMO","385A-ZXNKW","12-07-2024","THRICE is Nice!"
"Women ","30-34","50","Freestyle","24","30.55"," Kaitlin R Bindert","F30","MAM","385J-P4ZX5","02-22-2025","2025 Splash &amp; Dash Sprint Pentathlon"
"Women ","30-34","50","Freestyle","25","30.87"," Alice Hintermann","F34","TSUN","385H-UUDZD","02-22-2025","2025 Splash &amp; Dash Sprint Pentathlon"
"Women ","30-34","50","Freestyle","26","32.17"," Jennifer M Leather","F33","USF","385V-07G1S","02-22-2025","2025 Splash &amp; Dash Sprint Pentathlon"
"Women ","30-34","50","Freestyle","27","32.47"," Tessa Whitley","F32","ALB","385J-HW3CZ","02-22-2025","2025 Splash &amp; Dash Sprint Pentathlon"
"Women ","30-34","50","Freestyle","28","43.13"," Annelise Dankworth","F33","CARS","3851-YK3H8","03-02-2025","Silver State Masters SCY"
"Women ","30-34","100","Freestyle","1","51.78"," Felicia Lee","F32","TOC","3856-0AG6V","02-08-2025","USF Valentine's Affair"
"Women ","30-34","100","Freestyle","2","53.55"," Charlotte J Kamai","F30","USF","385V-09W1Z","02-08-2025","USF Valentine's Affair"
"Women ","30-34","100","Freestyle","3","57.92"," Laurence Bloch","F31","WCM","385M-08FDY","12-07-2024","THRICE is Nice!"
"Women ","30-34","100","Freestyle","4","1:00.01"," Anette Skoda","F33","UC38","385B-0717A","02-08-2025","USF Valentine's Affair"
"Women ","30-34","100","Freestyle","5","1:00.96"," Anne L Alter","F33","USF","385J-07VTE","02-08-2025","USF Valentine's Affair"
"Women ","30-34","100","Freestyle","6","1:02.45"," Niki Lotte","F32","NBA","3859-HVM14","02-08-2025","USF Valentine's Affair"
"Women ","30-34","100","Freestyle","7","1:03.07"," Jenn Hwang","F33","WCM","385H-09GHM","02-08-2025","USF Valentine's Affair"
"Women ","30-34","100","Freestyle","8","1:04.05"," Alexandra B McCarthy","F33","USF","3853-096R0","02-08-2025","USF Valentine's Affair"
"Women ","30-34","100","Freestyle","9","1:06.99"," Kristin A Wilson","F32","MEMO","385A-ZXNKW","12-07-2024","THRICE is Nice!"
"Women ","30-34","100","Freestyle","10","1:08.17"," Cailey B Stuebner","F31","STAN","385C-AAMYU","02-08-2025","USF Valentine's Affair"
"Women ","30-34","100","Freestyle","11","1:10.04"," Allyson Beach","F33","SRM","3855-09YVZ","01-18-2025","2025 Santa Rosa Masters Resolution Meet"
"Women ","30-34","100","Freestyle","12","1:13.73"," Jennifer M Leather","F33","USF","384X-07G1S","12-07-2024","THRICE is Nice!"
"Women ","30-34","100","Freestyle","13","1:28.86"," Rotem Raviv","F34","HTUB","3855-NF0HN","03-01-2025","TVM Spring Classic - 2025"
"Women ","30-34","100","Freestyle","14","1:38.60"," Annelise Dankworth","F33","UC38","3851-YK3H8","01-18-2025","2025 Santa Rosa Masters Resolution Meet"
"Women ","30-34","200","Freestyle","1","2:08.01"," Laurence Bloch","F31","WCM","385M-08FDY","12-07-2024","THRICE is Nice!"
"Women ","30-34","200","Freestyle","2","2:19.86"," Carolina De Barros","F34","RPM","385J-AG1HY","01-18-2025","2025 Santa Rosa Masters Resolution Meet"
"Women ","30-34","200","Freestyle","3","2:32.97"," Kristin A Wilson","F32","MEMO","385A-ZXNKW","12-07-2024","THRICE is Nice!"
"Women ","30-34","200","Freestyle","4","2:42.75"," Jennifer M Leather","F33","USF","384X-07G1S","12-07-2024","THRICE is Nice!"
"Women ","30-34","200","Freestyle","5","3:39.07"," Erielle Cushing","F30","SNM","385G-M8ZH2","03-02-2025","Silver State Masters SCY"
"Women ","30-34","500","Freestyle","1","5:29.97"," Elyssa Pedote","F31","TOC","3843-0A9T3","06-20-2024","2024 U.S. Masters Swimming Spring National Championship"
"Women ","30-34","500","Freestyle","2","6:24.45"," Alexandra B McCarthy","F33","USF","3853-096R0","","The City Mile"
"Women ","30-34","500","Freestyle","3","6:41.59"," Erika J Twenge","F30","UC38","385S-4K41F","03-02-2025","Silver State Masters SCY"
"Women ","30-34","1650","Freestyle","1","21:27.45"," Alexandra B McCarthy","F33","USF","3853-096R0","02-23-2025","The City Mile"
"Women ","30-34","1650","Freestyle","2","21:44.08"," Kristina Koepke","F33","BAC","385H-KDGBH","02-23-2025","The City Mile"
"Women ","30-34","1650","Freestyle","3","22:14.01"," Amy R Odena","F33","UC38","385S-BVYSD","02-23-2025","The City Mile"
"Women ","30-34","1650","Freestyle","4","25:51.69"," Franchesca J Finnigan","F31","SACMA","3850-07GKZ","02-23-2025","The City Mile"
"Women ","30-34","50","Backstroke","1","26.16"," Felicia Lee","F32","TOC","3856-0AG6V","02-08-2025","USF Valentine's Affair"
"Women ","30-34","50","Backstroke","2","28.44"," Deirdre Clute","F32","TOC","384U-ZEP65","06-22-2024","2024 U.S. Masters Swimming Spring National Championship"
"Women ","30-34","50","Backstroke","3","28.47"," Charlotte J Kamai","F30","USF","385V-09W1Z","02-22-2025","2025 Splash &amp; Dash Sprint Pentathlon"
"Women ","30-34","50","Backstroke","4","29.83"," Stephanie M Doi","F30","USF","385T-0B3C4","02-08-2025","USF Valentine's Affair"
"Women ","30-34","50","Backstroke","5","29.99"," Allie C Davis","F30","SRM","385F-08AXC","02-22-2025","2025 Splash &amp; Dash Sprint Pentathlon"
"Women ","30-34","50","Backstroke","6","30.16"," Erin MacLean","F33","UC38","3852-NG1XD","02-08-2025","USF Valentine's Affair"
"Women ","30-34","50","Backstroke","7","30.38"," Elyssa Pedote","F32","TOC","3855-0A9T3","02-22-2025","2025 Splash &amp; Dash Sprint Pentathlon"
"Women ","30-34","50","Backstroke","8","31.31"," Karissa DeRousseau","F31","SRM","3850-07MUZ","02-22-2025","2025 Splash &amp; Dash Sprint Pentathlon"
"Women ","30-34","50","Backstroke","9","31.32"," Taryn Albright","F32","UC38","385S-0A3ER","02-22-2025","2025 Splash &amp; Dash Sprint Pentathlon"
"Women ","30-34","50","Backstroke","10","31.36"," Mariana Borba","F32","USF","3859-RSETA","02-08-2025","USF Valentine's Affair"
"Women ","30-34","50","Backstroke","11","31.58"," Anne L Alter","F33","USF","385J-07VTE","02-08-2025","USF Valentine's Affair"
"Women ","30-34","50","Backstroke","12","31.65"," Eva M Schulteis","F32","MAM","385V-TT1SP","02-22-2025","2025 Splash &amp; Dash Sprint Pentathlon"
"Women ","30-34","50","Backstroke","13","32.11"," Emily Zheng","F32","TEME","385A-0B2TE","02-22-2025","2025 Splash &amp; Dash Sprint Pentathlon"
"Women ","30-34","50","Backstroke","14","32.12"," Renae DiBartolomeo","F34","USF","385R-MYFJH","02-08-2025","USF Valentine's Affair"
"Women ","30-34","50","Backstroke","15","32.77"," Niki Lotte","F32","NBA","3859-HVM14","02-08-2025","USF Valentine's Affair"
"Women ","30-34","50","Backstroke","16","32.9"," Alex Ferroggiaro","F33","USF","385C-GVWCA","02-08-2025","USF Valentine's Affair"
"Women ","30-34","50","Backstroke","17","33.06"," Sabrina Maisel","F34","MVM","385N-06MZ8","04-13-2025","2025 San Diego Pancake Pentathlon &amp; Short Course Yards Swim Meet"
"Women ","30-34","50","Backstroke","18","34.3"," Reiko Akimoto","F32","MAM","3858-N695B","02-22-2025","2025 Splash &amp; Dash Sprint Pentathlon"
"Women ","30-34","50","Backstroke","19","34.78"," Lissi Knell","F30","MAM","385W-098S8","02-22-2025","2025 Splash &amp; Dash Sprint Pentathlon"
"Women ","30-34","50","Backstroke","20","35.65"," Cailey B Stuebner","F31","STAN","385C-AAMYU","02-08-2025","USF Valentine's Affair"
"Women ","30-34","50","Backstroke","21","35.79"," Kaitlin R Bindert","F30","MAM","385J-P4ZX5","02-22-2025","2025 Splash &amp; Dash Sprint Pentathlon"
"Women ","30-34","50","Backstroke","22","38.46"," Elizabeth Nachman","F34","TEME","385R-0AATY","02-22-2025","2025 Splash &amp; Dash Sprint Pentathlon"
"Women ","30-34","50","Backstroke","23","39.15"," Fiona M Greer","F31","EBAT","385F-09HS3","02-22-2025","2025 Splash &amp; Dash Sprint Pentathlon"
"Women ","30-34","50","Backstroke","24","39.28"," Jennifer M Leather","F33","USF","385V-07G1S","02-22-2025","2025 Splash &amp; Dash Sprint Pentathlon"
"Women ","30-34","50","Backstroke","25","40.52"," Tessa Whitley","F32","ALB","385J-HW3CZ","02-22-2025","2025 Splash &amp; Dash Sprint Pentathlon"
"Women ","30-34","50","Backstroke","26","41.7"," Jessica M Limcolioc","F33","SFGG","3852-0AARY","03-01-2025","TVM Spring Classic - 2025"
"Women ","30-34","100","Backstroke","1","56.45"," Felicia Lee","F32","TOC","3856-0AG6V","02-08-2025","USF Valentine's Affair"
"Women ","30-34","100","Backstroke","2","1:01.09"," Deirdre Clute","F32","TOC","384U-ZEP65","06-21-2024","2024 U.S. Masters Swimming Spring National Championship"
"Women ","30-34","100","Backstroke","3","1:02.32"," Elyssa Pedote","F31","TOC","3843-0A9T3","06-21-2024","2024 U.S. Masters Swimming Spring National Championship"
"Women ","30-34","100","Backstroke","4","1:07.32"," Chelsea Finn","F32","STAN","385D-0AWGG","03-01-2025","TVM Spring Classic - 2025"
"Women ","30-34","100","Backstroke","5","1:08.20"," Anette Skoda","F33","UC38","385B-0717A","03-01-2025","TVM Spring Classic - 2025"
"Women ","30-34","100","Backstroke","6","1:08.59"," Mariana Borba","F32","USF","3859-RSETA","02-08-2025","USF Valentine's Affair"
"Women ","30-34","100","Backstroke","7","1:12.32"," Alex Ferroggiaro","F33","USF","385C-GVWCA","02-08-2025","USF Valentine's Affair"
"Women ","30-34","100","Backstroke","8","1:15.88"," Cailey B Stuebner","F31","STAN","385C-AAMYU","02-08-2025","USF Valentine's Affair"
"Women ","30-34","100","Backstroke","9","1:16.12"," Carolina De Barros","F34","RPM","385J-AG1HY","01-18-2025","2025 Santa Rosa Masters Resolution Meet"
"Women ","30-34","200","Backstroke","1","2:12.32"," Elyssa Pedote","F31","TOC","3843-0A9T3","06-23-2024","2024 U.S. Masters Swimming Spring National Championship"
"Women ","30-34","200","Backstroke","2","2:14.70"," Deirdre Clute","F32","TOC","384U-ZEP65","06-23-2024","2024 U.S. Masters Swimming Spring National Championship"
"Women ","30-34","50","Breaststroke","1","33.17"," Charlotte J Kamai","F30","USF","385V-09W1Z","02-22-2025","2025 Splash &amp; Dash Sprint Pentathlon"
"Women ","30-34","50","Breaststroke","2","33.67"," Felicia Lee","F32","TOC","3856-0AG6V","02-22-2025","2025 Splash &amp; Dash Sprint Pentathlon"
"Women ","30-34","50","Breaststroke","3","34.01"," Renae DiBartolomeo","F34","USF","385R-MYFJH","02-08-2025","USF Valentine's Affair"
"Women ","30-34","50","Breaststroke","4","34.13"," Lissi Knell","F30","MAM","385W-098S8","02-22-2025","2025 Splash &amp; Dash Sprint Pentathlon"
"Women ","30-34","50","Breaststroke","5","34.42"," Anette Skoda","F33","UC38","385B-0717A","02-08-2025","USF Valentine's Affair"
"Women ","30-34","50","Breaststroke","6","34.49"," Hannah Curran","F33","USF","385V-09CDV","02-08-2025","USF Valentine's Affair"
"Women ","30-34","50","Breaststroke","7","34.54"," Karissa DeRousseau","F31","SRM","3850-07MUZ","02-22-2025","2025 Splash &amp; Dash Sprint Pentathlon"
"Women ","30-34","50","Breaststroke","8","34.56"," Allie C Davis","F30","SRM","385F-08AXC","02-22-2025","2025 Splash &amp; Dash Sprint Pentathlon"
"Women ","30-34","50","Breaststroke","9","35.05"," Sabrina Maisel","F34","MVM","385N-06MZ8","04-13-2025","2025 San Diego Pancake Pentathlon &amp; Short Course Yards Swim Meet"
"Women ","30-34","50","Breaststroke","10","35.33"," Taryn Albright","F32","UC38","385S-0A3ER","02-22-2025","2025 Splash &amp; Dash Sprint Pentathlon"
"Women ","30-34","50","Breaststroke","11","36.24"," Eva M Schulteis","F32","MAM","385V-TT1SP","02-22-2025","2025 Splash &amp; Dash Sprint Pentathlon"
"Women ","30-34","50","Breaststroke","12","36.24"," Elyssa Pedote","F32","TOC","3855-0A9T3","02-22-2025","2025 Splash &amp; Dash Sprint Pentathlon"
"Women ","30-34","50","Breaststroke","13","36.67"," Emily Zheng","F32","TEME","385A-0B2TE","02-22-2025","2025 Splash &amp; Dash Sprint Pentathlon"
"Women ","30-34","50","Breaststroke","14","36.92"," Rachelle Holmgren","F31","USF","3858-9JN3K","02-08-2025","USF Valentine's Affair"
"Women ","30-34","50","Breaststroke","15","37.22"," Reiko Akimoto","F32","MAM","3858-N695B","02-22-2025","2025 Splash &amp; Dash Sprint Pentathlon"
"Women ","30-34","50","Breaststroke","16","37.58"," Jenn Hwang","F33","WCM","385H-09GHM","02-08-2025","USF Valentine's Affair"
"Women ","30-34","50","Breaststroke","17","40.22"," Alexandra B McCarthy","F33","USF","3853-096R0","02-08-2025","USF Valentine's Affair"
"Women ","30-34","50","Breaststroke","18","41.12"," Elizabeth Nachman","F34","TEME","385R-0AATY","02-22-2025","2025 Splash &amp; Dash Sprint Pentathlon"
"Women ","30-34","50","Breaststroke","19","42.09"," Alice Hintermann","F34","TSUN","385H-UUDZD","02-22-2025","2025 Splash &amp; Dash Sprint Pentathlon"
"Women ","30-34","50","Breaststroke","20","42.42"," Tessa Whitley","F32","ALB","385J-HW3CZ","02-22-2025","2025 Splash &amp; Dash Sprint Pentathlon"
"Women ","30-34","50","Breaststroke","21","44.55"," Kaitlin R Bindert","F30","MAM","385J-P4ZX5","02-22-2025","2025 Splash &amp; Dash Sprint Pentathlon"
"Women ","30-34","50","Breaststroke","22","48.97"," Fiona M Greer","F31","EBAT","385F-09HS3","02-22-2025","2025 Splash &amp; Dash Sprint Pentathlon"
"Women ","30-34","100","Breaststroke","1","1:12.06"," Hannah Curran","F33","USF","385V-09CDV","02-08-2025","USF Valentine's Affair"
"Women ","30-34","100","Breaststroke","2","1:13.14"," Danae Petrakis","F32","USF","384N-08CG3","12-07-2024","THRICE is Nice!"
"Women ","30-34","100","Breaststroke","3","1:14.84"," Renae DiBartolomeo","F34","USF","385R-MYFJH","02-08-2025","USF Valentine's Affair"
"Women ","30-34","100","Breaststroke","4","1:16.88"," Anette Skoda","F33","UC38","385B-0717A","01-18-2025","2025 Santa Rosa Masters Resolution Meet"
"Women ","30-34","100","Breaststroke","5","1:19.20"," Rachelle Holmgren","F31","USF","3858-9JN3K","02-08-2025","USF Valentine's Affair"
"Women ","30-34","100","Breaststroke","6","1:25.83"," Alexandra B McCarthy","F33","USF","3853-096R0","02-08-2025","USF Valentine's Affair"
"Women ","30-34","100","Breaststroke","7","1:47.45"," Erielle Cushing","F30","SNM","385G-M8ZH2","03-02-2025","Silver State Masters SCY"
"Women ","30-34","50","Butterfly","1","25.74"," Felicia Lee","F32","TOC","3856-0AG6V","02-08-2025","USF Valentine's Affair"
"Women ","30-34","50","Butterfly","2","27.06"," Deirdre Clute","F32","TOC","384U-ZEP65","06-23-2024","2024 U.S. Masters Swimming Spring National Championship"
"Women ","30-34","50","Butterfly","3","27.34"," Allie C Davis","F30","SRM","385F-08AXC","02-22-2025","2025 Splash &amp; Dash Sprint Pentathlon"
"Women ","30-34","50","Butterfly","4","28"," Stephanie M Doi","F30","USF","385T-0B3C4","02-08-2025","USF Valentine's Affair"
"Women ","30-34","50","Butterfly","5","28.52"," Erin MacLean","F33","UC38","3852-NG1XD","02-08-2025","USF Valentine's Affair"
"Women ","30-34","50","Butterfly","6","28.82"," Elyssa Pedote","F32","TOC","3855-0A9T3","02-22-2025","2025 Splash &amp; Dash Sprint Pentathlon"
"Women ","30-34","50","Butterfly","7","28.84"," Anette Skoda","F33","UC38","385B-0717A","02-08-2025","USF Valentine's Affair"
"Women ","30-34","50","Butterfly","8","29.22"," Sabrina Maisel","F34","MVM","385N-06MZ8","04-13-2025","2025 San Diego Pancake Pentathlon &amp; Short Course Yards Swim Meet"
"Women ","30-34","50","Butterfly","9","29.23"," Emily Zheng","F32","TEME","385A-0B2TE","02-22-2025","2025 Splash &amp; Dash Sprint Pentathlon"
"Women ","30-34","50","Butterfly","10","29.25"," Taryn Albright","F32","UC38","385S-0A3ER","02-22-2025","2025 Splash &amp; Dash Sprint Pentathlon"
"Women ","30-34","50","Butterfly","11","29.27"," Danae Petrakis","F32","USF","384N-08CG3","12-07-2024","THRICE is Nice!"
"Women ","30-34","50","Butterfly","12","29.76"," Renae DiBartolomeo","F34","USF","385R-MYFJH","02-08-2025","USF Valentine's Affair"
"Women ","30-34","50","Butterfly","13","30.12"," Eva M Schulteis","F32","MAM","385V-TT1SP","02-22-2025","2025 Splash &amp; Dash Sprint Pentathlon"
"Women ","30-34","50","Butterfly","14","30.16"," Hannah Curran","F33","USF","385V-09CDV","02-08-2025","USF Valentine's Affair"
"Women ","30-34","50","Butterfly","15","30.39"," Niki Lotte","F32","NBA","3859-HVM14","02-08-2025","USF Valentine's Affair"
"Women ","30-34","50","Butterfly","16","30.61"," Laurence Bloch","F31","WCM","385M-08FDY","12-07-2024","THRICE is Nice!"
"Women ","30-34","50","Butterfly","17","30.74"," Karissa DeRousseau","F31","SRM","3850-07MUZ","02-22-2025","2025 Splash &amp; Dash Sprint Pentathlon"
"Women ","30-34","50","Butterfly","18","30.95"," Lissi Knell","F30","MAM","385W-098S8","02-22-2025","2025 Splash &amp; Dash Sprint Pentathlon"
"Women ","30-34","50","Butterfly","19","31.14"," Alex Ferroggiaro","F33","USF","385C-GVWCA","02-08-2025","USF Valentine's Affair"
"Women ","30-34","50","Butterfly","20","31.35"," Rachelle Holmgren","F31","USF","3858-9JN3K","02-08-2025","USF Valentine's Affair"
"Women ","30-34","50","Butterfly","21","32.87"," Jenn Hwang","F33","WCM","385H-09GHM","02-08-2025","USF Valentine's Affair"
"Women ","30-34","50","Butterfly","22","33.45"," Elizabeth Nachman","F34","TEME","385R-0AATY","02-22-2025","2025 Splash &amp; Dash Sprint Pentathlon"
"Women ","30-34","50","Butterfly","23","34.03"," Kaitlin R Bindert","F30","MAM","385J-P4ZX5","02-22-2025","2025 Splash &amp; Dash Sprint Pentathlon"
"Women ","30-34","50","Butterfly","24","35.93"," Jennifer M Leather","F33","USF","385V-07G1S","02-22-2025","2025 Splash &amp; Dash Sprint Pentathlon"
"Women ","30-34","50","Butterfly","25","38.22"," Tessa Whitley","F32","ALB","385J-HW3CZ","02-22-2025","2025 Splash &amp; Dash Sprint Pentathlon"
"Women ","30-34","50","Butterfly","26","46.82"," Annelise Dankworth","F33","CARS","3851-YK3H8","03-02-2025","Silver State Masters SCY"
"Women ","30-34","50","Butterfly","27","50.44"," Rotem Raviv","F34","HTUB","3855-NF0HN","03-01-2025","TVM Spring Classic - 2025"
"Women ","30-34","100","Butterfly","1","1:00.92"," Elyssa Pedote","F31","TOC","3843-0A9T3","06-22-2024","2024 U.S. Masters Swimming Spring National Championship"
"Women ","30-34","100","Butterfly","2","1:01.61"," Allie C Davis","F30","SRM","385F-08AXC","01-18-2025","2025 Santa Rosa Masters Resolution Meet"
"Women ","30-34","100","Butterfly","3","1:02.02"," Deirdre Clute","F32","TOC","384U-ZEP65","06-22-2024","2024 U.S. Masters Swimming Spring National Championship"
"Women ","30-34","100","Butterfly","4","1:03.32"," Stephanie M Doi","F30","USF","385T-0B3C4","02-08-2025","USF Valentine's Affair"
"Women ","30-34","100","Butterfly","5","1:04.68"," Chelsea Finn","F32","STAN","385D-0AWGG","03-01-2025","TVM Spring Classic - 2025"
"Women ","30-34","100","Butterfly","6","1:05.32"," Bronwyn A Kline","F33","SRM","385U-09YKG","01-18-2025","2025 Santa Rosa Masters Resolution Meet"
"Women ","30-34","100","Butterfly","7","1:06.45"," Laurence Bloch","F31","WCM","385M-08FDY","12-07-2024","THRICE is Nice!"
"Women ","30-34","100","Butterfly","8","1:07.37"," Niki Lotte","F32","NBA","3859-HVM14","02-08-2025","USF Valentine's Affair"
"Women ","30-34","100","Butterfly","9","1:14.64"," Carolina De Barros","F34","RPM","385J-AG1HY","01-18-2025","2025 Santa Rosa Masters Resolution Meet"
"Women ","30-34","100","Butterfly","10","1:15.92"," Allyson Beach","F33","SRM","3855-09YVZ","01-18-2025","2025 Santa Rosa Masters Resolution Meet"
"Women ","30-34","100","Butterfly","11","1:21.60"," Sallie S Walecka","F32","USF","385B-083PT","02-08-2025","USF Valentine's Affair"
"Women ","30-34","100","Butterfly","12","1:45.84"," Annelise Dankworth","F33","CARS","3851-YK3H8","03-02-2025","Silver State Masters SCY"
"Women ","30-34","200","Butterfly","1","2:12.91"," Elyssa Pedote","F31","TOC","3843-0A9T3","06-20-2024","2024 U.S. Masters Swimming Spring National Championship"
"Women ","30-34","100","Individual Medley","1","59.52"," Felicia Lee","F32","TOC","3856-0AG6V","02-22-2025","2025 Splash &amp; Dash Sprint Pentathlon"
"Women ","30-34","100","Individual Medley","2","1:02.30"," Charlotte J Kamai","F30","USF","385V-09W1Z","02-22-2025","2025 Splash &amp; Dash Sprint Pentathlon"
"Women ","30-34","100","Individual Medley","3","1:02.61"," Allie C Davis","F30","SRM","385F-08AXC","02-22-2025","2025 Splash &amp; Dash Sprint Pentathlon"
"Women ","30-34","100","Individual Medley","4","1:05.41"," Karissa DeRousseau","F31","SRM","3850-07MUZ","02-22-2025","2025 Splash &amp; Dash Sprint Pentathlon"
"Women ","30-34","100","Individual Medley","5","1:05.47"," Elyssa Pedote","F32","TOC","3855-0A9T3","02-22-2025","2025 Splash &amp; Dash Sprint Pentathlon"
"Women ","30-34","100","Individual Medley","6","1:05.57"," Chelsea Finn","F32","STAN","385D-0AWGG","03-01-2025","TVM Spring Classic - 2025"
"Women ","30-34","100","Individual Medley","7","1:05.72"," Stephanie M Doi","F30","USF","385T-0B3C4","02-08-2025","USF Valentine's Affair"
"Women ","30-34","100","Individual Medley","8","1:05.86"," Anette Skoda","F33","UC38","385B-0717A","02-08-2025","USF Valentine's Affair"
"Women ","30-34","100","Individual Medley","9","1:07.07"," Deirdre Clute","F32","TOC","385S-ZEP65","02-22-2025","2025 Splash &amp; Dash Sprint Pentathlon"
"Women ","30-34","100","Individual Medley","10","1:07.69"," Emily Zheng","F32","TEME","385A-0B2TE","02-22-2025","2025 Splash &amp; Dash Sprint Pentathlon"
"Women ","30-34","100","Individual Medley","11","1:08.24"," Taryn Albright","F32","UC38","385S-0A3ER","02-22-2025","2025 Splash &amp; Dash Sprint Pentathlon"
"Women ","30-34","100","Individual Medley","12","1:08.36"," Renae DiBartolomeo","F34","USF","385R-MYFJH","02-08-2025","USF Valentine's Affair"
"Women ","30-34","100","Individual Medley","13","1:08.66"," Sabrina Maisel","F34","MVM","385N-06MZ8","04-13-2025","2025 San Diego Pancake Pentathlon &amp; Short Course Yards Swim Meet"
"Women ","30-34","100","Individual Medley","14","1:09.07"," Lissi Knell","F30","MAM","385W-098S8","02-22-2025","2025 Splash &amp; Dash Sprint Pentathlon"
"Women ","30-34","100","Individual Medley","15","1:09.49"," Eva M Schulteis","F32","MAM","385V-TT1SP","02-22-2025","2025 Splash &amp; Dash Sprint Pentathlon"
"Women ","30-34","100","Individual Medley","16","1:09.65"," Hannah Curran","F33","USF","385V-09CDV","02-08-2025","USF Valentine's Affair"
"Women ","30-34","100","Individual Medley","17","1:09.77"," Erin MacLean","F33","UC38","3852-NG1XD","02-08-2025","USF Valentine's Affair"
"Women ","30-34","100","Individual Medley","18","1:09.84"," Reiko Akimoto","F32","MAM","3858-N695B","02-22-2025","2025 Splash &amp; Dash Sprint Pentathlon"
"Women ","30-34","100","Individual Medley","19","1:11.71"," Erika J Twenge","F30","UC38","385S-4K41F","03-02-2025","Silver State Masters SCY"
"Women ","30-34","100","Individual Medley","20","1:13.72"," Alex Ferroggiaro","F33","USF","385C-GVWCA","02-08-2025","USF Valentine's Affair"
"Women ","30-34","100","Individual Medley","21","1:15.07"," Alexandra B McCarthy","F33","USF","3853-096R0","02-08-2025","USF Valentine's Affair"
"Women ","30-34","100","Individual Medley","22","1:17.64"," Holly Finertie","F32","TEME","3857-J3RVH","02-22-2025","2025 Splash &amp; Dash Sprint Pentathlon"
"Women ","30-34","100","Individual Medley","23","1:20.79"," Kaitlin R Bindert","F30","MAM","385J-P4ZX5","02-22-2025","2025 Splash &amp; Dash Sprint Pentathlon"
"Women ","30-34","100","Individual Medley","24","1:23.26"," Jennifer M Leather","F33","USF","385V-07G1S","02-22-2025","2025 Splash &amp; Dash Sprint Pentathlon"
"Women ","30-34","100","Individual Medley","25","1:25.85"," Tessa Whitley","F32","ALB","385J-HW3CZ","02-22-2025","2025 Splash &amp; Dash Sprint Pentathlon"
"Women ","30-34","100","Individual Medley","26","1:37.64"," Erielle Cushing","F30","SNM","385G-M8ZH2","03-02-2025","Silver State Masters SCY"
"Women ","30-34","200","Individual Medley","1","2:12.93"," Allie C Davis","F30","SRM","385F-08AXC","01-18-2025","2025 Santa Rosa Masters Resolution Meet"
"Women ","30-34","200","Individual Medley","2","2:17.46"," Elyssa Pedote","F31","TOC","3843-0A9T3","06-22-2024","2024 U.S. Masters Swimming Spring National Championship"
"Women ","30-34","200","Individual Medley","3","2:25.69"," Anette Skoda","F33","UC38","385B-0717A","03-01-2025","TVM Spring Classic - 2025"
"Women ","30-34","200","Individual Medley","4","2:47.58"," Allyson Beach","F33","SRM","3855-09YVZ","01-18-2025","2025 Santa Rosa Masters Resolution Meet"
"Women ","30-34","200","Individual Medley","5","3:27.09"," Erielle Cushing","F30","SNM","385G-M8ZH2","03-02-2025","Silver State Masters SCY"
"Women ","35-39","50","Freestyle","1","24.43"," Katherine Raatz","F36","STAN","385S-0801C","03-01-2025","TVM Spring Classic - 2025"
"Women ","35-39","50","Freestyle","2","25.09"," Stacey Ziemba","F38","LAC","385S-CP8Y2","03-01-2025","TVM Spring Classic - 2025"
"Women ","35-39","50","Freestyle","3","26.09"," Tiffany Sun","F35","HTUB","384Y-07UP1","06-21-2024","2024 U.S. Masters Swimming Spring National Championship"
"Women ","35-39","50","Freestyle","4","26.53"," Emily M Schmitz","F36","MAM","3843-08A28","06-21-2024","2024 U.S. Masters Swimming Spring National Championship"
"Women ","35-39","50","Freestyle","5","26.67"," Lauren Au Brinkmeyer","F39","MAM","384H-03RD5","06-21-2024","2024 U.S. Masters Swimming Spring National Championship"
"Women ","35-39","50","Freestyle","6","27.32"," Margaret R Greer","F36","EBAT","384A-06831","12-07-2024","THRICE is Nice!"
"Women ","35-39","50","Freestyle","7","27.54"," Nicole J Ball","F36","ALB","385H-N29TS","02-22-2025","2025 Splash &amp; Dash Sprint Pentathlon"
"Women ","35-39","50","Freestyle","8","28.22"," Chanel M Ball","F35","MAM","3852-YRM9M","02-22-2025","2025 Splash &amp; Dash Sprint Pentathlon"
"Women ","35-39","50","Freestyle","9","28.83"," Carolina De Barros","F35","RPM","385J-AG1HY","02-22-2025","2025 Splash &amp; Dash Sprint Pentathlon"
"Women ","35-39","50","Freestyle","10","29.05"," Catherine D Riley","F38","MAM","385K-07HSR","02-22-2025","2025 Splash &amp; Dash Sprint Pentathlon"
"Women ","35-39","50","Freestyle","11","29.13"," Chao Liu","F36","TVM","385B-07AR1","03-01-2025","TVM Spring Classic - 2025"
"Women ","35-39","50","Freestyle","12","29.27"," Samantha Mockford","F38","SACMA","385V-071K7","02-22-2025","2025 Splash &amp; Dash Sprint Pentathlon"
"Women ","35-39","50","Freestyle","13","29.53"," Christina G Harris","F37","SJCF","3855-M7RWJ","02-08-2025","USF Valentine's Affair"
"Women ","35-39","50","Freestyle","14","30.01"," Cecily Devoto","F35","SRM","385P-7J53Z","02-22-2025","2025 Splash &amp; Dash Sprint Pentathlon"
"Women ","35-39","50","Freestyle","15","30.93"," Jennifer H Sue","F35","SFGG","385T-163VF","03-01-2025","TVM Spring Classic - 2025"
"Women ","35-39","50","Freestyle","16","31.89"," Kristen M Milliken","F39","MAM","3854-C4U5X","02-22-2025","2025 Splash &amp; Dash Sprint Pentathlon"
"Women ","35-39","50","Freestyle","17","32.05"," Beth McBride","F35","MEMO","385E-4YVNP","02-22-2025","2025 Splash &amp; Dash Sprint Pentathlon"
"Women ","35-39","50","Freestyle","18","34"," Angela Chan","F36","MAM","385D-KRZ2V","02-22-2025","2025 Splash &amp; Dash Sprint Pentathlon"
"Women ","35-39","50","Freestyle","19","34.16"," Kim R Gallagher","F35","UC38","385T-07TCY","02-22-2025","2025 Splash &amp; Dash Sprint Pentathlon"
"Women ","35-39","50","Freestyle","20","34.41"," Mary C Raygoza","F37","ALB","385X-08F8G","02-22-2025","2025 Splash &amp; Dash Sprint Pentathlon"
"Women ","35-39","50","Freestyle","21","34.54"," Insley M Smullen","F35","MEMO","385C-PCEYP","12-07-2024","THRICE is Nice!"
"Women ","35-39","50","Freestyle","22","36.87"," Leah R Esturas-Pierson","F38","UC38","3851-068BZ","02-22-2025","2025 Splash &amp; Dash Sprint Pentathlon"
"Women ","35-39","50","Freestyle","23","40.07"," Lindsey Adams","F35","RPM","385K-4XW9D","02-22-2025","2025 Splash &amp; Dash Sprint Pentathlon"
"Women ","35-39","50","Freestyle","24","46.68"," Mindy Campbell","F36","TCAM","385Y-DYFT8","02-08-2025","USF Valentine's Affair"
"Women ","35-39","100","Freestyle","1","53.28"," Katherine Raatz","F36","STAN","385S-0801C","03-01-2025","TVM Spring Classic - 2025"
"Women ","35-39","100","Freestyle","2","55.09"," Stacey Ziemba","F38","LAC","385S-CP8Y2","03-01-2025","TVM Spring Classic - 2025"
"Women ","35-39","100","Freestyle","3","56.64"," Tiffany Sun","F35","HTUB","384Y-07UP1","06-20-2024","2024 U.S. Masters Swimming Spring National Championship"
"Women ","35-39","100","Freestyle","4","57.93"," Emily M Schmitz","F36","MAM","3843-08A28","06-20-2024","2024 U.S. Masters Swimming Spring National Championship"
"Women ","35-39","100","Freestyle","5","59.29"," Lauren Au Brinkmeyer","F39","MAM","384H-03RD5","06-20-2024","2024 U.S. Masters Swimming Spring National Championship"
"Women ","35-39","100","Freestyle","6","1:00.88"," Margaret R Greer","F36","EBAT","385C-06831","03-01-2025","TVM Spring Classic - 2025"
"Women ","35-39","100","Freestyle","7","1:08.13"," Beth McBride","F35","MEMO","385E-4YVNP","03-01-2025","TVM Spring Classic - 2025"
"Women ","35-39","100","Freestyle","8","1:08.29"," Christina G Harris","F37","SJCF","3855-M7RWJ","02-08-2025","USF Valentine's Affair"
"Women ","35-39","100","Freestyle","9","1:10.34"," Jennifer H Sue","F35","SFGG","385T-163VF","03-01-2025","TVM Spring Classic - 2025"
"Women ","35-39","100","Freestyle","10","1:15.00"," Angela Chan","F36","MAM","385D-KRZ2V","02-08-2025","USF Valentine's Affair"
"Women ","35-39","100","Freestyle","11","1:16.93"," Insley M Smullen","F35","MEMO","385C-PCEYP","12-07-2024","THRICE is Nice!"
"Women ","35-39","100","Freestyle","12","1:23.73"," Julianne Rodriguez","F36","USF","3851-1E31F","02-08-2025","USF Valentine's Affair"
"Women ","35-39","100","Freestyle","13","1:27.90"," Edie Hannigan","F37","SACMA","3858-07TXP","01-26-2025","Palm Spring s Masters SCY Meet "
"Women ","35-39","100","Freestyle","14","1:37.81"," Mindy Campbell","F36","TCAM","385Y-DYFT8","02-08-2025","USF Valentine's Affair"
"Women ","35-39","200","Freestyle","1","2:11.80"," Emily M Schmitz","F36","MAM","3843-08A28","06-21-2024","2024 U.S. Masters Swimming Spring National Championship"
"Women ","35-39","200","Freestyle","2","2:14.46"," Lauren Au Brinkmeyer","F39","MAM","384H-03RD5","06-21-2024","2024 U.S. Masters Swimming Spring National Championship"
"Women ","35-39","200","Freestyle","3","2:18.39"," Cecily Devoto","F35","SRM","385P-7J53Z","01-18-2025","2025 Santa Rosa Masters Resolution Meet"
"Women ","35-39","200","Freestyle","4","2:26.03"," Beth McBride","F35","MEMO","385E-4YVNP","03-01-2025","TVM Spring Classic - 2025"
"Women ","35-39","200","Freestyle","5","2:37.29"," Meredith A West","F39","SMM","3842-03PVE","06-21-2024","2024 U.S. Masters Swimming Spring National Championship"
"Women ","35-39","200","Freestyle","6","2:43.23"," Insley M Smullen","F35","MEMO","385C-PCEYP","12-07-2024","THRICE is Nice!"
"Women ","35-39","200","Freestyle","7","3:13.05"," Edie Hannigan","F37","SACMA","3858-07TXP","01-26-2025","Palm Spring s Masters SCY Meet "
"Women ","35-39","500","Freestyle","1","5:35.84"," Jing Li","F36","SMM","385J-J1NG6","","The City Mile"
"Women ","35-39","500","Freestyle","2","6:06.91"," Carolina De Barros","F35","RPM","385J-AG1HY","03-09-2025","Short and Sweet Meet"
"Women ","35-39","1000","Freestyle","1","11:17.71"," Jing Li","F36","SMM","385J-J1NG6","","The City Mile"
"Women ","35-39","1000","Freestyle","2","17:15.16"," Edie Hannigan","F37","SACMA","3858-07TXP","01-26-2025","Palm Spring s Masters SCY Meet "
"Women ","35-39","1650","Freestyle","1","18:59.18"," Jing Li","F36","SMM","385J-J1NG6","02-23-2025","The City Mile"
"Women ","35-39","1650","Freestyle","2","23:26.17"," Meredith A West","F39","SMM","3842-03PVE","06-24-2024","2024 U.S. Masters Swimming Spring National Championship"
"Women ","35-39","50","Backstroke","1","28.69"," Marie A Ballenger","F38","TOC","3857-06ECE","03-09-2025","Short and Sweet Meet"
"Women ","35-39","50","Backstroke","2","29.62"," Tiffany Sun","F35","HTUB","384Y-07UP1","06-22-2024","2024 U.S. Masters Swimming Spring National Championship"
"Women ","35-39","50","Backstroke","3","31.16"," Margaret R Greer","F36","EBAT","385C-06831","03-01-2025","TVM Spring Classic - 2025"
"Women ","35-39","50","Backstroke","4","31.85"," Erin Ackerman","F37","WGM","385E-0AP7X","03-01-2025","TVM Spring Classic - 2025"
"Women ","35-39","50","Backstroke","5","32.16"," Molly J Curley O'Brien","F39","SRM","385N-03VHF","01-18-2025","2025 Santa Rosa Masters Resolution Meet"
"Women ","35-39","50","Backstroke","6","32.21"," Emily M Schmitz","F36","MAM","3843-08A28","","2024 U.S. Masters Swimming Spring National Championship"
"Women ","35-39","50","Backstroke","7","33.12"," Chao Liu","F36","TVM","385B-07AR1","03-01-2025","TVM Spring Classic - 2025"
"Women ","35-39","50","Backstroke","8","33.56"," Chanel M Ball","F35","MAM","3852-YRM9M","02-22-2025","2025 Splash &amp; Dash Sprint Pentathlon"
"Women ","35-39","50","Backstroke","9","33.98"," Nicole J Ball","F36","ALB","385H-N29TS","02-22-2025","2025 Splash &amp; Dash Sprint Pentathlon"
"Women ","35-39","50","Backstroke","10","35.05"," Carolina De Barros","F35","RPM","385J-AG1HY","02-22-2025","2025 Splash &amp; Dash Sprint Pentathlon"
"Women ","35-39","50","Backstroke","11","35.41"," Cecily Devoto","F35","SRM","385P-7J53Z","02-22-2025","2025 Splash &amp; Dash Sprint Pentathlon"
"Women ","35-39","50","Backstroke","12","36.92"," Kristina Petrakis","F35","USF","384C-09CFF","12-07-2024","THRICE is Nice!"
"Women ","35-39","50","Backstroke","13","37.08"," Samantha Mockford","F38","SACMA","385V-071K7","02-22-2025","2025 Splash &amp; Dash Sprint Pentathlon"
"Women ","35-39","50","Backstroke","14","37.88"," Beth McBride","F35","MEMO","385E-4YVNP","02-22-2025","2025 Splash &amp; Dash Sprint Pentathlon"
"Women ","35-39","50","Backstroke","15","40.41"," Mary C Raygoza","F37","ALB","385X-08F8G","02-22-2025","2025 Splash &amp; Dash Sprint Pentathlon"
"Women ","35-39","50","Backstroke","16","42.08"," Leah R Esturas-Pierson","F38","UC38","3851-068BZ","02-22-2025","2025 Splash &amp; Dash Sprint Pentathlon"
"Women ","35-39","50","Backstroke","17","44.36"," Kim R Gallagher","F35","UC38","385T-07TCY","03-09-2025","Short and Sweet Meet"
"Women ","35-39","50","Backstroke","18","44.5"," Julianne Rodriguez","F36","USF","3851-1E31F","02-08-2025","USF Valentine's Affair"
"Women ","35-39","50","Backstroke","19","45.22"," Angela Chan","F36","MAM","385D-KRZ2V","02-22-2025","2025 Splash &amp; Dash Sprint Pentathlon"
"Women ","35-39","50","Backstroke","20","54.34"," Lindsey Adams","F35","RPM","385K-4XW9D","02-22-2025","2025 Splash &amp; Dash Sprint Pentathlon"
"Women ","35-39","100","Backstroke","1","1:03.48"," Tiffany Sun","F35","HTUB","384Y-07UP1","06-21-2024","2024 U.S. Masters Swimming Spring National Championship"
"Women ","35-39","100","Backstroke","2","1:08.03"," Margaret R Greer","F36","EBAT","385C-06831","03-01-2025","TVM Spring Classic - 2025"
"Women ","35-39","100","Backstroke","3","1:10.69"," Molly J Curley O'Brien","F39","SRM","385N-03VHF","01-18-2025","2025 Santa Rosa Masters Resolution Meet"
"Women ","35-39","100","Backstroke","4","1:13.50"," Chao Liu","F36","TVM","385B-07AR1","03-01-2025","TVM Spring Classic - 2025"
"Women ","35-39","100","Backstroke","5","1:14.58"," Cecily Devoto","F35","SRM","385P-7J53Z","01-18-2025","2025 Santa Rosa Masters Resolution Meet"
"Women ","35-39","100","Backstroke","6","1:18.78"," Beth McBride","F35","MEMO","385E-4YVNP","03-01-2025","TVM Spring Classic - 2025"
"Women ","35-39","100","Backstroke","7","1:52.55"," Edie Hannigan","F37","SACMA","3858-07TXP","01-26-2025","Palm Spring s Masters SCY Meet "
"Women ","35-39","200","Backstroke","1","2:40.17"," Carolina De Barros","F35","RPM","385J-AG1HY","03-09-2025","Short and Sweet Meet"
"Women ","35-39","50","Breaststroke","1","30.78"," Marie A Ballenger","F38","TOC","3857-06ECE","03-09-2025","Short and Sweet Meet"
"Women ","35-39","50","Breaststroke","2","33.79"," Lauren Au Brinkmeyer","F39","MAM","384H-03RD5","06-20-2024","2024 U.S. Masters Swimming Spring National Championship"
"Women ","35-39","50","Breaststroke","3","34.48"," Erin Ackerman","F37","WGM","385E-0AP7X","03-01-2025","TVM Spring Classic - 2025"
"Women ","35-39","50","Breaststroke","4","35.56"," Margaret R Greer","F36","EBAT","385C-06831","02-22-2025","2025 Splash &amp; Dash Sprint Pentathlon"
"Women ","35-39","50","Breaststroke","5","36.76"," Nicole J Ball","F36","ALB","385H-N29TS","02-22-2025","2025 Splash &amp; Dash Sprint Pentathlon"
"Women ","35-39","50","Breaststroke","6","37.61"," Emily M Schmitz","F36","MAM","3855-08A28","02-22-2025","2025 Splash &amp; Dash Sprint Pentathlon"
"Women ","35-39","50","Breaststroke","7","38.38"," Cecily Devoto","F35","SRM","385P-7J53Z","02-22-2025","2025 Splash &amp; Dash Sprint Pentathlon"
"Women ","35-39","50","Breaststroke","8","39.82"," Chanel M Ball","F35","MAM","3852-YRM9M","02-22-2025","2025 Splash &amp; Dash Sprint Pentathlon"
"Women ","35-39","50","Breaststroke","9","40.17"," Samantha Mockford","F38","SACMA","385V-071K7","02-22-2025","2025 Splash &amp; Dash Sprint Pentathlon"
"Women ","35-39","50","Breaststroke","10","40.38"," Chao Liu","F36","TVM","385B-07AR1","03-01-2025","TVM Spring Classic - 2025"
"Women ","35-39","50","Breaststroke","11","40.64"," Catherine D Riley","F38","MAM","385K-07HSR","02-22-2025","2025 Splash &amp; Dash Sprint Pentathlon"
"Women ","35-39","50","Breaststroke","12","41.22"," Mary C Raygoza","F37","ALB","385X-08F8G","02-22-2025","2025 Splash &amp; Dash Sprint Pentathlon"
"Women ","35-39","50","Breaststroke","13","41.76"," Carolina De Barros","F35","RPM","385J-AG1HY","02-22-2025","2025 Splash &amp; Dash Sprint Pentathlon"
"Women ","35-39","50","Breaststroke","14","44.15"," Beth McBride","F35","MEMO","385E-4YVNP","02-22-2025","2025 Splash &amp; Dash Sprint Pentathlon"
"Women ","35-39","50","Breaststroke","15","45.3"," Leah R Esturas-Pierson","F38","UC38","3851-068BZ","02-22-2025","2025 Splash &amp; Dash Sprint Pentathlon"
"Women ","35-39","50","Breaststroke","16","49.49"," Lindsey Adams","F35","RPM","385K-4XW9D","02-22-2025","2025 Splash &amp; Dash Sprint Pentathlon"
"Women ","35-39","50","Breaststroke","17","50.58"," Edie Hannigan","F37","SACMA","3858-07TXP","01-26-2025","Palm Spring s Masters SCY Meet "
"Women ","35-39","50","Breaststroke","18","52.08"," Kim R Gallagher","F35","UC38","385T-07TCY","01-18-2025","2025 Santa Rosa Masters Resolution Meet"
"Women ","35-39","50","Breaststroke","19","53.31"," Angela Chan","F36","MAM","385D-KRZ2V","02-22-2025","2025 Splash &amp; Dash Sprint Pentathlon"
"Women ","35-39","50","Breaststroke","20","1:03.99"," Mindy Campbell","F36","TCAM","385Y-DYFT8","02-08-2025","USF Valentine's Affair"
"Women ","35-39","100","Breaststroke","1","1:10.91"," Marie A Ballenger","F38","TOC","3857-06ECE","02-08-2025","USF Valentine's Affair"
"Women ","35-39","100","Breaststroke","2","1:33.56"," Beth McBride","F35","MEMO","385E-4YVNP","03-01-2025","TVM Spring Classic - 2025"
"Women ","35-39","100","Breaststroke","3","1:43.66"," Julianne Rodriguez","F36","USF","3851-1E31F","02-08-2025","USF Valentine's Affair"
"Women ","35-39","100","Breaststroke","4","1:56.94"," Elif Dede","F38","USF","385X-UKD5J","02-08-2025","USF Valentine's Affair"
"Women ","35-39","200","Breaststroke","1","2:41.26"," Lauren Au Brinkmeyer","F39","MAM","384H-03RD5","06-22-2024","2024 U.S. Masters Swimming Spring National Championship"
"Women ","35-39","50","Butterfly","1","26.95"," Marie A Ballenger","F38","TOC","3857-06ECE","03-09-2025","Short and Sweet Meet"
"Women ","35-39","50","Butterfly","2","26.97"," Katherine Raatz","F36","STAN","385S-0801C","03-01-2025","TVM Spring Classic - 2025"
"Women ","35-39","50","Butterfly","3","28.28"," Tiffany Sun","F35","HTUB","384Y-07UP1","06-23-2024","2024 U.S. Masters Swimming Spring National Championship"
"Women ","35-39","50","Butterfly","4","29.22"," Erin Ackerman","F37","WGM","385E-0AP7X","03-01-2025","TVM Spring Classic - 2025"
"Women ","35-39","50","Butterfly","5","29.26"," Margaret R Greer","F36","EBAT","385C-06831","02-22-2025","2025 Splash &amp; Dash Sprint Pentathlon"
"Women ","35-39","50","Butterfly","6","31.13"," Emily M Schmitz","F36","MAM","3855-08A28","02-22-2025","2025 Splash &amp; Dash Sprint Pentathlon"
"Women ","35-39","50","Butterfly","7","31.22"," Chanel M Ball","F35","MAM","3852-YRM9M","02-22-2025","2025 Splash &amp; Dash Sprint Pentathlon"
"Women ","35-39","50","Butterfly","8","31.68"," Nicole J Ball","F36","ALB","385H-N29TS","02-22-2025","2025 Splash &amp; Dash Sprint Pentathlon"
"Women ","35-39","50","Butterfly","9","31.84"," Catherine D Riley","F38","MAM","385K-07HSR","02-22-2025","2025 Splash &amp; Dash Sprint Pentathlon"
"Women ","35-39","50","Butterfly","10","32.36"," Chao Liu","F36","TVM","385B-07AR1","03-01-2025","TVM Spring Classic - 2025"
"Women ","35-39","50","Butterfly","11","32.43"," Carolina De Barros","F35","RPM","385J-AG1HY","02-22-2025","2025 Splash &amp; Dash Sprint Pentathlon"
"Women ","35-39","50","Butterfly","12","32.95"," Samantha Mockford","F38","SACMA","385V-071K7","02-22-2025","2025 Splash &amp; Dash Sprint Pentathlon"
"Women ","35-39","50","Butterfly","13","36.09"," Cecily Devoto","F35","SRM","385P-7J53Z","02-22-2025","2025 Splash &amp; Dash Sprint Pentathlon"
"Women ","35-39","50","Butterfly","14","37.31"," Kim R Gallagher","F35","UC38","385T-07TCY","03-09-2025","Short and Sweet Meet"
"Women ","35-39","50","Butterfly","15","38.72"," Beth McBride","F35","MEMO","385E-4YVNP","02-22-2025","2025 Splash &amp; Dash Sprint Pentathlon"
"Women ","35-39","50","Butterfly","16","38.73"," Meredith A West","F39","SMM","3842-03PVE","06-23-2024","2024 U.S. Masters Swimming Spring National Championship"
"Women ","35-39","50","Butterfly","17","38.85"," Kristen M Milliken","F39","MAM","3854-C4U5X","02-22-2025","2025 Splash &amp; Dash Sprint Pentathlon"
"Women ","35-39","50","Butterfly","18","42.59"," Mary C Raygoza","F37","ALB","385X-08F8G","02-22-2025","2025 Splash &amp; Dash Sprint Pentathlon"
"Women ","35-39","50","Butterfly","19","44.11"," Leah R Esturas-Pierson","F38","UC38","3851-068BZ","02-22-2025","2025 Splash &amp; Dash Sprint Pentathlon"
"Women ","35-39","50","Butterfly","20","44.9"," Lindsey Adams","F35","RPM","385K-4XW9D","02-22-2025","2025 Splash &amp; Dash Sprint Pentathlon"
"Women ","35-39","50","Butterfly","21","51.74"," Mindy Campbell","F36","TCAM","385Y-DYFT8","02-08-2025","USF Valentine's Affair"
"Women ","35-39","100","Butterfly","1","1:27.06"," Beth McBride","F35","MEMO","385E-4YVNP","03-01-2025","TVM Spring Classic - 2025"
"Women ","35-39","100","Butterfly","2","1:27.71"," Meredith A West","F39","SMM","3842-03PVE","06-22-2024","2024 U.S. Masters Swimming Spring National Championship"
"Women ","35-39","200","Butterfly","1","2:51.26"," Carolina De Barros","F35","RPM","385J-AG1HY","03-09-2025","Short and Sweet Meet"
"Women ","35-39","100","Individual Medley","1","1:03.10"," Katherine Raatz","F36","STAN","385S-0801C","03-01-2025","TVM Spring Classic - 2025"
"Women ","35-39","100","Individual Medley","2","1:03.53"," Marie A Ballenger","F38","TOC","3857-06ECE","02-08-2025","USF Valentine's Affair"
"Women ","35-39","100","Individual Medley","3","1:05.71"," Tiffany Sun","F35","HTUB","384Y-07UP1","06-21-2024","2024 U.S. Masters Swimming Spring National Championship"
"Women ","35-39","100","Individual Medley","4","1:08.26"," Emily M Schmitz","F36","MAM","3843-08A28","06-21-2024","2024 U.S. Masters Swimming Spring National Championship"
"Women ","35-39","100","Individual Medley","5","1:08.55"," Lauren Au Brinkmeyer","F39","MAM","384H-03RD5","06-21-2024","2024 U.S. Masters Swimming Spring National Championship"
"Women ","35-39","100","Individual Medley","6","1:10.01"," Margaret R Greer","F36","EBAT","385C-06831","02-22-2025","2025 Splash &amp; Dash Sprint Pentathlon"
"Women ","35-39","100","Individual Medley","7","1:10.32"," Nicole J Ball","F36","ALB","385H-N29TS","02-22-2025","2025 Splash &amp; Dash Sprint Pentathlon"
"Women ","35-39","100","Individual Medley","8","1:12.34"," Chanel M Ball","F35","MAM","3852-YRM9M","02-22-2025","2025 Splash &amp; Dash Sprint Pentathlon"
"Women ","35-39","100","Individual Medley","9","1:14.13"," Carolina De Barros","F35","RPM","385J-AG1HY","02-22-2025","2025 Splash &amp; Dash Sprint Pentathlon"
"Women ","35-39","100","Individual Medley","10","1:15.63"," Samantha Mockford","F38","SACMA","385V-071K7","02-22-2025","2025 Splash &amp; Dash Sprint Pentathlon"
"Women ","35-39","100","Individual Medley","11","1:15.78"," Chao Liu","F36","TVM","385B-07AR1","03-01-2025","TVM Spring Classic - 2025"
"Women ","35-39","100","Individual Medley","12","1:15.93"," Cecily Devoto","F35","SRM","385P-7J53Z","02-22-2025","2025 Splash &amp; Dash Sprint Pentathlon"
"Women ","35-39","100","Individual Medley","13","1:16.03"," Catherine D Riley","F38","MAM","385K-07HSR","02-22-2025","2025 Splash &amp; Dash Sprint Pentathlon"
"Women ","35-39","100","Individual Medley","14","1:19.96"," Beth McBride","F35","MEMO","385E-4YVNP","02-22-2025","2025 Splash &amp; Dash Sprint Pentathlon"
"Women ","35-39","100","Individual Medley","15","1:25.57"," Mary C Raygoza","F37","ALB","385X-08F8G","02-22-2025","2025 Splash &amp; Dash Sprint Pentathlon"
"Women ","35-39","100","Individual Medley","16","1:25.98"," Kristen M Milliken","F39","MAM","3854-C4U5X","02-22-2025","2025 Splash &amp; Dash Sprint Pentathlon"
"Women ","35-39","100","Individual Medley","17","1:32.34"," Leah R Esturas-Pierson","F38","UC38","3851-068BZ","02-22-2025","2025 Splash &amp; Dash Sprint Pentathlon"
"Women ","35-39","100","Individual Medley","18","1:34.52"," Kim R Gallagher","F35","UC38","385T-07TCY","01-18-2025","2025 Santa Rosa Masters Resolution Meet"
"Women ","35-39","100","Individual Medley","19","1:46.90"," Lindsey Adams","F35","RPM","385K-4XW9D","02-22-2025","2025 Splash &amp; Dash Sprint Pentathlon"
"Women ","35-39","100","Individual Medley","20","2:03.14"," Mindy Campbell","F36","TCAM","385Y-DYFT8","02-08-2025","USF Valentine's Affair"
"Women ","35-39","200","Individual Medley","1","2:31.50"," Emily M Schmitz","F36","MAM","3843-08A28","06-22-2024","2024 U.S. Masters Swimming Spring National Championship"
"Women ","35-39","200","Individual Medley","2","2:49.55"," Beth McBride","F35","MEMO","385E-4YVNP","03-01-2025","TVM Spring Classic - 2025"
"Women ","40-44","50","Freestyle","1","25.97"," Naoko Watanabe","F41","TOC","384Y-03DZ2","06-21-2024","2024 U.S. Masters Swimming Spring National Championship"
"Women ","40-44","50","Freestyle","2","26.16"," Molly M Ward","F42","TOC","384B-07VU7","06-21-2024","2024 U.S. Masters Swimming Spring National Championship"
"Women ","40-44","50","Freestyle","3","26.31"," Elyse Corwin","F42","MEMO","385P-092FB","12-07-2024","THRICE is Nice!"
"Women ","40-44","50","Freestyle","4","26.68"," Lauren Brinkmeyer","F40","MAM","385Z-03RD5","02-22-2025","2025 Splash &amp; Dash Sprint Pentathlon"
"Women ","40-44","50","Freestyle","5","26.87"," Julie Herson","F42","UC38","3856-JD576","02-22-2025","2025 Splash &amp; Dash Sprint Pentathlon"
"Women ","40-44","50","Freestyle","6","26.91"," Gina M Marek","F41","STAN","385E-03X3B","03-01-2025","TVM Spring Classic - 2025"
"Women ","40-44","50","Freestyle","7","26.96"," Ashley Clendenin","F44","SNM","385D-068TR","03-02-2025","Silver State Masters SCY"
"Women ","40-44","50","Freestyle","8","27.38"," Helene Nehrebecki","F44","DAM","385M-06JFA","01-18-2025","2025 Santa Rosa Masters Resolution Meet"
"Women ","40-44","50","Freestyle","9","29.15"," Keri M Pock","F40","ECAM","385M-03T45","02-22-2025","2025 Splash &amp; Dash Sprint Pentathlon"
"Women ","40-44","50","Freestyle","10","29.84"," Johnna M Chism","F44","SNM","385C-080B2","03-02-2025","Silver State Masters SCY"
"Women ","40-44","50","Freestyle","11","29.93"," Natalie Lacuesta Byrum","F43","OAM","385K-ZNB4S","12-07-2024","THRICE is Nice!"
"Women ","40-44","50","Freestyle","12","30.08"," Alexis F Ward","F43","MAM","3854-03Z5G","02-22-2025","2025 Splash &amp; Dash Sprint Pentathlon"
"Women ","40-44","50","Freestyle","13","30.69"," Megan M Sweeney","F44","USF","385T-03YWM","02-08-2025","USF Valentine's Affair"
"Women ","40-44","50","Freestyle","14","30.8"," Marcela Rueda","F43","SRM","385W-03YSX","02-22-2025","2025 Splash &amp; Dash Sprint Pentathlon"
"Women ","40-44","50","Freestyle","15","30.87"," Lisa M Hieb-Stock","F44","TCAM","385C-03WW3","02-08-2025","USF Valentine's Affair"
"Women ","40-44","50","Freestyle","16","32.53"," Emily J Keough","F44","MELO","3856-9389P","03-09-2025","Short and Sweet Meet"
"Women ","40-44","50","Freestyle","17","32.63"," Sarah L Groskopf","F44","HTUB","385P-03KAH","02-22-2025","2025 Splash &amp; Dash Sprint Pentathlon"
"Women ","40-44","50","Freestyle","18","33"," Lauren I Friedeman","F44","SRM","385J-7ZBVH","01-18-2025","2025 Santa Rosa Masters Resolution Meet"
"Women ","40-44","50","Freestyle","19","33.41"," Stephanie R Corwin","F40","LAC","385P-04BBS","03-01-2025","TVM Spring Classic - 2025"
"Women ","40-44","50","Freestyle","20","33.46"," Nora D Devine","F42","USF","3857-06PNG","02-08-2025","USF Valentine's Affair"
"Women ","40-44","50","Freestyle","21","33.7"," Nicole C Klopp","F42","TVM","385V-166DW","03-01-2025","TVM Spring Classic - 2025"
"Women ","40-44","50","Freestyle","22","34.52"," Jacquelyn E Conrad","F40","LAC","385G-NJZJX","03-01-2025","TVM Spring Classic - 2025"
"Women ","40-44","50","Freestyle","23","34.81"," Meredith A West","F40","UC38","3854-03PVE","03-09-2025","Short and Sweet Meet"
"Women ","40-44","50","Freestyle","24","35.08"," Laura E Seidel","F40","EBAT","385G-56YYX","02-22-2025","2025 Splash &amp; Dash Sprint Pentathlon"
"Women ","40-44","50","Freestyle","25","39.05"," Donita L Flecker","F42","SMAC","385S-086B0","03-09-2025","Short and Sweet Meet"
"Women ","40-44","50","Freestyle","26","42.39"," Debi Fennern","F43","SJCF","385E-0D7Z6","02-08-2025","USF Valentine's Affair"
"Women ","40-44","50","Freestyle","27","47.14"," Sarah-Jane Morin","F42","MAQ","385F-DNAVA","03-09-2025","Short and Sweet Meet"
"Women ","40-44","100","Freestyle","1","54.83"," Jennifer D Radecke-Noble","F40","TVM","3853-08F5P","03-01-2025","TVM Spring Classic - 2025"
"Women ","40-44","100","Freestyle","2","56.74"," Jessica N Huang","F40","USF","385F-03TR3","02-08-2025","USF Valentine's Affair"
"Women ","40-44","100","Freestyle","3","58.8"," Helene Nehrebecki","F44","DAM","385M-06JFA","02-08-2025","USF Valentine's Affair"
"Women ","40-44","100","Freestyle","4","59.01"," Elyse Corwin","F42","MEMO","385P-092FB","12-07-2024","THRICE is Nice!"
"Women ","40-44","100","Freestyle","5","1:00.50"," Sara D Hardy","F43","UC38","3853-7APE2","02-08-2025","USF Valentine's Affair"
"Women ","40-44","100","Freestyle","6","1:00.67"," Gina M Marek","F41","STAN","385E-03X3B","01-18-2025","2025 Santa Rosa Masters Resolution Meet"
"Women ","40-44","100","Freestyle","7","1:01.12"," Lorissa Anderson","F43","WCM","3853-SYCTT","01-18-2025","2025 Santa Rosa Masters Resolution Meet"
"Women ","40-44","100","Freestyle","8","1:01.12"," Ashley Clendenin","F44","SNM","385D-068TR","03-02-2025","Silver State Masters SCY"
"Women ","40-44","100","Freestyle","9","1:02.46"," Lisa A White","F40","LAC","385D-03U9K","03-01-2025","TVM Spring Classic - 2025"
"Women ","40-44","100","Freestyle","10","1:05.88"," Megan M Sweeney","F44","USF","385T-03YWM","02-08-2025","USF Valentine's Affair"
"Women ","40-44","100","Freestyle","11","1:06.46"," Johnna M Chism","F44","SNM","385C-080B2","03-02-2025","Silver State Masters SCY"
"Women ","40-44","100","Freestyle","12","1:08.99"," Natalie Lacuesta Byrum","F43","OAM","385K-ZNB4S","01-18-2025","2025 Santa Rosa Masters Resolution Meet"
"Women ","40-44","100","Freestyle","13","1:09.77"," Sarah L Groskopf","F44","HTUB","385P-03KAH","02-08-2025","USF Valentine's Affair"
"Women ","40-44","100","Freestyle","14","1:10.28"," Lisa M Hieb-Stock","F44","TCAM","385C-03WW3","02-08-2025","USF Valentine's Affair"
"Women ","40-44","100","Freestyle","15","1:13.38"," Nora D Devine","F42","USF","3857-06PNG","02-08-2025","USF Valentine's Affair"
"Women ","40-44","100","Freestyle","16","1:14.17"," Jacquelyn E Conrad","F40","LAC","385G-NJZJX","03-01-2025","TVM Spring Classic - 2025"
"Women ","40-44","100","Freestyle","17","1:15.17"," Meredith A West","F40","UC38","3854-03PVE","03-01-2025","TVM Spring Classic - 2025"
"Women ","40-44","100","Freestyle","18","1:15.23"," Nicole C Klopp","F42","TVM","385V-166DW","03-01-2025","TVM Spring Classic - 2025"
"Women ","40-44","100","Freestyle","19","1:15.26"," Jez Lee","F44","SMAC","3856-72PWB","01-18-2025","2025 Santa Rosa Masters Resolution Meet"
"Women ","40-44","100","Freestyle","20","1:22.06"," Donita L Flecker","F42","SMAC","385S-086B0","03-09-2025","Short and Sweet Meet"
"Women ","40-44","100","Freestyle","21","1:35.82"," Debi Fennern","F43","SJCF","385E-0D7Z6","02-08-2025","USF Valentine's Affair"
"Women ","40-44","200","Freestyle","1","2:01.41"," Jennifer D Radecke-Noble","F40","TVM","3853-08F5P","03-01-2025","TVM Spring Classic - 2025"
"Women ","40-44","200","Freestyle","2","2:07.81"," Molly M Ward","F42","TOC","384B-07VU7","06-21-2024","2024 U.S. Masters Swimming Spring National Championship"
"Women ","40-44","200","Freestyle","3","2:10.30"," Elyse Corwin","F42","MEMO","385P-092FB","12-07-2024","THRICE is Nice!"
"Women ","40-44","200","Freestyle","4","2:13.94"," Lorissa Anderson","F43","WCM","3853-SYCTT","01-18-2025","2025 Santa Rosa Masters Resolution Meet"
"Women ","40-44","200","Freestyle","5","2:21.18"," Rachel M Rempe","F41","MAQ","385J-03ZNH","03-09-2025","Short and Sweet Meet"
"Women ","40-44","200","Freestyle","6","2:28.04"," Sarah L Groskopf","F44","HTUB","385P-03KAH","03-09-2025","Short and Sweet Meet"
"Women ","40-44","200","Freestyle","7","2:30.08"," Emily J Keough","F44","MELO","3856-9389P","03-09-2025","Short and Sweet Meet"
"Women ","40-44","200","Freestyle","8","2:46.33"," Meredith A West","F40","UC38","3854-03PVE","01-18-2025","2025 Santa Rosa Masters Resolution Meet"
"Women ","40-44","200","Freestyle","9","2:53.09"," Donita L Flecker","F42","SMAC","385S-086B0","03-09-2025","Short and Sweet Meet"
"Women ","40-44","500","Freestyle","1","5:37.09"," Meghan S Hardin","F43","NBA","385M-092HZ","03-09-2025","Short and Sweet Meet"
"Women ","40-44","500","Freestyle","2","6:55.09"," Emily J Keough","F44","MELO","3856-9389P","03-09-2025","Short and Sweet Meet"
"Women ","40-44","500","Freestyle","3","7:08.01"," Meredith A West","F40","UC38","3854-03PVE","03-09-2025","Short and Sweet Meet"
"Women ","40-44","500","Freestyle","4","7:29.04"," Donita L Flecker","F42","SMAC","385S-086B0","03-09-2025","Short and Sweet Meet"
"Women ","40-44","500","Freestyle","5","7:37.10"," Jez Lee","F44","SMAC","3856-72PWB","03-09-2025","Short and Sweet Meet"
"Women ","40-44","1000","Freestyle","1","12:39.75"," Lorissa Anderson","F43","WCM","3853-SYCTT","","The City Mile"
"Women ","40-44","1000","Freestyle","2","15:50.87"," Donita L Flecker","F42","SMAC","385S-086B0","","The City Mile"
"Women ","40-44","1650","Freestyle","1","20:02.52"," Sara D Hardy","F43","UC38","3853-7APE2","02-23-2025","The City Mile"
"Women ","40-44","1650","Freestyle","2","20:58.34"," Lorissa Anderson","F43","WCM","3853-SYCTT","02-23-2025","The City Mile"
"Women ","40-44","1650","Freestyle","3","22:15.49"," Sarah L Groskopf","F44","HTUB","385P-03KAH","02-23-2025","The City Mile"
"Women ","40-44","1650","Freestyle","4","26:14.49"," Donita L Flecker","F42","SMAC","385S-086B0","02-23-2025","The City Mile"
"Women ","40-44","50","Backstroke","1","27.99"," Naoko Watanabe","F41","TOC","384Y-03DZ2","06-22-2024","2024 U.S. Masters Swimming Spring National Championship"
"Women ","40-44","50","Backstroke","2","28.83"," Jennifer D Radecke-Noble","F40","TVM","3841-08F5P","12-07-2024","THRICE is Nice!"
"Women ","40-44","50","Backstroke","3","30.67"," Helene Nehrebecki","F44","DAM","384P-06JFA","06-22-2024","2024 U.S. Masters Swimming Spring National Championship"
"Women ","40-44","50","Backstroke","4","30.95"," Molly M Ward","F42","TOC","384B-07VU7","06-22-2024","2024 U.S. Masters Swimming Spring National Championship"
"Women ","40-44","50","Backstroke","5","31.38"," Julie Herson","F42","UC38","3856-JD576","02-22-2025","2025 Splash &amp; Dash Sprint Pentathlon"
"Women ","40-44","50","Backstroke","6","31.62"," Elyse Corwin","F42","MEMO","385P-092FB","12-07-2024","THRICE is Nice!"
"Women ","40-44","50","Backstroke","7","32.48"," Gina M Marek","F41","STAN","385E-03X3B","02-08-2025","USF Valentine's Affair"
"Women ","40-44","50","Backstroke","8","33.8"," Sara D Hardy","F43","UC38","3853-7APE2","02-08-2025","USF Valentine's Affair"
"Women ","40-44","50","Backstroke","9","33.95"," Lauren Brinkmeyer","F40","MAM","385Z-03RD5","02-22-2025","2025 Splash &amp; Dash Sprint Pentathlon"
"Women ","40-44","50","Backstroke","10","34.44"," Keri M Pock","F40","ECAM","385M-03T45","02-22-2025","2025 Splash &amp; Dash Sprint Pentathlon"
"Women ","40-44","50","Backstroke","11","34.48"," Ashley Clendenin","F44","SNM","385D-068TR","03-02-2025","Silver State Masters SCY"
"Women ","40-44","50","Backstroke","12","34.76"," Natalie Lacuesta Byrum","F43","OAM","385K-ZNB4S","02-22-2025","2025 Splash &amp; Dash Sprint Pentathlon"
"Women ","40-44","50","Backstroke","13","35.23"," Alexis F Ward","F43","MAM","3854-03Z5G","02-22-2025","2025 Splash &amp; Dash Sprint Pentathlon"
"Women ","40-44","50","Backstroke","14","35.66"," Marcela Rueda","F43","SRM","385W-03YSX","02-22-2025","2025 Splash &amp; Dash Sprint Pentathlon"
"Women ","40-44","50","Backstroke","15","36.03"," Sarah L Groskopf","F44","HTUB","385P-03KAH","02-22-2025","2025 Splash &amp; Dash Sprint Pentathlon"
"Women ","40-44","50","Backstroke","16","37.37"," Emily J Keough","F44","MELO","3856-9389P","03-09-2025","Short and Sweet Meet"
"Women ","40-44","50","Backstroke","17","38.87"," Jacquelyn E Conrad","F40","LAC","385G-NJZJX","03-01-2025","TVM Spring Classic - 2025"
"Women ","40-44","50","Backstroke","18","39.21"," Donita L Flecker","F42","SMAC","385S-086B0","01-18-2025","2025 Santa Rosa Masters Resolution Meet"
"Women ","40-44","50","Backstroke","19","40.7"," Lisa M Hieb-Stock","F44","TCAM","385C-03WW3","02-08-2025","USF Valentine's Affair"
"Women ","40-44","50","Backstroke","20","42.48"," Laura E Seidel","F40","EBAT","385G-56YYX","02-22-2025","2025 Splash &amp; Dash Sprint Pentathlon"
"Women ","40-44","50","Backstroke","21","48.82"," Meredith A West","F40","UC38","3854-03PVE","02-22-2025","2025 Splash &amp; Dash Sprint Pentathlon"
"Women ","40-44","100","Backstroke","1","1:00.65"," Naoko Watanabe","F41","TOC","384Y-03DZ2","06-21-2024","2024 U.S. Masters Swimming Spring National Championship"
"Women ","40-44","100","Backstroke","2","1:00.88"," Jennifer D Radecke-Noble","F40","TVM","3841-08F5P","12-07-2024","THRICE is Nice!"
"Women ","40-44","100","Backstroke","3","1:05.09"," Jessica N Huang","F40","USF","385F-03TR3","02-08-2025","USF Valentine's Affair"
"Women ","40-44","100","Backstroke","4","1:06.15"," Molly M Ward","F42","TOC","384B-07VU7","06-21-2024","2024 U.S. Masters Swimming Spring National Championship"
"Women ","40-44","100","Backstroke","5","1:14.01"," Lorissa Anderson","F43","WCM","3853-SYCTT","01-18-2025","2025 Santa Rosa Masters Resolution Meet"
"Women ","40-44","100","Backstroke","6","1:19.20"," Natalie Lacuesta Byrum","F43","OAM","385K-ZNB4S","12-07-2024","THRICE is Nice!"
"Women ","40-44","100","Backstroke","7","1:19.94"," Sarah L Groskopf","F44","HTUB","385P-03KAH","03-01-2025","TVM Spring Classic - 2025"
"Women ","40-44","100","Backstroke","8","1:21.33"," Lisa A White","F40","LAC","385D-03U9K","03-01-2025","TVM Spring Classic - 2025"
"Women ","40-44","100","Backstroke","9","1:24.47"," Jacquelyn E Conrad","F40","LAC","385G-NJZJX","03-01-2025","TVM Spring Classic - 2025"
"Women ","40-44","100","Backstroke","10","1:39.04"," Jez Lee","F44","SMAC","3856-72PWB","01-18-2025","2025 Santa Rosa Masters Resolution Meet"
"Women ","40-44","100","Backstroke","11","1:40.61"," Meredith A West","F40","UC38","3854-03PVE","03-01-2025","TVM Spring Classic - 2025"
"Women ","40-44","200","Backstroke","1","2:14.41"," Jennifer D Radecke-Noble","F40","TVM","3841-08F5P","12-07-2024","THRICE is Nice!"
"Women ","40-44","200","Backstroke","2","2:22.96"," Meghan S Hardin","F43","NBA","385M-092HZ","03-09-2025","Short and Sweet Meet"
"Women ","40-44","200","Backstroke","3","2:23.60"," Molly M Ward","F42","TOC","384B-07VU7","06-23-2024","2024 U.S. Masters Swimming Spring National Championship"
"Women ","40-44","200","Backstroke","4","2:47.68"," Sarah L Groskopf","F44","HTUB","385P-03KAH","03-09-2025","Short and Sweet Meet"
"Women ","40-44","200","Backstroke","5","2:50.77"," Natalie Lacuesta Byrum","F43","OAM","385K-ZNB4S","03-09-2025","Short and Sweet Meet"
"Women ","40-44","200","Backstroke","6","3:03.10"," Donita L Flecker","F42","SMAC","385S-086B0","03-09-2025","Short and Sweet Meet"
"Women ","40-44","50","Breaststroke","1","33.29"," Lauren Brinkmeyer","F40","MAM","385Z-03RD5","02-22-2025","2025 Splash &amp; Dash Sprint Pentathlon"
"Women ","40-44","50","Breaststroke","2","34"," Gina M Marek","F41","STAN","385E-03X3B","01-18-2025","2025 Santa Rosa Masters Resolution Meet"
"Women ","40-44","50","Breaststroke","3","35.22"," Helene Nehrebecki","F44","DAM","385M-06JFA","01-18-2025","2025 Santa Rosa Masters Resolution Meet"
"Women ","40-44","50","Breaststroke","4","35.61"," Julie Herson","F42","UC38","3856-JD576","02-22-2025","2025 Splash &amp; Dash Sprint Pentathlon"
"Women ","40-44","50","Breaststroke","5","37.2"," Marcela Rueda","F43","SRM","385W-03YSX","02-22-2025","2025 Splash &amp; Dash Sprint Pentathlon"
"Women ","40-44","50","Breaststroke","6","39.38"," Laura E Seidel","F40","EBAT","385G-56YYX","02-22-2025","2025 Splash &amp; Dash Sprint Pentathlon"
"Women ","40-44","50","Breaststroke","7","41.87"," Keri M Pock","F40","ECAM","385M-03T45","02-22-2025","2025 Splash &amp; Dash Sprint Pentathlon"
"Women ","40-44","50","Breaststroke","8","42.88"," Natalie Lacuesta Byrum","F43","OAM","385K-ZNB4S","02-22-2025","2025 Splash &amp; Dash Sprint Pentathlon"
"Women ","40-44","50","Breaststroke","9","43.08"," Lauren I Friedeman","F44","SRM","385J-7ZBVH","01-18-2025","2025 Santa Rosa Masters Resolution Meet"
"Women ","40-44","50","Breaststroke","10","43.08"," Megan M Sweeney","F44","USF","385T-03YWM","02-08-2025","USF Valentine's Affair"
"Women ","40-44","50","Breaststroke","11","43.57"," Sarah L Groskopf","F44","HTUB","385P-03KAH","02-22-2025","2025 Splash &amp; Dash Sprint Pentathlon"
"Women ","40-44","50","Breaststroke","12","44.96"," Nora D Devine","F42","USF","3857-06PNG","02-08-2025","USF Valentine's Affair"
"Women ","40-44","50","Breaststroke","13","47.58"," Kimberly Springer","F42","MAQ","385X-PEVU5","03-09-2025","Short and Sweet Meet"
"Women ","40-44","50","Breaststroke","14","52.41"," Marina J Stankov-Hodge","F44","MEMO","3857-J73C8","12-07-2024","THRICE is Nice!"
"Women ","40-44","50","Breaststroke","15","52.42"," Meredith A West","F40","UC38","3854-03PVE","02-22-2025","2025 Splash &amp; Dash Sprint Pentathlon"
"Women ","40-44","100","Breaststroke","1","1:12.05"," Jessica N Huang","F40","USF","385F-03TR3","02-08-2025","USF Valentine's Affair"
"Women ","40-44","100","Breaststroke","2","1:14.68"," Gina M Marek","F41","STAN","385E-03X3B","01-18-2025","2025 Santa Rosa Masters Resolution Meet"
"Women ","40-44","100","Breaststroke","3","1:16.32"," Helene Nehrebecki","F44","DAM","384P-06JFA","06-23-2024","2024 U.S. Masters Swimming Spring National Championship"
"Women ","40-44","100","Breaststroke","4","1:24.76"," Lisa A White","F40","LAC","385D-03U9K","03-01-2025","TVM Spring Classic - 2025"
"Women ","40-44","100","Breaststroke","5","1:27.05"," Johnna M Chism","F44","SNM","385C-080B2","03-02-2025","Silver State Masters SCY"
"Women ","40-44","200","Breaststroke","1","3:34.06"," Jez Lee","F44","SMAC","3856-72PWB","03-09-2025","Short and Sweet Meet"
"Women ","40-44","50","Butterfly","1","27.67"," Naoko Watanabe","F41","TOC","384Y-03DZ2","06-23-2024","2024 U.S. Masters Swimming Spring National Championship"
"Women ","40-44","50","Butterfly","2","28.83"," Helene Nehrebecki","F44","DAM","384P-06JFA","06-23-2024","2024 U.S. Masters Swimming Spring National Championship"
"Women ","40-44","50","Butterfly","3","29.57"," Julie Herson","F42","UC38","3856-JD576","02-22-2025","2025 Splash &amp; Dash Sprint Pentathlon"
"Women ","40-44","50","Butterfly","4","29.94"," Lauren Brinkmeyer","F40","MAM","385Z-03RD5","02-22-2025","2025 Splash &amp; Dash Sprint Pentathlon"
"Women ","40-44","50","Butterfly","5","29.98"," Elyse Corwin","F42","MEMO","385P-092FB","12-07-2024","THRICE is Nice!"
"Women ","40-44","50","Butterfly","6","30.5"," Ashley Clendenin","F44","SNM","385D-068TR","03-02-2025","Silver State Masters SCY"
"Women ","40-44","50","Butterfly","7","31.91"," Keri M Pock","F40","ECAM","385M-03T45","02-22-2025","2025 Splash &amp; Dash Sprint Pentathlon"
"Women ","40-44","50","Butterfly","8","32.15"," Lorissa Anderson","F43","WCM","3853-SYCTT","01-18-2025","2025 Santa Rosa Masters Resolution Meet"
"Women ","40-44","50","Butterfly","9","32.23"," Megan M Sweeney","F44","USF","385T-03YWM","02-08-2025","USF Valentine's Affair"
"Women ","40-44","50","Butterfly","10","32.92"," Kelly H Radimer","F42","SRVM","3855-046PC","03-01-2025","TVM Spring Classic - 2025"
"Women ","40-44","50","Butterfly","11","33.29"," Marcela Rueda","F43","SRM","385W-03YSX","02-22-2025","2025 Splash &amp; Dash Sprint Pentathlon"
"Women ","40-44","50","Butterfly","12","34.82"," Natalie Lacuesta Byrum","F43","OAM","385K-ZNB4S","02-22-2025","2025 Splash &amp; Dash Sprint Pentathlon"
"Women ","40-44","50","Butterfly","13","34.88"," Sarah L Groskopf","F44","HTUB","385P-03KAH","02-22-2025","2025 Splash &amp; Dash Sprint Pentathlon"
"Women ","40-44","50","Butterfly","14","36.91"," Lisa M Hieb-Stock","F44","TCAM","385C-03WW3","02-08-2025","USF Valentine's Affair"
"Women ","40-44","50","Butterfly","15","38.29"," Laura E Seidel","F40","EBAT","385G-56YYX","02-22-2025","2025 Splash &amp; Dash Sprint Pentathlon"
"Women ","40-44","50","Butterfly","16","38.65"," Emily J Keough","F44","MELO","3856-9389P","03-09-2025","Short and Sweet Meet"
"Women ","40-44","50","Butterfly","17","38.98"," Nora D Devine","F42","USF","3857-06PNG","02-08-2025","USF Valentine's Affair"
"Women ","40-44","50","Butterfly","18","40.28"," Meredith A West","F40","UC38","3854-03PVE","02-22-2025","2025 Splash &amp; Dash Sprint Pentathlon"
"Women ","40-44","50","Butterfly","19","41.67"," Stephanie R Corwin","F40","LAC","385P-04BBS","03-01-2025","TVM Spring Classic - 2025"
"Women ","40-44","50","Butterfly","20","41.68"," Nicole C Klopp","F42","TVM","385V-166DW","03-01-2025","TVM Spring Classic - 2025"
"Women ","40-44","50","Butterfly","21","45.91"," Donita L Flecker","F42","SMAC","385S-086B0","03-09-2025","Short and Sweet Meet"
"Women ","40-44","50","Butterfly","22","46"," Marina J Stankov-Hodge","F44","MEMO","3857-J73C8","12-07-2024","THRICE is Nice!"
"Women ","40-44","100","Butterfly","1","1:04.33"," Helene Nehrebecki","F44","DAM","384P-06JFA","06-22-2024","2024 U.S. Masters Swimming Spring National Championship"
"Women ","40-44","100","Butterfly","2","1:12.30"," Ashley Clendenin","F44","SNM","385D-068TR","03-02-2025","Silver State Masters SCY"
"Women ","40-44","100","Butterfly","3","1:13.66"," Lorissa Anderson","F43","WCM","3853-SYCTT","01-18-2025","2025 Santa Rosa Masters Resolution Meet"
"Women ","40-44","100","Butterfly","4","1:35.21"," Meredith A West","F40","UC38","3854-03PVE","03-01-2025","TVM Spring Classic - 2025"
"Women ","40-44","100","Butterfly","5","1:36.70"," Donita L Flecker","F42","SMAC","385S-086B0","03-09-2025","Short and Sweet Meet"
"Women ","40-44","100","Butterfly","6","1:38.07"," Nicole C Klopp","F42","TVM","385V-166DW","03-01-2025","TVM Spring Classic - 2025"
"Women ","40-44","100","Butterfly","7","1:44.41"," Marina J Stankov-Hodge","F44","MEMO","3857-J73C8","12-07-2024","THRICE is Nice!"
"Women ","40-44","200","Butterfly","1","3:27.47"," Donita L Flecker","F42","SMAC","385S-086B0","03-09-2025","Short and Sweet Meet"
"Women ","40-44","200","Butterfly","2","3:59.05"," Marina J Stankov-Hodge","F44","MEMO","3857-J73C8","12-07-2024","THRICE is Nice!"
"Women ","40-44","100","Individual Medley","1","1:03.66"," Naoko Watanabe","F41","TOC","384Y-03DZ2","06-21-2024","2024 U.S. Masters Swimming Spring National Championship"
"Women ","40-44","100","Individual Medley","2","1:03.71"," Jennifer D Radecke-Noble","F40","TVM","3853-08F5P","03-01-2025","TVM Spring Classic - 2025"
"Women ","40-44","100","Individual Medley","3","1:07.44"," Julie Herson","F42","UC38","3856-JD576","02-22-2025","2025 Splash &amp; Dash Sprint Pentathlon"
"Women ","40-44","100","Individual Medley","4","1:08.38"," Gina M Marek","F41","STAN","385E-03X3B","03-01-2025","TVM Spring Classic - 2025"
"Women ","40-44","100","Individual Medley","5","1:08.46"," Lauren Brinkmeyer","F40","MAM","385Z-03RD5","02-22-2025","2025 Splash &amp; Dash Sprint Pentathlon"
"Women ","40-44","100","Individual Medley","6","1:12.31"," Lorissa Anderson","F43","WCM","3853-SYCTT","01-18-2025","2025 Santa Rosa Masters Resolution Meet"
"Women ","40-44","100","Individual Medley","7","1:14.92"," Ashley Clendenin","F44","SNM","385D-068TR","03-02-2025","Silver State Masters SCY"
"Women ","40-44","100","Individual Medley","8","1:15.16"," Kelly H Radimer","F42","SRVM","3855-046PC","03-01-2025","TVM Spring Classic - 2025"
"Women ","40-44","100","Individual Medley","9","1:15.44"," Keri M Pock","F40","ECAM","385M-03T45","02-22-2025","2025 Splash &amp; Dash Sprint Pentathlon"
"Women ","40-44","100","Individual Medley","10","1:15.58"," Marcela Rueda","F43","SRM","385W-03YSX","02-22-2025","2025 Splash &amp; Dash Sprint Pentathlon"
"Women ","40-44","100","Individual Medley","11","1:16.10"," Megan M Sweeney","F44","USF","385T-03YWM","02-08-2025","USF Valentine's Affair"
"Women ","40-44","100","Individual Medley","12","1:17.75"," Johnna M Chism","F44","SNM","385C-080B2","03-02-2025","Silver State Masters SCY"
"Women ","40-44","100","Individual Medley","13","1:18.04"," Sarah L Groskopf","F44","HTUB","385P-03KAH","02-22-2025","2025 Splash &amp; Dash Sprint Pentathlon"
"Women ","40-44","100","Individual Medley","14","1:18.66"," Alexis F Ward","F43","MAM","3854-03Z5G","02-22-2025","2025 Splash &amp; Dash Sprint Pentathlon"
"Women ","40-44","100","Individual Medley","15","1:18.66"," Natalie Lacuesta Byrum","F43","OAM","385K-ZNB4S","01-18-2025","2025 Santa Rosa Masters Resolution Meet"
"Women ","40-44","100","Individual Medley","16","1:23.26"," Laura E Seidel","F40","EBAT","385G-56YYX","02-22-2025","2025 Splash &amp; Dash Sprint Pentathlon"
"Women ","40-44","100","Individual Medley","17","1:23.40"," Lisa M Hieb-Stock","F44","TCAM","385C-03WW3","02-08-2025","USF Valentine's Affair"
"Women ","40-44","100","Individual Medley","18","1:28.24"," Jacquelyn E Conrad","F40","LAC","385G-NJZJX","03-01-2025","TVM Spring Classic - 2025"
"Women ","40-44","100","Individual Medley","19","1:29.92"," Donita L Flecker","F42","SMAC","385S-086B0","01-18-2025","2025 Santa Rosa Masters Resolution Meet"
"Women ","40-44","100","Individual Medley","20","1:31.66"," Stephanie R Corwin","F40","LAC","385P-04BBS","03-01-2025","TVM Spring Classic - 2025"
"Women ","40-44","100","Individual Medley","21","1:32.04"," Nora D Devine","F42","USF","3857-06PNG","02-08-2025","USF Valentine's Affair"
"Women ","40-44","100","Individual Medley","22","1:34.95"," Meredith A West","F40","UC38","3854-03PVE","02-22-2025","2025 Splash &amp; Dash Sprint Pentathlon"
"Women ","40-44","200","Individual Medley","1","2:40.01"," Lisa A White","F40","LAC","385D-03U9K","03-01-2025","TVM Spring Classic - 2025"
"Women ","40-44","200","Individual Medley","2","2:44.58"," Kelly H Radimer","F42","SRVM","3855-046PC","03-01-2025","TVM Spring Classic - 2025"
"Women ","40-44","200","Individual Medley","3","2:50.79"," Sarah L Groskopf","F44","HTUB","385P-03KAH","03-01-2025","TVM Spring Classic - 2025"
"Women ","40-44","200","Individual Medley","4","3:12.34"," Jez Lee","F44","SMAC","3856-72PWB","01-18-2025","2025 Santa Rosa Masters Resolution Meet"
"Women ","40-44","200","Individual Medley","5","3:12.48"," Donita L Flecker","F42","SMAC","385S-086B0","01-18-2025","2025 Santa Rosa Masters Resolution Meet"
"Women ","45-49","50","Freestyle","1","27.44"," Lauren E Hooper","F45","WCM","3848-03WD3","12-07-2024","THRICE is Nice!"
"Women ","45-49","50","Freestyle","2","27.47"," Helene Nehrebecki","F45","DAM","385M-06JFA","03-16-2025","CVMM 10TH Annual Matt Biondi SCY Masters Meet - Pentathlon"
"Women ","45-49","50","Freestyle","3","27.53"," Alison Fealey","F46","SRM","3858-CA07H","02-22-2025","2025 Splash &amp; Dash Sprint Pentathlon"
"Women ","45-49","50","Freestyle","4","28.02"," Jennifer L Ritter","F47","ECAM","385P-05G5F","02-22-2025","2025 Splash &amp; Dash Sprint Pentathlon"
"Women ","45-49","50","Freestyle","5","28.02"," Katie M Bracco Comfort","F48","MELO","384N-03US8","06-21-2024","2024 U.S. Masters Swimming Spring National Championship"
"Women ","45-49","50","Freestyle","6","28.09"," Niki L Woodard","F48","UC38","385P-07U68","03-09-2025","Short and Sweet Meet"
"Women ","45-49","50","Freestyle","7","28.33"," Carrie Hahnel","F46","MEMO","385X-GXNY5","02-22-2025","2025 Splash &amp; Dash Sprint Pentathlon"
"Women ","45-49","50","Freestyle","8","28.8"," Masako K Nagaoka","F49","QSS","384U-3H8RF","06-21-2024","2024 U.S. Masters Swimming Spring National Championship"
"Women ","45-49","50","Freestyle","9","29.03"," Christina M Cairns","F46","MAQ","3853-03MRY","03-09-2025","Short and Sweet Meet"
"Women ","45-49","50","Freestyle","10","29.2"," Taylor H Davis","F47","USF","3840-739B3","06-21-2024","2024 U.S. Masters Swimming Spring National Championship"
"Women ","45-49","50","Freestyle","11","29.46"," Rebecca M Benas","F45","FDM","385X-06D9F","02-08-2025","USF Valentine's Affair"
"Women ","45-49","50","Freestyle","12","29.61"," Carrie L Smith","F48","SACMA","385N-03PVX","02-22-2025","2025 Splash &amp; Dash Sprint Pentathlon"
"Women ","45-49","50","Freestyle","13","30.48"," Sarah F Davenport","F45","CVM","3854-05V23","03-02-2025","Silver State Masters SCY"
"Women ","45-49","50","Freestyle","14","31.38"," Melanie C Belluomini","F47","DAM","385H-05PKW","02-08-2025","USF Valentine's Affair"
"Women ","45-49","50","Freestyle","15","31.53"," Marissa G Nonaka","F46","WCM","3851-03KBG","02-08-2025","USF Valentine's Affair"
"Women ","45-49","50","Freestyle","16","31.58"," Theresa Lo","F49","TEME","385N-2P0KZ","02-22-2025","2025 Splash &amp; Dash Sprint Pentathlon"
"Women ","45-49","50","Freestyle","17","32.53"," Lanie S King","F48","TAM","385N-DCSM1","03-09-2025","Short and Sweet Meet"
"Women ","45-49","50","Freestyle","18","32.6"," Kelly Schley","F45","EBAT","385S-0B371","12-07-2024","THRICE is Nice!"
"Women ","45-49","50","Freestyle","19","32.69"," Christina Balch","F49","MAM","385A-06U5E","02-22-2025","2025 Splash &amp; Dash Sprint Pentathlon"
"Women ","45-49","50","Freestyle","20","34.45"," Traci E Avar","F45","USF","3857-5JSH1","02-08-2025","USF Valentine's Affair"
"Women ","45-49","50","Freestyle","21","36"," Ruth Cheung","F45","QSS","385H-9Y87F","02-22-2025","2025 Splash &amp; Dash Sprint Pentathlon"
"Women ","45-49","50","Freestyle","22","38.42"," Emily Boyd","F45","SRVM","385X-FT6RT","03-01-2025","TVM Spring Classic - 2025"
"Women ","45-49","50","Freestyle","23","38.91"," Jessica A Johnston","F47","SRVM","385B-3NRHX","03-01-2025","TVM Spring Classic - 2025"
"Women ","45-49","50","Freestyle","24","42.64"," Elizabeth S Sayed","F45","USF","3855-62GJR","02-08-2025","USF Valentine's Affair"
"Women ","45-49","100","Freestyle","1","1:01.20"," Alison Fealey","F46","SRM","3858-CA07H","01-18-2025","2025 Santa Rosa Masters Resolution Meet"
"Women ","45-49","100","Freestyle","2","1:04.05"," Rebecca M Benas","F45","FDM","385X-06D9F","02-08-2025","USF Valentine's Affair"
"Women ","45-49","100","Freestyle","3","1:05.13"," Taylor H Davis","F47","USF","3840-739B3","06-20-2024","2024 U.S. Masters Swimming Spring National Championship"
"Women ","45-49","100","Freestyle","4","1:10.10"," Marissa G Nonaka","F46","WCM","3851-03KBG","02-08-2025","USF Valentine's Affair"
"Women ","45-49","100","Freestyle","5","1:10.59"," Sarah F Davenport","F45","CVM","3854-05V23","03-02-2025","Silver State Masters SCY"
"Women ","45-49","100","Freestyle","6","1:12.66"," Melanie C Belluomini","F47","DAM","385H-05PKW","02-08-2025","USF Valentine's Affair"
"Women ","45-49","100","Freestyle","7","1:12.84"," Kelly Schley","F45","EBAT","385S-0B371","12-07-2024","THRICE is Nice!"
"Women ","45-49","100","Freestyle","8","1:21.84"," Bethany J Kirk","F48","TCAM","385Y-2K5GA","02-08-2025","USF Valentine's Affair"
"Women ","45-49","100","Freestyle","9","1:22.86"," Ruth Cheung","F45","QSS","385H-9Y87F","03-01-2025","TVM Spring Classic - 2025"
"Women ","45-49","100","Freestyle","10","1:26.82"," Emily Boyd","F45","SRVM","385X-FT6RT","03-01-2025","TVM Spring Classic - 2025"
"Women ","45-49","100","Freestyle","11","1:30.68"," Elizabeth S Sayed","F45","USF","3855-62GJR","02-08-2025","USF Valentine's Affair"
"Women ","45-49","200","Freestyle","1","2:13.41"," Katie M Bracco Comfort","F48","MELO","384N-03US8","06-21-2024","2024 U.S. Masters Swimming Spring National Championship"
"Women ","45-49","200","Freestyle","2","2:15.32"," Alison Fealey","F46","SRM","3858-CA07H","01-18-2025","2025 Santa Rosa Masters Resolution Meet"
"Women ","45-49","200","Freestyle","3","2:18.24"," Christina M Cairns","F46","MAQ","3853-03MRY","03-09-2025","Short and Sweet Meet"
"Women ","45-49","200","Freestyle","4","2:21.56"," Taylor H Davis","F47","USF","3840-739B3","06-21-2024","2024 U.S. Masters Swimming Spring National Championship"
"Women ","45-49","200","Freestyle","5","2:33.48"," Lanie S King","F48","TAM","385N-DCSM1","03-09-2025","Short and Sweet Meet"
"Women ","45-49","200","Freestyle","6","2:39.03"," Kelly Schley","F45","EBAT","385S-0B371","12-07-2024","THRICE is Nice!"
"Women ","45-49","200","Freestyle","7","2:54.04"," Ruth Cheung","F45","QSS","384K-9Y87F","12-07-2024","THRICE is Nice!"
"Women ","45-49","500","Freestyle","1","6:11.07"," Carrie L Smith","F48","SACMA","385N-03PVX","03-09-2025","Short and Sweet Meet"
"Women ","45-49","500","Freestyle","2","6:13.93"," Christina M Cairns","F46","MAQ","3853-03MRY","03-09-2025","Short and Sweet Meet"
"Women ","45-49","500","Freestyle","3","6:21.08"," Helene Nehrebecki","F45","DAM","385M-06JFA","03-09-2025","Short and Sweet Meet"
"Women ","45-49","500","Freestyle","4","8:10.85"," Ruth Cheung","F45","QSS","385H-9Y87F","03-09-2025","Short and Sweet Meet"
"Women ","45-49","1000","Freestyle","1","12:24.64"," Carrie Hahnel","F46","MEMO","385X-GXNY5","","The City Mile"
"Women ","45-49","1650","Freestyle","1","17:11.64"," Heidi S George","F48","UC38","384T-03KD2","06-24-2024","2024 U.S. Masters Swimming Spring National Championship"
"Women ","45-49","1650","Freestyle","2","20:34.00"," Carrie Hahnel","F46","MEMO","385X-GXNY5","02-23-2025","The City Mile"
"Women ","45-49","1650","Freestyle","3","21:55.29"," Carrie L Smith","F48","SACMA","385N-03PVX","02-23-2025","The City Mile"
"Women ","45-49","1650","Freestyle","4","22:56.78"," Taylor H Davis","F48","USF","3852-739B3","02-23-2025","The City Mile"
"Women ","45-49","1650","Freestyle","5","23:12.55"," Julie Ann A Dougery","F46","BAC","385N-064HT","02-23-2025","The City Mile"
"Women ","45-49","1650","Freestyle","6","25:23.25"," Catherine Topping","F45","MAQ","385W-Y2NSS","02-23-2025","The City Mile"
"Women ","45-49","50","Backstroke","1","30.63"," Lauren E Hooper","F45","WCM","3848-03WD3","12-07-2024","THRICE is Nice!"
"Women ","45-49","50","Backstroke","2","32.03"," Helene Nehrebecki","F45","DAM","385M-06JFA","03-16-2025","CVMM 10TH Annual Matt Biondi SCY Masters Meet - Pentathlon"
"Women ","45-49","50","Backstroke","3","32.2"," Katie M Bracco Comfort","F48","MELO","384N-03US8","06-22-2024","2024 U.S. Masters Swimming Spring National Championship"
"Women ","45-49","50","Backstroke","4","33.1"," Christina M Cairns","F46","MAQ","3853-03MRY","03-09-2025","Short and Sweet Meet"
"Women ","45-49","50","Backstroke","5","34.92"," Carrie L Smith","F48","SACMA","385N-03PVX","02-22-2025","2025 Splash &amp; Dash Sprint Pentathlon"
"Women ","45-49","50","Backstroke","6","35.82"," Taylor H Davis","F48","USF","3852-739B3","12-07-2024","THRICE is Nice!"
"Women ","45-49","50","Backstroke","7","35.84"," Niki L Woodard","F48","UC38","385P-07U68","03-09-2025","Short and Sweet Meet"
"Women ","45-49","50","Backstroke","8","36.3"," Jennifer L Ritter","F47","ECAM","385P-05G5F","02-22-2025","2025 Splash &amp; Dash Sprint Pentathlon"
"Women ","45-49","50","Backstroke","9","36.9"," Carrie Hahnel","F46","MEMO","385X-GXNY5","02-22-2025","2025 Splash &amp; Dash Sprint Pentathlon"
"Women ","45-49","50","Backstroke","10","39.4"," Sarah F Davenport","F45","CVM","3854-05V23","03-02-2025","Silver State Masters SCY"
"Women ","45-49","50","Backstroke","11","39.58"," Kelly Schley","F45","EBAT","385S-0B371","02-22-2025","2025 Splash &amp; Dash Sprint Pentathlon"
"Women ","45-49","50","Backstroke","12","39.66"," Theresa Lo","F49","TEME","385N-2P0KZ","02-22-2025","2025 Splash &amp; Dash Sprint Pentathlon"
"Women ","45-49","50","Backstroke","13","39.77"," Erin E Green","F46","HTUB","385V-VMYZX","03-01-2025","TVM Spring Classic - 2025"
"Women ","45-49","50","Backstroke","14","41.54"," Traci E Avar","F45","USF","3857-5JSH1","02-08-2025","USF Valentine's Affair"
"Women ","45-49","50","Backstroke","15","45.34"," Bethany J Kirk","F48","TCAM","385Y-2K5GA","02-08-2025","USF Valentine's Affair"
"Women ","45-49","50","Backstroke","16","47.35"," Ruth Cheung","F45","QSS","385H-9Y87F","03-09-2025","Short and Sweet Meet"
"Women ","45-49","50","Backstroke","17","47.46"," Elizabeth S Sayed","F45","USF","3855-62GJR","02-08-2025","USF Valentine's Affair"
"Women ","45-49","100","Backstroke","1","1:16.53"," Taylor H Davis","F47","USF","3840-739B3","06-21-2024","2024 U.S. Masters Swimming Spring National Championship"
"Women ","45-49","100","Backstroke","2","1:40.94"," Elizabeth S Sayed","F45","USF","3855-62GJR","02-08-2025","USF Valentine's Affair"
"Women ","45-49","100","Backstroke","3","1:47.06"," Ruth Cheung","F45","QSS","385H-9Y87F","03-01-2025","TVM Spring Classic - 2025"
"Women ","45-49","200","Backstroke","1","2:17.89"," Lauren E Hooper","F46","WCM","385A-03WD3","03-09-2025","Short and Sweet Meet"
"Women ","45-49","200","Backstroke","2","3:40.32"," Ruth Cheung","F45","QSS","385H-9Y87F","03-09-2025","Short and Sweet Meet"
"Women ","45-49","50","Breaststroke","1","34.85"," Masako K Nagaoka","F49","QSS","384U-3H8RF","06-20-2024","2024 U.S. Masters Swimming Spring National Championship"
"Women ","45-49","50","Breaststroke","2","35.29"," Alison Fealey","F46","SRM","3858-CA07H","02-22-2025","2025 Splash &amp; Dash Sprint Pentathlon"
"Women ","45-49","50","Breaststroke","3","35.36"," Helene Nehrebecki","F45","DAM","385M-06JFA","03-09-2025","Short and Sweet Meet"
"Women ","45-49","50","Breaststroke","4","36.43"," Carrie L Smith","F48","SACMA","385N-03PVX","03-09-2025","Short and Sweet Meet"
"Women ","45-49","50","Breaststroke","5","37.39"," Christina M Cairns","F46","MAQ","3853-03MRY","03-09-2025","Short and Sweet Meet"
"Women ","45-49","50","Breaststroke","6","37.71"," Niki L Woodard","F48","UC38","385P-07U68","03-09-2025","Short and Sweet Meet"
"Women ","45-49","50","Breaststroke","7","37.8"," Carrie Hahnel","F46","MEMO","385X-GXNY5","02-22-2025","2025 Splash &amp; Dash Sprint Pentathlon"
"Women ","45-49","50","Breaststroke","8","38.03"," Lauren E Hooper","F45","WCM","3848-03WD3","12-07-2024","THRICE is Nice!"
"Women ","45-49","50","Breaststroke","9","38.99"," Julie B Baker","F48","TCAM","3851-03HB2","02-08-2025","USF Valentine's Affair"
"Women ","45-49","50","Breaststroke","10","39.68"," Jennifer L Ritter","F47","ECAM","385P-05G5F","02-22-2025","2025 Splash &amp; Dash Sprint Pentathlon"
"Women ","45-49","50","Breaststroke","11","39.7"," Taylor H Davis","F47","USF","3840-739B3","06-20-2024","2024 U.S. Masters Swimming Spring National Championship"
"Women ","45-49","50","Breaststroke","12","43.06"," Sarah F Davenport","F45","CVM","3854-05V23","03-02-2025","Silver State Masters SCY"
"Women ","45-49","50","Breaststroke","13","45.57"," Kelly Schley","F45","EBAT","385S-0B371","02-22-2025","2025 Splash &amp; Dash Sprint Pentathlon"
"Women ","45-49","50","Breaststroke","14","47.61"," Bethany J Kirk","F48","TCAM","385Y-2K5GA","02-08-2025","USF Valentine's Affair"
"Women ","45-49","50","Breaststroke","15","51.65"," Emily Boyd","F45","SRVM","385X-FT6RT","03-01-2025","TVM Spring Classic - 2025"
"Women ","45-49","100","Breaststroke","1","1:16.10"," Masako K Nagaoka","F49","QSS","384U-3H8RF","06-23-2024","2024 U.S. Masters Swimming Spring National Championship"
"Women ","45-49","100","Breaststroke","2","1:18.27"," Helene Nehrebecki","F45","DAM","385M-06JFA","03-02-2025","Silver State Masters SCY"
"Women ","45-49","100","Breaststroke","3","1:23.22"," Julie B Baker","F48","TCAM","3851-03HB2","02-08-2025","USF Valentine's Affair"
"Women ","45-49","100","Breaststroke","4","1:32.90"," Marissa G Nonaka","F46","WCM","3851-03KBG","02-08-2025","USF Valentine's Affair"
"Women ","45-49","200","Breaststroke","1","2:47.41"," Masako K Nagaoka","F49","QSS","384U-3H8RF","06-22-2024","2024 U.S. Masters Swimming Spring National Championship"
"Women ","45-49","200","Breaststroke","2","2:59.96"," Niki L Woodard","F48","UC38","385P-07U68","03-09-2025","Short and Sweet Meet"
"Women ","45-49","50","Butterfly","1","29.36"," Katie M Bracco Comfort","F48","MELO","384N-03US8","06-23-2024","2024 U.S. Masters Swimming Spring National Championship"
"Women ","45-49","50","Butterfly","2","29.86"," Helene Nehrebecki","F45","DAM","385M-06JFA","03-09-2025","Short and Sweet Meet"
"Women ","45-49","50","Butterfly","3","30.43"," Alison Fealey","F46","SRM","3858-CA07H","02-22-2025","2025 Splash &amp; Dash Sprint Pentathlon"
"Women ","45-49","50","Butterfly","4","30.44"," Carrie L Smith","F48","SACMA","385N-03PVX","03-09-2025","Short and Sweet Meet"
"Women ","45-49","50","Butterfly","5","30.86"," Jennifer L Ritter","F47","ECAM","385P-05G5F","02-22-2025","2025 Splash &amp; Dash Sprint Pentathlon"
"Women ","45-49","50","Butterfly","6","31.12"," Masako K Nagaoka","F49","QSS","384U-3H8RF","06-23-2024","2024 U.S. Masters Swimming Spring National Championship"
"Women ","45-49","50","Butterfly","7","31.24"," Lauren E Hooper","F45","WCM","3848-03WD3","12-07-2024","THRICE is Nice!"
"Women ","45-49","50","Butterfly","8","31.26"," Rebecca M Benas","F45","FDM","385X-06D9F","02-08-2025","USF Valentine's Affair"
"Women ","45-49","50","Butterfly","9","32.5"," Carrie Hahnel","F46","MEMO","385X-GXNY5","02-22-2025","2025 Splash &amp; Dash Sprint Pentathlon"
"Women ","45-49","50","Butterfly","10","33.65"," Melanie C Belluomini","F47","DAM","385H-05PKW","02-08-2025","USF Valentine's Affair"
"Women ","45-49","50","Butterfly","11","37.48"," Lanie S King","F48","TAM","385N-DCSM1","03-09-2025","Short and Sweet Meet"
"Women ","45-49","50","Butterfly","12","37.58"," Marissa G Nonaka","F46","WCM","3851-03KBG","02-08-2025","USF Valentine's Affair"
"Women ","45-49","50","Butterfly","13","38.93"," Theresa Lo","F49","TEME","385N-2P0KZ","02-22-2025","2025 Splash &amp; Dash Sprint Pentathlon"
"Women ","45-49","50","Butterfly","14","39.62"," Christina Balch","F49","MAM","385A-06U5E","02-22-2025","2025 Splash &amp; Dash Sprint Pentathlon"
"Women ","45-49","50","Butterfly","15","40.85"," Kelly Schley","F45","EBAT","385S-0B371","12-07-2024","THRICE is Nice!"
"Women ","45-49","50","Butterfly","16","42.17"," Traci E Avar","F45","USF","3857-5JSH1","02-08-2025","USF Valentine's Affair"
"Women ","45-49","50","Butterfly","17","42.77"," Bethany J Kirk","F48","TCAM","385Y-2K5GA","02-08-2025","USF Valentine's Affair"
"Women ","45-49","50","Butterfly","18","47.28"," Jessica A Johnston","F47","SRVM","385B-3NRHX","03-01-2025","TVM Spring Classic - 2025"
"Women ","45-49","50","Butterfly","19","48.38"," Ruth Cheung","F45","QSS","385H-9Y87F","02-22-2025","2025 Splash &amp; Dash Sprint Pentathlon"
"Women ","45-49","100","Butterfly","1","1:07.26"," Katie M Bracco Comfort","F48","MELO","384N-03US8","06-22-2024","2024 U.S. Masters Swimming Spring National Championship"
"Women ","45-49","100","Butterfly","2","1:09.91"," Rebecca M Benas","F45","FDM","385X-06D9F","02-08-2025","USF Valentine's Affair"
"Women ","45-49","100","Butterfly","3","1:16.59"," Melanie C Belluomini","F47","DAM","385H-05PKW","02-08-2025","USF Valentine's Affair"
"Women ","45-49","100","Butterfly","4","1:31.34"," Kelly Schley","F45","EBAT","385S-0B371","03-01-2025","TVM Spring Classic - 2025"
"Women ","45-49","200","Butterfly","1","2:43.07"," Helene Nehrebecki","F45","DAM","385M-06JFA","03-09-2025","Short and Sweet Meet"
"Women ","45-49","200","Butterfly","2","2:48.78"," Masako K Nagaoka","F49","QSS","384U-3H8RF","06-20-2024","2024 U.S. Masters Swimming Spring National Championship"
"Women ","45-49","200","Butterfly","3","3:05.86"," Melanie C Belluomini","F47","DAM","385H-05PKW","03-09-2025","Short and Sweet Meet"
"Women ","45-49","100","Individual Medley","1","1:07.57"," Alison Fealey","F46","SRM","3858-CA07H","02-22-2025","2025 Splash &amp; Dash Sprint Pentathlon"
"Women ","45-49","100","Individual Medley","2","1:10.12"," Helene Nehrebecki","F45","DAM","385M-06JFA","03-16-2025","CVMM 10TH Annual Matt Biondi SCY Masters Meet - Pentathlon"
"Women ","45-49","100","Individual Medley","3","1:11.39"," Katie M Bracco Comfort","F48","MELO","384N-03US8","06-21-2024","2024 U.S. Masters Swimming Spring National Championship"
"Women ","45-49","100","Individual Medley","4","1:12.17"," Carrie Hahnel","F46","MEMO","385X-GXNY5","02-22-2025","2025 Splash &amp; Dash Sprint Pentathlon"
"Women ","45-49","100","Individual Medley","5","1:13.84"," Carrie L Smith","F48","SACMA","385N-03PVX","02-22-2025","2025 Splash &amp; Dash Sprint Pentathlon"
"Women ","45-49","100","Individual Medley","6","1:14.13"," Jennifer L Ritter","F47","ECAM","385P-05G5F","02-22-2025","2025 Splash &amp; Dash Sprint Pentathlon"
"Women ","45-49","100","Individual Medley","7","1:22.96"," Marissa G Nonaka","F46","WCM","3851-03KBG","02-08-2025","USF Valentine's Affair"
"Women ","45-49","100","Individual Medley","8","1:23.01"," Erin E Green","F46","HTUB","385V-VMYZX","03-01-2025","TVM Spring Classic - 2025"
"Women ","45-49","100","Individual Medley","9","1:25.80"," Kelly Schley","F45","EBAT","385S-0B371","03-01-2025","TVM Spring Classic - 2025"
"Women ","45-49","100","Individual Medley","10","1:30.42"," Christina Balch","F49","MAM","385A-06U5E","02-22-2025","2025 Splash &amp; Dash Sprint Pentathlon"
"Women ","45-49","100","Individual Medley","11","1:33.73"," Traci E Avar","F45","USF","3857-5JSH1","02-08-2025","USF Valentine's Affair"
"Women ","45-49","100","Individual Medley","12","1:38.49"," Jessica A Johnston","F47","SRVM","385B-3NRHX","03-01-2025","TVM Spring Classic - 2025"
"Women ","45-49","100","Individual Medley","13","1:45.78"," Ruth Cheung","F45","QSS","385H-9Y87F","02-22-2025","2025 Splash &amp; Dash Sprint Pentathlon"
"Women ","50-54","50","Freestyle","1","29.24"," Amy W Thompson","F53","NBA","385M-0665W","01-18-2025","2025 Santa Rosa Masters Resolution Meet"
"Women ","50-54","50","Freestyle","2","29.65"," Carrie Attwell","F54","TOC","3859-03N0W","02-08-2025","USF Valentine's Affair"
"Women ","50-54","50","Freestyle","3","30.94"," Dani Zopp","F51","BAYCL","385R-W7H11","03-23-2025","2025 Bay Area Senior Games Swim Meet"
"Women ","50-54","50","Freestyle","4","31.21"," Jennifer Brakeman","F54","MAM","385X-03Z89","02-22-2025","2025 Splash &amp; Dash Sprint Pentathlon"
"Women ","50-54","50","Freestyle","5","31.26"," Teresa Wall-Cyb","F50","SMM","385D-081A1","01-18-2025","2025 Santa Rosa Masters Resolution Meet"
"Women ","50-54","50","Freestyle","6","31.67"," Cindy R Curry","F54","MAM","3853-03T23","02-22-2025","2025 Splash &amp; Dash Sprint Pentathlon"
"Women ","50-54","50","Freestyle","7","32.2"," Ana Dujmovic","F50","USF","385W-03YY3","02-08-2025","USF Valentine's Affair"
"Women ","50-54","50","Freestyle","8","32.8"," Beccah D Rothschild","F51","MAM","385W-03ZWE","02-22-2025","2025 Splash &amp; Dash Sprint Pentathlon"
"Women ","50-54","50","Freestyle","9","33.16"," Hanna Alix Gallagher","F52","MELO","385Y-03VFN","03-09-2025","Short and Sweet Meet"
"Women ","50-54","50","Freestyle","10","33.88"," Jennifer Kercher","F51","LOM","385E-800XR","01-18-2025","2025 Santa Rosa Masters Resolution Meet"
"Women ","50-54","50","Freestyle","11","34.48"," Carrie D Pankhurst","F50","DHM","385U-03SY9","02-22-2025","2025 Splash &amp; Dash Sprint Pentathlon"
"Women ","50-54","50","Freestyle","12","34.54"," Colleen M Darling","F50","WCM","3858-03WVE","02-22-2025","2025 Splash &amp; Dash Sprint Pentathlon"
"Women ","50-54","50","Freestyle","13","34.78"," Ann Michelle Ongerth","F50","WCM","385Y-MB511","02-08-2025","USF Valentine's Affair"
"Women ","50-54","50","Freestyle","14","34.84"," Robin J Tanabe","F54","EBAT","385A-CUXVA","02-22-2025","2025 Splash &amp; Dash Sprint Pentathlon"
"Women ","50-54","50","Freestyle","15","34.91"," Ann D Greenberg","F54","SMM","385B-03HJJ","02-08-2025","USF Valentine's Affair"
"Women ","50-54","50","Freestyle","16","36.77"," Patricia Brady","F54","LAC","3845-VP0SX","12-07-2024","THRICE is Nice!"
"Women ","50-54","50","Freestyle","17","37.26"," Jennifer L Doyle","F54","ECAM","385R-0417D","02-22-2025","2025 Splash &amp; Dash Sprint Pentathlon"
"Women ","50-54","50","Freestyle","18","37.97"," Jo Singh","F52","MELO","385W-4PWA1","02-22-2025","2025 Splash &amp; Dash Sprint Pentathlon"
"Women ","50-54","50","Freestyle","19","38.38"," Connie C Tong","F53","STAN","3856-03ABY","02-08-2025","USF Valentine's Affair"
"Women ","50-54","50","Freestyle","20","42.37"," Jennifer L Shih","F54","USF","385V-03PUR","02-08-2025","USF Valentine's Affair"
"Women ","50-54","50","Freestyle","21","43.44"," Kimberly Kay","F51","MEMO","385Z-W7YJW","12-07-2024","THRICE is Nice!"
"Women ","50-54","100","Freestyle","1","1:03.65"," Jennifer Brakeman","F54","MAM","384Z-03Z89","06-20-2024","2024 U.S. Masters Swimming Spring National Championship"
"Women ","50-54","100","Freestyle","2","1:04.88"," Amy W Thompson","F54","NBA","385M-0665W","03-01-2025","TVM Spring Classic - 2025"
"Women ","50-54","100","Freestyle","3","1:05.15"," Carrie Attwell","F54","TOC","3859-03N0W","02-08-2025","USF Valentine's Affair"
"Women ","50-54","100","Freestyle","4","1:08.87"," Dani Zopp","F51","BAYCL","385R-W7H11","03-23-2025","2025 Bay Area Senior Games Swim Meet"
"Women ","50-54","100","Freestyle","5","1:09.03"," Yasuko de la Torre","F54","MEMO","385H-03JJY","02-08-2025","USF Valentine's Affair"
"Women ","50-54","100","Freestyle","6","1:10.60"," Christine M O'Hanlon","F54","RHMS","385W-03X8F","02-08-2025","USF Valentine's Affair"
"Women ","50-54","100","Freestyle","7","1:13.26"," Jennifer Kercher","F51","LOM","385E-800XR","02-08-2025","USF Valentine's Affair"
"Women ","50-54","100","Freestyle","8","1:15.17"," Ann D Greenberg","F54","SMM","385B-03HJJ","02-08-2025","USF Valentine's Affair"
"Women ","50-54","100","Freestyle","9","1:17.12"," Carrie D Pankhurst","F50","DHM","385U-03SY9","03-23-2025","2025 Bay Area Senior Games Swim Meet"
"Women ","50-54","100","Freestyle","10","1:19.07"," Jo Singh","F52","MELO","385W-4PWA1","02-08-2025","USF Valentine's Affair"
"Women ","50-54","100","Freestyle","11","1:23.26"," Connie C Tong","F53","STAN","3856-03ABY","02-08-2025","USF Valentine's Affair"
"Women ","50-54","100","Freestyle","12","1:25.02"," Eileen Rosenberg","F53","SRVM","385N-KSJ5H","03-01-2025","TVM Spring Classic - 2025"
"Women ","50-54","100","Freestyle","13","1:33.14"," Samantha E Forde","F52","CRUZ","385W-03FGM","03-23-2025","2025 Bay Area Senior Games Swim Meet"
"Women ","50-54","100","Freestyle","14","1:34.93"," Kimberly Kay","F51","MEMO","385Z-W7YJW","12-07-2024","THRICE is Nice!"
"Women ","50-54","100","Freestyle","15","1:35.75"," Jennifer L Shih","F54","USF","385V-03PUR","02-08-2025","USF Valentine's Affair"
"Women ","50-54","200","Freestyle","1","2:08.38"," Abby B Pledger","F50","NBA","3858-03X25","03-09-2025","Short and Sweet Meet"
"Women ","50-54","200","Freestyle","2","2:35.45"," Christine M O'Hanlon","F54","RHMS","385W-03X8F","03-09-2025","Short and Sweet Meet"
"Women ","50-54","200","Freestyle","3","2:40.12"," Yasuko de la Torre","F54","MEMO","385H-03JJY","03-01-2025","TVM Spring Classic - 2025"
"Women ","50-54","200","Freestyle","4","2:41.08"," Jennifer Kercher","F51","LOM","385E-800XR","01-18-2025","2025 Santa Rosa Masters Resolution Meet"
"Women ","50-54","200","Freestyle","5","2:48.79"," Patricia Brady","F54","LAC","3857-VP0SX","03-01-2025","TVM Spring Classic - 2025"
"Women ","50-54","200","Freestyle","6","2:49.94"," Jo Singh","F52","MELO","385W-4PWA1","12-07-2024","THRICE is Nice!"
"Women ","50-54","200","Freestyle","7","2:58.89"," Diana H Peroni","F52","MAQ","3852-03FKD","03-09-2025","Short and Sweet Meet"
"Women ","50-54","200","Freestyle","8","3:34.70"," Kimberly Kay","F51","MEMO","385Z-W7YJW","12-07-2024","THRICE is Nice!"
"Women ","50-54","200","Freestyle","9","4:01.04"," Sara W Olsen","F54","SRVM","385U-UH5CH","03-01-2025","TVM Spring Classic - 2025"
"Women ","50-54","500","Freestyle","1","5:41.30"," Abby B Pledger","F50","NBA","3858-03X25","03-09-2025","Short and Sweet Meet"
"Women ","50-54","500","Freestyle","2","7:34.36"," Ghislaine Maze","F50","RPM","3850-092YS","03-09-2025","Short and Sweet Meet"
"Women ","50-54","500","Freestyle","3","7:36.31"," Jo Singh","F52","MELO","385W-4PWA1","03-09-2025","Short and Sweet Meet"
"Women ","50-54","500","Freestyle","4","8:10.67"," Samantha E Forde","F52","CRUZ","385W-03FGM","03-23-2025","2025 Bay Area Senior Games Swim Meet"
"Women ","50-54","1000","Freestyle","1","11:04.20"," Alison Zamanian","F54","WCM","3854-03FP1","","The City Mile"
"Women ","50-54","1650","Freestyle","1","18:20.12"," Alison Zamanian","F54","WCM","3854-03FP1","02-23-2025","The City Mile"
"Women ","50-54","1650","Freestyle","2","23:23.57"," Friederike Edelmann","F53","MEMO","3852-T7UET","02-23-2025","The City Mile"
"Women ","50-54","1650","Freestyle","3","25:51.42"," Ghislaine Maze","F50","RPM","3850-092YS","02-23-2025","The City Mile"
"Women ","50-54","1650","Freestyle","4","26:26.85"," Jo Singh","F52","MELO","385W-4PWA1","02-23-2025","The City Mile"
"Women ","50-54","1650","Freestyle","5","28:09.38"," Mia Kimura","F51","BAC","3855-65FMB","02-23-2025","The City Mile"
"Women ","50-54","50","Backstroke","1","29.84"," Tanya N Lane","F52","FDM","384M-006Z1","06-22-2024","2024 U.S. Masters Swimming Spring National Championship"
"Women ","50-54","50","Backstroke","2","31.08"," Alison Zamanian","F54","WCM","3854-03FP1","03-09-2025","Short and Sweet Meet"
"Women ","50-54","50","Backstroke","3","34.09"," Amy W Thompson","F53","NBA","385M-0665W","01-18-2025","2025 Santa Rosa Masters Resolution Meet"
"Women ","50-54","50","Backstroke","4","34.42"," JAN M HRINDO","F52","SNM","3851-03KSD","03-02-2025","Silver State Masters SCY"
"Women ","50-54","50","Backstroke","5","37.89"," Cindy R Curry","F54","MAM","3853-03T23","02-22-2025","2025 Splash &amp; Dash Sprint Pentathlon"
"Women ","50-54","50","Backstroke","6","38.13"," Christine M O'Hanlon","F54","RHMS","385W-03X8F","02-08-2025","USF Valentine's Affair"
"Women ","50-54","50","Backstroke","7","39.46"," Hanna Alix Gallagher","F52","MELO","385Y-03VFN","03-09-2025","Short and Sweet Meet"
"Women ","50-54","50","Backstroke","8","40.34"," Robin J Tanabe","F54","EBAT","385A-CUXVA","02-22-2025","2025 Splash &amp; Dash Sprint Pentathlon"
"Women ","50-54","50","Backstroke","9","40.5"," Colleen M Darling","F50","WCM","3858-03WVE","02-22-2025","2025 Splash &amp; Dash Sprint Pentathlon"
"Women ","50-54","50","Backstroke","10","41.49"," Beccah D Rothschild","F51","MAM","385W-03ZWE","02-22-2025","2025 Splash &amp; Dash Sprint Pentathlon"
"Women ","50-54","50","Backstroke","11","42.18"," Carrie D Pankhurst","F50","DHM","385U-03SY9","02-22-2025","2025 Splash &amp; Dash Sprint Pentathlon"
"Women ","50-54","50","Backstroke","12","44.4"," Jennifer Kercher","F51","LOM","385E-800XR","02-22-2025","2025 Splash &amp; Dash Sprint Pentathlon"
"Women ","50-54","50","Backstroke","13","45.12"," Ann D Greenberg","F54","SMM","385B-03HJJ","02-08-2025","USF Valentine's Affair"
"Women ","50-54","50","Backstroke","14","47.64"," Jo Singh","F52","MELO","385W-4PWA1","12-07-2024","THRICE is Nice!"
"Women ","50-54","50","Backstroke","15","48.01"," Ann Michelle Ongerth","F50","WCM","385Y-MB511","02-22-2025","2025 Splash &amp; Dash Sprint Pentathlon"
"Women ","50-54","50","Backstroke","16","50.05"," Connie C Tong","F53","STAN","3856-03ABY","02-08-2025","USF Valentine's Affair"
"Women ","50-54","50","Backstroke","17","56.02"," Yolanda Fintschenko","F54","LAC","385K-1XJJ3","03-01-2025","TVM Spring Classic - 2025"
"Women ","50-54","100","Backstroke","1","1:03.58"," Tanya N Lane","F52","FDM","384M-006Z1","06-21-2024","2024 U.S. Masters Swimming Spring National Championship"
"Women ","50-54","100","Backstroke","2","1:15.17"," Amy W Thompson","F53","NBA","385M-0665W","01-18-2025","2025 Santa Rosa Masters Resolution Meet"
"Women ","50-54","100","Backstroke","3","1:16.25"," JAN M HRINDO","F52","SNM","3851-03KSD","03-02-2025","Silver State Masters SCY"
"Women ","50-54","100","Backstroke","4","1:20.93"," Jennifer Brakeman","F54","MAM","384Z-03Z89","06-21-2024","2024 U.S. Masters Swimming Spring National Championship"
"Women ","50-54","100","Backstroke","5","1:45.31"," Jo Singh","F52","MELO","385W-4PWA1","02-08-2025","USF Valentine's Affair"
"Women ","50-54","200","Backstroke","1","2:20.56"," Tanya N Lane","F52","FDM","384M-006Z1","06-23-2024","2024 U.S. Masters Swimming Spring National Championship"
"Women ","50-54","200","Backstroke","2","3:01.87"," Christine M O'Hanlon","F54","RHMS","385W-03X8F","03-09-2025","Short and Sweet Meet"
"Women ","50-54","200","Backstroke","3","3:55.90"," Jo Singh","F52","MELO","385W-4PWA1","12-07-2024","THRICE is Nice!"
"Women ","50-54","50","Breaststroke","1","32.96"," Tanya N Lane","F52","FDM","384M-006Z1","06-20-2024","2024 U.S. Masters Swimming Spring National Championship"
"Women ","50-54","50","Breaststroke","2","34.51"," Masako K Nagaoka","F50","QSS","385S-3H8RF","12-07-2024","THRICE is Nice!"
"Women ","50-54","50","Breaststroke","3","34.9"," Alison Zamanian","F54","WCM","3854-03FP1","03-09-2025","Short and Sweet Meet"
"Women ","50-54","50","Breaststroke","4","36.48"," Carrie Attwell","F54","TOC","3847-03N0W","06-20-2024","2024 U.S. Masters Swimming Spring National Championship"
"Women ","50-54","50","Breaststroke","5","38.73"," Jennifer Brakeman","F54","MAM","384Z-03Z89","06-20-2024","2024 U.S. Masters Swimming Spring National Championship"
"Women ","50-54","50","Breaststroke","6","42.34"," Patricia Brady","F54","LAC","3845-VP0SX","12-07-2024","THRICE is Nice!"
"Women ","50-54","50","Breaststroke","7","42.6"," Cindy R Curry","F54","MAM","3853-03T23","02-22-2025","2025 Splash &amp; Dash Sprint Pentathlon"
"Women ","50-54","50","Breaststroke","8","43.4"," Beccah D Rothschild","F51","MAM","385W-03ZWE","02-22-2025","2025 Splash &amp; Dash Sprint Pentathlon"
"Women ","50-54","50","Breaststroke","9","43.64"," Robin J Tanabe","F54","EBAT","385A-CUXVA","02-22-2025","2025 Splash &amp; Dash Sprint Pentathlon"
"Women ","50-54","50","Breaststroke","10","43.86"," Dani Zopp","F51","BAYCL","385R-W7H11","03-23-2025","2025 Bay Area Senior Games Swim Meet"
"Women ","50-54","50","Breaststroke","11","44.02"," Ann Michelle Ongerth","F50","WCM","385Y-MB511","02-08-2025","USF Valentine's Affair"
"Women ","50-54","50","Breaststroke","12","44.04"," Jennifer Kercher","F51","LOM","385E-800XR","02-22-2025","2025 Splash &amp; Dash Sprint Pentathlon"
"Women ","50-54","50","Breaststroke","13","44.87"," Carrie D Pankhurst","F50","DHM","385U-03SY9","02-22-2025","2025 Splash &amp; Dash Sprint Pentathlon"
"Women ","50-54","50","Breaststroke","14","46.26"," Colleen M Darling","F50","WCM","3858-03WVE","02-22-2025","2025 Splash &amp; Dash Sprint Pentathlon"
"Women ","50-54","50","Breaststroke","15","47.32"," Jennifer L Doyle","F54","ECAM","385R-0417D","02-22-2025","2025 Splash &amp; Dash Sprint Pentathlon"
"Women ","50-54","50","Breaststroke","16","49.13"," Jo Singh","F52","MELO","385W-4PWA1","02-22-2025","2025 Splash &amp; Dash Sprint Pentathlon"
"Women ","50-54","50","Breaststroke","17","49.31"," Sara W Olsen","F54","SRVM","385U-UH5CH","03-01-2025","TVM Spring Classic - 2025"
"Women ","50-54","50","Breaststroke","18","52.17"," Connie C Tong","F53","STAN","3856-03ABY","02-08-2025","USF Valentine's Affair"
"Women ","50-54","100","Breaststroke","1","1:12.13"," Tanya N Lane","F52","FDM","384M-006Z1","06-23-2024","2024 U.S. Masters Swimming Spring National Championship"
"Women ","50-54","100","Breaststroke","2","1:16.32"," Masako K Nagaoka","F50","QSS","385S-3H8RF","12-07-2024","THRICE is Nice!"
"Women ","50-54","100","Breaststroke","3","1:20.63"," Carrie Attwell","F54","TOC","3847-03N0W","06-23-2024","2024 U.S. Masters Swimming Spring National Championship"
"Women ","50-54","100","Breaststroke","4","1:28.11"," Yasuko de la Torre","F54","MEMO","385H-03JJY","03-01-2025","TVM Spring Classic - 2025"
"Women ","50-54","100","Breaststroke","5","1:32.43"," Patricia Brady","F54","LAC","3857-VP0SX","03-01-2025","TVM Spring Classic - 2025"
"Women ","50-54","100","Breaststroke","6","1:36.13"," Ann Michelle Ongerth","F50","WCM","385Y-MB511","02-08-2025","USF Valentine's Affair"
"Women ","50-54","100","Breaststroke","7","1:36.67"," Jennifer Kercher","F51","LOM","385E-800XR","02-08-2025","USF Valentine's Affair"
"Women ","50-54","100","Breaststroke","8","1:50.91"," Sara W Olsen","F54","SRVM","385U-UH5CH","03-01-2025","TVM Spring Classic - 2025"
"Women ","50-54","200","Breaststroke","1","2:39.04"," Tanya N Lane","F53","FDM","385J-006Z1","03-09-2025","Short and Sweet Meet"
"Women ","50-54","200","Breaststroke","2","2:44.27"," Alison Zamanian","F54","WCM","3854-03FP1","03-09-2025","Short and Sweet Meet"
"Women ","50-54","200","Breaststroke","3","2:48.67"," Masako K Nagaoka","F50","QSS","385S-3H8RF","12-07-2024","THRICE is Nice!"
"Women ","50-54","200","Breaststroke","4","3:16.33"," Hanna Alix Gallagher","F52","MELO","385Y-03VFN","03-09-2025","Short and Sweet Meet"
"Women ","50-54","200","Breaststroke","5","3:23.12"," Patricia Brady","F54","LAC","3845-VP0SX","12-07-2024","THRICE is Nice!"
"Women ","50-54","200","Breaststroke","6","3:30.90"," Ghislaine Maze","F50","RPM","3850-092YS","03-09-2025","Short and Sweet Meet"
"Women ","50-54","50","Butterfly","1","28.75"," Tanya N Lane","F53","FDM","385J-006Z1","02-08-2025","USF Valentine's Affair"
"Women ","50-54","50","Butterfly","2","29.59"," Alison Zamanian","F54","WCM","3854-03FP1","03-09-2025","Short and Sweet Meet"
"Women ","50-54","50","Butterfly","3","32.19"," Carrie Attwell","F54","TOC","3859-03N0W","02-08-2025","USF Valentine's Affair"
"Women ","50-54","50","Butterfly","4","32.81"," Yasuko de la Torre","F54","MEMO","385H-03JJY","02-08-2025","USF Valentine's Affair"
"Women ","50-54","50","Butterfly","5","34.63"," Teresa Wall-Cyb","F50","SMM","385D-081A1","01-18-2025","2025 Santa Rosa Masters Resolution Meet"
"Women ","50-54","50","Butterfly","6","36.74"," Colleen M Darling","F50","WCM","3858-03WVE","02-22-2025","2025 Splash &amp; Dash Sprint Pentathlon"
"Women ","50-54","50","Butterfly","7","36.85"," JAN M HRINDO","F52","SNM","3851-03KSD","03-02-2025","Silver State Masters SCY"
"Women ","50-54","50","Butterfly","8","37.12"," Cindy R Curry","F54","MAM","3853-03T23","02-22-2025","2025 Splash &amp; Dash Sprint Pentathlon"
"Women ","50-54","50","Butterfly","9","37.25"," Beccah D Rothschild","F51","MAM","385W-03ZWE","02-22-2025","2025 Splash &amp; Dash Sprint Pentathlon"
"Women ","50-54","50","Butterfly","10","37.37"," Hanna Alix Gallagher","F52","MELO","385Y-03VFN","03-09-2025","Short and Sweet Meet"
"Women ","50-54","50","Butterfly","11","38.27"," Robin J Tanabe","F54","EBAT","385A-CUXVA","02-22-2025","2025 Splash &amp; Dash Sprint Pentathlon"
"Women ","50-54","50","Butterfly","12","39.26"," Diana H Peroni","F52","MAQ","3852-03FKD","02-08-2025","USF Valentine's Affair"
"Women ","50-54","50","Butterfly","13","39.55"," Carrie D Pankhurst","F50","DHM","385U-03SY9","02-22-2025","2025 Splash &amp; Dash Sprint Pentathlon"
"Women ","50-54","50","Butterfly","14","39.77"," Ann Michelle Ongerth","F50","WCM","385Y-MB511","02-22-2025","2025 Splash &amp; Dash Sprint Pentathlon"
"Women ","50-54","50","Butterfly","15","41.12"," Jennifer Kercher","F51","LOM","385E-800XR","02-22-2025","2025 Splash &amp; Dash Sprint Pentathlon"
"Women ","50-54","50","Butterfly","16","41.96"," Ann D Greenberg","F54","SMM","385B-03HJJ","02-08-2025","USF Valentine's Affair"
"Women ","50-54","50","Butterfly","17","42.24"," Jennifer L Doyle","F54","ECAM","385R-0417D","02-22-2025","2025 Splash &amp; Dash Sprint Pentathlon"
"Women ","50-54","50","Butterfly","18","43.27"," Jo Singh","F52","MELO","385W-4PWA1","03-01-2025","TVM Spring Classic - 2025"
"Women ","50-54","50","Butterfly","19","50.61"," Yolanda Fintschenko","F54","LAC","385K-1XJJ3","03-01-2025","TVM Spring Classic - 2025"
"Women ","50-54","100","Butterfly","1","1:11.22"," Carrie Attwell","F54","TOC","3847-03N0W","06-22-2024","2024 U.S. Masters Swimming Spring National Championship"
"Women ","50-54","100","Butterfly","2","1:16.68"," Yasuko de la Torre","F54","MEMO","385H-03JJY","02-08-2025","USF Valentine's Affair"
"Women ","50-54","100","Butterfly","3","1:32.08"," Ann Michelle Ongerth","F50","WCM","385Y-MB511","02-08-2025","USF Valentine's Affair"
"Women ","50-54","200","Butterfly","1","2:22.71"," Alison Zamanian","F54","WCM","3854-03FP1","03-09-2025","Short and Sweet Meet"
"Women ","50-54","200","Butterfly","2","2:58.49"," Jennifer Brakeman","F54","MAM","384Z-03Z89","06-20-2024","2024 U.S. Masters Swimming Spring National Championship"
"Women ","50-54","200","Butterfly","3","3:32.40"," Ghislaine Maze","F50","RPM","3850-092YS","03-09-2025","Short and Sweet Meet"
"Women ","50-54","100","Individual Medley","1","1:05.94"," Tanya N Lane","F53","FDM","385J-006Z1","02-08-2025","USF Valentine's Affair"
"Women ","50-54","100","Individual Medley","2","1:12.69"," Carrie Attwell","F54","TOC","3847-03N0W","06-21-2024","2024 U.S. Masters Swimming Spring National Championship"
"Women ","50-54","100","Individual Medley","3","1:15.72"," Jennifer Brakeman","F54","MAM","385X-03Z89","02-22-2025","2025 Splash &amp; Dash Sprint Pentathlon"
"Women ","50-54","100","Individual Medley","4","1:16.43"," Yasuko de la Torre","F54","MEMO","385H-03JJY","02-08-2025","USF Valentine's Affair"
"Women ","50-54","100","Individual Medley","5","1:20.51"," JAN M HRINDO","F52","SNM","3851-03KSD","03-02-2025","Silver State Masters SCY"
"Women ","50-54","100","Individual Medley","6","1:22.28"," Robin J Tanabe","F54","EBAT","385A-CUXVA","02-22-2025","2025 Splash &amp; Dash Sprint Pentathlon"
"Women ","50-54","100","Individual Medley","7","1:24.83"," Beccah D Rothschild","F51","MAM","385W-03ZWE","02-22-2025","2025 Splash &amp; Dash Sprint Pentathlon"
"Women ","50-54","100","Individual Medley","8","1:26.76"," Colleen M Darling","F50","WCM","3858-03WVE","02-22-2025","2025 Splash &amp; Dash Sprint Pentathlon"
"Women ","50-54","100","Individual Medley","9","1:27.42"," Jennifer Kercher","F51","LOM","385E-800XR","02-22-2025","2025 Splash &amp; Dash Sprint Pentathlon"
"Women ","50-54","100","Individual Medley","10","1:29.27"," Carrie D Pankhurst","F50","DHM","385U-03SY9","02-22-2025","2025 Splash &amp; Dash Sprint Pentathlon"
"Women ","50-54","100","Individual Medley","11","1:30.55"," Ann D Greenberg","F54","SMM","385B-03HJJ","02-08-2025","USF Valentine's Affair"
"Women ","50-54","100","Individual Medley","12","1:36.08"," Jennifer L Doyle","F54","ECAM","385R-0417D","02-22-2025","2025 Splash &amp; Dash Sprint Pentathlon"
"Women ","50-54","100","Individual Medley","13","1:37.97"," Jo Singh","F52","MELO","385W-4PWA1","01-18-2025","2025 Santa Rosa Masters Resolution Meet"
"Women ","50-54","100","Individual Medley","14","1:51.74"," Jennifer L Shih","F54","USF","385V-03PUR","02-08-2025","USF Valentine's Affair"
"Women ","50-54","200","Individual Medley","1","2:39.08"," Carrie Attwell","F54","TOC","3847-03N0W","06-22-2024","2024 U.S. Masters Swimming Spring National Championship"
"Women ","50-54","200","Individual Medley","2","2:47.51"," Yasuko de la Torre","F54","MEMO","385H-03JJY","03-01-2025","TVM Spring Classic - 2025"
"Women ","50-54","200","Individual Medley","3","3:35.54"," Jo Singh","F52","MELO","385W-4PWA1","03-01-2025","TVM Spring Classic - 2025"
"Women ","50-54","400","Individual Medley","1","5:52.99"," Carrie Attwell","F54","TOC","3847-03N0W","06-23-2024","2024 U.S. Masters Swimming Spring National Championship"
"Women ","55-59","50","Freestyle","1","29.04"," Carrie Attwell","F55","TOC","3859-03N0W","02-22-2025","2025 Splash &amp; Dash Sprint Pentathlon"
"Women ","55-59","50","Freestyle","2","29.61"," Laureen K Welting","F59","TOC","385S-03J3S","01-18-2025","2025 Santa Rosa Masters Resolution Meet"
"Women ","55-59","50","Freestyle","3","30.03"," Denise E Elson","F56","TVM","3854-03JX6","03-01-2025","TVM Spring Classic - 2025"
"Women ","55-59","50","Freestyle","4","30.11"," Vicki Shu","F56","MEMO","3850-02YSG","02-22-2025","2025 Splash &amp; Dash Sprint Pentathlon"
"Women ","55-59","50","Freestyle","5","30.65"," Tracey Jones","F56","SRM","385G-08244","01-18-2025","2025 Santa Rosa Masters Resolution Meet"
"Women ","55-59","50","Freestyle","6","31.12"," Tasha Capen","F58","MELO","3853-03G60","03-09-2025","Short and Sweet Meet"
"Women ","55-59","50","Freestyle","7","32.07"," Erika Boyd","F57","TEME","3856-9JV08","02-22-2025","2025 Splash &amp; Dash Sprint Pentathlon"
"Women ","55-59","50","Freestyle","8","32.11"," Robin A Bulman","F59","SRM","3857-07MHY","01-18-2025","2025 Santa Rosa Masters Resolution Meet"
"Women ","55-59","50","Freestyle","9","32.3"," Jasmine Bachtiger","F55","RHMS","385M-03PNS","03-09-2025","Short and Sweet Meet"
"Women ","55-59","50","Freestyle","10","32.41"," Justine Juson","F56","USF","384G-0B27C","06-21-2024","2024 U.S. Masters Swimming Spring National Championship"
"Women ","55-59","50","Freestyle","11","32.42"," Tina M Voight","F55","MEMO","385C-06T52","03-01-2025","TVM Spring Classic - 2025"
"Women ","55-59","50","Freestyle","12","33.18"," janet alexander","F57","CMAM","385F-VZY1B","01-18-2025","2025 Santa Rosa Masters Resolution Meet"
"Women ","55-59","50","Freestyle","13","33.43"," Shelley Wishovich","F58","MAQ","385K-RXJ95","03-09-2025","Short and Sweet Meet"
"Women ","55-59","50","Freestyle","14","33.91"," Clare P Burger","F57","MEMO","385W-06F06","12-07-2024","THRICE is Nice!"
"Women ","55-59","50","Freestyle","15","34.28"," Anne Maroon","F58","MEMO","385A-BFUH8","03-01-2025","TVM Spring Classic - 2025"
"Women ","55-59","50","Freestyle","16","34.8"," Wendy Cervantes-Mui","F57","LOM","3853-HMW32","01-18-2025","2025 Santa Rosa Masters Resolution Meet"
"Women ","55-59","50","Freestyle","17","35.53"," Christina Cavalli","F56","EBAT","385J-008G0","02-22-2025","2025 Splash &amp; Dash Sprint Pentathlon"
"Women ","55-59","50","Freestyle","18","35.63"," Kathy Glatter","F58","UC38","385T-07XDU","02-08-2025","USF Valentine's Affair"
"Women ","55-59","50","Freestyle","19","37.14"," Kirsten R Halbrook","F56","MAM","3851-03J5A","02-22-2025","2025 Splash &amp; Dash Sprint Pentathlon"
"Women ","55-59","50","Freestyle","20","38.66"," Susie Lindner","F58","SACMA","3854-D1EDX","02-22-2025","2025 Splash &amp; Dash Sprint Pentathlon"
"Women ","55-59","50","Freestyle","21","40.89"," K Kiely Gilfillan","F56","SNM","385V-03R8M","03-02-2025","Silver State Masters SCY"
"Women ","55-59","50","Freestyle","22","42.08"," Myra Chachkin","F56","MAM","385W-0B1KC","02-22-2025","2025 Splash &amp; Dash Sprint Pentathlon"
"Women ","55-59","50","Freestyle","23","47.13"," Julia Rogers","F57","RPM","385E-077AX","02-22-2025","2025 Splash &amp; Dash Sprint Pentathlon"
"Women ","55-59","50","Freestyle","24","51.26"," Lisa M Asta","F59","WCM","3854-0715J","02-22-2025","2025 Splash &amp; Dash Sprint Pentathlon"
"Women ","55-59","50","Freestyle","25","53.16"," Qing Hu","F58","WCM","3840-P6YRG","06-21-2024","2024 U.S. Masters Swimming Spring National Championship"
"Women ","55-59","100","Freestyle","1","1:06.22"," Vicki Shu","F56","MEMO","3850-02YSG","02-08-2025","USF Valentine's Affair"
"Women ","55-59","100","Freestyle","2","1:12.10"," Tina M Voight","F55","MEMO","385C-06T52","03-01-2025","TVM Spring Classic - 2025"
"Women ","55-59","100","Freestyle","3","1:14.50"," Anne Maroon","F58","MEMO","385A-BFUH8","03-01-2025","TVM Spring Classic - 2025"
"Women ","55-59","100","Freestyle","4","1:15.38"," janet alexander","F57","CMAM","385F-VZY1B","03-01-2025","TVM Spring Classic - 2025"
"Women ","55-59","100","Freestyle","5","1:16.17"," Clare P Burger","F57","MEMO","385W-06F06","12-07-2024","THRICE is Nice!"
"Women ","55-59","100","Freestyle","6","1:22.40"," Wendy Cervantes-Mui","F57","LOM","3853-HMW32","01-18-2025","2025 Santa Rosa Masters Resolution Meet"
"Women ","55-59","100","Freestyle","7","1:33.47"," K Kiely Gilfillan","F56","SNM","385V-03R8M","03-02-2025","Silver State Masters SCY"
"Women ","55-59","200","Freestyle","1","2:22.53"," Vicki Shu","F56","MEMO","3850-02YSG","03-09-2025","Short and Sweet Meet"
"Women ","55-59","200","Freestyle","2","2:24.34"," Laureen K Welting","F59","TOC","385S-03J3S","01-18-2025","2025 Santa Rosa Masters Resolution Meet"
"Women ","55-59","200","Freestyle","3","2:24.45"," Carrie Attwell","F55","TOC","3859-03N0W","03-09-2025","Short and Sweet Meet"
"Women ","55-59","200","Freestyle","4","2:31.55"," Tracey Jones","F56","SRM","385G-08244","01-18-2025","2025 Santa Rosa Masters Resolution Meet"
"Women ","55-59","200","Freestyle","5","2:32.53"," Robin A Bulman","F59","SRM","3857-07MHY","01-18-2025","2025 Santa Rosa Masters Resolution Meet"
"Women ","55-59","200","Freestyle","6","2:41.09"," Christina Cavalli","F56","EBAT","385J-008G0","03-01-2025","TVM Spring Classic - 2025"
"Women ","55-59","200","Freestyle","7","2:43.16"," Clare P Burger","F57","MEMO","385W-06F06","12-07-2024","THRICE is Nice!"
"Women ","55-59","200","Freestyle","8","2:44.67"," janet alexander","F57","CMAM","385F-VZY1B","01-18-2025","2025 Santa Rosa Masters Resolution Meet"
"Women ","55-59","200","Freestyle","9","2:57.88"," Wendy Cervantes-Mui","F57","LOM","3853-HMW32","01-18-2025","2025 Santa Rosa Masters Resolution Meet"
"Women ","55-59","200","Freestyle","10","3:02.54"," Carliane D Johnson","F59","MEMO","3859-0392A","12-07-2024","THRICE is Nice!"
"Women ","55-59","200","Freestyle","11","3:30.93"," K Kiely Gilfillan","F56","SNM","385V-03R8M","03-02-2025","Silver State Masters SCY"
"Women ","55-59","200","Freestyle","12","4:18.59"," Qing Hu","F58","WCM","3852-P6YRG","03-09-2025","Short and Sweet Meet"
"Women ","55-59","500","Freestyle","1","6:22.44"," Cynthia J Hertzer","F55","CRUZ","3857-CHSWM","03-23-2025","2025 Bay Area Senior Games Swim Meet"
"Women ","55-59","500","Freestyle","2","6:26.33"," Vicki Shu","F56","MEMO","3850-02YSG","03-09-2025","Short and Sweet Meet"
"Women ","55-59","500","Freestyle","3","6:34.70"," Sara Jones","F56","SRM","385Z-041EC","03-09-2025","Short and Sweet Meet"
"Women ","55-59","500","Freestyle","4","7:25.36"," Jasmine Bachtiger","F55","RHMS","385M-03PNS","03-09-2025","Short and Sweet Meet"
"Women ","55-59","500","Freestyle","5","7:42.61"," Jennifer Phalen","F59","DAM","384C-JENNY","06-20-2024","2024 U.S. Masters Swimming Spring National Championship"
"Women ","55-59","1000","Freestyle","1","12:34.07"," Stephanie D Couch","F59","MELO","384Y-03UKW","06-24-2024","2024 U.S. Masters Swimming Spring National Championship"
"Women ","55-59","1000","Freestyle","2","13:22.92"," Sheila Nelson","F56","SRM","385C-024PJ","03-01-2025","2025 SEWANEE SCY INVITATIONAL"
"Women ","55-59","1650","Freestyle","1","21:07.94"," Cynthia J Hertzer","F55","CRUZ","3857-CHSWM","02-23-2025","The City Mile"
"Women ","55-59","1650","Freestyle","2","25:29.62"," Jennifer Phalen","F59","DAM","384C-JENNY","06-24-2024","2024 U.S. Masters Swimming Spring National Championship"
"Women ","55-59","1650","Freestyle","3","28:08.40"," Marieke Kruidering","F57","TSUN","3856-GJ81P","02-23-2025","The City Mile"
"Women ","55-59","50","Backstroke","1","34.83"," Laureen K Welting","F59","TOC","385S-03J3S","01-18-2025","2025 Santa Rosa Masters Resolution Meet"
"Women ","55-59","50","Backstroke","2","36.2"," Vicki Shu","F56","MEMO","3850-02YSG","02-22-2025","2025 Splash &amp; Dash Sprint Pentathlon"
"Women ","55-59","50","Backstroke","3","37.51"," Sara Jones","F56","SRM","385Z-041EC","03-09-2025","Short and Sweet Meet"
"Women ","55-59","50","Backstroke","4","38.01"," Carrie Attwell","F55","TOC","3859-03N0W","02-22-2025","2025 Splash &amp; Dash Sprint Pentathlon"
"Women ","55-59","50","Backstroke","5","39.86"," Clare P Burger","F57","MEMO","385W-06F06","12-07-2024","THRICE is Nice!"
"Women ","55-59","50","Backstroke","6","40.97"," Jasmine Bachtiger","F55","RHMS","385M-03PNS","03-09-2025","Short and Sweet Meet"
"Women ","55-59","50","Backstroke","7","41.05"," Christina Cavalli","F56","EBAT","385J-008G0","03-01-2025","TVM Spring Classic - 2025"
"Women ","55-59","50","Backstroke","8","42.18"," Shelley Wishovich","F58","MAQ","385K-RXJ95","03-09-2025","Short and Sweet Meet"
"Women ","55-59","50","Backstroke","9","42.19"," Robin A Bulman","F59","SRM","3857-07MHY","02-22-2025","2025 Splash &amp; Dash Sprint Pentathlon"
"Women ","55-59","50","Backstroke","10","43.67"," Kirsten R Halbrook","F56","MAM","3851-03J5A","02-22-2025","2025 Splash &amp; Dash Sprint Pentathlon"
"Women ","55-59","50","Backstroke","11","44.54"," janet alexander","F57","CMAM","385F-VZY1B","02-22-2025","2025 Splash &amp; Dash Sprint Pentathlon"
"Women ","55-59","50","Backstroke","12","44.98"," Wendy Cervantes-Mui","F57","LOM","3853-HMW32","01-18-2025","2025 Santa Rosa Masters Resolution Meet"
"Women ","55-59","50","Backstroke","13","45.51"," Carliane D Johnson","F59","MEMO","3859-0392A","12-07-2024","THRICE is Nice!"
"Women ","55-59","50","Backstroke","14","56.34"," Julia Rogers","F57","RPM","385E-077AX","02-22-2025","2025 Splash &amp; Dash Sprint Pentathlon"
"Women ","55-59","50","Backstroke","15","1:00.66"," Lisa M Asta","F59","WCM","3854-0715J","02-22-2025","2025 Splash &amp; Dash Sprint Pentathlon"
"Women ","55-59","50","Backstroke","16","1:15.89"," Qing Hu","F58","WCM","3852-P6YRG","02-22-2025","2025 Splash &amp; Dash Sprint Pentathlon"
"Women ","55-59","100","Backstroke","1","1:19.91"," Stephanie D Couch","F59","MELO","384Y-03UKW","06-21-2024","2024 U.S. Masters Swimming Spring National Championship"
"Women ","55-59","100","Backstroke","2","1:21.71"," Vicki Shu","F56","MEMO","3850-02YSG","03-01-2025","TVM Spring Classic - 2025"
"Women ","55-59","100","Backstroke","3","1:26.59"," Christina Cavalli","F56","EBAT","385J-008G0","03-01-2025","TVM Spring Classic - 2025"
"Women ","55-59","100","Backstroke","4","1:30.04"," Clare P Burger","F57","MEMO","385W-06F06","12-07-2024","THRICE is Nice!"
"Women ","55-59","100","Backstroke","5","1:47.32"," Wendy Cervantes-Mui","F57","LOM","3853-HMW32","01-18-2025","2025 Santa Rosa Masters Resolution Meet"
"Women ","55-59","100","Backstroke","6","1:51.58"," Dori M Salmon","F56","TVM","385C-03RVP","03-01-2025","TVM Spring Classic - 2025"
"Women ","55-59","200","Backstroke","1","2:43.80"," Sara Jones","F56","SRM","385Z-041EC","03-09-2025","Short and Sweet Meet"
"Women ","55-59","200","Backstroke","2","2:45.61"," Stephanie D Couch","F59","MELO","384Y-03UKW","06-23-2024","2024 U.S. Masters Swimming Spring National Championship"
"Women ","55-59","200","Backstroke","3","2:50.23"," Vicki Shu","F56","MEMO","3850-02YSG","03-09-2025","Short and Sweet Meet"
"Women ","55-59","200","Backstroke","4","3:02.16"," Sheila Nelson","F56","SRM","385C-024PJ","03-01-2025","2025 SEWANEE SCY INVITATIONAL"
"Women ","55-59","200","Backstroke","5","3:03.08"," Christina Cavalli","F56","EBAT","384M-008G0","12-07-2024","THRICE is Nice!"
"Women ","55-59","200","Backstroke","6","3:18.47"," Clare P Burger","F57","MEMO","385W-06F06","12-07-2024","THRICE is Nice!"
"Women ","55-59","200","Backstroke","7","3:32.95"," Carliane D Johnson","F59","MEMO","3859-0392A","12-07-2024","THRICE is Nice!"
"Women ","55-59","200","Backstroke","8","5:23.24"," Qing Hu","F58","WCM","3852-P6YRG","03-09-2025","Short and Sweet Meet"
"Women ","55-59","50","Breaststroke","1","37.12"," Carrie Attwell","F55","TOC","3859-03N0W","02-22-2025","2025 Splash &amp; Dash Sprint Pentathlon"
"Women ","55-59","50","Breaststroke","2","37.93"," Robin A Bulman","F59","SRM","3857-07MHY","03-23-2025","2025 Bay Area Senior Games Swim Meet"
"Women ","55-59","50","Breaststroke","3","38"," Cynthia J Hertzer","F55","CRUZ","3857-CHSWM","03-23-2025","2025 Bay Area Senior Games Swim Meet"
"Women ","55-59","50","Breaststroke","4","38.81"," Denise E Elson","F56","TVM","3854-03JX6","03-01-2025","TVM Spring Classic - 2025"
"Women ","55-59","50","Breaststroke","5","40.38"," Erika Boyd","F57","TEME","3856-9JV08","02-22-2025","2025 Splash &amp; Dash Sprint Pentathlon"
"Women ","55-59","50","Breaststroke","6","40.39"," Sheila Nelson","F56","SRM","385C-024PJ","03-01-2025","2025 SEWANEE SCY INVITATIONAL"
"Women ","55-59","50","Breaststroke","7","41.07"," Vicki Shu","F56","MEMO","3850-02YSG","02-22-2025","2025 Splash &amp; Dash Sprint Pentathlon"
"Women ","55-59","50","Breaststroke","8","41.45"," Justine Juson","F56","USF","385Y-0B27C","02-08-2025","USF Valentine's Affair"
"Women ","55-59","50","Breaststroke","9","42.67"," Anne Maroon","F58","MEMO","385A-BFUH8","12-07-2024","THRICE is Nice!"
"Women ","55-59","50","Breaststroke","10","43.01"," Tina M Voight","F55","MEMO","385C-06T52","03-01-2025","TVM Spring Classic - 2025"
"Women ","55-59","50","Breaststroke","11","44"," Kathy Glatter","F58","UC38","385T-07XDU","03-23-2025","2025 Bay Area Senior Games Swim Meet"
"Women ","55-59","50","Breaststroke","12","44.15"," Jennifer Phalen","F59","DAM","384C-JENNY","06-20-2024","2024 U.S. Masters Swimming Spring National Championship"
"Women ","55-59","50","Breaststroke","13","46.45"," Christina Cavalli","F56","EBAT","385J-008G0","02-22-2025","2025 Splash &amp; Dash Sprint Pentathlon"
"Women ","55-59","50","Breaststroke","14","49.25"," janet alexander","F57","CMAM","385F-VZY1B","02-22-2025","2025 Splash &amp; Dash Sprint Pentathlon"
"Women ","55-59","50","Breaststroke","15","49.57"," Kirsten R Halbrook","F56","MAM","3851-03J5A","02-22-2025","2025 Splash &amp; Dash Sprint Pentathlon"
"Women ","55-59","50","Breaststroke","16","51.24"," Dori M Salmon","F56","TVM","385C-03RVP","03-01-2025","TVM Spring Classic - 2025"
"Women ","55-59","50","Breaststroke","17","51.96"," Susie Lindner","F58","SACMA","3854-D1EDX","02-22-2025","2025 Splash &amp; Dash Sprint Pentathlon"
"Women ","55-59","50","Breaststroke","18","1:01.46"," Julia Rogers","F57","RPM","385E-077AX","02-22-2025","2025 Splash &amp; Dash Sprint Pentathlon"
"Women ","55-59","50","Breaststroke","19","1:06.19"," Qing Hu","F58","WCM","3852-P6YRG","02-22-2025","2025 Splash &amp; Dash Sprint Pentathlon"
"Women ","55-59","50","Breaststroke","20","1:06.46"," Lisa M Asta","F59","WCM","3854-0715J","02-22-2025","2025 Splash &amp; Dash Sprint Pentathlon"
"Women ","55-59","100","Breaststroke","1","1:24.46"," Robin A Bulman","F59","SRM","3857-07MHY","03-23-2025","2025 Bay Area Senior Games Swim Meet"
"Women ","55-59","100","Breaststroke","2","1:27.34"," Laureen K Welting","F59","TOC","385S-03J3S","01-18-2025","2025 Santa Rosa Masters Resolution Meet"
"Women ","55-59","100","Breaststroke","3","1:29.70"," Vicki Shu","F56","MEMO","3850-02YSG","03-01-2025","TVM Spring Classic - 2025"
"Women ","55-59","100","Breaststroke","4","1:29.78"," Justine Juson","F56","USF","384G-0B27C","06-23-2024","2024 U.S. Masters Swimming Spring National Championship"
"Women ","55-59","100","Breaststroke","5","1:33.70"," Anne Maroon","F58","MEMO","385A-BFUH8","12-07-2024","THRICE is Nice!"
"Women ","55-59","100","Breaststroke","6","1:34.22"," Jennifer Phalen","F59","DAM","384C-JENNY","06-23-2024","2024 U.S. Masters Swimming Spring National Championship"
"Women ","55-59","100","Breaststroke","7","1:36.01"," Kathy Glatter","F58","UC38","385T-07XDU","02-08-2025","USF Valentine's Affair"
"Women ","55-59","100","Breaststroke","8","1:36.66"," Tina M Voight","F55","MEMO","385C-06T52","03-01-2025","TVM Spring Classic - 2025"
"Women ","55-59","200","Breaststroke","1","2:54.92"," Cynthia J Hertzer","F55","CRUZ","3857-CHSWM","03-23-2025","2025 Bay Area Senior Games Swim Meet"
"Women ","55-59","200","Breaststroke","2","3:02.53"," Carrie Attwell","F55","TOC","3859-03N0W","03-09-2025","Short and Sweet Meet"
"Women ","55-59","200","Breaststroke","3","3:07.97"," Robin A Bulman","F59","SRM","3857-07MHY","03-23-2025","2025 Bay Area Senior Games Swim Meet"
"Women ","55-59","200","Breaststroke","4","3:12.58"," Justine Juson","F56","USF","384G-0B27C","06-22-2024","2024 U.S. Masters Swimming Spring National Championship"
"Women ","55-59","200","Breaststroke","5","3:15.47"," Vicki Shu","F56","MEMO","3850-02YSG","03-09-2025","Short and Sweet Meet"
"Women ","55-59","200","Breaststroke","6","3:18.70"," Jennifer Phalen","F59","DAM","384C-JENNY","06-22-2024","2024 U.S. Masters Swimming Spring National Championship"
"Women ","55-59","200","Breaststroke","7","3:22.16"," Anne Maroon","F58","MEMO","385A-BFUH8","12-07-2024","THRICE is Nice!"
"Women ","55-59","200","Breaststroke","8","3:39.27"," Kathy Glatter","F58","UC38","385T-07XDU","03-23-2025","2025 Bay Area Senior Games Swim Meet"
"Women ","55-59","200","Breaststroke","9","5:26.62"," Qing Hu","F58","WCM","3852-P6YRG","03-09-2025","Short and Sweet Meet"
"Women ","55-59","50","Butterfly","1","31.67"," Carrie Attwell","F55","TOC","3859-03N0W","02-22-2025","2025 Splash &amp; Dash Sprint Pentathlon"
"Women ","55-59","50","Butterfly","2","31.95"," Vicki Shu","F56","MEMO","3850-02YSG","02-22-2025","2025 Splash &amp; Dash Sprint Pentathlon"
"Women ","55-59","50","Butterfly","3","33.08"," Wendy L Bjerknes","F55","SMM","385U-05SKJ","03-09-2025","Short and Sweet Meet"
"Women ","55-59","50","Butterfly","4","33.19"," Denise E Elson","F56","TVM","3854-03JX6","03-01-2025","TVM Spring Classic - 2025"
"Women ","55-59","50","Butterfly","5","35.74"," janet alexander","F57","CMAM","385F-VZY1B","02-22-2025","2025 Splash &amp; Dash Sprint Pentathlon"
"Women ","55-59","50","Butterfly","6","36.08"," Jasmine Bachtiger","F55","RHMS","385M-03PNS","03-09-2025","Short and Sweet Meet"
"Women ","55-59","50","Butterfly","7","39.45"," Robin A Bulman","F59","SRM","3857-07MHY","02-22-2025","2025 Splash &amp; Dash Sprint Pentathlon"
"Women ","55-59","50","Butterfly","8","43.05"," Carliane D Johnson","F59","MEMO","3859-0392A","12-07-2024","THRICE is Nice!"
"Women ","55-59","50","Butterfly","9","43.4"," Myra Chachkin","F56","MAM","385W-0B1KC","02-22-2025","2025 Splash &amp; Dash Sprint Pentathlon"
"Women ","55-59","50","Butterfly","10","47.03"," Kirsten R Halbrook","F56","MAM","3851-03J5A","02-22-2025","2025 Splash &amp; Dash Sprint Pentathlon"
"Women ","55-59","50","Butterfly","11","48.49"," Wendy Cervantes-Mui","F57","LOM","3853-HMW32","01-18-2025","2025 Santa Rosa Masters Resolution Meet"
"Women ","55-59","50","Butterfly","12","48.82"," yoriko fukushi","F55","USF","3856-UG792","02-08-2025","USF Valentine's Affair"
"Women ","55-59","50","Butterfly","13","53.34"," K Kiely Gilfillan","F56","SNM","385V-03R8M","03-02-2025","Silver State Masters SCY"
"Women ","55-59","50","Butterfly","14","53.48"," Christina Cavalli","F56","EBAT","385J-008G0","02-22-2025","2025 Splash &amp; Dash Sprint Pentathlon"
"Women ","55-59","50","Butterfly","15","58.76"," Lisa M Asta","F59","WCM","3854-0715J","02-22-2025","2025 Splash &amp; Dash Sprint Pentathlon"
"Women ","55-59","50","Butterfly","16","58.98"," Julia Rogers","F57","RPM","385E-077AX","02-22-2025","2025 Splash &amp; Dash Sprint Pentathlon"
"Women ","55-59","100","Butterfly","1","1:14.12"," Vicki Shu","F56","MEMO","3850-02YSG","02-08-2025","USF Valentine's Affair"
"Women ","55-59","100","Butterfly","2","1:19.86"," Laureen K Welting","F59","TOC","385S-03J3S","01-18-2025","2025 Santa Rosa Masters Resolution Meet"
"Women ","55-59","100","Butterfly","3","1:21.95"," Tracey Jones","F56","SRM","385G-08244","01-18-2025","2025 Santa Rosa Masters Resolution Meet"
"Women ","55-59","100","Butterfly","4","1:25.67"," Stephanie D Couch","F59","MELO","384Y-03UKW","06-22-2024","2024 U.S. Masters Swimming Spring National Championship"
"Women ","55-59","100","Butterfly","5","1:30.33"," janet alexander","F57","CMAM","385F-VZY1B","01-18-2025","2025 Santa Rosa Masters Resolution Meet"
"Women ","55-59","100","Butterfly","6","1:39.93"," Carliane D Johnson","F59","MEMO","3859-0392A","12-07-2024","THRICE is Nice!"
"Women ","55-59","100","Butterfly","7","1:40.96"," yoriko fukushi","F55","USF","3856-UG792","02-08-2025","USF Valentine's Affair"
"Women ","55-59","200","Butterfly","1","2:49.05"," Vicki Shu","F56","MEMO","3850-02YSG","03-09-2025","Short and Sweet Meet"
"Women ","55-59","200","Butterfly","2","2:50.66"," Wendy L Bjerknes","F55","SMM","385U-05SKJ","03-09-2025","Short and Sweet Meet"
"Women ","55-59","100","Individual Medley","1","1:13.41"," Carrie Attwell","F55","TOC","3859-03N0W","02-22-2025","2025 Splash &amp; Dash Sprint Pentathlon"
"Women ","55-59","100","Individual Medley","2","1:13.71"," Laureen K Welting","F59","TOC","385S-03J3S","01-18-2025","2025 Santa Rosa Masters Resolution Meet"
"Women ","55-59","100","Individual Medley","3","1:16.05"," Vicki Shu","F56","MEMO","3850-02YSG","02-22-2025","2025 Splash &amp; Dash Sprint Pentathlon"
"Women ","55-59","100","Individual Medley","4","1:19.00"," Erika Boyd","F57","TEME","3856-9JV08","02-22-2025","2025 Splash &amp; Dash Sprint Pentathlon"
"Women ","55-59","100","Individual Medley","5","1:23.05"," Robin A Bulman","F59","SRM","3857-07MHY","02-22-2025","2025 Splash &amp; Dash Sprint Pentathlon"
"Women ","55-59","100","Individual Medley","6","1:26.02"," Justine Juson","F56","USF","385Y-0B27C","02-08-2025","USF Valentine's Affair"
"Women ","55-59","100","Individual Medley","7","1:27.85"," janet alexander","F57","CMAM","385F-VZY1B","02-22-2025","2025 Splash &amp; Dash Sprint Pentathlon"
"Women ","55-59","100","Individual Medley","8","1:31.06"," Christina Cavalli","F56","EBAT","385J-008G0","02-22-2025","2025 Splash &amp; Dash Sprint Pentathlon"
"Women ","55-59","100","Individual Medley","9","1:32.05"," Jennifer Phalen","F59","DAM","384C-JENNY","06-21-2024","2024 U.S. Masters Swimming Spring National Championship"
"Women ","55-59","100","Individual Medley","10","1:32.15"," Kathy Glatter","F58","UC38","385T-07XDU","02-08-2025","USF Valentine's Affair"
"Women ","55-59","100","Individual Medley","11","1:34.70"," Kirsten R Halbrook","F56","MAM","3851-03J5A","02-22-2025","2025 Splash &amp; Dash Sprint Pentathlon"
"Women ","55-59","100","Individual Medley","12","1:48.85"," Dori M Salmon","F56","TVM","385C-03RVP","03-01-2025","TVM Spring Classic - 2025"
"Women ","55-59","100","Individual Medley","13","1:53.74"," K Kiely Gilfillan","F56","SNM","385V-03R8M","03-02-2025","Silver State Masters SCY"
"Women ","55-59","100","Individual Medley","14","2:00.84"," Julia Rogers","F57","RPM","385E-077AX","02-22-2025","2025 Splash &amp; Dash Sprint Pentathlon"
"Women ","55-59","100","Individual Medley","15","2:05.11"," Lisa M Asta","F59","WCM","3854-0715J","02-22-2025","2025 Splash &amp; Dash Sprint Pentathlon"
"Women ","55-59","200","Individual Medley","1","2:44.84"," Cynthia J Hertzer","F55","CRUZ","3857-CHSWM","03-23-2025","2025 Bay Area Senior Games Swim Meet"
"Women ","55-59","200","Individual Medley","2","2:45.48"," Vicki Shu","F56","MEMO","3850-02YSG","03-01-2025","TVM Spring Classic - 2025"
"Women ","55-59","200","Individual Medley","3","2:53.86"," Stephanie D Couch","F59","MELO","384Y-03UKW","06-22-2024","2024 U.S. Masters Swimming Spring National Championship"
"Women ","55-59","200","Individual Medley","4","2:54.12"," Robin A Bulman","F59","SRM","3857-07MHY","03-23-2025","2025 Bay Area Senior Games Swim Meet"
"Women ","55-59","400","Individual Medley","1","5:44.96"," Cynthia J Hertzer","F55","CRUZ","3857-CHSWM","03-23-2025","2025 Bay Area Senior Games Swim Meet"
"Women ","55-59","400","Individual Medley","2","6:02.20"," Stephanie D Couch","F59","MELO","384Y-03UKW","06-23-2024","2024 U.S. Masters Swimming Spring National Championship"
"Women ","55-59","400","Individual Medley","3","6:15.63"," Robin A Bulman","F59","SRM","3857-07MHY","03-23-2025","2025 Bay Area Senior Games Swim Meet"
"Women ","60-64","50","Freestyle","1","26.83"," Sarah E Quick","F61","NBA","3857-094JH","03-09-2025","Short and Sweet Meet"
"Women ","60-64","50","Freestyle","2","28.16"," Caren A Mc Namara","F64","SNM","385Z-03H3H","03-02-2025","Silver State Masters SCY"
"Women ","60-64","50","Freestyle","3","29.25"," Merrie E Walts","F64","SRM","385F-00CPW","02-22-2025","2025 Splash &amp; Dash Sprint Pentathlon"
"Women ","60-64","50","Freestyle","4","29.58"," Debbie Cagigas","F63","EBAT","385U-081JU","02-22-2025","2025 Splash &amp; Dash Sprint Pentathlon"
"Women ","60-64","50","Freestyle","5","30.38"," Carole L Keighley","F60","QSS","3841-05REK","06-21-2024","2024 U.S. Masters Swimming Spring National Championship"
"Women ","60-64","50","Freestyle","6","31.05"," Monica A Carter","F63","SACMA","385X-ZDAUD","03-01-2025","TVM Spring Classic - 2025"
"Women ","60-64","50","Freestyle","7","31.64"," Rebecca R Perry","F60","MAM","385U-03U8J","02-22-2025","2025 Splash &amp; Dash Sprint Pentathlon"
"Women ","60-64","50","Freestyle","8","32.41"," Sherri Nichelman","F64","WCM","3856-0AW7Z","03-01-2025","TVM Spring Classic - 2025"
"Women ","60-64","50","Freestyle","9","32.76"," Jane E Russell","F61","DAM","3858-074TS","02-22-2025","2025 Splash &amp; Dash Sprint Pentathlon"
"Women ","60-64","50","Freestyle","10","33.16"," Josie A Viscardi","F60","RHMS","385C-03PT4","01-18-2025","2025 Santa Rosa Masters Resolution Meet"
"Women ","60-64","50","Freestyle","11","33.45"," Stephanie D Couch","F60","MELO","385W-03UKW","03-01-2025","TVM Spring Classic - 2025"
"Women ","60-64","50","Freestyle","12","33.63"," Catherine W Taylor","F62","WCM","385F-081Y6","02-22-2025","2025 Splash &amp; Dash Sprint Pentathlon"
"Women ","60-64","50","Freestyle","13","34.32"," Joan A Crow","F60","DAM","3858-068F9","12-07-2024","THRICE is Nice!"
"Women ","60-64","50","Freestyle","14","35.54"," Cassandra Coffee","F63","TAM","385U-CCSWM","03-09-2025","Short and Sweet Meet"
"Women ","60-64","50","Freestyle","15","36.24"," Jacqueline Tonge","F62","OAM","385V-KCYT6","02-22-2025","2025 Splash &amp; Dash Sprint Pentathlon"
"Women ","60-64","50","Freestyle","16","36.9"," Jennifer Phalen","F60","DAM","385E-JENNY","03-01-2025","TVM Spring Classic - 2025"
"Women ","60-64","50","Freestyle","17","39.3"," Carol S McHale","F60","SRM","385N-03P7A","02-22-2025","2025 Splash &amp; Dash Sprint Pentathlon"
"Women ","60-64","50","Freestyle","18","39.96"," Sharon M Roller","F64","LAC","384Y-Z0T2B","12-07-2024","THRICE is Nice!"
"Women ","60-64","50","Freestyle","19","39.98"," Carolyn Pistone","F63","UC38","3858-HDRUW","12-07-2024","THRICE is Nice!"
"Women ","60-64","50","Freestyle","20","42.39"," Felicia M Adler","F62","WCM","385A-03F4N","02-22-2025","2025 Splash &amp; Dash Sprint Pentathlon"
"Women ","60-64","50","Freestyle","21","42.8"," Melanie L Whitenack","F60","UC38","384E-0BAUD","06-02-2024","Pasadena Senior Games"
"Women ","60-64","50","Freestyle","22","43.36"," Mary G Schaezlein","F60","USF","385X-2A9B7","02-08-2025","USF Valentine's Affair"
"Women ","60-64","50","Freestyle","23","44.33"," Joanna L Berg","F64","MAM","3853-0712E","02-22-2025","2025 Splash &amp; Dash Sprint Pentathlon"
"Women ","60-64","50","Freestyle","24","44.48"," Maria Ducey","F61","AAM","3857-03MME","02-08-2025","USF Valentine's Affair"
"Women ","60-64","50","Freestyle","25","46.06"," Teresa M Focha","F64","ALB","3857-03NDN","02-22-2025","2025 Splash &amp; Dash Sprint Pentathlon"
"Women ","60-64","50","Freestyle","26","46.88"," Leah A Carroll","F63","ALB","385E-09H3C","03-01-2025","TVM Spring Classic - 2025"
"Women ","60-64","50","Freestyle","27","48.75"," Julie Dunkle","F64","TVM","385W-MFN7E","02-22-2025","2025 Splash &amp; Dash Sprint Pentathlon"
"Women ","60-64","50","Freestyle","28","53.16"," Eva Kirsch","F62","CMAM","385R-T7E7Y","03-09-2025","Short and Sweet Meet"
"Women ","60-64","50","Freestyle","29","59.86"," Graciela Warnes","F64","SRVM","385E-H2JUV","03-01-2025","TVM Spring Classic - 2025"
"Women ","60-64","100","Freestyle","1","58.59"," Sarah E Quick","F60","NBA","3845-094JH","12-07-2024","THRICE is Nice!"
"Women ","60-64","100","Freestyle","2","1:03.57"," Merrie E Walts","F64","SRM","385F-00CPW","02-08-2025","USF Valentine's Affair"
"Women ","60-64","100","Freestyle","3","1:03.68"," Caren A Mc Namara","F64","SNM","385Z-03H3H","03-02-2025","Silver State Masters SCY"
"Women ","60-64","100","Freestyle","4","1:06.43"," Monica A Carter","F63","SACMA","385X-ZDAUD","03-01-2025","TVM Spring Classic - 2025"
"Women ","60-64","100","Freestyle","5","1:07.21"," Jayne E Riley","F60","HTUB","384A-07ZZP","06-20-2024","2024 U.S. Masters Swimming Spring National Championship"
"Women ","60-64","100","Freestyle","6","1:09.30"," Stephanie D Couch","F60","MELO","385W-03UKW","02-08-2025","USF Valentine's Affair"
"Women ","60-64","100","Freestyle","7","1:10.44"," Carole L Keighley","F60","QSS","3841-05REK","06-20-2024","2024 U.S. Masters Swimming Spring National Championship"
"Women ","60-64","100","Freestyle","8","1:10.59"," Sherri Nichelman","F64","WCM","3856-0AW7Z","03-01-2025","TVM Spring Classic - 2025"
"Women ","60-64","100","Freestyle","9","1:11.25"," Jane E Russell","F61","DAM","3858-074TS","02-08-2025","USF Valentine's Affair"
"Women ","60-64","100","Freestyle","10","1:12.04"," Catherine W Taylor","F62","WCM","385F-081Y6","02-08-2025","USF Valentine's Affair"
"Women ","60-64","100","Freestyle","11","1:17.32"," Jennifer Phalen","F60","DAM","385E-JENNY","02-08-2025","USF Valentine's Affair"
"Women ","60-64","100","Freestyle","12","1:18.30"," Beth P Flynn","F62","RHMS","3853-03N9X","02-08-2025","USF Valentine's Affair"
"Women ","60-64","100","Freestyle","13","1:20.40"," Josie A Viscardi","F60","RHMS","385C-03PT4","01-18-2025","2025 Santa Rosa Masters Resolution Meet"
"Women ","60-64","100","Freestyle","14","1:26.57"," Felicia M Adler","F62","WCM","385A-03F4N","02-08-2025","USF Valentine's Affair"
"Women ","60-64","100","Freestyle","15","1:27.95"," Sharon M Roller","F64","LAC","384Y-Z0T2B","12-07-2024","THRICE is Nice!"
"Women ","60-64","100","Freestyle","16","1:29.28"," Eanna Sarah","F61","TCAM","385K-03UYE","02-08-2025","USF Valentine's Affair"
"Women ","60-64","100","Freestyle","17","1:32.18"," Deborah Valderrama","F61","USF","3852-03F5E","02-08-2025","USF Valentine's Affair"
"Women ","60-64","100","Freestyle","18","1:32.36"," Mary G Schaezlein","F60","USF","385X-2A9B7","02-08-2025","USF Valentine's Affair"
"Women ","60-64","100","Freestyle","19","1:32.53"," Carolyn Pistone","F63","UC38","3858-HDRUW","12-07-2024","THRICE is Nice!"
"Women ","60-64","100","Freestyle","20","1:35.65"," Maria Ducey","F61","AAM","3857-03MME","02-08-2025","USF Valentine's Affair"
"Women ","60-64","100","Freestyle","21","1:40.34"," Teresa M Focha","F64","ALB","3857-03NDN","02-08-2025","USF Valentine's Affair"
"Women ","60-64","100","Freestyle","22","1:45.64"," Leah A Carroll","F63","ALB","385E-09H3C","03-01-2025","TVM Spring Classic - 2025"
"Women ","60-64","100","Freestyle","23","2:13.33"," Graciela Warnes","F64","SRVM","385E-H2JUV","03-01-2025","TVM Spring Classic - 2025"
"Women ","60-64","200","Freestyle","1","2:08.05"," Sarah E Quick","F61","NBA","3857-094JH","03-09-2025","Short and Sweet Meet"
"Women ","60-64","200","Freestyle","2","2:11.22"," Andrea L Salmi","F60","NBA","3855-0704M","03-09-2025","Short and Sweet Meet"
"Women ","60-64","200","Freestyle","3","2:18.73"," Merrie E Walts","F64","SRM","385F-00CPW","03-09-2025","Short and Sweet Meet"
"Women ","60-64","200","Freestyle","4","2:20.10"," Jayne E Riley","F60","HTUB","384A-07ZZP","06-21-2024","2024 U.S. Masters Swimming Spring National Championship"
"Women ","60-64","200","Freestyle","5","2:27.76"," Stephanie D Couch","F60","MELO","385W-03UKW","01-18-2025","2025 Santa Rosa Masters Resolution Meet"
"Women ","60-64","200","Freestyle","6","2:31.26"," Catherine W Taylor","F61","WCM","385F-081Y6","01-18-2025","2025 Santa Rosa Masters Resolution Meet"
"Women ","60-64","200","Freestyle","7","2:34.23"," Monica A Carter","F63","SACMA","384Z-ZDAUD","11-23-2024","2024 SLOS Pumpkin Pie Invite"
"Women ","60-64","200","Freestyle","8","2:34.70"," Sherri Nichelman","F64","WCM","3856-0AW7Z","01-18-2025","2025 Santa Rosa Masters Resolution Meet"
"Women ","60-64","200","Freestyle","9","2:45.07"," Jennifer Phalen","F60","DAM","385E-JENNY","01-18-2025","2025 Santa Rosa Masters Resolution Meet"
"Women ","60-64","200","Freestyle","10","2:49.44"," Christine A Tyler","F62","QSS","384A-09CSP","12-07-2024","THRICE is Nice!"
"Women ","60-64","200","Freestyle","11","2:58.83"," Carol S McHale","F60","SRM","385N-03P7A","03-09-2025","Short and Sweet Meet"
"Women ","60-64","200","Freestyle","12","3:03.90"," Cassandra Coffee","F63","TAM","385U-CCSWM","03-09-2025","Short and Sweet Meet"
"Women ","60-64","200","Freestyle","13","3:09.82"," Sharon M Roller","F64","LAC","384Y-Z0T2B","12-07-2024","THRICE is Nice!"
"Women ","60-64","200","Freestyle","14","3:32.03"," Teresa M Focha","F63","ALB","3857-03NDN","01-18-2025","2025 Santa Rosa Masters Resolution Meet"
"Women ","60-64","200","Freestyle","15","3:32.20"," Carolyn Pistone","F63","UC38","3858-HDRUW","12-07-2024","THRICE is Nice!"
"Women ","60-64","200","Freestyle","16","3:40.74"," Leah A Carroll","F63","ALB","385E-09H3C","03-09-2025","Short and Sweet Meet"
"Women ","60-64","200","Freestyle","17","3:45.94"," Karen M Jost","F63","UC38","384J-02N8G","10-06-2024","2024 BAMFest"
"Women ","60-64","200","Freestyle","18","4:28.27"," Eva Kirsch","F62","CMAM","385R-T7E7Y","03-22-2025","New Mexico Masters State Championships"
"Women ","60-64","500","Freestyle","1","5:47.95"," Sarah E Quick","F61","NBA","3857-094JH","03-09-2025","Short and Sweet Meet"
"Women ","60-64","500","Freestyle","2","5:56.51"," Andrea L Salmi","F60","NBA","3855-0704M","03-09-2025","Short and Sweet Meet"
"Women ","60-64","500","Freestyle","3","6:02.22"," Catheryne B DiPrete","F61","TAM","385B-004KX","03-09-2025","Short and Sweet Meet"
"Women ","60-64","500","Freestyle","4","6:06.49"," Merrie E Walts","F64","SRM","385F-00CPW","03-09-2025","Short and Sweet Meet"
"Women ","60-64","500","Freestyle","5","6:06.55"," Jana Matena","F62","MELO","3859-03JGZ","03-09-2025","Short and Sweet Meet"
"Women ","60-64","500","Freestyle","6","6:14.42"," Jayne E Riley","F60","HTUB","384A-07ZZP","06-20-2024","2024 U.S. Masters Swimming Spring National Championship"
"Women ","60-64","500","Freestyle","7","6:14.58"," Stephanie D Couch","F60","MELO","385W-03UKW","","The City Mile"
"Women ","60-64","500","Freestyle","8","6:24.85"," Karin LaBerge","F60","TVM","384V-03H9D","06-20-2024","2024 U.S. Masters Swimming Spring National Championship"
"Women ","60-64","500","Freestyle","9","6:55.06"," Monica A Carter","F63","SACMA","384Z-ZDAUD","11-24-2024","2024 SLOS Pumpkin Pie Invite"
"Women ","60-64","500","Freestyle","10","7:19.42"," Jennifer Phalen","F60","DAM","385E-JENNY","03-09-2025","Short and Sweet Meet"
"Women ","60-64","500","Freestyle","11","9:19.22"," Teresa M Focha","F64","ALB","3857-03NDN","03-09-2025","Short and Sweet Meet"
"Women ","60-64","500","Freestyle","12","9:51.57"," Leah A Carroll","F63","ALB","385E-09H3C","03-09-2025","Short and Sweet Meet"
"Women ","60-64","500","Freestyle","13","9:51.82"," Karen M Jost","F63","UC38","384J-02N8G","10-06-2024","2024 BAMFest"
"Women ","60-64","500","Freestyle","14","10:08.93"," Eva Kirsch","F62","CMAM","385R-T7E7Y","03-09-2025","Short and Sweet Meet"
"Women ","60-64","1000","Freestyle","1","12:31.71"," Stephanie D Couch","F60","MELO","385W-03UKW","","The City Mile"
"Women ","60-64","1000","Freestyle","2","12:46.87"," Jayne E Riley","F60","HTUB","384A-07ZZP","06-24-2024","2024 U.S. Masters Swimming Spring National Championship"
"Women ","60-64","1000","Freestyle","3","12:51.17"," Andrea L Salmi","F60","NBA","3855-0704M","","The City Mile"
"Women ","60-64","1000","Freestyle","4","12:53.90"," Merrie E Walts","F64","SRM","385F-00CPW","04-05-2025","2025 OMS Association and NW Zone Championship"
"Women ","60-64","1000","Freestyle","5","15:19.90"," Jennifer Phalen","F60","DAM","385E-JENNY","","The City Mile"
"Women ","60-64","1000","Freestyle","6","18:52.41"," Teresa M Focha","F64","ALB","3857-03NDN","","The City Mile"
"Women ","60-64","1650","Freestyle","1","20:38.63"," Stephanie D Couch","F60","MELO","385W-03UKW","02-23-2025","The City Mile"
"Women ","60-64","1650","Freestyle","2","21:06.33"," Merrie E Walts","F64","SRM","385F-00CPW","02-23-2025","The City Mile"
"Women ","60-64","1650","Freestyle","3","21:28.21"," Andrea L Salmi","F60","NBA","3855-0704M","02-23-2025","The City Mile"
"Women ","60-64","1650","Freestyle","4","23:24.21"," Monica A Carter","F63","SACMA","384Z-ZDAUD","11-22-2024","2024 SLOS Pumpkin Pie Invite"
"Women ","60-64","1650","Freestyle","5","25:35.12"," Jennifer Phalen","F60","DAM","385E-JENNY","02-23-2025","The City Mile"
"Women ","60-64","1650","Freestyle","6","28:24.22"," Mary G Schaezlein","F60","USF","385X-2A9B7","02-23-2025","The City Mile"
"Women ","60-64","1650","Freestyle","7","31:14.58"," Teresa M Focha","F64","ALB","3857-03NDN","02-23-2025","The City Mile"
"Women ","60-64","1650","Freestyle","8","34:15.59"," Leah A Carroll","F63","ALB","385E-09H3C","02-23-2025","The City Mile"
"Women ","60-64","50","Backstroke","1","33.26"," Merrie E Walts","F64","SRM","385F-00CPW","02-22-2025","2025 Splash &amp; Dash Sprint Pentathlon"
"Women ","60-64","50","Backstroke","2","35.81"," April A Oliver","F63","NBA","385R-0370H","02-08-2025","USF Valentine's Affair"
"Women ","60-64","50","Backstroke","3","35.84"," Debbie Cagigas","F63","EBAT","385U-081JU","03-01-2025","TVM Spring Classic - 2025"
"Women ","60-64","50","Backstroke","4","36.86"," Jane E Russell","F61","DAM","3858-074TS","02-22-2025","2025 Splash &amp; Dash Sprint Pentathlon"
"Women ","60-64","50","Backstroke","5","37.2"," Rebecca R Perry","F60","MAM","385U-03U8J","02-22-2025","2025 Splash &amp; Dash Sprint Pentathlon"
"Women ","60-64","50","Backstroke","6","37.22"," Valerie Knight-Williams","F61","SACMA","385D-1E9WH","02-22-2025","2025 Splash &amp; Dash Sprint Pentathlon"
"Women ","60-64","50","Backstroke","7","38.09"," Stephanie D Couch","F60","MELO","385W-03UKW","02-08-2025","USF Valentine's Affair"
"Women ","60-64","50","Backstroke","8","39.05"," Monica A Carter","F63","SACMA","385X-ZDAUD","02-22-2025","2025 Splash &amp; Dash Sprint Pentathlon"
"Women ","60-64","50","Backstroke","9","39.29"," Carole L Keighley","F60","QSS","3841-05REK","06-22-2024","2024 U.S. Masters Swimming Spring National Championship"
"Women ","60-64","50","Backstroke","10","40.37"," Catherine Davis","F64","WINE","3853-03F0W","02-22-2025","2025 Splash &amp; Dash Sprint Pentathlon"
"Women ","60-64","50","Backstroke","11","41.06"," Catherine W Taylor","F62","WCM","385F-081Y6","02-22-2025","2025 Splash &amp; Dash Sprint Pentathlon"
"Women ","60-64","50","Backstroke","12","41.83"," Sherri Nichelman","F64","WCM","3856-0AW7Z","02-22-2025","2025 Splash &amp; Dash Sprint Pentathlon"
"Women ","60-64","50","Backstroke","13","42.31"," Jacqueline Tonge","F62","OAM","385V-KCYT6","02-22-2025","2025 Splash &amp; Dash Sprint Pentathlon"
"Women ","60-64","50","Backstroke","14","42.33"," Susan J Nowack","F64","SRM","3857-03P9G","01-18-2025","2025 Santa Rosa Masters Resolution Meet"
"Women ","60-64","50","Backstroke","15","44.12"," Jennifer Phalen","F60","DAM","385E-JENNY","03-23-2025","2025 Bay Area Senior Games Swim Meet"
"Women ","60-64","50","Backstroke","16","46.37"," Joan A Crow","F60","DAM","3858-068F9","12-07-2024","THRICE is Nice!"
"Women ","60-64","50","Backstroke","17","47.1"," Teresa M Focha","F64","ALB","3857-03NDN","02-22-2025","2025 Splash &amp; Dash Sprint Pentathlon"
"Women ","60-64","50","Backstroke","18","47.51"," Carol S McHale","F60","SRM","385N-03P7A","02-22-2025","2025 Splash &amp; Dash Sprint Pentathlon"
"Women ","60-64","50","Backstroke","19","48.27"," Sharon M Roller","F64","LAC","384Y-Z0T2B","12-07-2024","THRICE is Nice!"
"Women ","60-64","50","Backstroke","20","48.9"," Deborah Valderrama","F61","USF","3852-03F5E","02-08-2025","USF Valentine's Affair"
"Women ","60-64","50","Backstroke","21","52.27"," Lisa Carboni","F63","MEMO","385B-0AMMT","12-07-2024","THRICE is Nice!"
"Women ","60-64","50","Backstroke","22","53.82"," Leah A Carroll","F63","ALB","385E-09H3C","03-09-2025","Short and Sweet Meet"
"Women ","60-64","50","Backstroke","23","59.14"," Julie Dunkle","F63","TVM","385W-MFN7E","12-07-2024","THRICE is Nice!"
"Women ","60-64","100","Backstroke","1","1:13.10"," Merrie E Walts","F64","SRM","385F-00CPW","03-23-2025","2025 Bay Area Senior Games Swim Meet"
"Women ","60-64","100","Backstroke","2","1:19.40"," Rebecca R Perry","F60","MAM","385U-03U8J","02-08-2025","USF Valentine's Affair"
"Women ","60-64","100","Backstroke","3","1:19.94"," Stephanie D Couch","F60","MELO","385W-03UKW","01-18-2025","2025 Santa Rosa Masters Resolution Meet"
"Women ","60-64","100","Backstroke","4","1:21.79"," Monica A Carter","F63","SACMA","385X-ZDAUD","03-01-2025","TVM Spring Classic - 2025"
"Women ","60-64","100","Backstroke","5","1:21.89"," Jane E Russell","F61","DAM","3858-074TS","02-08-2025","USF Valentine's Affair"
"Women ","60-64","100","Backstroke","6","1:28.10"," Susan J Nowack","F64","SRM","3857-03P9G","01-18-2025","2025 Santa Rosa Masters Resolution Meet"
"Women ","60-64","100","Backstroke","7","1:29.31"," Catherine W Taylor","F62","WCM","385F-081Y6","02-08-2025","USF Valentine's Affair"
"Women ","60-64","100","Backstroke","8","1:33.19"," Christine A Tyler","F62","QSS","384A-09CSP","12-07-2024","THRICE is Nice!"
"Women ","60-64","100","Backstroke","9","1:39.42"," Jennifer Phalen","F60","DAM","385E-JENNY","02-08-2025","USF Valentine's Affair"
"Women ","60-64","100","Backstroke","10","1:41.52"," Teresa M Focha","F64","ALB","3857-03NDN","03-01-2025","TVM Spring Classic - 2025"
"Women ","60-64","100","Backstroke","11","1:44.26"," Sharon M Roller","F64","LAC","384Y-Z0T2B","12-07-2024","THRICE is Nice!"
"Women ","60-64","100","Backstroke","12","1:45.49"," Carol S McHale","F60","SRM","385N-03P7A","01-18-2025","2025 Santa Rosa Masters Resolution Meet"
"Women ","60-64","100","Backstroke","13","1:52.08"," Lisa Carboni","F63","MEMO","385B-0AMMT","12-07-2024","THRICE is Nice!"
"Women ","60-64","100","Backstroke","14","1:53.23"," Karen M Jost","F63","UC38","384J-02N8G","10-06-2024","2024 BAMFest"
"Women ","60-64","100","Backstroke","15","1:55.75"," Leah A Carroll","F63","ALB","385E-09H3C","03-01-2025","TVM Spring Classic - 2025"
"Women ","60-64","100","Backstroke","16","2:15.19"," Julie Dunkle","F64","TVM","385W-MFN7E","03-23-2025","2025 Bay Area Senior Games Swim Meet"
"Women ","60-64","200","Backstroke","1","2:30.12"," Lisa A Ward","F61","WCM","385V-006FT","03-09-2025","Short and Sweet Meet"
"Women ","60-64","200","Backstroke","2","2:37.50"," Merrie E Walts","F64","SRM","385F-00CPW","03-09-2025","Short and Sweet Meet"
"Women ","60-64","200","Backstroke","3","2:42.67"," Stephanie D Couch","F60","MELO","385W-03UKW","03-09-2025","Short and Sweet Meet"
"Women ","60-64","200","Backstroke","4","2:54.11"," Jane E Russell","F61","DAM","3858-074TS","03-23-2025","2025 Bay Area Senior Games Swim Meet"
"Women ","60-64","200","Backstroke","5","3:06.46"," Susan J Nowack","F64","SRM","3857-03P9G","03-09-2025","Short and Sweet Meet"
"Women ","60-64","200","Backstroke","6","3:24.39"," Jennifer Phalen","F60","DAM","385E-JENNY","03-09-2025","Short and Sweet Meet"
"Women ","60-64","200","Backstroke","7","3:31.37"," Carol S McHale","F60","SRM","385N-03P7A","03-09-2025","Short and Sweet Meet"
"Women ","60-64","200","Backstroke","8","3:34.65"," Teresa M Focha","F64","ALB","3857-03NDN","03-23-2025","2025 Bay Area Senior Games Swim Meet"
"Women ","60-64","200","Backstroke","9","3:52.18"," Leah A Carroll","F63","ALB","385E-09H3C","03-09-2025","Short and Sweet Meet"
"Women ","60-64","200","Backstroke","10","3:54.02"," Lisa Carboni","F63","MEMO","385B-0AMMT","12-07-2024","THRICE is Nice!"
"Women ","60-64","200","Backstroke","11","4:55.00"," Julie Dunkle","F63","TVM","385W-MFN7E","12-07-2024","THRICE is Nice!"
"Women ","60-64","50","Breaststroke","1","37.94"," Merrie E Walts","F64","SRM","385F-00CPW","02-22-2025","2025 Splash &amp; Dash Sprint Pentathlon"
"Women ","60-64","50","Breaststroke","2","39.84"," Debbie Cagigas","F63","EBAT","385U-081JU","03-01-2025","TVM Spring Classic - 2025"
"Women ","60-64","50","Breaststroke","3","40.46"," Karin LaBerge","F61","TVM","385T-03H9D","03-01-2025","TVM Spring Classic - 2025"
"Women ","60-64","50","Breaststroke","4","40.93"," Rebecca R Perry","F60","MAM","385U-03U8J","02-22-2025","2025 Splash &amp; Dash Sprint Pentathlon"
"Women ","60-64","50","Breaststroke","5","41.26"," Catherine W Taylor","F62","WCM","385F-081Y6","02-08-2025","USF Valentine's Affair"
"Women ","60-64","50","Breaststroke","6","41.36"," Valerie Knight-Williams","F61","SACMA","385D-1E9WH","02-22-2025","2025 Splash &amp; Dash Sprint Pentathlon"
"Women ","60-64","50","Breaststroke","7","42.66"," Jane E Russell","F61","DAM","3858-074TS","02-22-2025","2025 Splash &amp; Dash Sprint Pentathlon"
"Women ","60-64","50","Breaststroke","8","42.9"," Jennifer Phalen","F60","DAM","385E-JENNY","03-23-2025","2025 Bay Area Senior Games Swim Meet"
"Women ","60-64","50","Breaststroke","9","43.57"," Sherri Nichelman","F64","WCM","3856-0AW7Z","02-22-2025","2025 Splash &amp; Dash Sprint Pentathlon"
"Women ","60-64","50","Breaststroke","10","44.13"," Stephanie D Couch","F60","MELO","385W-03UKW","03-09-2025","Short and Sweet Meet"
"Women ","60-64","50","Breaststroke","11","44.24"," Joan A Crow","F60","DAM","3858-068F9","12-07-2024","THRICE is Nice!"
"Women ","60-64","50","Breaststroke","12","45.72"," Jacqueline Tonge","F62","OAM","385V-KCYT6","02-22-2025","2025 Splash &amp; Dash Sprint Pentathlon"
"Women ","60-64","50","Breaststroke","13","46.34"," Beth P Flynn","F62","RHMS","3853-03N9X","02-08-2025","USF Valentine's Affair"
"Women ","60-64","50","Breaststroke","14","46.38"," Monica A Carter","F63","SACMA","385X-ZDAUD","02-22-2025","2025 Splash &amp; Dash Sprint Pentathlon"
"Women ","60-64","50","Breaststroke","15","48.1"," Joanna L Berg","F64","MAM","3853-0712E","02-22-2025","2025 Splash &amp; Dash Sprint Pentathlon"
"Women ","60-64","50","Breaststroke","16","49.38"," Carol S McHale","F60","SRM","385N-03P7A","02-22-2025","2025 Splash &amp; Dash Sprint Pentathlon"
"Women ","60-64","50","Breaststroke","17","50.31"," Felicia M Adler","F62","WCM","385A-03F4N","02-22-2025","2025 Splash &amp; Dash Sprint Pentathlon"
"Women ","60-64","50","Breaststroke","18","50.96"," Eva Kirsch","F62","CMAM","385R-T7E7Y","03-09-2025","Short and Sweet Meet"
"Women ","60-64","50","Breaststroke","19","52.91"," Sharon M Roller","F64","LAC","384Y-Z0T2B","12-07-2024","THRICE is Nice!"
"Women ","60-64","50","Breaststroke","20","58.08"," Teresa M Focha","F64","ALB","3857-03NDN","02-22-2025","2025 Splash &amp; Dash Sprint Pentathlon"
"Women ","60-64","50","Breaststroke","21","59.55"," Julie Dunkle","F64","TVM","385W-MFN7E","03-23-2025","2025 Bay Area Senior Games Swim Meet"
"Women ","60-64","50","Breaststroke","22","1:23.10"," Maria Ducey","F61","AAM","3857-03MME","02-08-2025","USF Valentine's Affair"
"Women ","60-64","100","Breaststroke","1","1:27.35"," Merrie E Walts","F64","SRM","385F-00CPW","01-18-2025","2025 Santa Rosa Masters Resolution Meet"
"Women ","60-64","100","Breaststroke","2","1:28.05"," Karin LaBerge","F61","TVM","385T-03H9D","03-01-2025","TVM Spring Classic - 2025"
"Women ","60-64","100","Breaststroke","3","1:32.05"," Jennifer Phalen","F60","DAM","385E-JENNY","03-23-2025","2025 Bay Area Senior Games Swim Meet"
"Women ","60-64","100","Breaststroke","4","1:32.62"," Jane E Russell","F61","DAM","3858-074TS","02-08-2025","USF Valentine's Affair"
"Women ","60-64","100","Breaststroke","5","1:34.36"," Catherine W Taylor","F62","WCM","385F-081Y6","02-08-2025","USF Valentine's Affair"
"Women ","60-64","100","Breaststroke","6","1:37.42"," Jacqueline Tonge","F62","OAM","384X-KCYT6","12-07-2024","THRICE is Nice!"
"Women ","60-64","100","Breaststroke","7","1:44.83"," Beth P Flynn","F62","RHMS","3853-03N9X","02-08-2025","USF Valentine's Affair"
"Women ","60-64","100","Breaststroke","8","1:46.83"," Felicia M Adler","F62","WCM","385A-03F4N","02-08-2025","USF Valentine's Affair"
"Women ","60-64","100","Breaststroke","9","1:48.41"," Josie A Viscardi","F60","RHMS","385C-03PT4","01-18-2025","2025 Santa Rosa Masters Resolution Meet"
"Women ","60-64","100","Breaststroke","10","1:49.82"," Deborah Valderrama","F61","USF","3852-03F5E","02-08-2025","USF Valentine's Affair"
"Women ","60-64","100","Breaststroke","11","1:56.12"," Leah A Carroll","F63","ALB","385E-09H3C","03-23-2025","2025 Bay Area Senior Games Swim Meet"
"Women ","60-64","100","Breaststroke","12","2:02.86"," Teresa M Focha","F63","ALB","3857-03NDN","01-18-2025","2025 Santa Rosa Masters Resolution Meet"
"Women ","60-64","100","Breaststroke","13","2:10.97"," Julie Dunkle","F64","TVM","385W-MFN7E","03-23-2025","2025 Bay Area Senior Games Swim Meet"
"Women ","60-64","200","Breaststroke","1","2:57.93"," Lisa A Ward","F61","WCM","385V-006FT","03-09-2025","Short and Sweet Meet"
"Women ","60-64","200","Breaststroke","2","3:03.62"," Merrie E Walts","F64","SRM","385F-00CPW","03-09-2025","Short and Sweet Meet"
"Women ","60-64","200","Breaststroke","3","3:16.05"," Jennifer Phalen","F60","DAM","385E-JENNY","03-23-2025","2025 Bay Area Senior Games Swim Meet"
"Women ","60-64","200","Breaststroke","4","3:16.91"," Jane E Russell","F61","DAM","3858-074TS","03-23-2025","2025 Bay Area Senior Games Swim Meet"
"Women ","60-64","200","Breaststroke","5","3:22.83"," Susan J Nowack","F64","SRM","3857-03P9G","03-09-2025","Short and Sweet Meet"
"Women ","60-64","200","Breaststroke","6","3:30.40"," Jacqueline Tonge","F62","OAM","384X-KCYT6","12-07-2024","THRICE is Nice!"
"Women ","60-64","200","Breaststroke","7","3:40.35"," Carol S McHale","F60","SRM","385N-03P7A","03-09-2025","Short and Sweet Meet"
"Women ","60-64","200","Breaststroke","8","3:57.29"," Eva Kirsch","F62","CMAM","385R-T7E7Y","03-09-2025","Short and Sweet Meet"
"Women ","60-64","200","Breaststroke","9","4:11.03"," Leah A Carroll","F63","ALB","385E-09H3C","03-23-2025","2025 Bay Area Senior Games Swim Meet"
"Women ","60-64","200","Breaststroke","10","4:17.61"," Teresa M Focha","F64","ALB","3857-03NDN","03-09-2025","Short and Sweet Meet"
"Women ","60-64","200","Breaststroke","11","4:57.63"," Julie Dunkle","F63","TVM","385W-MFN7E","12-07-2024","THRICE is Nice!"
"Women ","60-64","50","Butterfly","1","30.2"," Lisa A Ward","F61","WCM","385V-006FT","03-09-2025","Short and Sweet Meet"
"Women ","60-64","50","Butterfly","2","30.34"," Sarah E Quick","F61","NBA","3857-094JH","03-09-2025","Short and Sweet Meet"
"Women ","60-64","50","Butterfly","3","31.47"," April A Oliver","F63","NBA","385R-0370H","02-08-2025","USF Valentine's Affair"
"Women ","60-64","50","Butterfly","4","31.58"," Caren A Mc Namara","F64","SNM","385Z-03H3H","03-02-2025","Silver State Masters SCY"
"Women ","60-64","50","Butterfly","5","32.21"," Rebecca R Perry","F60","MAM","385U-03U8J","02-22-2025","2025 Splash &amp; Dash Sprint Pentathlon"
"Women ","60-64","50","Butterfly","6","33.2"," Debbie Cagigas","F63","EBAT","385U-081JU","03-01-2025","TVM Spring Classic - 2025"
"Women ","60-64","50","Butterfly","7","33.38"," Merrie E Walts","F64","SRM","385F-00CPW","04-05-2025","2025 OMS Association and NW Zone Championship"
"Women ","60-64","50","Butterfly","8","34.5"," Jane E Russell","F61","DAM","3858-074TS","02-22-2025","2025 Splash &amp; Dash Sprint Pentathlon"
"Women ","60-64","50","Butterfly","9","34.79"," Monica A Carter","F63","SACMA","385X-ZDAUD","02-22-2025","2025 Splash &amp; Dash Sprint Pentathlon"
"Women ","60-64","50","Butterfly","10","36.11"," Susan J Nowack","F64","SRM","3857-03P9G","03-09-2025","Short and Sweet Meet"
"Women ","60-64","50","Butterfly","11","36.71"," Sherri Nichelman","F64","WCM","3856-0AW7Z","02-22-2025","2025 Splash &amp; Dash Sprint Pentathlon"
"Women ","60-64","50","Butterfly","12","36.96"," Christine A Tyler","F62","QSS","384A-09CSP","12-07-2024","THRICE is Nice!"
"Women ","60-64","50","Butterfly","13","38.53"," Catherine Davis","F64","WINE","3853-03F0W","02-22-2025","2025 Splash &amp; Dash Sprint Pentathlon"
"Women ","60-64","50","Butterfly","14","39.06"," Stephanie D Couch","F60","MELO","385W-03UKW","01-18-2025","2025 Santa Rosa Masters Resolution Meet"
"Women ","60-64","50","Butterfly","15","40"," Catherine W Taylor","F62","WCM","385F-081Y6","02-08-2025","USF Valentine's Affair"
"Women ","60-64","50","Butterfly","16","40.15"," Josie A Viscardi","F60","RHMS","385C-03PT4","01-18-2025","2025 Santa Rosa Masters Resolution Meet"
"Women ","60-64","50","Butterfly","17","40.95"," Cassandra Coffee","F63","TAM","385U-CCSWM","03-09-2025","Short and Sweet Meet"
"Women ","60-64","50","Butterfly","18","42.69"," Jennifer Phalen","F60","DAM","385E-JENNY","02-22-2025","2025 Splash &amp; Dash Sprint Pentathlon"
"Women ","60-64","50","Butterfly","19","43.85"," Deborah Valderrama","F61","USF","3852-03F5E","02-08-2025","USF Valentine's Affair"
"Women ","60-64","50","Butterfly","20","47.23"," Carol S McHale","F60","SRM","385N-03P7A","02-22-2025","2025 Splash &amp; Dash Sprint Pentathlon"
"Women ","60-64","50","Butterfly","21","47.86"," Teresa M Focha","F64","ALB","3857-03NDN","02-22-2025","2025 Splash &amp; Dash Sprint Pentathlon"
"Women ","60-64","50","Butterfly","22","49.45"," Felicia M Adler","F62","WCM","385A-03F4N","02-22-2025","2025 Splash &amp; Dash Sprint Pentathlon"
"Women ","60-64","50","Butterfly","23","49.95"," Jacqueline Tonge","F62","OAM","385V-KCYT6","02-22-2025","2025 Splash &amp; Dash Sprint Pentathlon"
"Women ","60-64","50","Butterfly","24","50.1"," Joanna L Berg","F64","MAM","3853-0712E","02-22-2025","2025 Splash &amp; Dash Sprint Pentathlon"
"Women ","60-64","50","Butterfly","25","51.57"," Eanna Sarah","F61","TCAM","385K-03UYE","02-08-2025","USF Valentine's Affair"
"Women ","60-64","50","Butterfly","26","54.44"," Leah A Carroll","F63","ALB","385E-09H3C","03-09-2025","Short and Sweet Meet"
"Women ","60-64","50","Butterfly","27","1:08.25"," Julie Dunkle","F64","TVM","385W-MFN7E","02-22-2025","2025 Splash &amp; Dash Sprint Pentathlon"
"Women ","60-64","100","Butterfly","1","1:17.66"," Merrie E Walts","F64","SRM","385F-00CPW","02-08-2025","USF Valentine's Affair"
"Women ","60-64","100","Butterfly","2","1:19.45"," Jane E Russell","F61","DAM","3858-074TS","02-08-2025","USF Valentine's Affair"
"Women ","60-64","100","Butterfly","3","1:19.70"," Monica A Carter","F63","SACMA","385X-ZDAUD","03-01-2025","TVM Spring Classic - 2025"
"Women ","60-64","100","Butterfly","4","1:27.14"," Stephanie D Couch","F60","MELO","385W-03UKW","02-08-2025","USF Valentine's Affair"
"Women ","60-64","100","Butterfly","5","1:38.11"," Catherine W Taylor","F61","WCM","385F-081Y6","01-18-2025","2025 Santa Rosa Masters Resolution Meet"
"Women ","60-64","100","Butterfly","6","1:40.57"," Jennifer Phalen","F60","DAM","385E-JENNY","01-18-2025","2025 Santa Rosa Masters Resolution Meet"
"Women ","60-64","100","Butterfly","7","1:44.43"," Teresa M Focha","F64","ALB","3857-03NDN","03-23-2025","2025 Bay Area Senior Games Swim Meet"
"Women ","60-64","100","Butterfly","8","1:44.46"," Deborah Valderrama","F61","USF","3852-03F5E","02-08-2025","USF Valentine's Affair"
"Women ","60-64","100","Butterfly","9","1:51.12"," Leah A Carroll","F63","ALB","385E-09H3C","03-23-2025","2025 Bay Area Senior Games Swim Meet"
"Women ","60-64","100","Butterfly","10","2:02.15"," Eanna Sarah","F61","TCAM","385K-03UYE","02-08-2025","USF Valentine's Affair"
"Women ","60-64","200","Butterfly","1","3:02.73"," Jane E Russell","F61","DAM","3858-074TS","03-09-2025","Short and Sweet Meet"
"Women ","60-64","200","Butterfly","2","3:03.83"," Stephanie D Couch","F60","MELO","385W-03UKW","03-09-2025","Short and Sweet Meet"
"Women ","60-64","200","Butterfly","3","3:05.42"," Merrie E Walts","F64","SRM","385F-00CPW","03-23-2025","2025 Bay Area Senior Games Swim Meet"
"Women ","60-64","200","Butterfly","4","3:42.34"," Jennifer Phalen","F60","DAM","385E-JENNY","12-07-2024","THRICE is Nice!"
"Women ","60-64","200","Butterfly","5","3:46.74"," Teresa M Focha","F64","ALB","3857-03NDN","03-23-2025","2025 Bay Area Senior Games Swim Meet"
"Women ","60-64","200","Butterfly","6","3:57.25"," Leah A Carroll","F63","ALB","385E-09H3C","03-23-2025","2025 Bay Area Senior Games Swim Meet"
"Women ","60-64","100","Individual Medley","1","1:11.36"," Sarah E Quick","F60","NBA","3857-094JH","01-18-2025","2025 Santa Rosa Masters Resolution Meet"
"Women ","60-64","100","Individual Medley","2","1:12.65"," Merrie E Walts","F64","SRM","385F-00CPW","02-08-2025","USF Valentine's Affair"
"Women ","60-64","100","Individual Medley","3","1:15.72"," Debbie Cagigas","F63","EBAT","385U-081JU","02-22-2025","2025 Splash &amp; Dash Sprint Pentathlon"
"Women ","60-64","100","Individual Medley","4","1:17.06"," Karin LaBerge","F61","TVM","385T-03H9D","03-01-2025","TVM Spring Classic - 2025"
"Women ","60-64","100","Individual Medley","5","1:17.85"," Rebecca R Perry","F60","MAM","385U-03U8J","02-08-2025","USF Valentine's Affair"
"Women ","60-64","100","Individual Medley","6","1:19.88"," Jane E Russell","F61","DAM","3858-074TS","02-22-2025","2025 Splash &amp; Dash Sprint Pentathlon"
"Women ","60-64","100","Individual Medley","7","1:22.18"," Monica A Carter","F63","SACMA","385X-ZDAUD","02-22-2025","2025 Splash &amp; Dash Sprint Pentathlon"
"Women ","60-64","100","Individual Medley","8","1:22.80"," Sherri Nichelman","F64","WCM","3856-0AW7Z","03-01-2025","TVM Spring Classic - 2025"
"Women ","60-64","100","Individual Medley","9","1:22.98"," Stephanie D Couch","F60","MELO","385W-03UKW","02-08-2025","USF Valentine's Affair"
"Women ","60-64","100","Individual Medley","10","1:24.53"," Catherine Davis","F64","WINE","3853-03F0W","02-22-2025","2025 Splash &amp; Dash Sprint Pentathlon"
"Women ","60-64","100","Individual Medley","11","1:25.80"," Catherine W Taylor","F62","WCM","385F-081Y6","02-22-2025","2025 Splash &amp; Dash Sprint Pentathlon"
"Women ","60-64","100","Individual Medley","12","1:31.31"," Jennifer Phalen","F60","DAM","385E-JENNY","02-22-2025","2025 Splash &amp; Dash Sprint Pentathlon"
"Women ","60-64","100","Individual Medley","13","1:32.32"," Jacqueline Tonge","F62","OAM","385V-KCYT6","02-22-2025","2025 Splash &amp; Dash Sprint Pentathlon"
"Women ","60-64","100","Individual Medley","14","1:33.98"," Beth P Flynn","F62","RHMS","3853-03N9X","02-08-2025","USF Valentine's Affair"
"Women ","60-64","100","Individual Medley","15","1:46.43"," Eanna Sarah","F61","TCAM","385K-03UYE","02-08-2025","USF Valentine's Affair"
"Women ","60-64","100","Individual Medley","16","1:50.08"," Teresa M Focha","F64","ALB","3857-03NDN","02-08-2025","USF Valentine's Affair"
"Women ","60-64","100","Individual Medley","17","1:50.41"," Joanna L Berg","F64","MAM","3853-0712E","02-22-2025","2025 Splash &amp; Dash Sprint Pentathlon"
"Women ","60-64","100","Individual Medley","18","1:55.69"," Leah A Carroll","F63","ALB","385E-09H3C","03-01-2025","TVM Spring Classic - 2025"
"Women ","60-64","100","Individual Medley","19","2:07.17"," Julie Dunkle","F64","TVM","385W-MFN7E","03-23-2025","2025 Bay Area Senior Games Swim Meet"
"Women ","60-64","100","Individual Medley","20","2:11.15"," Maria Ducey","F61","AAM","3857-03MME","02-08-2025","USF Valentine's Affair"
"Women ","60-64","200","Individual Medley","1","2:40.06"," Merrie E Walts","F64","SRM","385F-00CPW","04-05-2025","2025 OMS Association and NW Zone Championship"
"Women ","60-64","200","Individual Medley","2","2:44.83"," Karin LaBerge","F61","TVM","385T-03H9D","03-01-2025","TVM Spring Classic - 2025"
"Women ","60-64","200","Individual Medley","3","2:51.39"," Stephanie D Couch","F60","MELO","385W-03UKW","01-18-2025","2025 Santa Rosa Masters Resolution Meet"
"Women ","60-64","200","Individual Medley","4","2:53.83"," Jane E Russell","F61","DAM","3858-074TS","03-23-2025","2025 Bay Area Senior Games Swim Meet"
"Women ","60-64","200","Individual Medley","5","2:54.61"," Monica A Carter","F63","SACMA","385X-ZDAUD","03-01-2025","TVM Spring Classic - 2025"
"Women ","60-64","200","Individual Medley","6","3:01.24"," Sherri Nichelman","F64","WCM","3856-0AW7Z","01-18-2025","2025 Santa Rosa Masters Resolution Meet"
"Women ","60-64","200","Individual Medley","7","3:04.26"," Catherine W Taylor","F61","WCM","385F-081Y6","01-18-2025","2025 Santa Rosa Masters Resolution Meet"
"Women ","60-64","200","Individual Medley","8","3:21.31"," Jennifer Phalen","F60","DAM","385E-JENNY","01-18-2025","2025 Santa Rosa Masters Resolution Meet"
"Women ","60-64","200","Individual Medley","9","3:49.85"," Teresa M Focha","F64","ALB","3857-03NDN","03-23-2025","2025 Bay Area Senior Games Swim Meet"
"Women ","60-64","200","Individual Medley","10","3:56.20"," Leah A Carroll","F63","ALB","385E-09H3C","03-23-2025","2025 Bay Area Senior Games Swim Meet"
"Women ","60-64","400","Individual Medley","1","6:05.51"," Jane E Russell","F61","DAM","3858-074TS","03-23-2025","2025 Bay Area Senior Games Swim Meet"
"Women ","60-64","400","Individual Medley","2","6:25.93"," Monica A Carter","F63","SACMA","384Z-ZDAUD","11-23-2024","2024 SLOS Pumpkin Pie Invite"
"Women ","60-64","400","Individual Medley","3","6:49.02"," Jennifer Phalen","F60","DAM","385E-JENNY","03-23-2025","2025 Bay Area Senior Games Swim Meet"
"Women ","60-64","400","Individual Medley","4","7:51.37"," Teresa M Focha","F64","ALB","3857-03NDN","03-23-2025","2025 Bay Area Senior Games Swim Meet"
"Women ","60-64","400","Individual Medley","5","8:06.55"," Leah A Carroll","F63","ALB","385E-09H3C","03-23-2025","2025 Bay Area Senior Games Swim Meet"
"Women ","65-69","50","Freestyle","1","30.19"," Suzanne M Heim-Bowen","F66","WCM","384W-03F3T","12-07-2024","THRICE is Nice!"
"Women ","65-69","50","Freestyle","2","31.19"," Marguerite Meyer","F66","TOC","385C-03FG4","03-23-2025","2025 Bay Area Senior Games Swim Meet"
"Women ","65-69","50","Freestyle","3","31.69"," Louise S Feeley","F66","MELO","385F-12U5Y","03-09-2025","Short and Sweet Meet"
"Women ","65-69","50","Freestyle","4","32.45"," Louise Rafkin","F66","MEMO","3853-09ZYF","12-07-2024","THRICE is Nice!"
"Women ","65-69","50","Freestyle","5","33.19"," Carol M Ogilvie","F69","USF","3856-03GA6","02-08-2025","USF Valentine's Affair"
"Women ","65-69","50","Freestyle","6","33.75"," Susan Haufler","F66","MEMO","3843-041V5","11-03-2024","PAC SCY Fall Invitational"
"Women ","65-69","50","Freestyle","7","33.78"," Patricia Cericola","F67","USF","385N-XV5PR","02-08-2025","USF Valentine's Affair"
"Women ","65-69","50","Freestyle","8","34.64"," Cokie Lepinski","F65","MAQ","385G-C0K1E","12-07-2024","THRICE is Nice!"
"Women ","65-69","50","Freestyle","9","36.57"," Frances H Reneau","F65","MELO","385N-03G3W","12-07-2024","THRICE is Nice!"
"Women ","65-69","50","Freestyle","10","37.29"," Janice J Rea","F68","TCAM","3851-09JT4","02-08-2025","USF Valentine's Affair"
"Women ","65-69","50","Freestyle","11","37.73"," Rebecca A Pinto","F69","MELO","385Y-03G43","01-18-2025","2025 Santa Rosa Masters Resolution Meet"
"Women ","65-69","50","Freestyle","12","38.18"," Jessie J Hickel","F66","EBAT","385Z-03FVA","02-22-2025","2025 Splash &amp; Dash Sprint Pentathlon"
"Women ","65-69","50","Freestyle","13","38.36"," Patricia A Pryor","F68","TCAM","385S-05VZC","02-08-2025","USF Valentine's Affair"
"Women ","65-69","50","Freestyle","14","38.65"," gina dashman","F65","OAM","385T-APH63","03-23-2025","2025 Bay Area Senior Games Swim Meet"
"Women ","65-69","50","Freestyle","15","40.26"," Sharon M Roller","F65","LAC","385W-Z0T2B","03-01-2025","TVM Spring Classic - 2025"
"Women ","65-69","50","Freestyle","16","42.88"," Carol M Deming","F67","LGSR","385X-03HXY","03-23-2025","2025 Bay Area Senior Games Swim Meet"
"Women ","65-69","50","Freestyle","17","48.47"," Susan M Loyd","F65","TCAM","385P-04Z5G","02-08-2025","USF Valentine's Affair"
"Women ","65-69","50","Freestyle","18","55.65"," Ruth Meyers","F68","ALB","385S-0AA7W","02-22-2025","2025 Splash &amp; Dash Sprint Pentathlon"
"Women ","65-69","100","Freestyle","1","1:06.64"," Marguerite Meyer","F66","TOC","385C-03FG4","03-23-2025","2025 Bay Area Senior Games Swim Meet"
"Women ","65-69","100","Freestyle","2","1:10.91"," Louise S Feeley","F65","MELO","385F-12U5Y","01-18-2025","2025 Santa Rosa Masters Resolution Meet"
"Women ","65-69","100","Freestyle","3","1:13.74"," Cokie Lepinski","F65","MAQ","385G-C0K1E","12-07-2024","THRICE is Nice!"
"Women ","65-69","100","Freestyle","4","1:15.46"," Susan Haufler","F66","MEMO","3843-041V5","11-03-2024","PAC SCY Fall Invitational"
"Women ","65-69","100","Freestyle","5","1:20.84"," Frances H Reneau","F65","MELO","385N-03G3W","12-07-2024","THRICE is Nice!"
"Women ","65-69","100","Freestyle","6","1:21.39"," Pamela A Christensen","F68","RAMS","385N-03KW2","03-02-2025","Silver State Masters SCY"
"Women ","65-69","100","Freestyle","7","1:23.96"," Janice J Rea","F68","TCAM","3851-09JT4","02-08-2025","USF Valentine's Affair"
"Women ","65-69","100","Freestyle","8","1:24.85"," Jessie J Hickel","F66","EBAT","385Z-03FVA","12-07-2024","THRICE is Nice!"
"Women ","65-69","100","Freestyle","9","1:26.68"," Sharon M Roller","F65","LAC","385W-Z0T2B","03-01-2025","TVM Spring Classic - 2025"
"Women ","65-69","100","Freestyle","10","1:27.87"," Patricia A Pryor","F68","TCAM","385S-05VZC","02-08-2025","USF Valentine's Affair"
"Women ","65-69","100","Freestyle","11","1:33.87"," gina dashman","F65","OAM","385T-APH63","03-23-2025","2025 Bay Area Senior Games Swim Meet"
"Women ","65-69","100","Freestyle","12","1:36.59"," Kelley L Griest","F68","TCAM","385W-07VEV","02-08-2025","USF Valentine's Affair"
"Women ","65-69","100","Freestyle","13","1:42.78"," Susan M Loyd","F65","TCAM","385P-04Z5G","02-08-2025","USF Valentine's Affair"
"Women ","65-69","200","Freestyle","1","2:26.12"," Marguerite Meyer","F66","TOC","385C-03FG4","03-23-2025","2025 Bay Area Senior Games Swim Meet"
"Women ","65-69","200","Freestyle","2","2:31.54"," Catherine Soso","F66","OCCM","3847-03HS7","06-21-2024","2024 U.S. Masters Swimming Spring National Championship"
"Women ","65-69","200","Freestyle","3","2:34.02"," Louise S Feeley","F65","MELO","385F-12U5Y","01-18-2025","2025 Santa Rosa Masters Resolution Meet"
"Women ","65-69","200","Freestyle","4","2:40.10"," Cokie Lepinski","F65","MAQ","385G-C0K1E","12-07-2024","THRICE is Nice!"
"Women ","65-69","200","Freestyle","5","2:45.93"," Susan Haufler","F66","MEMO","3843-041V5","11-03-2024","PAC SCY Fall Invitational"
"Women ","65-69","200","Freestyle","6","2:52.16"," Frances H Reneau","F65","MELO","385N-03G3W","12-07-2024","THRICE is Nice!"
"Women ","65-69","200","Freestyle","7","2:55.48"," Katy Basile","F65","MELO","3850-03G4V","03-09-2025","Short and Sweet Meet"
"Women ","65-69","200","Freestyle","8","2:55.71"," Rebecca A Pinto","F69","MELO","385Y-03G43","01-18-2025","2025 Santa Rosa Masters Resolution Meet"
"Women ","65-69","200","Freestyle","9","3:04.04"," Jessie J Hickel","F66","EBAT","385Z-03FVA","12-07-2024","THRICE is Nice!"
"Women ","65-69","200","Freestyle","10","3:16.44"," Sharon M Roller","F65","LAC","385W-Z0T2B","03-01-2025","TVM Spring Classic - 2025"
"Women ","65-69","200","Freestyle","11","3:31.72"," Carol M Deming","F67","LGSR","385X-03HXY","03-23-2025","2025 Bay Area Senior Games Swim Meet"
"Women ","65-69","500","Freestyle","1","6:28.12"," Marguerite Meyer","F66","TOC","385C-03FG4","03-23-2025","2025 Bay Area Senior Games Swim Meet"
"Women ","65-69","500","Freestyle","2","6:44.18"," Susan P Helmrich","F68","LNRS","3842-03ND1","06-20-2024","2024 U.S. Masters Swimming Spring National Championship"
"Women ","65-69","500","Freestyle","3","6:54.88"," Louise S Feeley","F66","MELO","385F-12U5Y","03-09-2025","Short and Sweet Meet"
"Women ","65-69","500","Freestyle","4","7:55.62"," Phyllis E Quinn","F69","TOC","3850-03F7Y","03-09-2025","Short and Sweet Meet"
"Women ","65-69","500","Freestyle","5","7:58.19"," Katy Basile","F65","MELO","3850-03G4V","03-09-2025","Short and Sweet Meet"
"Women ","65-69","500","Freestyle","6","9:09.86"," Carol M Deming","F67","LGSR","385X-03HXY","03-23-2025","2025 Bay Area Senior Games Swim Meet"
"Women ","65-69","500","Freestyle","7","9:23.91"," gina dashman","F65","OAM","385T-APH63","03-23-2025","2025 Bay Area Senior Games Swim Meet"
"Women ","65-69","1000","Freestyle","1","18:55.03"," Carol M Deming","F67","LGSR","385X-03HXY","04-05-2025","2025 OMS Association and NW Zone Championship"
"Women ","65-69","1650","Freestyle","1","26:20.04"," Karen Boyer","F68","PCCM","3851-03JWJ","02-23-2025","The City Mile"
"Women ","65-69","1650","Freestyle","2","31:49.99"," Carol M Deming","F67","LGSR","385X-03HXY","04-04-2025","2025 OMS Association and NW Zone Championship"
"Women ","65-69","50","Backstroke","1","33.81"," Suzanne M Heim-Bowen","F66","WCM","384W-03F3T","12-07-2024","THRICE is Nice!"
"Women ","65-69","50","Backstroke","2","41.59"," Karen Boyer","F68","PCCM","3851-03JWJ","02-08-2025","USF Valentine's Affair"
"Women ","65-69","50","Backstroke","3","47.67"," Jessie J Hickel","F66","EBAT","385Z-03FVA","02-22-2025","2025 Splash &amp; Dash Sprint Pentathlon"
"Women ","65-69","50","Backstroke","4","48.65"," Sharon M Roller","F65","LAC","385W-Z0T2B","03-01-2025","TVM Spring Classic - 2025"
"Women ","65-69","50","Backstroke","5","49.74"," Rebecca A Pinto","F69","MELO","385Y-03G43","01-18-2025","2025 Santa Rosa Masters Resolution Meet"
"Women ","65-69","50","Backstroke","6","51.64"," Marilyn J Buzolich","F69","USF","3855-03GAP","02-08-2025","USF Valentine's Affair"
"Women ","65-69","50","Backstroke","7","57.85"," Anne C Brosnan","F66","TCAM","385J-041XS","02-08-2025","USF Valentine's Affair"
"Women ","65-69","100","Backstroke","1","1:23.55"," Marguerite Meyer","F66","TOC","385C-03FG4","03-23-2025","2025 Bay Area Senior Games Swim Meet"
"Women ","65-69","100","Backstroke","2","1:24.47"," Susan P Helmrich","F68","LNRS","3842-03ND1","06-21-2024","2024 U.S. Masters Swimming Spring National Championship"
"Women ","65-69","100","Backstroke","3","1:30.10"," Carol M Ogilvie","F69","USF","3856-03GA6","02-08-2025","USF Valentine's Affair"
"Women ","65-69","100","Backstroke","4","1:33.09"," Susan Haufler","F66","MEMO","3843-041V5","11-03-2024","PAC SCY Fall Invitational"
"Women ","65-69","100","Backstroke","5","1:39.10"," Pamela A Christensen","F68","RAMS","385N-03KW2","03-02-2025","Silver State Masters SCY"
"Women ","65-69","100","Backstroke","6","1:43.03"," Sharon M Roller","F65","LAC","385W-Z0T2B","03-01-2025","TVM Spring Classic - 2025"
"Women ","65-69","100","Backstroke","7","1:50.70"," Marilyn J Buzolich","F69","USF","3855-03GAP","02-08-2025","USF Valentine's Affair"
"Women ","65-69","100","Backstroke","8","2:11.62"," Kelley L Griest","F68","TCAM","385W-07VEV","02-08-2025","USF Valentine's Affair"
"Women ","65-69","200","Backstroke","1","2:53.40"," Marguerite Meyer","F66","TOC","385C-03FG4","03-23-2025","2025 Bay Area Senior Games Swim Meet"
"Women ","65-69","200","Backstroke","2","3:07.47"," Catherine Soso","F66","OCCM","3847-03HS7","06-23-2024","2024 U.S. Masters Swimming Spring National Championship"
"Women ","65-69","50","Breaststroke","1","42.04"," Louise S Feeley","F66","MELO","385F-12U5Y","03-23-2025","2025 Bay Area Senior Games Swim Meet"
"Women ","65-69","50","Breaststroke","2","42.68"," Cokie Lepinski","F65","MAQ","385G-C0K1E","12-07-2024","THRICE is Nice!"
"Women ","65-69","50","Breaststroke","3","44.08"," Patricia Cericola","F67","USF","385N-XV5PR","02-08-2025","USF Valentine's Affair"
"Women ","65-69","50","Breaststroke","4","46.49"," Karen Boyer","F68","PCCM","3851-03JWJ","02-08-2025","USF Valentine's Affair"
"Women ","65-69","50","Breaststroke","5","50.69"," Jessie J Hickel","F66","EBAT","385Z-03FVA","02-22-2025","2025 Splash &amp; Dash Sprint Pentathlon"
"Women ","65-69","50","Breaststroke","6","53.08"," Sharon M Roller","F65","LAC","385W-Z0T2B","03-01-2025","TVM Spring Classic - 2025"
"Women ","65-69","50","Breaststroke","7","53.12"," gina dashman","F65","OAM","385T-APH63","03-23-2025","2025 Bay Area Senior Games Swim Meet"
"Women ","65-69","50","Breaststroke","8","53.92"," Barbara Byrnes","F68","USF","385B-03GAB","02-08-2025","USF Valentine's Affair"
"Women ","65-69","50","Breaststroke","9","55.79"," Julie C CINTI","F69","USF","3853-03G2C","02-08-2025","USF Valentine's Affair"
"Women ","65-69","50","Breaststroke","10","57.9"," Susan M Loyd","F65","TCAM","385P-04Z5G","02-08-2025","USF Valentine's Affair"
"Women ","65-69","50","Breaststroke","11","1:03.29"," Judy A Marrocco","F69","USF","3856-03GAR","02-08-2025","USF Valentine's Affair"
"Women ","65-69","50","Breaststroke","12","1:05.43"," Ruth Meyers","F68","ALB","385S-0AA7W","02-22-2025","2025 Splash &amp; Dash Sprint Pentathlon"
"Women ","65-69","100","Breaststroke","1","1:31.63"," Cokie Lepinski","F65","MAQ","385G-C0K1E","12-07-2024","THRICE is Nice!"
"Women ","65-69","100","Breaststroke","2","1:36.19"," Patricia Cericola","F67","USF","385N-XV5PR","02-08-2025","USF Valentine's Affair"
"Women ","65-69","100","Breaststroke","3","1:49.99"," Jessie J Hickel","F66","EBAT","385Z-03FVA","12-07-2024","THRICE is Nice!"
"Women ","65-69","100","Breaststroke","4","1:50.56"," Kelley L Griest","F68","TCAM","385W-07VEV","02-08-2025","USF Valentine's Affair"
"Women ","65-69","100","Breaststroke","5","1:57.53"," Julie C CINTI","F69","USF","3853-03G2C","02-08-2025","USF Valentine's Affair"
"Women ","65-69","100","Breaststroke","6","2:04.44"," gina dashman","F65","OAM","385T-APH63","03-23-2025","2025 Bay Area Senior Games Swim Meet"
"Women ","65-69","100","Breaststroke","7","2:22.14"," Judy A Marrocco","F69","USF","3856-03GAR","02-08-2025","USF Valentine's Affair"
"Women ","65-69","200","Breaststroke","1","3:31.83"," Catherine Soso","F66","OCCM","3847-03HS7","06-22-2024","2024 U.S. Masters Swimming Spring National Championship"
"Women ","65-69","50","Butterfly","1","32.8"," Suzanne M Heim-Bowen","F66","WCM","384W-03F3T","12-07-2024","THRICE is Nice!"
"Women ","65-69","50","Butterfly","2","37.3"," Louise Rafkin","F66","MEMO","3853-09ZYF","12-07-2024","THRICE is Nice!"
"Women ","65-69","50","Butterfly","3","38.81"," Frances H Reneau","F65","MELO","385N-03G3W","03-09-2025","Short and Sweet Meet"
"Women ","65-69","50","Butterfly","4","38.84"," Carol M Ogilvie","F69","USF","3856-03GA6","02-08-2025","USF Valentine's Affair"
"Women ","65-69","50","Butterfly","5","40.36"," Karen Boyer","F68","PCCM","3851-03JWJ","02-08-2025","USF Valentine's Affair"
"Women ","65-69","50","Butterfly","6","42.86"," Rebecca A Pinto","F69","MELO","385Y-03G43","01-18-2025","2025 Santa Rosa Masters Resolution Meet"
"Women ","65-69","50","Butterfly","7","48.94"," Jessie J Hickel","F66","EBAT","385Z-03FVA","02-22-2025","2025 Splash &amp; Dash Sprint Pentathlon"
"Women ","65-69","50","Butterfly","8","50.41"," Barbara Byrnes","F68","USF","385B-03GAB","02-08-2025","USF Valentine's Affair"
"Women ","65-69","50","Butterfly","9","53.63"," Teddy C Palmer","F69","WCM","384M-DRAFT","06-23-2024","2024 U.S. Masters Swimming Spring National Championship"
"Women ","65-69","50","Butterfly","10","54.54"," Susan M Loyd","F65","TCAM","385P-04Z5G","02-08-2025","USF Valentine's Affair"
"Women ","65-69","50","Butterfly","11","58.18"," Anne C Brosnan","F66","TCAM","385J-041XS","02-08-2025","USF Valentine's Affair"
"Women ","65-69","100","Butterfly","1","1:26.70"," Louise Rafkin","F66","MEMO","3853-09ZYF","12-07-2024","THRICE is Nice!"
"Women ","65-69","100","Butterfly","2","1:35.78"," Frances H Reneau","F65","MELO","385N-03G3W","12-07-2024","THRICE is Nice!"
"Women ","65-69","200","Butterfly","1","3:17.64"," Frances H Reneau","F65","MELO","385N-03G3W","03-09-2025","Short and Sweet Meet"
"Women ","65-69","200","Butterfly","2","3:26.60"," Catherine Soso","F66","OCCM","3847-03HS7","06-20-2024","2024 U.S. Masters Swimming Spring National Championship"
"Women ","65-69","200","Butterfly","3","3:38.61"," Louise Rafkin","F66","MEMO","3853-09ZYF","12-07-2024","THRICE is Nice!"
"Women ","65-69","200","Butterfly","4","4:07.76"," Katy Basile","F65","MELO","3850-03G4V","03-09-2025","Short and Sweet Meet"
"Women ","65-69","100","Individual Medley","1","1:19.10"," Catherine Soso","F66","OCCM","3847-03HS7","06-21-2024","2024 U.S. Masters Swimming Spring National Championship"
"Women ","65-69","100","Individual Medley","2","1:22.35"," Susan P Helmrich","F68","LNRS","3842-03ND1","06-21-2024","2024 U.S. Masters Swimming Spring National Championship"
"Women ","65-69","100","Individual Medley","3","1:27.00"," Carol M Ogilvie","F69","USF","3856-03GA6","02-08-2025","USF Valentine's Affair"
"Women ","65-69","100","Individual Medley","4","1:30.84"," Patricia Cericola","F67","USF","385N-XV5PR","02-08-2025","USF Valentine's Affair"
"Women ","65-69","100","Individual Medley","5","1:33.03"," Karen Boyer","F68","PCCM","3851-03JWJ","02-08-2025","USF Valentine's Affair"
"Women ","65-69","100","Individual Medley","6","1:37.15"," Pamela A Christensen","F68","RAMS","385N-03KW2","03-02-2025","Silver State Masters SCY"
"Women ","65-69","100","Individual Medley","7","1:40.65"," Jessie J Hickel","F66","EBAT","385Z-03FVA","02-22-2025","2025 Splash &amp; Dash Sprint Pentathlon"
"Women ","65-69","100","Individual Medley","8","1:45.97"," Patricia A Pryor","F68","TCAM","385S-05VZC","02-08-2025","USF Valentine's Affair"
"Women ","65-69","100","Individual Medley","9","2:09.50"," Susan M Loyd","F65","TCAM","385P-04Z5G","02-08-2025","USF Valentine's Affair"
"Women ","65-69","200","Individual Medley","1","3:04.94"," Catherine Soso","F66","OCCM","3847-03HS7","06-22-2024","2024 U.S. Masters Swimming Spring National Championship"
"Women ","70-74","50","Freestyle","1","35.53"," Sally K Guthrie","F74","SACMA","385T-028TM","02-22-2025","2025 Splash &amp; Dash Sprint Pentathlon"
"Women ","70-74","50","Freestyle","2","35.92"," Linda Hepworth","F71","RHMS","385N-068JR","03-09-2025","Short and Sweet Meet"
"Women ","70-74","50","Freestyle","3","36.2"," Deborah Jeffries","F73","UC38","385S-8F9R8","01-18-2025","2025 Santa Rosa Masters Resolution Meet"
"Women ","70-74","50","Freestyle","4","37.73"," Nanette S Stringer","F72","USF","3858-008J6","03-23-2025","2025 Bay Area Senior Games Swim Meet"
"Women ","70-74","50","Freestyle","5","40.99"," Bobi S Lynch","F74","UC38","3856-MFK9C","12-07-2024","THRICE is Nice!"
"Women ","70-74","50","Freestyle","6","41.76"," Judy Strauss","F70","MELO","385M-03G93","03-23-2025","2025 Bay Area Senior Games Swim Meet"
"Women ","70-74","50","Freestyle","7","47.82"," Diana E Teeter","F71","SRM","385A-07Z2R","01-18-2025","2025 Santa Rosa Masters Resolution Meet"
"Women ","70-74","50","Freestyle","8","49.96"," Jean W Gillon","F73","MELO","3855-067YN","03-09-2025","Short and Sweet Meet"
"Women ","70-74","50","Freestyle","9","56.33"," Laurie S Perry","F70","BHAM","385M-03VAV","02-08-2025","USF Valentine's Affair"
"Women ","70-74","100","Freestyle","1","59.59"," Laura B Val","F72","TAM","384T-03H9F","06-20-2024","2024 U.S. Masters Swimming Spring National Championship"
"Women ","70-74","100","Freestyle","2","1:17.25"," Sally K Guthrie","F74","SACMA","385T-028TM","03-01-2025","TVM Spring Classic - 2025"
"Women ","70-74","100","Freestyle","3","1:19.21"," Linda Hepworth","F71","RHMS","385N-068JR","02-08-2025","USF Valentine's Affair"
"Women ","70-74","100","Freestyle","4","1:22.41"," Nanette S Stringer","F72","USF","3858-008J6","03-23-2025","2025 Bay Area Senior Games Swim Meet"
"Women ","70-74","100","Freestyle","5","1:33.02"," Bobi S Lynch","F74","UC38","3856-MFK9C","12-07-2024","THRICE is Nice!"
"Women ","70-74","100","Freestyle","6","2:01.63"," Laurie S Perry","F70","BHAM","385M-03VAV","02-08-2025","USF Valentine's Affair"
"Women ","70-74","200","Freestyle","1","2:12.64"," Laura B Val","F72","TAM","384T-03H9F","06-21-2024","2024 U.S. Masters Swimming Spring National Championship"
"Women ","70-74","200","Freestyle","2","2:55.42"," Linda Hepworth","F71","RHMS","385N-068JR","03-23-2025","2025 Bay Area Senior Games Swim Meet"
"Women ","70-74","200","Freestyle","3","2:57.99"," Judy Strauss","F70","MELO","385M-03G93","03-23-2025","2025 Bay Area Senior Games Swim Meet"
"Women ","70-74","200","Freestyle","4","2:59.28"," Nanette S Stringer","F72","USF","3858-008J6","03-23-2025","2025 Bay Area Senior Games Swim Meet"
"Women ","70-74","200","Freestyle","5","3:21.81"," Elaine S Thomas","F70","MVM","385K-00FNZ","03-09-2025","Short and Sweet Meet"
"Women ","70-74","200","Freestyle","6","3:28.61"," Diana E Teeter","F71","SRM","385A-07Z2R","01-18-2025","2025 Santa Rosa Masters Resolution Meet"
"Women ","70-74","200","Freestyle","7","3:31.35"," Bobi S Lynch","F74","UC38","3856-MFK9C","12-07-2024","THRICE is Nice!"
"Women ","70-74","500","Freestyle","1","7:43.16"," Mimi C Willard","F70","TAM","384E-077DH","06-20-2024","2024 U.S. Masters Swimming Spring National Championship"
"Women ","70-74","500","Freestyle","2","7:49.71"," Judy Strauss","F70","MELO","385M-03G93","03-23-2025","2025 Bay Area Senior Games Swim Meet"
"Women ","70-74","1000","Freestyle","1","15:46.82"," Linda Hepworth","F71","RHMS","385N-068JR","","The City Mile"
"Women ","70-74","1000","Freestyle","2","15:58.65"," Mimi C Willard","F70","TAM","384E-077DH","","2024 U.S. Masters Swimming Spring National Championship"
"Women ","70-74","1000","Freestyle","3","20:53.73"," LINDA AKAMINE","F70","TSUN","385J-5GEX2","","The City Mile"
"Women ","70-74","1650","Freestyle","1","25:24.91"," Hannah A DeRousseau","F70","SRM","385R-0667B","02-23-2025","The City Mile"
"Women ","70-74","1650","Freestyle","2","25:59.80"," Linda Hepworth","F71","RHMS","385N-068JR","02-23-2025","The City Mile"
"Women ","70-74","1650","Freestyle","3","26:48.63"," Mimi C Willard","F70","TAM","384E-077DH","06-24-2024","2024 U.S. Masters Swimming Spring National Championship"
"Women ","70-74","1650","Freestyle","4","32:38.92"," Diana E Teeter","F71","SRM","385A-07Z2R","02-23-2025","The City Mile"
"Women ","70-74","1650","Freestyle","5","34:33.93"," LINDA AKAMINE","F70","TSUN","385J-5GEX2","02-23-2025","The City Mile"
"Women ","70-74","50","Backstroke","1","30.85"," Laura B Val","F72","TAM","384T-03H9F","06-22-2024","2024 U.S. Masters Swimming Spring National Championship"
"Women ","70-74","50","Backstroke","2","41.84"," Sally K Guthrie","F74","SACMA","385T-028TM","02-22-2025","2025 Splash &amp; Dash Sprint Pentathlon"
"Women ","70-74","50","Backstroke","3","42.13"," Hannah A DeRousseau","F70","SRM","385R-0667B","01-18-2025","2025 Santa Rosa Masters Resolution Meet"
"Women ","70-74","50","Backstroke","4","42.69"," Linda Hepworth","F71","RHMS","385N-068JR","03-09-2025","Short and Sweet Meet"
"Women ","70-74","50","Backstroke","5","43.16"," Deborah Jeffries","F73","UC38","385S-8F9R8","01-18-2025","2025 Santa Rosa Masters Resolution Meet"
"Women ","70-74","50","Backstroke","6","44.61"," Mimi C Willard","F71","TAM","3850-077DH","03-09-2025","Short and Sweet Meet"
"Women ","70-74","50","Backstroke","7","48.54"," Jennifer L Petersen","F70","TVM","3851-0412U","03-01-2025","TVM Spring Classic - 2025"
"Women ","70-74","50","Backstroke","8","50.14"," Elaine S Thomas","F70","MVM","385K-00FNZ","03-09-2025","Short and Sweet Meet"
"Women ","70-74","50","Backstroke","9","54.98"," Jean W Gillon","F73","MELO","3855-067YN","03-09-2025","Short and Sweet Meet"
"Women ","70-74","50","Backstroke","10","1:05.11"," Laurie S Perry","F70","BHAM","385M-03VAV","02-08-2025","USF Valentine's Affair"
"Women ","70-74","100","Backstroke","1","1:06.59"," Laura B Val","F72","TAM","384T-03H9F","06-21-2024","2024 U.S. Masters Swimming Spring National Championship"
"Women ","70-74","100","Backstroke","2","1:29.51"," Hannah A DeRousseau","F70","SRM","385R-0667B","01-18-2025","2025 Santa Rosa Masters Resolution Meet"
"Women ","70-74","100","Backstroke","3","1:31.42"," Mimi C Willard","F70","TAM","384E-077DH","06-21-2024","2024 U.S. Masters Swimming Spring National Championship"
"Women ","70-74","100","Backstroke","4","1:31.72"," Linda Hepworth","F71","RHMS","385N-068JR","02-08-2025","USF Valentine's Affair"
"Women ","70-74","100","Backstroke","5","1:46.57"," Elaine S Thomas","F70","MVM","385K-00FNZ","03-01-2025","TVM Spring Classic - 2025"
"Women ","70-74","100","Backstroke","6","1:46.73"," Jennifer L Petersen","F70","TVM","3851-0412U","03-01-2025","TVM Spring Classic - 2025"
"Women ","70-74","100","Backstroke","7","2:16.12"," Laurie S Perry","F70","BHAM","385M-03VAV","02-08-2025","USF Valentine's Affair"
"Women ","70-74","200","Backstroke","1","2:25.22"," Laura B Val","F72","TAM","384T-03H9F","06-23-2024","2024 U.S. Masters Swimming Spring National Championship"
"Women ","70-74","200","Backstroke","2","3:12.91"," Mimi C Willard","F70","TAM","384E-077DH","06-23-2024","2024 U.S. Masters Swimming Spring National Championship"
"Women ","70-74","200","Backstroke","3","3:20.56"," Linda Hepworth","F71","RHMS","385N-068JR","03-23-2025","2025 Bay Area Senior Games Swim Meet"
"Women ","70-74","200","Backstroke","4","3:43.51"," Elaine S Thomas","F70","MVM","385K-00FNZ","03-09-2025","Short and Sweet Meet"
"Women ","70-74","200","Backstroke","5","4:14.47"," Jean W Gillon","F73","MELO","3855-067YN","03-09-2025","Short and Sweet Meet"
"Women ","70-74","50","Breaststroke","1","48.51"," Nanette S Stringer","F72","USF","3858-008J6","03-23-2025","2025 Bay Area Senior Games Swim Meet"
"Women ","70-74","50","Breaststroke","2","51.84"," Sally K Guthrie","F74","SACMA","385T-028TM","02-22-2025","2025 Splash &amp; Dash Sprint Pentathlon"
"Women ","70-74","50","Breaststroke","3","54.16"," Bobi S Lynch","F74","UC38","3856-MFK9C","12-07-2024","THRICE is Nice!"
"Women ","70-74","50","Breaststroke","4","54.42"," Linda Hepworth","F71","RHMS","385N-068JR","03-09-2025","Short and Sweet Meet"
"Women ","70-74","100","Breaststroke","1","1:47.86"," Nanette S Stringer","F72","USF","3858-008J6","03-23-2025","2025 Bay Area Senior Games Swim Meet"
"Women ","70-74","200","Breaststroke","1","3:55.99"," Mimi C Willard","F71","TAM","3850-077DH","03-09-2025","Short and Sweet Meet"
"Women ","70-74","50","Butterfly","1","44.4"," Sally K Guthrie","F74","SACMA","385T-028TM","02-22-2025","2025 Splash &amp; Dash Sprint Pentathlon"
"Women ","70-74","100","Butterfly","1","1:09.92"," Laura B Val","F72","TAM","384T-03H9F","06-22-2024","2024 U.S. Masters Swimming Spring National Championship"
"Women ","70-74","100","Butterfly","2","1:42.81"," Sally K Guthrie","F74","SACMA","385T-028TM","03-01-2025","TVM Spring Classic - 2025"
"Women ","70-74","100","Individual Medley","1","1:35.04"," Sally K Guthrie","F74","SACMA","385T-028TM","02-22-2025","2025 Splash &amp; Dash Sprint Pentathlon"
"Women ","70-74","100","Individual Medley","2","1:46.34"," Jennifer L Petersen","F70","TVM","3851-0412U","03-01-2025","TVM Spring Classic - 2025"
"Women ","70-74","200","Individual Medley","1","3:28.56"," Mimi C Willard","F70","TAM","384E-077DH","06-22-2024","2024 U.S. Masters Swimming Spring National Championship"
"Women ","70-74","200","Individual Medley","2","4:15.92"," Elaine S Thomas","F70","MVM","385K-00FNZ","03-01-2025","TVM Spring Classic - 2025"
"Women ","70-74","400","Individual Medley","1","7:30.52"," Mimi C Willard","F70","TAM","384E-077DH","06-23-2024","2024 U.S. Masters Swimming Spring National Championship"
"Women ","75-79","50","Freestyle","1","42.47"," Stephanie I Scott","F77","WCM","3858-03K0Y","02-22-2025","2025 Splash &amp; Dash Sprint Pentathlon"
"Women ","75-79","50","Freestyle","2","43.2"," Susie A Caso","F78","MAM","385K-03FJZ","02-22-2025","2025 Splash &amp; Dash Sprint Pentathlon"
"Women ","75-79","50","Freestyle","3","47.27"," Annette M Coholan","F76","RHMS","385Y-092YH","03-09-2025","Short and Sweet Meet"
"Women ","75-79","50","Freestyle","4","48.31"," Nancy H Ewing","F77","ALB","385J-0B23M","12-07-2024","THRICE is Nice!"
"Women ","75-79","50","Freestyle","5","56.72"," Karen Kessel","F75","TCAM","385K-0A6SK","02-08-2025","USF Valentine's Affair"
"Women ","75-79","100","Freestyle","1","1:29.56"," Susan M Collins","F75","WCM","3858-03NKB","02-08-2025","USF Valentine's Affair"
"Women ","75-79","100","Freestyle","2","1:42.31"," Annette M Coholan","F76","RHMS","385Y-092YH","02-08-2025","USF Valentine's Affair"
"Women ","75-79","100","Freestyle","3","2:10.02"," Nancy H Ewing","F77","ALB","385J-0B23M","01-18-2025","2025 Santa Rosa Masters Resolution Meet"
"Women ","75-79","200","Freestyle","1","3:18.83"," Cynthia L Dutro","F76","MELO","385T-03G5A","03-09-2025","Short and Sweet Meet"
"Women ","75-79","200","Freestyle","2","3:49.91"," Annette M Coholan","F76","RHMS","385Y-092YH","03-09-2025","Short and Sweet Meet"
"Women ","75-79","500","Freestyle","1","8:39.33"," Cynthia L Dutro","F76","MELO","385T-03G5A","03-09-2025","Short and Sweet Meet"
"Women ","75-79","500","Freestyle","2","9:45.57"," Annette M Coholan","F76","RHMS","385Y-092YH","03-09-2025","Short and Sweet Meet"
"Women ","75-79","50","Backstroke","1","50.11"," Marcia C Greer","F76","UC38","385S-062BJ","03-01-2025","TVM Spring Classic - 2025"
"Women ","75-79","50","Backstroke","2","53.55"," Stephanie I Scott","F77","WCM","3858-03K0Y","02-22-2025","2025 Splash &amp; Dash Sprint Pentathlon"
"Women ","75-79","50","Backstroke","3","55.24"," Cynthia L Dutro","F76","MELO","385T-03G5A","03-09-2025","Short and Sweet Meet"
"Women ","75-79","50","Backstroke","4","56.19"," Susan M Collins","F75","WCM","3858-03NKB","02-08-2025","USF Valentine's Affair"
"Women ","75-79","50","Backstroke","5","58.04"," Nancy H Ewing","F77","ALB","385J-0B23M","02-08-2025","USF Valentine's Affair"
"Women ","75-79","50","Backstroke","6","1:01.01"," Karen Kessel","F75","TCAM","385K-0A6SK","02-08-2025","USF Valentine's Affair"
"Women ","75-79","100","Backstroke","1","2:13.35"," Karen Kessel","F75","TCAM","385K-0A6SK","02-08-2025","USF Valentine's Affair"
"Women ","75-79","50","Breaststroke","1","52.18"," Cynthia L Dutro","F76","MELO","385T-03G5A","03-09-2025","Short and Sweet Meet"
"Women ","75-79","50","Breaststroke","2","53.9"," Stephanie I Scott","F77","WCM","3858-03K0Y","02-22-2025","2025 Splash &amp; Dash Sprint Pentathlon"
"Women ","75-79","50","Breaststroke","3","55.19"," Nancy H Ewing","F78","ALB","385J-0B23M","02-22-2025","2025 Splash &amp; Dash Sprint Pentathlon"
"Women ","75-79","50","Breaststroke","4","56.26"," Susie A Caso","F78","MAM","385K-03FJZ","02-22-2025","2025 Splash &amp; Dash Sprint Pentathlon"
"Women ","75-79","50","Breaststroke","5","57.02"," Susan M Collins","F75","WCM","3858-03NKB","02-08-2025","USF Valentine's Affair"
"Women ","75-79","50","Breaststroke","6","1:00.57"," Annette M Coholan","F76","RHMS","385Y-092YH","03-09-2025","Short and Sweet Meet"
"Women ","75-79","100","Breaststroke","1","2:04.79"," Nancy H Ewing","F77","ALB","385J-0B23M","02-08-2025","USF Valentine's Affair"
"Women ","75-79","100","Breaststroke","2","2:11.49"," Annette M Coholan","F76","RHMS","385Y-092YH","02-08-2025","USF Valentine's Affair"
"Women ","75-79","200","Breaststroke","1","4:04.51"," Cynthia L Dutro","F76","MELO","385T-03G5A","03-09-2025","Short and Sweet Meet"
"Women ","75-79","200","Breaststroke","2","4:31.76"," Nancy H Ewing","F78","ALB","385J-0B23M","03-09-2025","Short and Sweet Meet"
"Women ","75-79","50","Butterfly","1","52.78"," Cynthia L Dutro","F76","MELO","385T-03G5A","03-09-2025","Short and Sweet Meet"
"Women ","75-79","50","Butterfly","2","55.62"," Stephanie I Scott","F77","WCM","3858-03K0Y","02-22-2025","2025 Splash &amp; Dash Sprint Pentathlon"
"Women ","75-79","50","Butterfly","3","59.65"," Susan M Collins","F75","WCM","3858-03NKB","02-08-2025","USF Valentine's Affair"
"Women ","75-79","50","Butterfly","4","1:10.16"," Karen Kessel","F75","TCAM","385K-0A6SK","02-08-2025","USF Valentine's Affair"
"Women ","75-79","100","Individual Medley","1","1:50.50"," Stephanie I Scott","F77","WCM","3858-03K0Y","02-22-2025","2025 Splash &amp; Dash Sprint Pentathlon"
"Women ","75-79","100","Individual Medley","2","1:56.25"," Susan M Collins","F75","WCM","3858-03NKB","02-08-2025","USF Valentine's Affair"
"Women ","75-79","100","Individual Medley","3","2:04.82"," Susie A Caso","F78","MAM","385K-03FJZ","02-22-2025","2025 Splash &amp; Dash Sprint Pentathlon"
"Women ","75-79","100","Individual Medley","4","2:11.18"," Nancy H Ewing","F78","ALB","385J-0B23M","02-22-2025","2025 Splash &amp; Dash Sprint Pentathlon"
"Women ","80-84","50","Freestyle","1","41.9"," Daniela Barnea","F80","MELO","385W-03JTU","02-22-2025","2025 Splash &amp; Dash Sprint Pentathlon"
"Women ","80-84","50","Freestyle","2","45.24"," Nancy J Ridout","F82","TAM","3849-NANCY","06-21-2024","2024 U.S. Masters Swimming Spring National Championship"
"Women ","80-84","100","Freestyle","1","1:29.06"," Daniela Barnea","F80","MELO","385W-03JTU","02-08-2025","USF Valentine's Affair"
"Women ","80-84","100","Freestyle","2","1:54.08"," Nancy J Ridout","F82","TAM","3849-NANCY","06-20-2024","2024 U.S. Masters Swimming Spring National Championship"
"Women ","80-84","200","Freestyle","1","3:19.45"," Daniela Barnea","F80","MELO","385W-03JTU","03-09-2025","Short and Sweet Meet"
"Women ","80-84","500","Freestyle","1","9:03.04"," Daniela Barnea","F80","MELO","385W-03JTU","","The City Mile"
"Women ","80-84","1000","Freestyle","1","18:12.95"," Daniela Barnea","F80","MELO","385W-03JTU","","The City Mile"
"Women ","80-84","1650","Freestyle","1","29:55.99"," Daniela Barnea","F80","MELO","385W-03JTU","02-23-2025","The City Mile"
"Women ","80-84","50","Backstroke","1","49.64"," Daniela Barnea","F80","MELO","385W-03JTU","03-09-2025","Short and Sweet Meet"
"Women ","80-84","50","Backstroke","2","1:03.19"," Lauren E Chaitkin","F80","USF","384V-03G39","12-07-2024","THRICE is Nice!"
"Women ","80-84","50","Backstroke","3","1:19.25"," Susan E White","F82","TCAM","3858-03H53","02-08-2025","USF Valentine's Affair"
"Women ","80-84","100","Backstroke","1","1:45.73"," Daniela Barnea","F80","MELO","385W-03JTU","12-07-2024","THRICE is Nice!"
"Women ","80-84","100","Backstroke","2","2:19.34"," Lauren E Chaitkin","F80","USF","384V-03G39","12-07-2024","THRICE is Nice!"
"Women ","80-84","100","Backstroke","3","2:51.34"," Susan E White","F82","TCAM","3858-03H53","02-08-2025","USF Valentine's Affair"
"Women ","80-84","200","Backstroke","1","3:37.45"," Daniela Barnea","F80","MELO","385W-03JTU","03-09-2025","Short and Sweet Meet"
"Women ","80-84","200","Backstroke","2","4:48.79"," Lauren E Chaitkin","F80","USF","384V-03G39","12-07-2024","THRICE is Nice!"
"Women ","80-84","50","Breaststroke","1","43.68"," Daniela Barnea","F80","MELO","384Y-03JTU","06-20-2024","2024 U.S. Masters Swimming Spring National Championship"
"Women ","80-84","100","Breaststroke","1","1:39.17"," Daniela Barnea","F80","MELO","384Y-03JTU","06-23-2024","2024 U.S. Masters Swimming Spring National Championship"
"Women ","80-84","200","Breaststroke","1","3:34.85"," Daniela Barnea","F80","MELO","384Y-03JTU","06-22-2024","2024 U.S. Masters Swimming Spring National Championship"
"Women ","80-84","50","Butterfly","1","47.49"," Daniela Barnea","F80","MELO","385W-03JTU","02-22-2025","2025 Splash &amp; Dash Sprint Pentathlon"
"Women ","80-84","50","Butterfly","2","2:12.47"," Susan E White","F82","TCAM","3858-03H53","02-08-2025","USF Valentine's Affair"
"Women ","80-84","100","Butterfly","1","1:41.55"," Daniela Barnea","F80","MELO","384Y-03JTU","06-22-2024","2024 U.S. Masters Swimming Spring National Championship"
"Women ","80-84","100","Butterfly","2","4:09.46"," Susan E White","F82","TCAM","3858-03H53","02-08-2025","USF Valentine's Affair"
"Women ","80-84","200","Butterfly","1","3:43.59"," Daniela Barnea","F80","MELO","384Y-03JTU","06-20-2024","2024 U.S. Masters Swimming Spring National Championship"
"Women ","80-84","100","Individual Medley","1","1:34.31"," Daniela Barnea","F80","MELO","384Y-03JTU","06-21-2024","2024 U.S. Masters Swimming Spring National Championship"
"Women ","80-84","200","Individual Medley","1","3:34.67"," Daniela Barnea","F80","MELO","385W-03JTU","03-01-2025","TVM Spring Classic - 2025"
"Women ","80-84","400","Individual Medley","1","7:38.94"," Daniela Barnea","F80","MELO","385W-03JTU","03-23-2025","2025 Bay Area Senior Games Swim Meet"
"Women ","85-89","50","Freestyle","1","51.88"," Nancy Stretch","F85","TOC","385W-03GCF","02-22-2025","2025 Splash &amp; Dash Sprint Pentathlon"
"Women ","85-89","50","Freestyle","2","54.86"," Anice W Flesh","F88","MAQ","3855-024D2","03-09-2025","Short and Sweet Meet"
"Women ","85-89","50","Freestyle","3","1:07.15"," Thyra Tegner","F89","QSS","385P-03NEH","03-23-2025","2025 Bay Area Senior Games Swim Meet"
"Women ","85-89","100","Freestyle","1","1:54.95"," Nancy Stretch","F85","TOC","385W-03GCF","02-08-2025","USF Valentine's Affair"
"Women ","85-89","100","Freestyle","2","2:38.31"," Thyra Tegner","F89","QSS","385P-03NEH","02-08-2025","USF Valentine's Affair"
"Women ","85-89","200","Freestyle","1","3:57.41"," Nancy Stretch","F85","TOC","385W-03GCF","03-09-2025","Short and Sweet Meet"
"Women ","85-89","50","Backstroke","1","59.34"," Nancy Stretch","F85","TOC","385W-03GCF","03-09-2025","Short and Sweet Meet"
"Women ","85-89","50","Backstroke","2","1:12.89"," Anice W Flesh","F88","MAQ","3855-024D2","03-09-2025","Short and Sweet Meet"
"Women ","85-89","50","Backstroke","3","1:24.19"," Thyra Tegner","F89","QSS","385P-03NEH","03-23-2025","2025 Bay Area Senior Games Swim Meet"
"Women ","85-89","100","Backstroke","1","2:05.77"," Nancy Stretch","F85","TOC","385W-03GCF","02-08-2025","USF Valentine's Affair"
"Women ","85-89","100","Backstroke","2","3:13.33"," Thyra Tegner","F89","QSS","385P-03NEH","02-08-2025","USF Valentine's Affair"
"Women ","85-89","200","Backstroke","1","4:30.49"," Nancy Stretch","F85","TOC","385W-03GCF","03-09-2025","Short and Sweet Meet"
"Women ","85-89","50","Breaststroke","1","1:02.33"," Nancy Stretch","F85","TOC","385W-03GCF","03-01-2025","TVM Spring Classic - 2025"
"Women ","85-89","50","Breaststroke","2","1:09.53"," Anice W Flesh","F88","MAQ","3855-024D2","03-09-2025","Short and Sweet Meet"
"Women ","85-89","100","Breaststroke","1","2:16.27"," Nancy Stretch","F85","TOC","385W-03GCF","02-08-2025","USF Valentine's Affair"
"Women ","85-89","200","Breaststroke","1","4:55.74"," Nancy Stretch","F85","TOC","385W-03GCF","03-09-2025","Short and Sweet Meet"
"Women ","85-89","50","Butterfly","1","1:02.75"," Nancy Stretch","F85","TOC","385W-03GCF","02-22-2025","2025 Splash &amp; Dash Sprint Pentathlon"
"Women ","85-89","50","Butterfly","2","1:19.42"," Anice W Flesh","F88","MAQ","3855-024D2","03-09-2025","Short and Sweet Meet"
"Women ","85-89","100","Butterfly","1","2:29.98"," Nancy Stretch","F85","TOC","385W-03GCF","02-08-2025","USF Valentine's Affair"
"Women ","85-89","100","Individual Medley","1","2:10.09"," Nancy Stretch","F85","TOC","385W-03GCF","02-08-2025","USF Valentine's Affair"
"Women ","85-89","200","Individual Medley","1","4:37.91"," Nancy Stretch","F85","TOC","385W-03GCF","03-01-2025","TVM Spring Classic - 2025"
"Men ","18-24","50","Freestyle","1","21.36"," Kyle C Millis","M24","TOC","384B-1JS70","06-21-2024","2024 U.S. Masters Swimming Spring National Championship"
"Men ","18-24","50","Freestyle","2","22.17"," Drake M Southern","M24","TVM","385U-XD98K","03-01-2025","TVM Spring Classic - 2025"
"Men ","18-24","50","Freestyle","3","22.32"," Cole Welsh","M24","WCM","3854-R6S6R","02-08-2025","USF Valentine's Affair"
"Men ","18-24","50","Freestyle","4","22.47"," Cole B Jamieson","M20","UC38","385E-H8Y50","02-02-2025","33rd Annual Polar Bear Classic"
"Men ","18-24","50","Freestyle","5","22.94"," Justin Z LoPresto","M22","CVM","385W-DXUEN","03-02-2025","Silver State Masters SCY"
"Men ","18-24","50","Freestyle","6","23.16"," Ethan A Weeks","M24","SNM","3857-3PEAT","03-02-2025","Silver State Masters SCY"
"Men ","18-24","50","Freestyle","7","23.77"," Alec T Sasano","M23","UC38","3856-BRK2P","03-01-2025","TVM Spring Classic - 2025"
"Men ","18-24","50","Freestyle","8","23.94"," Connor Taylor","M21","CVM","3859-VT06G","03-02-2025","Silver State Masters SCY"
"Men ","18-24","50","Freestyle","9","23.98"," Jacob Matthew M Lumbang","M24","UC38","385U-TG50M","03-01-2025","TVM Spring Classic - 2025"
"Men ","18-24","50","Freestyle","10","24.24"," Wallace D Norris","M22","CVM","385T-YS94T","03-02-2025","Silver State Masters SCY"
"Men ","18-24","50","Freestyle","11","24.7"," Erick Johns","M24","MAM","3857-BHFG2","02-22-2025","2025 Splash &amp; Dash Sprint Pentathlon"
"Men ","18-24","50","Freestyle","12","24.71"," Joshua A Kuiper","M21","CMAM","3859-RY5JG","03-01-2025","TVM Spring Classic - 2025"
"Men ","18-24","50","Freestyle","13","24.95"," Manuel D Mora","M22","UC38","384Z-R7KN1","11-23-2024","2024 SLOS Pumpkin Pie Invite"
"Men ","18-24","50","Freestyle","14","25.24"," Ryan A Signorella","M21","CVM","385M-6M4JJ","03-02-2025","Silver State Masters SCY"
"Men ","18-24","50","Freestyle","15","27.42"," Alexander J Lipina","M23","WCM","3856-K82VS","02-22-2025","2025 Splash &amp; Dash Sprint Pentathlon"
"Men ","18-24","50","Freestyle","16","27.8"," Iliya Dehsarvi","M24","SJCF","385H-659WB","02-08-2025","USF Valentine's Affair"
"Men ","18-24","50","Freestyle","17","28.11"," Simha T Furaha","M22","RPM","385F-XCSN2","02-22-2025","2025 Splash &amp; Dash Sprint Pentathlon"
"Men ","18-24","50","Freestyle","18","37.67"," Indiana Guerrazzi","M23","CVM","385T-WC872","03-02-2025","Silver State Masters SCY"
"Men ","18-24","100","Freestyle","1","48.57"," Cole B Jamieson","M20","UC38","385E-H8Y50","02-02-2025","33rd Annual Polar Bear Classic"
"Men ","18-24","100","Freestyle","2","50.38"," Matthew J Swida","M23","SRVM","3851-FN2NY","03-01-2025","TVM Spring Classic - 2025"
"Men ","18-24","100","Freestyle","3","50.71"," Cole Welsh","M24","WCM","3854-R6S6R","02-08-2025","USF Valentine's Affair"
"Men ","18-24","100","Freestyle","4","50.73"," Ethan A Weeks","M24","SNM","3857-3PEAT","03-02-2025","Silver State Masters SCY"
"Men ","18-24","100","Freestyle","5","50.95"," Raymond L Iacobacci","M22","UC38","385G-J0UUV","03-01-2025","TVM Spring Classic - 2025"
"Men ","18-24","100","Freestyle","6","51.4"," Alec T Sasano","M23","UC38","3856-BRK2P","03-01-2025","TVM Spring Classic - 2025"
"Men ","18-24","100","Freestyle","7","52.89"," Joshua A Kuiper","M21","CMAM","3859-RY5JG","03-01-2025","TVM Spring Classic - 2025"
"Men ","18-24","100","Freestyle","8","54.04"," Jacob Matthew M Lumbang","M24","UC38","385U-TG50M","03-01-2025","TVM Spring Classic - 2025"
"Men ","18-24","100","Freestyle","9","54.04"," Samuel E Lopez","M24","USF","385W-0BB3H","02-08-2025","USF Valentine's Affair"
"Men ","18-24","100","Freestyle","10","58.03"," Lincoln Taing","M23","BAC","385C-WZ0RV","02-08-2025","USF Valentine's Affair"
"Men ","18-24","100","Freestyle","11","58.26"," Zachary T Gonzales","M23","SRM","385D-X48UB","01-18-2025","2025 Santa Rosa Masters Resolution Meet"
"Men ","18-24","100","Freestyle","12","1:02.31"," Alexander J Lipina","M23","WCM","3844-K82VS","12-07-2024","THRICE is Nice!"
"Men ","18-24","100","Freestyle","13","1:03.15"," Simha T Furaha","M22","RPM","385F-XCSN2","01-18-2025","2025 Santa Rosa Masters Resolution Meet"
"Men ","18-24","100","Freestyle","14","1:07.42"," Iliya Dehsarvi","M24","SJCF","385H-659WB","02-08-2025","USF Valentine's Affair"
"Men ","18-24","200","Freestyle","1","1:53.59"," Matthew J Swida","M23","SRVM","3851-FN2NY","03-01-2025","TVM Spring Classic - 2025"
"Men ","18-24","200","Freestyle","2","1:53.62"," Logan A Borrelli","M19","HTUB","3857-YFFCW","03-01-2025","TVM Spring Classic - 2025"
"Men ","18-24","200","Freestyle","3","1:57.24"," Ethan A Weeks","M24","SNM","3857-3PEAT","03-02-2025","Silver State Masters SCY"
"Men ","18-24","200","Freestyle","4","1:58.42"," Joshua A Kuiper","M21","CMAM","3859-RY5JG","03-01-2025","TVM Spring Classic - 2025"
"Men ","18-24","200","Freestyle","5","2:10.77"," Manuel D Mora","M22","UC38","384Z-R7KN1","11-23-2024","2024 SLOS Pumpkin Pie Invite"
"Men ","18-24","200","Freestyle","6","2:11.72"," Zachary T Gonzales","M23","SRM","385D-X48UB","01-18-2025","2025 Santa Rosa Masters Resolution Meet"
"Men ","18-24","200","Freestyle","7","3:03.77"," Iliya Dehsarvi","M24","SJCF","385H-659WB","12-07-2024","THRICE is Nice!"
"Men ","18-24","500","Freestyle","1","4:52.15"," Cole B Jamieson","M20","UC38","385E-H8Y50","02-02-2025","33rd Annual Polar Bear Classic"
"Men ","18-24","500","Freestyle","2","5:16.13"," Ethan A Weeks","M24","SNM","3857-3PEAT","03-02-2025","Silver State Masters SCY"
"Men ","18-24","500","Freestyle","3","6:06.06"," D Michael Xu","M23","STAN","385H-4AS5E","03-29-2025","2025 Southeast Zone and North Carolina SCY Championship"
"Men ","18-24","1000","Freestyle","1","10:05.06"," Cole B Jamieson","M20","UC38","385E-H8Y50","02-02-2025","33rd Annual Polar Bear Classic"
"Men ","18-24","1000","Freestyle","2","12:58.94"," D Michael Xu","M23","STAN","385H-4AS5E","04-06-2025","USMS 2025 South Central Zone Spring Championships"
"Men ","18-24","1650","Freestyle","1","18:55.04"," Ethan A Weeks","M24","SNM","3857-3PEAT","03-02-2025","Silver State Masters SCY"
"Men ","18-24","1650","Freestyle","2","22:01.96"," D Michael Xu","M23","STAN","385H-4AS5E","04-04-2025","USMS 2025 South Central Zone Spring Championships"
"Men ","18-24","50","Backstroke","1","22.93"," Kyle C Millis","M24","TOC","384B-1JS70","06-22-2024","2024 U.S. Masters Swimming Spring National Championship"
"Men ","18-24","50","Backstroke","2","25.7"," Drake M Southern","M24","TVM","385U-XD98K","03-01-2025","TVM Spring Classic - 2025"
"Men ","18-24","50","Backstroke","3","28.68"," Raymond L Iacobacci","M22","UC38","385G-J0UUV","03-01-2025","TVM Spring Classic - 2025"
"Men ","18-24","50","Backstroke","4","30.75"," Erick Johns","M24","MAM","3857-BHFG2","02-22-2025","2025 Splash &amp; Dash Sprint Pentathlon"
"Men ","18-24","50","Backstroke","5","32.04"," Simha T Furaha","M22","RPM","385F-XCSN2","02-22-2025","2025 Splash &amp; Dash Sprint Pentathlon"
"Men ","18-24","50","Backstroke","6","32.55"," Ethan A Weeks","M24","SNM","3857-3PEAT","03-02-2025","Silver State Masters SCY"
"Men ","18-24","50","Backstroke","7","34.55"," Alexander J Lipina","M23","WCM","3856-K82VS","02-22-2025","2025 Splash &amp; Dash Sprint Pentathlon"
"Men ","18-24","50","Backstroke","8","36.29"," D Michael Xu","M23","STAN","385H-4AS5E","03-22-2025","New Mexico Masters State Championships"
"Men ","18-24","100","Backstroke","1","49.05"," Kyle C Millis","M24","TOC","384B-1JS70","06-21-2024","2024 U.S. Masters Swimming Spring National Championship"
"Men ","18-24","100","Backstroke","2","58.49"," Logan A Borrelli","M19","HTUB","3857-YFFCW","03-01-2025","TVM Spring Classic - 2025"
"Men ","18-24","100","Backstroke","3","1:00.93"," Raymond L Iacobacci","M22","UC38","385G-J0UUV","03-01-2025","TVM Spring Classic - 2025"
"Men ","18-24","100","Backstroke","4","1:09.53"," Simha T Furaha","M22","RPM","385F-XCSN2","02-08-2025","USF Valentine's Affair"
"Men ","18-24","100","Backstroke","5","1:19.51"," Alexander J Lipina","M23","WCM","3844-K82VS","12-07-2024","THRICE is Nice!"
"Men ","18-24","100","Backstroke","6","1:24.36"," D Michael Xu","M23","STAN","385H-4AS5E","04-06-2025","USMS 2025 South Central Zone Spring Championships"
"Men ","18-24","200","Backstroke","1","1:49.58"," Kyle C Millis","M24","TOC","384B-1JS70","06-23-2024","2024 U.S. Masters Swimming Spring National Championship"
"Men ","18-24","200","Backstroke","2","2:54.11"," D Michael Xu","M23","STAN","385H-4AS5E","03-29-2025","2025 Southeast Zone and North Carolina SCY Championship"
"Men ","18-24","50","Breaststroke","1","26.49"," Cole Welsh","M24","WCM","3854-R6S6R","02-08-2025","USF Valentine's Affair"
"Men ","18-24","50","Breaststroke","2","27.21"," Jack D Stevenson","M22","CVM","385U-4CTAB","03-02-2025","Silver State Masters SCY"
"Men ","18-24","50","Breaststroke","3","30.76"," Erick Johns","M24","MAM","3857-BHFG2","02-22-2025","2025 Splash &amp; Dash Sprint Pentathlon"
"Men ","18-24","50","Breaststroke","4","31.41"," Daniel R Taylor","M23","CVM","385S-NWHPG","03-02-2025","Silver State Masters SCY"
"Men ","18-24","50","Breaststroke","5","34.26"," Lincoln Taing","M23","BAC","385C-WZ0RV","02-08-2025","USF Valentine's Affair"
"Men ","18-24","50","Breaststroke","6","35.53"," Simha T Furaha","M22","RPM","385F-XCSN2","12-07-2024","THRICE is Nice!"
"Men ","18-24","50","Breaststroke","7","36.9"," Alexander J Lipina","M23","WCM","3856-K82VS","02-22-2025","2025 Splash &amp; Dash Sprint Pentathlon"
"Men ","18-24","50","Breaststroke","8","36.92"," D Michael Xu","M23","STAN","385H-4AS5E","04-06-2025","USMS 2025 South Central Zone Spring Championships"
"Men ","18-24","100","Breaststroke","1","59.82"," Cole Welsh","M24","WCM","3854-R6S6R","02-08-2025","USF Valentine's Affair"
"Men ","18-24","100","Breaststroke","2","1:01.54"," Jack D Stevenson","M22","CVM","385U-4CTAB","03-02-2025","Silver State Masters SCY"
"Men ","18-24","100","Breaststroke","3","1:06.39"," Jacob Matthew M Lumbang","M24","UC38","385U-TG50M","03-01-2025","TVM Spring Classic - 2025"
"Men ","18-24","100","Breaststroke","4","1:09.04"," Wallace D Norris","M22","CVM","385T-YS94T","03-02-2025","Silver State Masters SCY"
"Men ","18-24","100","Breaststroke","5","1:12.02"," Daniel R Taylor","M23","CVM","385S-NWHPG","03-02-2025","Silver State Masters SCY"
"Men ","18-24","100","Breaststroke","6","1:15.98"," Samuel E Lopez","M24","USF","385W-0BB3H","02-08-2025","USF Valentine's Affair"
"Men ","18-24","100","Breaststroke","7","1:18.54"," Simha T Furaha","M22","RPM","385F-XCSN2","12-07-2024","THRICE is Nice!"
"Men ","18-24","100","Breaststroke","8","1:19.17"," Manuel D Mora","M22","UC38","384Z-R7KN1","11-23-2024","2024 SLOS Pumpkin Pie Invite"
"Men ","18-24","100","Breaststroke","9","1:22.44"," D Michael Xu","M23","STAN","385H-4AS5E","04-05-2025","USMS 2025 South Central Zone Spring Championships"
"Men ","18-24","100","Breaststroke","10","1:25.08"," Alexander J Lipina","M23","WCM","3844-K82VS","12-07-2024","THRICE is Nice!"
"Men ","18-24","200","Breaststroke","1","2:59.16"," D Michael Xu","M23","STAN","385H-4AS5E","04-06-2025","USMS 2025 South Central Zone Spring Championships"
"Men ","18-24","50","Butterfly","1","22.78"," Kyle C Millis","M24","TOC","384B-1JS70","06-23-2024","2024 U.S. Masters Swimming Spring National Championship"
"Men ","18-24","50","Butterfly","2","25.22"," Justin Z LoPresto","M22","CVM","385W-DXUEN","03-02-2025","Silver State Masters SCY"
"Men ","18-24","50","Butterfly","3","25.8"," Joshua A Kuiper","M21","CMAM","3859-RY5JG","03-01-2025","TVM Spring Classic - 2025"
"Men ","18-24","50","Butterfly","4","25.89"," Connor Taylor","M21","CVM","3859-VT06G","03-02-2025","Silver State Masters SCY"
"Men ","18-24","50","Butterfly","5","26.45"," Wallace D Norris","M22","CVM","385T-YS94T","03-02-2025","Silver State Masters SCY"
"Men ","18-24","50","Butterfly","6","26.64"," Raymond L Iacobacci","M22","UC38","385G-J0UUV","03-01-2025","TVM Spring Classic - 2025"
"Men ","18-24","50","Butterfly","7","27.07"," Erick Johns","M24","MAM","3857-BHFG2","02-22-2025","2025 Splash &amp; Dash Sprint Pentathlon"
"Men ","18-24","50","Butterfly","8","27.34"," Samuel E Lopez","M24","USF","385W-0BB3H","02-08-2025","USF Valentine's Affair"
"Men ","18-24","50","Butterfly","9","29.23"," Ryan A Signorella","M21","CVM","385M-6M4JJ","03-02-2025","Silver State Masters SCY"
"Men ","18-24","50","Butterfly","10","29.71"," Lincoln Taing","M23","BAC","385C-WZ0RV","02-08-2025","USF Valentine's Affair"
"Men ","18-24","50","Butterfly","11","30.24"," Simha T Furaha","M22","RPM","385F-XCSN2","02-22-2025","2025 Splash &amp; Dash Sprint Pentathlon"
"Men ","18-24","50","Butterfly","12","32.46"," Alexander J Lipina","M23","WCM","3856-K82VS","02-22-2025","2025 Splash &amp; Dash Sprint Pentathlon"
"Men ","18-24","100","Butterfly","1","50.54"," Kyle C Millis","M24","TOC","384B-1JS70","06-22-2024","2024 U.S. Masters Swimming Spring National Championship"
"Men ","18-24","100","Butterfly","2","56.31"," Matthew J Swida","M23","SRVM","3851-FN2NY","03-01-2025","TVM Spring Classic - 2025"
"Men ","18-24","100","Butterfly","3","56.77"," Joshua A Kuiper","M21","CMAM","3859-RY5JG","03-01-2025","TVM Spring Classic - 2025"
"Men ","18-24","100","Butterfly","4","57.23"," Alec T Sasano","M23","UC38","3856-BRK2P","03-01-2025","TVM Spring Classic - 2025"
"Men ","18-24","100","Butterfly","5","59.82"," Samuel E Lopez","M24","USF","385W-0BB3H","02-08-2025","USF Valentine's Affair"
"Men ","18-24","100","Butterfly","6","1:15.74"," Simha T Furaha","M22","RPM","385F-XCSN2","02-08-2025","USF Valentine's Affair"
"Men ","18-24","100","Butterfly","7","1:24.30"," Alexander J Lipina","M23","WCM","3844-K82VS","12-07-2024","THRICE is Nice!"
"Men ","18-24","200","Butterfly","1","2:50.18"," D Michael Xu","M23","STAN","385H-4AS5E","03-30-2025","2025 Southeast Zone and North Carolina SCY Championship"
"Men ","18-24","100","Individual Medley","1","1:00.42"," Jack D Stevenson","M22","CVM","385U-4CTAB","03-02-2025","Silver State Masters SCY"
"Men ","18-24","100","Individual Medley","2","1:01.77"," Connor Taylor","M21","CVM","3859-VT06G","03-02-2025","Silver State Masters SCY"
"Men ","18-24","100","Individual Medley","3","1:01.90"," Erick Johns","M24","MAM","3857-BHFG2","02-22-2025","2025 Splash &amp; Dash Sprint Pentathlon"
"Men ","18-24","100","Individual Medley","4","1:02.90"," Joshua A Kuiper","M21","CMAM","3859-RY5JG","02-08-2025","USF Valentine's Affair"
"Men ","18-24","100","Individual Medley","5","1:02.92"," Wallace D Norris","M22","CVM","385T-YS94T","03-02-2025","Silver State Masters SCY"
"Men ","18-24","100","Individual Medley","6","1:06.66"," Daniel R Taylor","M23","CVM","385S-NWHPG","03-02-2025","Silver State Masters SCY"
"Men ","18-24","100","Individual Medley","7","1:07.77"," Lincoln Taing","M23","BAC","385C-WZ0RV","02-08-2025","USF Valentine's Affair"
"Men ","18-24","100","Individual Medley","8","1:07.78"," Simha T Furaha","M22","RPM","385F-XCSN2","02-08-2025","USF Valentine's Affair"
"Men ","18-24","100","Individual Medley","9","1:07.91"," Ryan A Signorella","M21","CVM","385M-6M4JJ","03-02-2025","Silver State Masters SCY"
"Men ","18-24","100","Individual Medley","10","1:13.49"," Alexander J Lipina","M23","WCM","3856-K82VS","02-22-2025","2025 Splash &amp; Dash Sprint Pentathlon"
"Men ","18-24","100","Individual Medley","11","1:14.44"," D Michael Xu","M23","STAN","385H-4AS5E","04-06-2025","USMS 2025 South Central Zone Spring Championships"
"Men ","18-24","200","Individual Medley","1","2:08.43"," Logan A Borrelli","M19","HTUB","3857-YFFCW","03-01-2025","TVM Spring Classic - 2025"
"Men ","18-24","200","Individual Medley","2","2:16.37"," Joshua A Kuiper","M21","CMAM","3859-RY5JG","03-01-2025","TVM Spring Classic - 2025"
"Men ","18-24","200","Individual Medley","3","2:20.10"," Daniel R Taylor","M23","CVM","385S-NWHPG","03-02-2025","Silver State Masters SCY"
"Men ","18-24","200","Individual Medley","4","2:33.74"," D Michael Xu","M23","STAN","385H-4AS5E","04-05-2025","USMS 2025 South Central Zone Spring Championships"
"Men ","18-24","400","Individual Medley","1","5:41.54"," D Michael Xu","M23","STAN","385H-4AS5E","03-30-2025","2025 Southeast Zone and North Carolina SCY Championship"
"Men ","25-29","50","Freestyle","1","20.63"," Julian Mackrel","M29","TOC","3841-BA1NU","06-21-2024","2024 U.S. Masters Swimming Spring National Championship"
"Men ","25-29","50","Freestyle","2","20.98"," Mark W Andrew","M27","TOC","385H-8N4WX","02-22-2025","2025 Splash &amp; Dash Sprint Pentathlon"
"Men ","25-29","50","Freestyle","3","21.18"," Christopher Staka","M26","UC38","3851-YK94P","03-01-2025","TVM Spring Classic - 2025"
"Men ","25-29","50","Freestyle","4","21.32"," Reed H Malone","M29","TOC","384W-DCWHN","06-21-2024","2024 U.S. Masters Swimming Spring National Championship"
"Men ","25-29","50","Freestyle","5","21.41"," Andy Song","M26","TOC","385B-Z3RFY","02-22-2025","2025 Splash &amp; Dash Sprint Pentathlon"
"Men ","25-29","50","Freestyle","6","21.5"," Shane W Forker","M26","TOC","385S-J7XTN","02-22-2025","2025 Splash &amp; Dash Sprint Pentathlon"
"Men ","25-29","50","Freestyle","7","21.54"," Kevin Dang","M27","TOC","385D-2XUXE","02-22-2025","2025 Splash &amp; Dash Sprint Pentathlon"
"Men ","25-29","50","Freestyle","8","21.62"," Benjamin J Cono","M28","TOC","385U-NZSVD","02-22-2025","2025 Splash &amp; Dash Sprint Pentathlon"
"Men ","25-29","50","Freestyle","9","22"," Carter O Jacobsen","M28","TOC","385V-3D6RV","02-22-2025","2025 Splash &amp; Dash Sprint Pentathlon"
"Men ","25-29","50","Freestyle","10","22.03"," Mihail Amiorkov","M26","USF","385U-VG22T","02-08-2025","USF Valentine's Affair"
"Men ","25-29","50","Freestyle","11","22.13"," Kyle C Millis","M25","TOC","385D-1JS70","02-22-2025","2025 Splash &amp; Dash Sprint Pentathlon"
"Men ","25-29","50","Freestyle","12","22.29"," Murphy J McQuet","M27","TOC","385S-GT4CK","02-22-2025","2025 Splash &amp; Dash Sprint Pentathlon"
"Men ","25-29","50","Freestyle","13","23.16"," Jackson H Enright","M25","USF","385H-3HSH1","02-08-2025","USF Valentine's Affair"
"Men ","25-29","50","Freestyle","14","23.2"," Richard Chen","M29","UC38","3857-WSBXU","02-22-2025","2025 Splash &amp; Dash Sprint Pentathlon"
"Men ","25-29","50","Freestyle","15","23.32"," Alexander D Gilchrist","M27","TVM","3855-548H0","03-01-2025","TVM Spring Classic - 2025"
"Men ","25-29","50","Freestyle","16","23.46"," Jonathan Chow","M29","TSUN","385V-Y3HF5","02-08-2025","USF Valentine's Affair"
"Men ","25-29","50","Freestyle","17","23.46"," Kevin Baumann","M28","SRVM","385Y-J5U3U","03-01-2025","TVM Spring Classic - 2025"
"Men ","25-29","50","Freestyle","18","24.47"," Connor Flanery","M25","STAN","385W-J4088","02-08-2025","USF Valentine's Affair"
"Men ","25-29","50","Freestyle","19","24.53"," Zachary Cecchetti","M29","QSS","385T-6C6UB","01-18-2025","2025 Santa Rosa Masters Resolution Meet"
"Men ","25-29","50","Freestyle","20","24.55"," Aric M Lang","M27","TSUN","385W-55088","02-08-2025","USF Valentine's Affair"
"Men ","25-29","50","Freestyle","21","24.77"," Andrew J Cho","M27","SFGG","3857-J8FF0","03-01-2025","TVM Spring Classic - 2025"
"Men ","25-29","50","Freestyle","22","25.12"," Joshua C Smithen","M25","CVM","3857-60HKT","03-02-2025","Silver State Masters SCY"
"Men ","25-29","50","Freestyle","23","25.18"," Jack Niles","M27","SRM","385Z-J8F03","02-22-2025","2025 Splash &amp; Dash Sprint Pentathlon"
"Men ","25-29","50","Freestyle","24","25.31"," Alexander T Borowsky","M28","STAN","3855-09M4J","02-08-2025","USF Valentine's Affair"
"Men ","25-29","50","Freestyle","25","25.34"," Jackson S Kenyon","M27","USF","385W-4XWW7","02-08-2025","USF Valentine's Affair"
"Men ","25-29","50","Freestyle","26","25.56"," Jacob S Hulti","M26","TEME","385V-DV76E","02-22-2025","2025 Splash &amp; Dash Sprint Pentathlon"
"Men ","25-29","50","Freestyle","27","28.12"," mihir R gokhale","M26","TSUN","385R-GY265","02-08-2025","USF Valentine's Affair"
"Men ","25-29","50","Freestyle","28","28.73"," Marc A Taniguchi","M28","TSUN","3858-BF5PZ","02-08-2025","USF Valentine's Affair"
"Men ","25-29","50","Freestyle","29","33.86"," Sterling P Fulton","M29","SJCF","385T-N2EZG","12-07-2024","THRICE is Nice!"
"Men ","25-29","100","Freestyle","1","45.38"," Julian Mackrel","M29","TOC","3841-BA1NU","06-20-2024","2024 U.S. Masters Swimming Spring National Championship"
"Men ","25-29","100","Freestyle","2","46.07"," Mark W Andrew","M27","TOC","385H-8N4WX","02-08-2025","USF Valentine's Affair"
"Men ","25-29","100","Freestyle","3","46.93"," Ben W Lawless","M28","UC38","385F-79CTK","02-08-2025","USF Valentine's Affair"
"Men ","25-29","100","Freestyle","4","46.94"," Reed H Malone","M29","TOC","384W-DCWHN","06-20-2024","2024 U.S. Masters Swimming Spring National Championship"
"Men ","25-29","100","Freestyle","5","48.28"," Mihail Amiorkov","M26","USF","385U-VG22T","02-08-2025","USF Valentine's Affair"
"Men ","25-29","100","Freestyle","6","48.96"," Hank Poppe","M26","TOC","385G-PRRZ6","02-08-2025","USF Valentine's Affair"
"Men ","25-29","100","Freestyle","7","49.6"," Marco C Conati","M25","USF","385F-31PWP","02-08-2025","USF Valentine's Affair"
"Men ","25-29","100","Freestyle","8","49.81"," Jackson H Enright","M25","USF","385H-3HSH1","02-08-2025","USF Valentine's Affair"
"Men ","25-29","100","Freestyle","9","49.99"," Karl Arvidsson","M26","TOC","385T-RGKZR","02-08-2025","USF Valentine's Affair"
"Men ","25-29","100","Freestyle","10","50.93"," Kevin Baumann","M28","SRVM","385Y-J5U3U","03-01-2025","TVM Spring Classic - 2025"
"Men ","25-29","100","Freestyle","11","51.98"," Jonathan Chow","M29","TSUN","385V-Y3HF5","02-08-2025","USF Valentine's Affair"
"Men ","25-29","100","Freestyle","12","52.72"," Eric T Mueller","M29","UC38","384Y-0B427","06-20-2024","2024 U.S. Masters Swimming Spring National Championship"
"Men ","25-29","100","Freestyle","13","53.64"," Ian M Cook","M25","USF","3854-0B8XT","02-08-2025","USF Valentine's Affair"
"Men ","25-29","100","Freestyle","14","53.88"," Richard Chen","M29","UC38","3857-WSBXU","02-08-2025","USF Valentine's Affair"
"Men ","25-29","100","Freestyle","15","54.27"," Andrew M Goard","M29","USF","385S-0B5B3","02-08-2025","USF Valentine's Affair"
"Men ","25-29","100","Freestyle","16","55.04"," Zachary Cecchetti","M29","QSS","385T-6C6UB","01-18-2025","2025 Santa Rosa Masters Resolution Meet"
"Men ","25-29","100","Freestyle","17","55.08"," Andrew J Cho","M27","SFGG","3857-J8FF0","03-01-2025","TVM Spring Classic - 2025"
"Men ","25-29","100","Freestyle","18","55.16"," Connor Flanery","M25","STAN","385W-J4088","02-08-2025","USF Valentine's Affair"
"Men ","25-29","100","Freestyle","19","56.28"," Jack Niles","M27","SRM","385Z-J8F03","01-18-2025","2025 Santa Rosa Masters Resolution Meet"
"Men ","25-29","100","Freestyle","20","57.44"," Patrick O MacDonald","M29","TSUN","385Z-B7811","01-18-2025","2025 Santa Rosa Masters Resolution Meet"
"Men ","25-29","100","Freestyle","21","57.75"," Jackson S Kenyon","M27","USF","385W-4XWW7","02-08-2025","USF Valentine's Affair"
"Men ","25-29","100","Freestyle","22","59.86"," Justin Yue","M27","TSUN","385C-4RXYN","01-18-2025","2025 Santa Rosa Masters Resolution Meet"
"Men ","25-29","100","Freestyle","23","1:02.70"," Marc A Taniguchi","M28","TSUN","3858-BF5PZ","02-08-2025","USF Valentine's Affair"
"Men ","25-29","100","Freestyle","24","1:04.55"," Connor N Anderson","M29","UC38","385P-VB4EH","12-07-2024","THRICE is Nice!"
"Men ","25-29","100","Freestyle","25","1:15.84"," mihir R gokhale","M26","TSUN","385R-GY265","02-08-2025","USF Valentine's Affair"
"Men ","25-29","100","Freestyle","26","1:17.59"," Sterling P Fulton","M29","SJCF","385T-N2EZG","12-07-2024","THRICE is Nice!"
"Men ","25-29","200","Freestyle","1","1:55.98"," Eric T Mueller","M29","UC38","384Y-0B427","06-21-2024","2024 U.S. Masters Swimming Spring National Championship"
"Men ","25-29","200","Freestyle","2","1:56.86"," Miguel E Mattox","M29","NBA","385Y-WC9UZ","01-18-2025","2025 Santa Rosa Masters Resolution Meet"
"Men ","25-29","200","Freestyle","3","1:59.56"," Daniel McGowan","M29","UC38","3843-3C25N","06-21-2024","2024 U.S. Masters Swimming Spring National Championship"
"Men ","25-29","200","Freestyle","4","2:01.50"," Kevin Baumann","M28","SRVM","385Y-J5U3U","03-01-2025","TVM Spring Classic - 2025"
"Men ","25-29","200","Freestyle","5","2:08.91"," Richard Chen","M29","UC38","3857-WSBXU","03-09-2025","Short and Sweet Meet"
"Men ","25-29","200","Freestyle","6","2:28.92"," Connor N Anderson","M29","UC38","385P-VB4EH","12-07-2024","THRICE is Nice!"
"Men ","25-29","500","Freestyle","1","5:33.58"," Eric T Mueller","M29","UC38","384Y-0B427","06-21-2024","2024 U.S. Masters Swimming Spring National Championship"
"Men ","25-29","500","Freestyle","2","5:43.87"," Andrew M Goard","M29","USF","385S-0B5B3","","The City Mile"
"Men ","25-29","500","Freestyle","3","6:06.81"," Patrick O MacDonald","M29","TSUN","384H-B7811","06-21-2024","2024 U.S. Masters Swimming Spring National Championship"
"Men ","25-29","1650","Freestyle","1","19:42.08"," Andrew M Goard","M29","USF","385S-0B5B3","02-23-2025","The City Mile"
"Men ","25-29","1650","Freestyle","2","24:05.35"," Connor N Anderson","M29","UC38","385P-VB4EH","02-23-2025","The City Mile"
"Men ","25-29","50","Backstroke","1","22.77"," Andy Song","M26","TOC","385B-Z3RFY","02-22-2025","2025 Splash &amp; Dash Sprint Pentathlon"
"Men ","25-29","50","Backstroke","2","23.43"," Kyle C Millis","M25","TOC","385D-1JS70","02-22-2025","2025 Splash &amp; Dash Sprint Pentathlon"
"Men ","25-29","50","Backstroke","3","23.56"," Mark W Andrew","M27","TOC","385H-8N4WX","02-22-2025","2025 Splash &amp; Dash Sprint Pentathlon"
"Men ","25-29","50","Backstroke","4","23.97"," Reed H Malone","M29","TOC","384W-DCWHN","","2024 U.S. Masters Swimming Spring National Championship"
"Men ","25-29","50","Backstroke","5","24.81"," Julian Mackrel","M29","TOC","3853-BA1NU","02-22-2025","2025 Splash &amp; Dash Sprint Pentathlon"
"Men ","25-29","50","Backstroke","6","25.24"," Kevin Dang","M27","TOC","385D-2XUXE","02-22-2025","2025 Splash &amp; Dash Sprint Pentathlon"
"Men ","25-29","50","Backstroke","7","25.75"," Murphy J McQuet","M27","TOC","385S-GT4CK","02-22-2025","2025 Splash &amp; Dash Sprint Pentathlon"
"Men ","25-29","50","Backstroke","8","25.94"," Karl Arvidsson","M26","TOC","385T-RGKZR","02-08-2025","USF Valentine's Affair"
"Men ","25-29","50","Backstroke","9","26.02"," Alexander D Gilchrist","M27","TVM","3855-548H0","03-01-2025","TVM Spring Classic - 2025"
"Men ","25-29","50","Backstroke","10","26.11"," Carter O Jacobsen","M28","TOC","385V-3D6RV","02-22-2025","2025 Splash &amp; Dash Sprint Pentathlon"
"Men ","25-29","50","Backstroke","11","26.33"," Shane W Forker","M26","TOC","385S-J7XTN","02-22-2025","2025 Splash &amp; Dash Sprint Pentathlon"
"Men ","25-29","50","Backstroke","12","26.46"," Benjamin J Cono","M28","TOC","385U-NZSVD","02-22-2025","2025 Splash &amp; Dash Sprint Pentathlon"
"Men ","25-29","50","Backstroke","13","27.9"," Jonathan Chow","M29","TSUN","385V-Y3HF5","02-08-2025","USF Valentine's Affair"
"Men ","25-29","50","Backstroke","14","28.79"," Joshua C Smithen","M25","CVM","3857-60HKT","03-02-2025","Silver State Masters SCY"
"Men ","25-29","50","Backstroke","15","29.09"," Alexander T Borowsky","M28","STAN","3855-09M4J","02-08-2025","USF Valentine's Affair"
"Men ","25-29","50","Backstroke","16","30.2"," Connor Flanery","M25","STAN","385W-J4088","02-08-2025","USF Valentine's Affair"
"Men ","25-29","100","Backstroke","1","1:00.07"," Kevin Baumann","M28","SRVM","385Y-J5U3U","02-08-2025","USF Valentine's Affair"
"Men ","25-29","100","Backstroke","2","1:02.35"," Robert J Ciano","M25","SMM","385W-BJHC0","03-01-2025","TVM Spring Classic - 2025"
"Men ","25-29","100","Backstroke","3","1:02.85"," Matt Proctor","M25","UC38","385U-FC581","03-01-2025","TVM Spring Classic - 2025"
"Men ","25-29","50","Breaststroke","1","25.19"," Benjamin J Cono","M28","TOC","385U-NZSVD","02-22-2025","2025 Splash &amp; Dash Sprint Pentathlon"
"Men ","25-29","50","Breaststroke","2","25.43"," Mark W Andrew","M27","TOC","385H-8N4WX","02-22-2025","2025 Splash &amp; Dash Sprint Pentathlon"
"Men ","25-29","50","Breaststroke","3","25.71"," Julian Mackrel","M29","TOC","3841-BA1NU","06-20-2024","2024 U.S. Masters Swimming Spring National Championship"
"Men ","25-29","50","Breaststroke","4","26.8"," Hank Poppe","M26","TOC","385G-PRRZ6","02-08-2025","USF Valentine's Affair"
"Men ","25-29","50","Breaststroke","5","28.08"," Shane W Forker","M26","TOC","385S-J7XTN","02-22-2025","2025 Splash &amp; Dash Sprint Pentathlon"
"Men ","25-29","50","Breaststroke","6","28.15"," CHUCK LEE","M28","SJCF","385A-G5E5X","03-22-2025","2025 Montana SCY Championships"
"Men ","25-29","50","Breaststroke","7","28.21"," Alexander D Gilchrist","M27","TVM","3855-548H0","03-01-2025","TVM Spring Classic - 2025"
"Men ","25-29","50","Breaststroke","8","28.28"," Andy Song","M26","TOC","385B-Z3RFY","02-22-2025","2025 Splash &amp; Dash Sprint Pentathlon"
"Men ","25-29","50","Breaststroke","9","28.46"," Kevin Dang","M27","TOC","385D-2XUXE","02-22-2025","2025 Splash &amp; Dash Sprint Pentathlon"
"Men ","25-29","50","Breaststroke","10","29.62"," Jack Niles","M27","SRM","385Z-J8F03","02-22-2025","2025 Splash &amp; Dash Sprint Pentathlon"
"Men ","25-29","50","Breaststroke","11","29.64"," Carter O Jacobsen","M28","TOC","385V-3D6RV","02-22-2025","2025 Splash &amp; Dash Sprint Pentathlon"
"Men ","25-29","50","Breaststroke","12","30.12"," Kyle C Millis","M25","TOC","385D-1JS70","02-22-2025","2025 Splash &amp; Dash Sprint Pentathlon"
"Men ","25-29","50","Breaststroke","13","30.36"," Murphy J McQuet","M27","TOC","385S-GT4CK","02-22-2025","2025 Splash &amp; Dash Sprint Pentathlon"
"Men ","25-29","50","Breaststroke","14","31.14"," Atharva Deshmukh","M26","STAN","3850-S3GN4","02-08-2025","USF Valentine's Affair"
"Men ","25-29","50","Breaststroke","15","31.14"," Kevin Baumann","M28","SRVM","385Y-J5U3U","03-01-2025","TVM Spring Classic - 2025"
"Men ","25-29","50","Breaststroke","16","31.33"," Pierce Bartine","M29","UC38","385J-3CA1V","02-08-2025","USF Valentine's Affair"
"Men ","25-29","50","Breaststroke","17","32.31"," Connor Flanery","M25","STAN","385W-J4088","02-08-2025","USF Valentine's Affair"
"Men ","25-29","50","Breaststroke","18","33.73"," Marc A Taniguchi","M28","TSUN","3858-BF5PZ","02-08-2025","USF Valentine's Affair"
"Men ","25-29","50","Breaststroke","19","34.01"," Patrick O MacDonald","M29","TSUN","384H-B7811","12-07-2024","THRICE is Nice!"
"Men ","25-29","50","Breaststroke","20","36.66"," Jacob S Hulti","M26","TEME","385V-DV76E","02-22-2025","2025 Splash &amp; Dash Sprint Pentathlon"
"Men ","25-29","100","Breaststroke","1","57.07"," Julian Mackrel","M29","TOC","3841-BA1NU","06-23-2024","2024 U.S. Masters Swimming Spring National Championship"
"Men ","25-29","100","Breaststroke","2","57.61"," Mark W Andrew","M27","TOC","385H-8N4WX","02-08-2025","USF Valentine's Affair"
"Men ","25-29","100","Breaststroke","3","57.81"," Karl Arvidsson","M26","TOC","385T-RGKZR","02-08-2025","USF Valentine's Affair"
"Men ","25-29","100","Breaststroke","4","58.31"," Hank Poppe","M26","TOC","385G-PRRZ6","02-08-2025","USF Valentine's Affair"
"Men ","25-29","100","Breaststroke","5","1:06.14"," Jack Niles","M27","SRM","385Z-J8F03","01-18-2025","2025 Santa Rosa Masters Resolution Meet"
"Men ","25-29","100","Breaststroke","6","1:06.91"," Kevin Baumann","M28","SRVM","385Y-J5U3U","03-01-2025","TVM Spring Classic - 2025"
"Men ","25-29","100","Breaststroke","7","1:08.16"," Aric M Lang","M27","TSUN","385W-55088","02-08-2025","USF Valentine's Affair"
"Men ","25-29","100","Breaststroke","8","1:08.57"," Atharva Deshmukh","M26","STAN","3850-S3GN4","02-08-2025","USF Valentine's Affair"
"Men ","25-29","100","Breaststroke","9","1:13.42"," Patrick O MacDonald","M29","TSUN","385Z-B7811","01-18-2025","2025 Santa Rosa Masters Resolution Meet"
"Men ","25-29","100","Breaststroke","10","1:20.93"," Marc A Taniguchi","M28","TSUN","3858-BF5PZ","02-08-2025","USF Valentine's Affair"
"Men ","25-29","200","Breaststroke","1","2:47.32"," Patrick O MacDonald","M29","TSUN","384H-B7811","12-07-2024","THRICE is Nice!"
"Men ","25-29","50","Butterfly","1","22.33"," Mark W Andrew","M27","TOC","385H-8N4WX","02-22-2025","2025 Splash &amp; Dash Sprint Pentathlon"
"Men ","25-29","50","Butterfly","2","22.41"," Christopher Staka","M26","UC38","3851-YK94P","03-01-2025","TVM Spring Classic - 2025"
"Men ","25-29","50","Butterfly","3","22.62"," Andy Song","M26","TOC","385B-Z3RFY","02-22-2025","2025 Splash &amp; Dash Sprint Pentathlon"
"Men ","25-29","50","Butterfly","4","23.13"," Kyle C Millis","M25","TOC","385D-1JS70","02-22-2025","2025 Splash &amp; Dash Sprint Pentathlon"
"Men ","25-29","50","Butterfly","5","23.26"," Benjamin J Cono","M28","TOC","385U-NZSVD","02-22-2025","2025 Splash &amp; Dash Sprint Pentathlon"
"Men ","25-29","50","Butterfly","6","23.37"," Murphy J McQuet","M27","TOC","385S-GT4CK","02-22-2025","2025 Splash &amp; Dash Sprint Pentathlon"
"Men ","25-29","50","Butterfly","7","23.41"," Julian Mackrel","M29","TOC","3853-BA1NU","02-22-2025","2025 Splash &amp; Dash Sprint Pentathlon"
"Men ","25-29","50","Butterfly","8","23.49"," Hank Poppe","M26","TOC","385G-PRRZ6","02-08-2025","USF Valentine's Affair"
"Men ","25-29","50","Butterfly","9","23.79"," Shane W Forker","M26","TOC","385S-J7XTN","02-22-2025","2025 Splash &amp; Dash Sprint Pentathlon"
"Men ","25-29","50","Butterfly","10","23.9"," Ben W Lawless","M28","UC38","385F-79CTK","02-08-2025","USF Valentine's Affair"
"Men ","25-29","50","Butterfly","11","24.11"," Kevin Dang","M27","TOC","385D-2XUXE","02-22-2025","2025 Splash &amp; Dash Sprint Pentathlon"
"Men ","25-29","50","Butterfly","12","24.14"," Carter O Jacobsen","M28","TOC","385V-3D6RV","02-22-2025","2025 Splash &amp; Dash Sprint Pentathlon"
"Men ","25-29","50","Butterfly","13","24.24"," Alexander D Gilchrist","M27","TVM","3855-548H0","03-01-2025","TVM Spring Classic - 2025"
"Men ","25-29","50","Butterfly","14","24.31"," Karl Arvidsson","M26","TOC","385T-RGKZR","02-08-2025","USF Valentine's Affair"
"Men ","25-29","50","Butterfly","15","25.59"," Jonathan Chow","M29","TSUN","385V-Y3HF5","02-08-2025","USF Valentine's Affair"
"Men ","25-29","50","Butterfly","16","25.7"," Eric T Mueller","M29","UC38","384Y-0B427","10-06-2024","2024 BAMFest"
"Men ","25-29","50","Butterfly","17","25.82"," Ian M Cook","M25","USF","3854-0B8XT","02-08-2025","USF Valentine's Affair"
"Men ","25-29","50","Butterfly","18","26.05"," Alexander T Borowsky","M28","STAN","3855-09M4J","02-08-2025","USF Valentine's Affair"
"Men ","25-29","50","Butterfly","19","26.39"," Pierce Bartine","M29","UC38","385J-3CA1V","02-08-2025","USF Valentine's Affair"
"Men ","25-29","50","Butterfly","20","26.78"," Richard Chen","M29","UC38","3857-WSBXU","03-09-2025","Short and Sweet Meet"
"Men ","25-29","50","Butterfly","21","26.98"," Aric M Lang","M27","TSUN","385W-55088","02-08-2025","USF Valentine's Affair"
"Men ","25-29","50","Butterfly","22","27.25"," Robert J Ciano","M25","SMM","385W-BJHC0","03-01-2025","TVM Spring Classic - 2025"
"Men ","25-29","50","Butterfly","23","28.63"," Jackson S Kenyon","M27","USF","385W-4XWW7","02-08-2025","USF Valentine's Affair"
"Men ","25-29","50","Butterfly","24","33.48"," mihir R gokhale","M26","TSUN","385R-GY265","02-08-2025","USF Valentine's Affair"
"Men ","25-29","100","Butterfly","1","50.25"," Reed H Malone","M29","TOC","384W-DCWHN","06-22-2024","2024 U.S. Masters Swimming Spring National Championship"
"Men ","25-29","100","Butterfly","2","52.85"," Mihail Amiorkov","M26","USF","385U-VG22T","02-08-2025","USF Valentine's Affair"
"Men ","25-29","100","Butterfly","3","53.73"," CHUCK LEE","M28","SJCF","385A-G5E5X","03-22-2025","2025 Montana SCY Championships"
"Men ","25-29","100","Butterfly","4","53.78"," Julian Mackrel","M29","TOC","3853-BA1NU","02-08-2025","USF Valentine's Affair"
"Men ","25-29","100","Butterfly","5","56.21"," Eric T Mueller","M29","UC38","384Y-0B427","06-22-2024","2024 U.S. Masters Swimming Spring National Championship"
"Men ","25-29","100","Butterfly","6","1:01.41"," Alexander T Borowsky","M28","STAN","3855-09M4J","02-08-2025","USF Valentine's Affair"
"Men ","25-29","100","Butterfly","7","1:03.32"," Miguel E Mattox","M29","NBA","385Y-WC9UZ","01-18-2025","2025 Santa Rosa Masters Resolution Meet"
"Men ","25-29","100","Butterfly","8","1:04.76"," Andrew M Goard","M29","USF","385S-0B5B3","02-08-2025","USF Valentine's Affair"
"Men ","25-29","100","Butterfly","9","1:05.81"," Zachary Cecchetti","M29","QSS","385T-6C6UB","01-18-2025","2025 Santa Rosa Masters Resolution Meet"
"Men ","25-29","100","Butterfly","10","1:11.79"," Justin Yue","M27","TSUN","385C-4RXYN","01-18-2025","2025 Santa Rosa Masters Resolution Meet"
"Men ","25-29","100","Individual Medley","1","50.12"," Mark W Andrew","M27","TOC","385H-8N4WX","02-22-2025","2025 Splash &amp; Dash Sprint Pentathlon"
"Men ","25-29","100","Individual Medley","2","51.44"," Julian Mackrel","M29","TOC","3841-BA1NU","06-21-2024","2024 U.S. Masters Swimming Spring National Championship"
"Men ","25-29","100","Individual Medley","3","52.22"," Benjamin J Cono","M28","TOC","385U-NZSVD","02-22-2025","2025 Splash &amp; Dash Sprint Pentathlon"
"Men ","25-29","100","Individual Medley","4","52.22"," Andy Song","M26","TOC","385B-Z3RFY","02-22-2025","2025 Splash &amp; Dash Sprint Pentathlon"
"Men ","25-29","100","Individual Medley","5","52.43"," Reed H Malone","M29","TOC","384W-DCWHN","06-21-2024","2024 U.S. Masters Swimming Spring National Championship"
"Men ","25-29","100","Individual Medley","6","54"," Shane W Forker","M26","TOC","385S-J7XTN","02-22-2025","2025 Splash &amp; Dash Sprint Pentathlon"
"Men ","25-29","100","Individual Medley","7","54.51"," Kyle C Millis","M25","TOC","385D-1JS70","02-22-2025","2025 Splash &amp; Dash Sprint Pentathlon"
"Men ","25-29","100","Individual Medley","8","54.69"," Mihail Amiorkov","M26","USF","385U-VG22T","02-08-2025","USF Valentine's Affair"
"Men ","25-29","100","Individual Medley","9","55.38"," Kevin Dang","M27","TOC","385D-2XUXE","02-22-2025","2025 Splash &amp; Dash Sprint Pentathlon"
"Men ","25-29","100","Individual Medley","10","56.1"," Carter O Jacobsen","M28","TOC","385V-3D6RV","02-22-2025","2025 Splash &amp; Dash Sprint Pentathlon"
"Men ","25-29","100","Individual Medley","11","57.13"," Murphy J McQuet","M27","TOC","385S-GT4CK","02-22-2025","2025 Splash &amp; Dash Sprint Pentathlon"
"Men ","25-29","100","Individual Medley","12","58.46"," Jonathan Chow","M29","TSUN","385V-Y3HF5","02-08-2025","USF Valentine's Affair"
"Men ","25-29","100","Individual Medley","13","1:00.92"," Kevin Baumann","M28","SRVM","385Y-J5U3U","02-08-2025","USF Valentine's Affair"
"Men ","25-29","100","Individual Medley","14","1:01.56"," Eric T Mueller","M29","UC38","384Y-0B427","10-06-2024","2024 BAMFest"
"Men ","25-29","100","Individual Medley","15","1:02.21"," Joshua C Smithen","M25","CVM","3857-60HKT","03-02-2025","Silver State Masters SCY"
"Men ","25-29","100","Individual Medley","16","1:02.63"," Aric M Lang","M27","TSUN","385W-55088","02-08-2025","USF Valentine's Affair"
"Men ","25-29","100","Individual Medley","17","1:02.67"," Daniel McGowan","M29","UC38","3843-3C25N","06-21-2024","2024 U.S. Masters Swimming Spring National Championship"
"Men ","25-29","100","Individual Medley","18","1:03.07"," Robert J Ciano","M25","SMM","385W-BJHC0","03-01-2025","TVM Spring Classic - 2025"
"Men ","25-29","100","Individual Medley","19","1:04.11"," Andrew M Goard","M29","USF","385S-0B5B3","02-08-2025","USF Valentine's Affair"
"Men ","25-29","100","Individual Medley","20","1:04.22"," Miguel E Mattox","M29","NBA","385Y-WC9UZ","01-18-2025","2025 Santa Rosa Masters Resolution Meet"
"Men ","25-29","100","Individual Medley","21","1:04.28"," Alexander T Borowsky","M28","STAN","3855-09M4J","02-08-2025","USF Valentine's Affair"
"Men ","25-29","100","Individual Medley","22","1:04.33"," Matt Proctor","M25","UC38","385U-FC581","03-01-2025","TVM Spring Classic - 2025"
"Men ","25-29","100","Individual Medley","23","1:04.64"," Patrick O MacDonald","M29","TSUN","385Z-B7811","01-18-2025","2025 Santa Rosa Masters Resolution Meet"
"Men ","25-29","100","Individual Medley","24","1:04.73"," Atharva Deshmukh","M26","STAN","3850-S3GN4","02-08-2025","USF Valentine's Affair"
"Men ","25-29","100","Individual Medley","25","1:07.90"," Jacob S Hulti","M26","TEME","385V-DV76E","02-22-2025","2025 Splash &amp; Dash Sprint Pentathlon"
"Men ","25-29","100","Individual Medley","26","1:07.94"," Justin Yue","M27","TSUN","385C-4RXYN","02-08-2025","USF Valentine's Affair"
"Men ","25-29","100","Individual Medley","27","1:20.10"," mihir R gokhale","M26","TSUN","385R-GY265","02-08-2025","USF Valentine's Affair"
"Men ","25-29","200","Individual Medley","1","2:09.98"," Eric T Mueller","M29","UC38","384Y-0B427","06-22-2024","2024 U.S. Masters Swimming Spring National Championship"
"Men ","25-29","200","Individual Medley","2","2:15.08"," Kevin Baumann","M28","SRVM","385Y-J5U3U","03-01-2025","TVM Spring Classic - 2025"
"Men ","25-29","200","Individual Medley","3","2:21.76"," Matt Proctor","M25","UC38","385U-FC581","03-01-2025","TVM Spring Classic - 2025"
"Men ","25-29","200","Individual Medley","4","2:24.30"," Patrick O MacDonald","M29","TSUN","384H-B7811","06-22-2024","2024 U.S. Masters Swimming Spring National Championship"
"Men ","30-34","50","Freestyle","1","20.95"," Eduardo I Solaeche","M31","TOC","385K-ZFHSG","02-22-2025","2025 Splash &amp; Dash Sprint Pentathlon"
"Men ","30-34","50","Freestyle","2","21.15"," Daniel D Wall","M34","TOC","384K-G7BDN","06-21-2024","2024 U.S. Masters Swimming Spring National Championship"
"Men ","30-34","50","Freestyle","3","22.56"," Kyle A Scalise","M30","UC38","385P-SP12P","03-02-2025","Silver State Masters SCY"
"Men ","30-34","50","Freestyle","4","22.67"," Lee D Ward","M31","WCM","385D-09966","02-08-2025","USF Valentine's Affair"
"Men ","30-34","50","Freestyle","5","22.74"," Aaron A Athanas","M30","TOC","385T-0ATTD","02-22-2025","2025 Splash &amp; Dash Sprint Pentathlon"
"Men ","30-34","50","Freestyle","6","23.21"," Nolan R Bethely","M34","UC38","385A-5UPVS","02-22-2025","2025 Splash &amp; Dash Sprint Pentathlon"
"Men ","30-34","50","Freestyle","7","23.26"," Armon Keshmiri","M31","SJCF","3852-0V23K","01-18-2025","2025 Santa Rosa Masters Resolution Meet"
"Men ","30-34","50","Freestyle","8","23.53"," Charlie Putnam","M32","USF","385Z-0A0DK","02-08-2025","USF Valentine's Affair"
"Men ","30-34","50","Freestyle","9","23.54"," Andres A Simauchi","M34","USF","385K-0A83E","02-08-2025","USF Valentine's Affair"
"Men ","30-34","50","Freestyle","10","23.66"," Kyle Adams","M34","USF","385V-B1GPX","02-08-2025","USF Valentine's Affair"
"Men ","30-34","50","Freestyle","11","23.73"," Pieter Derdeyn","M31","TSUN","3855-HDF4B","02-08-2025","USF Valentine's Affair"
"Men ","30-34","50","Freestyle","12","24"," Eric T Mueller","M30","UC38","385W-0B427","01-18-2025","2025 Santa Rosa Masters Resolution Meet"
"Men ","30-34","50","Freestyle","13","24.19"," Evan D Weyrauch","M31","SNM","385K-DVGSF","03-02-2025","Silver State Masters SCY"
"Men ","30-34","50","Freestyle","14","24.22"," Kevin Dorn","M31","SJCF","385G-1AVAM","02-08-2025","USF Valentine's Affair"
"Men ","30-34","50","Freestyle","15","24.24"," David J Sallee","M34","SRM","3854-RFN1X","02-22-2025","2025 Splash &amp; Dash Sprint Pentathlon"
"Men ","30-34","50","Freestyle","16","24.27"," Jake Shapiro","M32","MAM","3857-0KCEG","02-22-2025","2025 Splash &amp; Dash Sprint Pentathlon"
"Men ","30-34","50","Freestyle","17","24.45"," Timothy Wang","M32","MVM","3859-YAN0S","02-22-2025","2025 Splash &amp; Dash Sprint Pentathlon"
"Men ","30-34","50","Freestyle","18","24.66"," steven Lorenzen","M31","UC38","385X-XANZR","02-22-2025","2025 Splash &amp; Dash Sprint Pentathlon"
"Men ","30-34","50","Freestyle","19","24.88"," Jan D Stepinski","M33","UC38","3851-0B6G9","02-08-2025","USF Valentine's Affair"
"Men ","30-34","50","Freestyle","20","24.98"," Kevin Crooks","M31","TSUN","385J-ASY6F","02-22-2025","2025 Splash &amp; Dash Sprint Pentathlon"
"Men ","30-34","50","Freestyle","21","25"," Yue Shen Gu","M31","WCM","384D-A8APZ","06-21-2024","2024 U.S. Masters Swimming Spring National Championship"
"Men ","30-34","50","Freestyle","22","25.47"," Kaia Peacock","M32","TSUN","3859-08AE7","02-08-2025","USF Valentine's Affair"
"Men ","30-34","50","Freestyle","23","25.92"," Brandon J Sauder","M31","SACMA","385E-3JTWM","02-22-2025","2025 Splash &amp; Dash Sprint Pentathlon"
"Men ","30-34","50","Freestyle","24","25.96"," Shane T Blundell","M30","SJCF","3842-1D4H0","12-07-2024","THRICE is Nice!"
"Men ","30-34","50","Freestyle","25","26.31"," Aaron J Ojalvo","M32","TEME","385G-MARS2","02-22-2025","2025 Splash &amp; Dash Sprint Pentathlon"
"Men ","30-34","50","Freestyle","26","26.4"," Nathan Leber","M32","USF","3858-0A8YB","02-08-2025","USF Valentine's Affair"
"Men ","30-34","50","Freestyle","27","27.32"," Michael R Thomas","M32","MVM","385M-07X03","02-22-2025","2025 Splash &amp; Dash Sprint Pentathlon"
"Men ","30-34","50","Freestyle","28","27.34"," Kellen O'Connor","M34","ECAM","3859-UHPHG","02-22-2025","2025 Splash &amp; Dash Sprint Pentathlon"
"Men ","30-34","50","Freestyle","29","27.45"," Nick W Nuñez","M30","QSS","385E-0B6G6","03-01-2025","TVM Spring Classic - 2025"
"Men ","30-34","50","Freestyle","30","27.88"," Edouard Burlet","M31","TSUN","385F-V73GX","02-08-2025","USF Valentine's Affair"
"Men ","30-34","50","Freestyle","31","28.82"," David Ivan","M32","USF","3851-RVA63","02-08-2025","USF Valentine's Affair"
"Men ","30-34","50","Freestyle","32","29.37"," Jair Bautista","M32","SACMA","3858-TWM70","02-22-2025","2025 Splash &amp; Dash Sprint Pentathlon"
"Men ","30-34","50","Freestyle","33","34.87"," Giovanni A Castillo","M30","SJCF","3854-NKYYS","02-08-2025","USF Valentine's Affair"
"Men ","30-34","100","Freestyle","1","45.92"," Eduardo I Solaeche","M30","TOC","384N-ZFHSG","06-20-2024","2024 U.S. Masters Swimming Spring National Championship"
"Men ","30-34","100","Freestyle","2","47.62"," Daniel D Wall","M34","TOC","384K-G7BDN","06-20-2024","2024 U.S. Masters Swimming Spring National Championship"
"Men ","30-34","100","Freestyle","3","48.46"," Jon Christensen","M34","USF","385Y-08BTJ","02-08-2025","USF Valentine's Affair"
"Men ","30-34","100","Freestyle","4","48.78"," Rob H Newell","M34","TOC","3850-09H84","02-08-2025","USF Valentine's Affair"
"Men ","30-34","100","Freestyle","5","50.06"," Aaron A Athanas","M30","TOC","385T-0ATTD","02-08-2025","USF Valentine's Affair"
"Men ","30-34","100","Freestyle","6","50.59"," Armon Keshmiri","M31","SJCF","3852-0V23K","01-18-2025","2025 Santa Rosa Masters Resolution Meet"
"Men ","30-34","100","Freestyle","7","50.71"," Kyle A Scalise","M30","UC38","385P-SP12P","03-02-2025","Silver State Masters SCY"
"Men ","30-34","100","Freestyle","8","51.37"," Kyle Adams","M34","USF","385V-B1GPX","02-08-2025","USF Valentine's Affair"
"Men ","30-34","100","Freestyle","9","51.41"," Ben R Watkins","M34","QSS","384R-9Y53U","06-20-2024","2024 U.S. Masters Swimming Spring National Championship"
"Men ","30-34","100","Freestyle","10","51.77"," Eric R Hallman","M33","STAN","3852-0AAJ7","03-15-2025","2025 Swedish Fish March Madness Masters Meet"
"Men ","30-34","100","Freestyle","11","52.65"," Eric T Mueller","M30","UC38","385W-0B427","02-08-2025","USF Valentine's Affair"
"Men ","30-34","100","Freestyle","12","52.69"," Evan D Weyrauch","M31","SNM","385K-DVGSF","03-02-2025","Silver State Masters SCY"
"Men ","30-34","100","Freestyle","13","53.44"," Jan D Stepinski","M33","UC38","3851-0B6G9","02-08-2025","USF Valentine's Affair"
"Men ","30-34","100","Freestyle","14","54"," Kevin Dorn","M31","SJCF","385G-1AVAM","02-08-2025","USF Valentine's Affair"
"Men ","30-34","100","Freestyle","15","54.38"," Philip Massoud","M30","UC38","385E-7GGB6","03-02-2025","Silver State Masters SCY"
"Men ","30-34","100","Freestyle","16","54.6"," Andres A Simauchi","M34","USF","385K-0A83E","02-08-2025","USF Valentine's Affair"
"Men ","30-34","100","Freestyle","17","56"," Austin W Jones","M33","TSUN","385B-P9B29","02-08-2025","USF Valentine's Affair"
"Men ","30-34","100","Freestyle","18","56.15"," Pieter Derdeyn","M31","TSUN","3855-HDF4B","02-08-2025","USF Valentine's Affair"
"Men ","30-34","100","Freestyle","19","56.53"," Kaia Peacock","M32","TSUN","3859-08AE7","02-08-2025","USF Valentine's Affair"
"Men ","30-34","100","Freestyle","20","56.73"," Shane T Blundell","M30","SJCF","3854-1D4H0","02-08-2025","USF Valentine's Affair"
"Men ","30-34","100","Freestyle","21","58.52"," Nathan Leber","M32","USF","3858-0A8YB","02-08-2025","USF Valentine's Affair"
"Men ","30-34","100","Freestyle","22","1:01.33"," Nick W Nuñez","M30","QSS","385E-0B6G6","03-01-2025","TVM Spring Classic - 2025"
"Men ","30-34","100","Freestyle","23","1:01.49"," Edouard Burlet","M31","TSUN","385F-V73GX","02-08-2025","USF Valentine's Affair"
"Men ","30-34","100","Freestyle","24","1:01.80"," Michael R Thomas","M32","MVM","385M-07X03","03-01-2025","TVM Spring Classic - 2025"
"Men ","30-34","100","Freestyle","25","1:05.75"," David Ivan","M32","USF","3851-RVA63","02-08-2025","USF Valentine's Affair"
"Men ","30-34","100","Freestyle","26","1:07.21"," Patrick A Farley","M33","USF","3859-0A7BA","02-08-2025","USF Valentine's Affair"
"Men ","30-34","100","Freestyle","27","1:20.35"," Giovanni A Castillo","M30","SJCF","3854-NKYYS","02-08-2025","USF Valentine's Affair"
"Men ","30-34","200","Freestyle","1","1:45.73"," Daniel D Wall","M34","TOC","384K-G7BDN","06-21-2024","2024 U.S. Masters Swimming Spring National Championship"
"Men ","30-34","200","Freestyle","2","1:49.69"," Jon Christensen","M34","USF","385Y-08BTJ","12-07-2024","THRICE is Nice!"
"Men ","30-34","200","Freestyle","3","1:54.52"," Jonathan D Brodie","M30","SFGG","385K-0835K","03-01-2025","TVM Spring Classic - 2025"
"Men ","30-34","200","Freestyle","4","2:00.68"," Eric T Mueller","M30","UC38","384Y-0B427","11-23-2024","2024 SLOS Pumpkin Pie Invite"
"Men ","30-34","200","Freestyle","5","2:03.33"," Evan D Weyrauch","M31","SNM","385K-DVGSF","03-02-2025","Silver State Masters SCY"
"Men ","30-34","200","Freestyle","6","2:06.69"," Kevin R Moy","M32","STAN","384V-07WS5","11-10-2024","Brian Lee Classic"
"Men ","30-34","200","Freestyle","7","2:07.88"," Philip Massoud","M30","UC38","385E-7GGB6","03-02-2025","Silver State Masters SCY"
"Men ","30-34","200","Freestyle","8","2:12.47"," Yue Shen Gu","M32","WCM","385F-A8APZ","03-09-2025","Short and Sweet Meet"
"Men ","30-34","200","Freestyle","9","2:16.13"," Nick W Nuñez","M30","QSS","385E-0B6G6","03-09-2025","Short and Sweet Meet"
"Men ","30-34","200","Freestyle","10","2:21.93"," Michael R Thomas","M32","MVM","385M-07X03","03-01-2025","TVM Spring Classic - 2025"
"Men ","30-34","200","Freestyle","11","2:27.86"," Jair Bautista","M32","SACMA","3858-TWM70","03-09-2025","Short and Sweet Meet"
"Men ","30-34","500","Freestyle","1","4:57.41"," Daniel D Wall","M34","TOC","384K-G7BDN","06-21-2024","2024 U.S. Masters Swimming Spring National Championship"
"Men ","30-34","500","Freestyle","2","6:22.75"," Nick W Nuñez","M30","QSS","385E-0B6G6","03-09-2025","Short and Sweet Meet"
"Men ","30-34","500","Freestyle","3","6:46.54"," Jair Bautista","M32","SACMA","3858-TWM70","03-09-2025","Short and Sweet Meet"
"Men ","30-34","500","Freestyle","4","7:08.08"," Michael R Thomas","M32","MVM","385M-07X03","03-09-2025","Short and Sweet Meet"
"Men ","30-34","1000","Freestyle","1","10:43.11"," Jon Christensen","M34","USF","385Y-08BTJ","","The City Mile"
"Men ","30-34","1650","Freestyle","1","17:49.17"," Jon Christensen","M34","USF","385Y-08BTJ","02-23-2025","The City Mile"
"Men ","30-34","1650","Freestyle","2","18:04.29"," Matthew A Valentine","M30","USF","385E-0AK7H","02-23-2025","The City Mile"
"Men ","30-34","1650","Freestyle","3","20:25.44"," Mauricio Ponce","M32","BAC","3854-06ZVV","02-23-2025","The City Mile"
"Men ","30-34","1650","Freestyle","4","21:11.06"," Harrison J Kwan","M30","BAC","385G-0938U","02-23-2025","The City Mile"
"Men ","30-34","1650","Freestyle","5","21:31.68"," Nathan Leber","M32","USF","3858-0A8YB","02-23-2025","The City Mile"
"Men ","30-34","1650","Freestyle","6","24:00.14"," Jair Bautista","M32","SACMA","3858-TWM70","02-23-2025","The City Mile"
"Men ","30-34","1650","Freestyle","7","25:32.28"," Michael R Thomas","M32","MVM","385M-07X03","02-23-2025","The City Mile"
"Men ","30-34","50","Backstroke","1","23.47"," Eduardo I Solaeche","M30","TOC","384N-ZFHSG","","2024 U.S. Masters Swimming Spring National Championship"
"Men ","30-34","50","Backstroke","2","25.36"," Jonathan D Brodie","M30","SFGG","384N-0835K","12-07-2024","THRICE is Nice!"
"Men ","30-34","50","Backstroke","3","25.79"," Aaron A Athanas","M30","TOC","385T-0ATTD","02-22-2025","2025 Splash &amp; Dash Sprint Pentathlon"
"Men ","30-34","50","Backstroke","4","25.9"," Charlie Putnam","M32","USF","385Z-0A0DK","02-08-2025","USF Valentine's Affair"
"Men ","30-34","50","Backstroke","5","26.5"," Jon Christensen","M34","USF","385Y-08BTJ","12-07-2024","THRICE is Nice!"
"Men ","30-34","50","Backstroke","6","27.54"," Kyle Adams","M34","USF","385V-B1GPX","02-08-2025","USF Valentine's Affair"
"Men ","30-34","50","Backstroke","7","28.9"," Armon Keshmiri","M31","SJCF","3840-0V23K","12-07-2024","THRICE is Nice!"
"Men ","30-34","50","Backstroke","8","28.92"," steven Lorenzen","M31","UC38","385X-XANZR","02-22-2025","2025 Splash &amp; Dash Sprint Pentathlon"
"Men ","30-34","50","Backstroke","9","29.05"," Kevin Dorn","M31","SJCF","384J-1AVAM","12-07-2024","THRICE is Nice!"
"Men ","30-34","50","Backstroke","10","29.29"," Jake Shapiro","M32","MAM","3857-0KCEG","02-22-2025","2025 Splash &amp; Dash Sprint Pentathlon"
"Men ","30-34","50","Backstroke","11","29.3"," Kevin Crooks","M31","TSUN","385J-ASY6F","02-22-2025","2025 Splash &amp; Dash Sprint Pentathlon"
"Men ","30-34","50","Backstroke","12","29.31"," David J Sallee","M34","SRM","3854-RFN1X","02-22-2025","2025 Splash &amp; Dash Sprint Pentathlon"
"Men ","30-34","50","Backstroke","13","29.36"," Kevin R Moy","M32","STAN","384V-07WS5","11-10-2024","Brian Lee Classic"
"Men ","30-34","50","Backstroke","14","29.82"," Timothy Wang","M32","MVM","3859-YAN0S","02-22-2025","2025 Splash &amp; Dash Sprint Pentathlon"
"Men ","30-34","50","Backstroke","15","30.89"," Austin W Jones","M33","TSUN","385B-P9B29","02-08-2025","USF Valentine's Affair"
"Men ","30-34","50","Backstroke","16","31.71"," Brandon J Sauder","M31","SACMA","385E-3JTWM","02-22-2025","2025 Splash &amp; Dash Sprint Pentathlon"
"Men ","30-34","50","Backstroke","17","31.87"," Nathan Leber","M32","USF","3858-0A8YB","02-08-2025","USF Valentine's Affair"
"Men ","30-34","50","Backstroke","18","32.19"," Kellen O'Connor","M34","ECAM","3859-UHPHG","02-22-2025","2025 Splash &amp; Dash Sprint Pentathlon"
"Men ","30-34","50","Backstroke","19","33.18"," Aaron J Ojalvo","M32","TEME","385G-MARS2","02-22-2025","2025 Splash &amp; Dash Sprint Pentathlon"
"Men ","30-34","50","Backstroke","20","33.57"," Michael R Thomas","M32","MVM","385M-07X03","02-22-2025","2025 Splash &amp; Dash Sprint Pentathlon"
"Men ","30-34","50","Backstroke","21","35.66"," Yue Shen Gu","M32","WCM","385F-A8APZ","02-22-2025","2025 Splash &amp; Dash Sprint Pentathlon"
"Men ","30-34","50","Backstroke","22","36.34"," Jair Bautista","M32","SACMA","3858-TWM70","02-22-2025","2025 Splash &amp; Dash Sprint Pentathlon"
"Men ","30-34","50","Backstroke","23","38.27"," Nick W Nuñez","M30","QSS","385E-0B6G6","02-22-2025","2025 Splash &amp; Dash Sprint Pentathlon"
"Men ","30-34","50","Backstroke","24","46.99"," Pulak Goyal","M31","CSTS","385K-MM1NX","12-07-2024","THRICE is Nice!"
"Men ","30-34","100","Backstroke","1","54.27"," Jonathan D Brodie","M30","SFGG","384N-0835K","12-07-2024","THRICE is Nice!"
"Men ","30-34","100","Backstroke","2","57.44"," Jon Christensen","M34","USF","385Y-08BTJ","12-07-2024","THRICE is Nice!"
"Men ","30-34","100","Backstroke","3","58.02"," Eric R Hallman","M33","STAN","3852-0AAJ7","03-15-2025","2025 Swedish Fish March Madness Masters Meet"
"Men ","30-34","100","Backstroke","4","59.94"," Ben R Watkins","M34","QSS","384R-9Y53U","06-21-2024","2024 U.S. Masters Swimming Spring National Championship"
"Men ","30-34","100","Backstroke","5","1:00.21"," Armon Keshmiri","M31","SJCF","3852-0V23K","01-18-2025","2025 Santa Rosa Masters Resolution Meet"
"Men ","30-34","100","Backstroke","6","1:04.24"," Kevin Dorn","M31","SJCF","384J-1AVAM","12-07-2024","THRICE is Nice!"
"Men ","30-34","100","Backstroke","7","1:07.74"," Nathan Leber","M32","USF","3858-0A8YB","02-08-2025","USF Valentine's Affair"
"Men ","30-34","100","Backstroke","8","1:13.58"," Michael R Thomas","M32","MVM","385M-07X03","02-08-2025","USF Valentine's Affair"
"Men ","30-34","200","Backstroke","1","2:02.42"," Jonathan D Brodie","M30","SFGG","384N-0835K","12-07-2024","THRICE is Nice!"
"Men ","30-34","200","Backstroke","2","2:06.93"," Jon Christensen","M34","USF","385Y-08BTJ","12-07-2024","THRICE is Nice!"
"Men ","30-34","200","Backstroke","3","2:22.04"," Armon Keshmiri","M31","SJCF","3840-0V23K","12-07-2024","THRICE is Nice!"
"Men ","30-34","200","Backstroke","4","2:27.29"," Kevin Dorn","M31","SJCF","384J-1AVAM","12-07-2024","THRICE is Nice!"
"Men ","30-34","200","Backstroke","5","2:46.47"," Michael R Thomas","M32","MVM","385M-07X03","03-09-2025","Short and Sweet Meet"
"Men ","30-34","200","Backstroke","6","2:50.75"," Yue Shen Gu","M32","WCM","385F-A8APZ","03-09-2025","Short and Sweet Meet"
"Men ","30-34","200","Backstroke","7","3:00.98"," Jair Bautista","M32","SACMA","3858-TWM70","03-09-2025","Short and Sweet Meet"
"Men ","30-34","50","Breaststroke","1","24.92"," Eduardo I Solaeche","M30","TOC","384N-ZFHSG","06-20-2024","2024 U.S. Masters Swimming Spring National Championship"
"Men ","30-34","50","Breaststroke","2","28.3"," Aaron A Athanas","M30","TOC","385T-0ATTD","02-22-2025","2025 Splash &amp; Dash Sprint Pentathlon"
"Men ","30-34","50","Breaststroke","3","28.65"," Kyle A Scalise","M30","UC38","385P-SP12P","03-02-2025","Silver State Masters SCY"
"Men ","30-34","50","Breaststroke","4","28.88"," Rodrigo M Paz","M33","TSUN","3852-N0ZN6","02-08-2025","USF Valentine's Affair"
"Men ","30-34","50","Breaststroke","5","29.46"," Charlie Putnam","M32","USF","385Z-0A0DK","02-08-2025","USF Valentine's Affair"
"Men ","30-34","50","Breaststroke","6","30.15"," steven Lorenzen","M31","UC38","385X-XANZR","02-22-2025","2025 Splash &amp; Dash Sprint Pentathlon"
"Men ","30-34","50","Breaststroke","7","31.34"," Kevin Crooks","M31","TSUN","385J-ASY6F","02-22-2025","2025 Splash &amp; Dash Sprint Pentathlon"
"Men ","30-34","50","Breaststroke","8","31.48"," Kevin R Moy","M32","STAN","384V-07WS5","11-10-2024","Brian Lee Classic"
"Men ","30-34","50","Breaststroke","9","31.6"," Eric T Mueller","M30","UC38","385W-0B427","02-08-2025","USF Valentine's Affair"
"Men ","30-34","50","Breaststroke","10","31.86"," Kevin Dorn","M31","SJCF","385G-1AVAM","02-08-2025","USF Valentine's Affair"
"Men ","30-34","50","Breaststroke","11","31.9"," David J Sallee","M34","SRM","3854-RFN1X","02-22-2025","2025 Splash &amp; Dash Sprint Pentathlon"
"Men ","30-34","50","Breaststroke","12","32.21"," Yue Shen Gu","M31","WCM","384D-A8APZ","06-20-2024","2024 U.S. Masters Swimming Spring National Championship"
"Men ","30-34","50","Breaststroke","13","32.31"," Kellen O'Connor","M34","ECAM","3859-UHPHG","02-22-2025","2025 Splash &amp; Dash Sprint Pentathlon"
"Men ","30-34","50","Breaststroke","14","32.45"," Kyle Adams","M34","USF","385V-B1GPX","02-08-2025","USF Valentine's Affair"
"Men ","30-34","50","Breaststroke","15","32.92"," Jaime A Devargas","M32","SFGG","3859-N3HHX","03-01-2025","TVM Spring Classic - 2025"
"Men ","30-34","50","Breaststroke","16","33.27"," Shane T Blundell","M30","SJCF","3854-1D4H0","02-08-2025","USF Valentine's Affair"
"Men ","30-34","50","Breaststroke","17","34.01"," Timothy Wang","M32","MVM","3859-YAN0S","02-22-2025","2025 Splash &amp; Dash Sprint Pentathlon"
"Men ","30-34","50","Breaststroke","18","34.08"," Austin W Jones","M33","TSUN","385B-P9B29","02-08-2025","USF Valentine's Affair"
"Men ","30-34","50","Breaststroke","19","35.46"," Aaron J Ojalvo","M32","TEME","385G-MARS2","02-22-2025","2025 Splash &amp; Dash Sprint Pentathlon"
"Men ","30-34","50","Breaststroke","20","36.12"," Michael R Thomas","M32","MVM","385M-07X03","02-22-2025","2025 Splash &amp; Dash Sprint Pentathlon"
"Men ","30-34","50","Breaststroke","21","38.9"," Edouard Burlet","M31","TSUN","385F-V73GX","02-08-2025","USF Valentine's Affair"
"Men ","30-34","50","Breaststroke","22","40.31"," Nick W Nuñez","M30","QSS","385E-0B6G6","02-22-2025","2025 Splash &amp; Dash Sprint Pentathlon"
"Men ","30-34","50","Breaststroke","23","40.53"," Jair Bautista","M32","SACMA","3858-TWM70","02-22-2025","2025 Splash &amp; Dash Sprint Pentathlon"
"Men ","30-34","50","Breaststroke","24","45.4"," Giovanni A Castillo","M30","SJCF","3854-NKYYS","02-08-2025","USF Valentine's Affair"
"Men ","30-34","100","Breaststroke","1","1:02.76"," Rodrigo M Paz","M33","TSUN","3852-N0ZN6","02-08-2025","USF Valentine's Affair"
"Men ","30-34","100","Breaststroke","2","1:03.35"," Kyle A Scalise","M30","UC38","385P-SP12P","03-02-2025","Silver State Masters SCY"
"Men ","30-34","100","Breaststroke","3","1:09.10"," Eric T Mueller","M30","UC38","385W-0B427","02-08-2025","USF Valentine's Affair"
"Men ","30-34","100","Breaststroke","4","1:11.89"," Yue Shen Gu","M31","WCM","384D-A8APZ","06-23-2024","2024 U.S. Masters Swimming Spring National Championship"
"Men ","30-34","100","Breaststroke","5","1:11.93"," Kevin Dorn","M31","SJCF","385G-1AVAM","02-08-2025","USF Valentine's Affair"
"Men ","30-34","100","Breaststroke","6","1:13.58"," Shane T Blundell","M30","SJCF","3854-1D4H0","02-08-2025","USF Valentine's Affair"
"Men ","30-34","100","Breaststroke","7","1:14.96"," Andres A Simauchi","M34","USF","385K-0A83E","02-08-2025","USF Valentine's Affair"
"Men ","30-34","100","Breaststroke","8","1:19.91"," Michael R Thomas","M32","MVM","385M-07X03","03-01-2025","TVM Spring Classic - 2025"
"Men ","30-34","100","Breaststroke","9","1:43.01"," Giovanni A Castillo","M30","SJCF","3854-NKYYS","02-08-2025","USF Valentine's Affair"
"Men ","30-34","200","Breaststroke","1","2:39.73"," Eric T Mueller","M30","UC38","384Y-0B427","11-24-2024","2024 SLOS Pumpkin Pie Invite"
"Men ","30-34","200","Breaststroke","2","2:43.65"," Yue Shen Gu","M32","WCM","385F-A8APZ","03-09-2025","Short and Sweet Meet"
"Men ","30-34","200","Breaststroke","3","2:49.69"," Shane T Blundell","M30","SJCF","3842-1D4H0","12-07-2024","THRICE is Nice!"
"Men ","30-34","200","Breaststroke","4","3:00.81"," Michael R Thomas","M32","MVM","385M-07X03","03-09-2025","Short and Sweet Meet"
"Men ","30-34","200","Breaststroke","5","3:25.66"," Jair Bautista","M32","SACMA","3858-TWM70","03-09-2025","Short and Sweet Meet"
"Men ","30-34","50","Butterfly","1","22.23"," Eduardo I Solaeche","M31","TOC","385K-ZFHSG","02-22-2025","2025 Splash &amp; Dash Sprint Pentathlon"
"Men ","30-34","50","Butterfly","2","24.12"," Rob H Newell","M34","TOC","3850-09H84","02-08-2025","USF Valentine's Affair"
"Men ","30-34","50","Butterfly","3","24.34"," Lee D Ward","M31","WCM","385D-09966","02-08-2025","USF Valentine's Affair"
"Men ","30-34","50","Butterfly","4","24.45"," Kyle A Scalise","M30","UC38","385P-SP12P","03-02-2025","Silver State Masters SCY"
"Men ","30-34","50","Butterfly","5","24.53"," Aaron A Athanas","M30","TOC","385T-0ATTD","02-08-2025","USF Valentine's Affair"
"Men ","30-34","50","Butterfly","6","24.94"," Nolan R Bethely","M34","UC38","385A-5UPVS","02-22-2025","2025 Splash &amp; Dash Sprint Pentathlon"
"Men ","30-34","50","Butterfly","7","25.34"," Charlie Putnam","M32","USF","385Z-0A0DK","02-08-2025","USF Valentine's Affair"
"Men ","30-34","50","Butterfly","8","25.54"," Eric T Mueller","M30","UC38","384Y-0B427","11-22-2024","2024 SLOS Pumpkin Pie Invite"
"Men ","30-34","50","Butterfly","9","25.57"," steven Lorenzen","M31","UC38","385X-XANZR","02-22-2025","2025 Splash &amp; Dash Sprint Pentathlon"
"Men ","30-34","50","Butterfly","10","26.49"," Philip Massoud","M30","UC38","385E-7GGB6","03-02-2025","Silver State Masters SCY"
"Men ","30-34","50","Butterfly","11","26.51"," Kevin Crooks","M31","TSUN","385J-ASY6F","02-22-2025","2025 Splash &amp; Dash Sprint Pentathlon"
"Men ","30-34","50","Butterfly","12","26.52"," David J Sallee","M34","SRM","3854-RFN1X","02-22-2025","2025 Splash &amp; Dash Sprint Pentathlon"
"Men ","30-34","50","Butterfly","13","26.83"," Timothy Wang","M32","MVM","3859-YAN0S","02-22-2025","2025 Splash &amp; Dash Sprint Pentathlon"
"Men ","30-34","50","Butterfly","14","27.78"," Brandon J Sauder","M31","SACMA","385E-3JTWM","02-22-2025","2025 Splash &amp; Dash Sprint Pentathlon"
"Men ","30-34","50","Butterfly","15","28.06"," Kaia Peacock","M32","TSUN","3859-08AE7","02-08-2025","USF Valentine's Affair"
"Men ","30-34","50","Butterfly","16","28.33"," Aaron J Ojalvo","M32","TEME","385G-MARS2","02-22-2025","2025 Splash &amp; Dash Sprint Pentathlon"
"Men ","30-34","50","Butterfly","17","28.59"," Yue Shen Gu","M31","WCM","384D-A8APZ","06-23-2024","2024 U.S. Masters Swimming Spring National Championship"
"Men ","30-34","50","Butterfly","18","29.41"," Jaime A Devargas","M32","SFGG","3859-N3HHX","03-01-2025","TVM Spring Classic - 2025"
"Men ","30-34","50","Butterfly","19","30.08"," Michael R Thomas","M32","MVM","385M-07X03","03-09-2025","Short and Sweet Meet"
"Men ","30-34","50","Butterfly","20","30.55"," Nick W Nuñez","M30","QSS","385E-0B6G6","03-09-2025","Short and Sweet Meet"
"Men ","30-34","50","Butterfly","21","30.71"," Kellen O'Connor","M34","ECAM","3859-UHPHG","02-22-2025","2025 Splash &amp; Dash Sprint Pentathlon"
"Men ","30-34","50","Butterfly","22","33.24"," Jair Bautista","M32","SACMA","3858-TWM70","02-22-2025","2025 Splash &amp; Dash Sprint Pentathlon"
"Men ","30-34","50","Butterfly","23","38.83"," Pulak Goyal","M31","CSTS","385K-MM1NX","12-07-2024","THRICE is Nice!"
"Men ","30-34","100","Butterfly","1","48.08"," Eduardo I Solaeche","M30","TOC","384N-ZFHSG","06-22-2024","2024 U.S. Masters Swimming Spring National Championship"
"Men ","30-34","100","Butterfly","2","54.23"," Jonathan D Brodie","M30","SFGG","385K-0835K","03-01-2025","TVM Spring Classic - 2025"
"Men ","30-34","100","Butterfly","3","54.43"," Jon Christensen","M34","USF","385Y-08BTJ","02-08-2025","USF Valentine's Affair"
"Men ","30-34","100","Butterfly","4","54.83"," Eric R Hallman","M33","STAN","3852-0AAJ7","03-15-2025","2025 Swedish Fish March Madness Masters Meet"
"Men ","30-34","100","Butterfly","5","57.11"," Armon Keshmiri","M31","SJCF","3852-0V23K","02-08-2025","USF Valentine's Affair"
"Men ","30-34","100","Butterfly","6","57.6"," Ben R Watkins","M34","QSS","384R-9Y53U","06-22-2024","2024 U.S. Masters Swimming Spring National Championship"
"Men ","30-34","100","Butterfly","7","1:03.13"," Philip Massoud","M30","UC38","385E-7GGB6","03-02-2025","Silver State Masters SCY"
"Men ","30-34","100","Butterfly","8","1:04.01"," Andres A Simauchi","M34","USF","385K-0A83E","02-08-2025","USF Valentine's Affair"
"Men ","30-34","100","Butterfly","9","1:08.79"," Michael R Thomas","M32","MVM","385M-07X03","02-08-2025","USF Valentine's Affair"
"Men ","30-34","100","Butterfly","10","1:08.86"," Kaia Peacock","M32","TSUN","3859-08AE7","02-08-2025","USF Valentine's Affair"
"Men ","30-34","100","Butterfly","11","1:11.73"," Nicholes W Nuñez-Zepeda","M30","CRUZ","385E-0B6G6","01-18-2025","2025 Santa Rosa Masters Resolution Meet"
"Men ","30-34","200","Butterfly","1","2:01.96"," Daniel D Wall","M34","TOC","384K-G7BDN","06-20-2024","2024 U.S. Masters Swimming Spring National Championship"
"Men ","30-34","200","Butterfly","2","2:44.53"," Nick W Nuñez","M30","QSS","385E-0B6G6","03-09-2025","Short and Sweet Meet"
"Men ","30-34","200","Butterfly","3","2:51.61"," Yue Shen Gu","M32","WCM","385F-A8APZ","03-09-2025","Short and Sweet Meet"
"Men ","30-34","200","Butterfly","4","2:57.50"," Michael R Thomas","M32","MVM","385M-07X03","03-09-2025","Short and Sweet Meet"
"Men ","30-34","100","Individual Medley","1","49.64"," Eduardo I Solaeche","M31","TOC","385K-ZFHSG","02-22-2025","2025 Splash &amp; Dash Sprint Pentathlon"
"Men ","30-34","100","Individual Medley","2","55.46"," Aaron A Athanas","M30","TOC","385T-0ATTD","02-08-2025","USF Valentine's Affair"
"Men ","30-34","100","Individual Medley","3","57.4"," Charlie Putnam","M32","USF","385Z-0A0DK","02-08-2025","USF Valentine's Affair"
"Men ","30-34","100","Individual Medley","4","58.69"," Rodrigo M Paz","M33","TSUN","3852-N0ZN6","02-08-2025","USF Valentine's Affair"
"Men ","30-34","100","Individual Medley","5","59.67"," Armon Keshmiri","M31","SJCF","3852-0V23K","01-18-2025","2025 Santa Rosa Masters Resolution Meet"
"Men ","30-34","100","Individual Medley","6","1:00.60"," Kevin Crooks","M31","TSUN","385J-ASY6F","02-22-2025","2025 Splash &amp; Dash Sprint Pentathlon"
"Men ","30-34","100","Individual Medley","7","1:01.75"," Eric T Mueller","M30","UC38","385W-0B427","02-08-2025","USF Valentine's Affair"
"Men ","30-34","100","Individual Medley","8","1:01.77"," David J Sallee","M34","SRM","3854-RFN1X","02-22-2025","2025 Splash &amp; Dash Sprint Pentathlon"
"Men ","30-34","100","Individual Medley","9","1:01.85"," steven Lorenzen","M31","UC38","385X-XANZR","02-22-2025","2025 Splash &amp; Dash Sprint Pentathlon"
"Men ","30-34","100","Individual Medley","10","1:01.93"," Timothy Wang","M32","MVM","3859-YAN0S","02-22-2025","2025 Splash &amp; Dash Sprint Pentathlon"
"Men ","30-34","100","Individual Medley","11","1:03.32"," Kevin Dorn","M31","SJCF","385G-1AVAM","02-08-2025","USF Valentine's Affair"
"Men ","30-34","100","Individual Medley","12","1:03.52"," Kevin R Moy","M32","STAN","384V-07WS5","11-10-2024","Brian Lee Classic"
"Men ","30-34","100","Individual Medley","13","1:03.65"," Andres A Simauchi","M34","USF","385K-0A83E","02-08-2025","USF Valentine's Affair"
"Men ","30-34","100","Individual Medley","14","1:03.67"," Jake Shapiro","M32","MAM","3857-0KCEG","02-22-2025","2025 Splash &amp; Dash Sprint Pentathlon"
"Men ","30-34","100","Individual Medley","15","1:04.01"," Kyle A Scalise","M30","UC38","385P-SP12P","03-02-2025","Silver State Masters SCY"
"Men ","30-34","100","Individual Medley","16","1:05.31"," Austin W Jones","M33","TSUN","385B-P9B29","02-08-2025","USF Valentine's Affair"
"Men ","30-34","100","Individual Medley","17","1:07.20"," Kellen O'Connor","M34","ECAM","3859-UHPHG","02-22-2025","2025 Splash &amp; Dash Sprint Pentathlon"
"Men ","30-34","100","Individual Medley","18","1:07.43"," Aaron J Ojalvo","M32","TEME","385G-MARS2","02-22-2025","2025 Splash &amp; Dash Sprint Pentathlon"
"Men ","30-34","100","Individual Medley","19","1:08.18"," Yue Shen Gu","M32","WCM","385F-A8APZ","02-22-2025","2025 Splash &amp; Dash Sprint Pentathlon"
"Men ","30-34","100","Individual Medley","20","1:08.50"," Pieter Derdeyn","M31","TSUN","3855-HDF4B","02-08-2025","USF Valentine's Affair"
"Men ","30-34","100","Individual Medley","21","1:08.85"," Shane T Blundell","M30","SJCF","3854-1D4H0","02-08-2025","USF Valentine's Affair"
"Men ","30-34","100","Individual Medley","22","1:09.16"," Nathan Leber","M32","USF","3858-0A8YB","02-08-2025","USF Valentine's Affair"
"Men ","30-34","100","Individual Medley","23","1:09.34"," Michael R Thomas","M32","MVM","385M-07X03","02-08-2025","USF Valentine's Affair"
"Men ","30-34","100","Individual Medley","24","1:13.82"," Nick W Nuñez","M30","QSS","385E-0B6G6","02-22-2025","2025 Splash &amp; Dash Sprint Pentathlon"
"Men ","30-34","100","Individual Medley","25","1:14.23"," Patrick A Farley","M33","USF","3859-0A7BA","02-08-2025","USF Valentine's Affair"
"Men ","30-34","100","Individual Medley","26","1:15.98"," Edouard Burlet","M31","TSUN","385F-V73GX","02-08-2025","USF Valentine's Affair"
"Men ","30-34","100","Individual Medley","27","1:19.23"," Jair Bautista","M32","SACMA","3858-TWM70","02-22-2025","2025 Splash &amp; Dash Sprint Pentathlon"
"Men ","30-34","200","Individual Medley","1","2:19.42"," Eric T Mueller","M30","UC38","385W-0B427","03-01-2025","TVM Spring Classic - 2025"
"Men ","30-34","200","Individual Medley","2","2:39.37"," Nicholes W Nuñez-Zepeda","M30","CRUZ","385E-0B6G6","01-18-2025","2025 Santa Rosa Masters Resolution Meet"
"Men ","30-34","200","Individual Medley","3","2:41.42"," Michael R Thomas","M32","MVM","385M-07X03","03-01-2025","TVM Spring Classic - 2025"
"Men ","30-34","400","Individual Medley","1","4:35.20"," Eric R Hallman","M33","STAN","3852-0AAJ7","03-15-2025","2025 Swedish Fish March Madness Masters Meet"
"Men ","35-39","50","Freestyle","1","21.22"," Bobby Savulich","M36","TOC","3843-JSXSV","","2024 U.S. Masters Swimming Spring National Championship"
"Men ","35-39","50","Freestyle","2","21.22"," Daniel D Wall","M35","TOC","385H-G7BDN","03-09-2025","Short and Sweet Meet"
"Men ","35-39","50","Freestyle","3","21.44"," Andy Grant","M39","WCM","3858-06HRS","01-18-2025","2025 Santa Rosa Masters Resolution Meet"
"Men ","35-39","50","Freestyle","4","22.27"," Jamie Neuwirth","M37","TOC","385C-087WA","02-08-2025","USF Valentine's Affair"
"Men ","35-39","50","Freestyle","5","23.34"," Stephen J Frink","M39","RPM","385H-067SH","02-22-2025","2025 Splash &amp; Dash Sprint Pentathlon"
"Men ","35-39","50","Freestyle","6","23.82"," Kyle D Peterson","M38","OAM","385Z-GXP5S","02-22-2025","2025 Splash &amp; Dash Sprint Pentathlon"
"Men ","35-39","50","Freestyle","7","24.09"," Adam C Borchard","M36","CLOV","384G-0AD8J","12-07-2024","THRICE is Nice!"
"Men ","35-39","50","Freestyle","8","24.24"," Liam E Murphy","M39","SRM","385S-9P561","02-22-2025","2025 Splash &amp; Dash Sprint Pentathlon"
"Men ","35-39","50","Freestyle","9","24.32"," Drew J Swartz","M36","AAM","3852-070U4","03-09-2025","Short and Sweet Meet"
"Men ","35-39","50","Freestyle","10","24.5"," Kyler Murlas","M35","ALB","385E-XAN73","02-22-2025","2025 Splash &amp; Dash Sprint Pentathlon"
"Men ","35-39","50","Freestyle","11","24.55"," Nicholas J Arrigo","M39","RHMS","385F-05TYV","01-18-2025","2025 Santa Rosa Masters Resolution Meet"
"Men ","35-39","50","Freestyle","12","24.55"," Qing Zang","M38","MELO","3852-ZPPHU","03-09-2025","Short and Sweet Meet"
"Men ","35-39","50","Freestyle","13","24.61"," Alex C Solomon","M38","TSUN","385R-06YXA","02-08-2025","USF Valentine's Affair"
"Men ","35-39","50","Freestyle","14","24.65"," Matthieu B Martin","M38","OAM","385M-05Y43","12-07-2024","THRICE is Nice!"
"Men ","35-39","50","Freestyle","15","24.73"," Billy W Tam","M38","USF","385F-03VU5","02-08-2025","USF Valentine's Affair"
"Men ","35-39","50","Freestyle","16","24.83"," Andrew B Sturgess","M39","CVM","385P-07NBJ","03-02-2025","Silver State Masters SCY"
"Men ","35-39","50","Freestyle","17","24.94"," Kenny Cheng","M35","UC38","385Y-PDPHH","02-22-2025","2025 Splash &amp; Dash Sprint Pentathlon"
"Men ","35-39","50","Freestyle","18","25.68"," Jack Calhoun","M35","CRUZ","3856-06Y9W","03-09-2025","Short and Sweet Meet"
"Men ","35-39","50","Freestyle","19","26.84"," Brendan Chua","M39","RPM","385H-MFKUX","02-22-2025","2025 Splash &amp; Dash Sprint Pentathlon"
"Men ","35-39","50","Freestyle","20","27.56"," Luca Mandrioli","M38","QSS","3855-0AZMS","03-01-2025","TVM Spring Classic - 2025"
"Men ","35-39","50","Freestyle","21","27.63"," Ethan Schmidt","M35","ALB","385X-WY264","02-22-2025","2025 Splash &amp; Dash Sprint Pentathlon"
"Men ","35-39","50","Freestyle","22","27.8"," Austin J Lange","M37","SACMA","385S-YVAJ8","03-09-2025","Short and Sweet Meet"
"Men ","35-39","50","Freestyle","23","27.88"," Hiroshi Mendoza","M36","USF","385V-0DG5J","02-08-2025","USF Valentine's Affair"
"Men ","35-39","50","Freestyle","24","27.94"," Jason M McCormack","M36","MAQ","3853-UVHPC","03-09-2025","Short and Sweet Meet"
"Men ","35-39","50","Freestyle","25","29.25"," Kevin Keogh","M35","TEME","3856-6NFMY","02-22-2025","2025 Splash &amp; Dash Sprint Pentathlon"
"Men ","35-39","50","Freestyle","26","29.94"," Yevgeniy M Kapustin","M38","USF","3853-4NCDU","02-08-2025","USF Valentine's Affair"
"Men ","35-39","50","Freestyle","27","29.96"," Daniel Fahy","M36","SRM","385K-XYUKN","01-18-2025","2025 Santa Rosa Masters Resolution Meet"
"Men ","35-39","50","Freestyle","28","30.22"," Armando Arias","M35","SJCF","3844-09VEP","12-07-2024","THRICE is Nice!"
"Men ","35-39","50","Freestyle","29","34.33"," David Swafford","M39","HTUB","3852-0A3P1","02-08-2025","USF Valentine's Affair"
"Men ","35-39","50","Freestyle","30","35.65"," Mark J Guadagni","M35","SRVM","384N-ZC9R6","12-07-2024","THRICE is Nice!"
"Men ","35-39","100","Freestyle","1","46.43"," Andy Grant","M39","WCM","3858-06HRS","01-18-2025","2025 Santa Rosa Masters Resolution Meet"
"Men ","35-39","100","Freestyle","2","46.75"," Bobby Savulich","M36","TOC","3843-JSXSV","06-20-2024","2024 U.S. Masters Swimming Spring National Championship"
"Men ","35-39","100","Freestyle","3","51.03"," Stephen J Frink","M39","RPM","385H-067SH","02-08-2025","USF Valentine's Affair"
"Men ","35-39","100","Freestyle","4","53.39"," Drew J Swartz","M36","AAM","3852-070U4","02-08-2025","USF Valentine's Affair"
"Men ","35-39","100","Freestyle","5","53.92"," Alex C Solomon","M38","TSUN","385R-06YXA","02-08-2025","USF Valentine's Affair"
"Men ","35-39","100","Freestyle","6","54.07"," Kyle T Leimkuhler","M37","MELO","385R-08408","03-01-2025","TVM Spring Classic - 2025"
"Men ","35-39","100","Freestyle","7","54.11"," Adam C Borchard","M36","CLOV","384G-0AD8J","12-07-2024","THRICE is Nice!"
"Men ","35-39","100","Freestyle","8","55.05"," Kenny Cheng","M35","UC38","385Y-PDPHH","03-02-2025","Need for Speed"
"Men ","35-39","100","Freestyle","9","55.71"," Billy W Tam","M38","USF","385F-03VU5","02-08-2025","USF Valentine's Affair"
"Men ","35-39","100","Freestyle","10","56.13"," Matthieu B Martin","M38","OAM","385M-05Y43","12-07-2024","THRICE is Nice!"
"Men ","35-39","100","Freestyle","11","56.94"," Andrew B Sturgess","M39","CVM","385P-07NBJ","03-02-2025","Silver State Masters SCY"
"Men ","35-39","100","Freestyle","12","1:02.06"," Luca Mandrioli","M38","QSS","3855-0AZMS","03-01-2025","TVM Spring Classic - 2025"
"Men ","35-39","100","Freestyle","13","1:03.21"," Ethan Schmidt","M35","ALB","385X-WY264","01-18-2025","2025 Santa Rosa Masters Resolution Meet"
"Men ","35-39","100","Freestyle","14","1:03.98"," Hiroshi Mendoza","M36","USF","385V-0DG5J","02-08-2025","USF Valentine's Affair"
"Men ","35-39","100","Freestyle","15","1:06.44"," Brendan Chua","M39","RPM","385H-MFKUX","03-01-2025","TVM Spring Classic - 2025"
"Men ","35-39","100","Freestyle","16","1:06.67"," Yevgeniy M Kapustin","M38","USF","3853-4NCDU","02-08-2025","USF Valentine's Affair"
"Men ","35-39","100","Freestyle","17","1:06.89"," David Hacker","M39","OAM","385F-PYKPW","01-18-2025","2025 Santa Rosa Masters Resolution Meet"
"Men ","35-39","100","Freestyle","18","1:08.65"," Armando Arias","M35","SJCF","3844-09VEP","12-07-2024","THRICE is Nice!"
"Men ","35-39","100","Freestyle","19","1:12.99"," David Swafford","M39","HTUB","3852-0A3P1","02-08-2025","USF Valentine's Affair"
"Men ","35-39","100","Freestyle","20","1:23.51"," Mark J Guadagni","M35","SRVM","384N-ZC9R6","12-07-2024","THRICE is Nice!"
"Men ","35-39","200","Freestyle","1","1:41.07"," Andy Grant","M39","WCM","3858-06HRS","01-18-2025","2025 Santa Rosa Masters Resolution Meet"
"Men ","35-39","200","Freestyle","2","1:43.09"," Peter R Kline","M35","SRM","3859-09CHW","03-01-2025","TVM Spring Classic - 2025"
"Men ","35-39","200","Freestyle","3","1:46.51"," Brandon J Fischer","M36","TVAM","385X-0B8R9","03-01-2025","TVM Spring Classic - 2025"
"Men ","35-39","200","Freestyle","4","1:47.23"," Bobby Savulich","M36","TOC","3843-JSXSV","06-21-2024","2024 U.S. Masters Swimming Spring National Championship"
"Men ","35-39","200","Freestyle","5","1:56.08"," Stephen J Frink","M39","RPM","385H-067SH","12-07-2024","THRICE is Nice!"
"Men ","35-39","200","Freestyle","6","1:56.75"," Adam C Borchard","M36","CLOV","384G-0AD8J","12-07-2024","THRICE is Nice!"
"Men ","35-39","200","Freestyle","7","1:58.91"," Jack Calhoun","M35","CRUZ","3856-06Y9W","03-09-2025","Short and Sweet Meet"
"Men ","35-39","200","Freestyle","8","1:59.36"," Liam E Murphy","M39","SRM","385S-9P561","01-18-2025","2025 Santa Rosa Masters Resolution Meet"
"Men ","35-39","200","Freestyle","9","2:10.71"," Matthieu B Martin","M38","OAM","385M-05Y43","12-07-2024","THRICE is Nice!"
"Men ","35-39","200","Freestyle","10","2:15.13"," Andrew B Sturgess","M39","CVM","385P-07NBJ","03-02-2025","Silver State Masters SCY"
"Men ","35-39","200","Freestyle","11","2:26.99"," David Hacker","M39","OAM","385F-PYKPW","01-18-2025","2025 Santa Rosa Masters Resolution Meet"
"Men ","35-39","200","Freestyle","12","2:30.47"," Armando Arias","M35","SJCF","3844-09VEP","12-07-2024","THRICE is Nice!"
"Men ","35-39","200","Freestyle","13","2:40.09"," David Swafford","M39","HTUB","3852-0A3P1","03-09-2025","Short and Sweet Meet"
"Men ","35-39","500","Freestyle","1","5:00.12"," Daniel D Wall","M35","TOC","385H-G7BDN","03-09-2025","Short and Sweet Meet"
"Men ","35-39","500","Freestyle","2","5:25.83"," Jack Calhoun","M35","CRUZ","3856-06Y9W","03-09-2025","Short and Sweet Meet"
"Men ","35-39","500","Freestyle","3","7:06.74"," David Swafford","M39","HTUB","3852-0A3P1","03-09-2025","Short and Sweet Meet"
"Men ","35-39","1650","Freestyle","1","18:08.90"," Daniel D Wall","M35","TOC","385H-G7BDN","02-23-2025","The City Mile"
"Men ","35-39","1650","Freestyle","2","18:33.83"," Jack Calhoun","M35","CRUZ","3856-06Y9W","02-23-2025","The City Mile"
"Men ","35-39","1650","Freestyle","3","19:51.20"," Zach Margolis","M35","TSUN","385X-08EZ7","02-23-2025","The City Mile"
"Men ","35-39","1650","Freestyle","4","21:45.55"," Matthew D Clay","M38","USF","385W-05Z7C","02-23-2025","The City Mile"
"Men ","35-39","1650","Freestyle","5","22:55.46"," Albert Anderson","M35","TSUN","385N-M8D3K","02-23-2025","The City Mile"
"Men ","35-39","50","Backstroke","1","24.94"," Andy Grant","M39","WCM","3858-06HRS","01-18-2025","2025 Santa Rosa Masters Resolution Meet"
"Men ","35-39","50","Backstroke","2","26.49"," Bobby Savulich","M37","TOC","3855-JSXSV","02-22-2025","2025 Splash &amp; Dash Sprint Pentathlon"
"Men ","35-39","50","Backstroke","3","26.81"," Drew J Swartz","M36","AAM","3852-070U4","03-09-2025","Short and Sweet Meet"
"Men ","35-39","50","Backstroke","4","27.89"," Stephen J Frink","M39","RPM","385H-067SH","02-22-2025","2025 Splash &amp; Dash Sprint Pentathlon"
"Men ","35-39","50","Backstroke","5","28.23"," Louis Rogers","M36","WCM","385D-1HU6Y","02-08-2025","USF Valentine's Affair"
"Men ","35-39","50","Backstroke","6","28.86"," Kyle D Peterson","M38","OAM","385Z-GXP5S","02-22-2025","2025 Splash &amp; Dash Sprint Pentathlon"
"Men ","35-39","50","Backstroke","7","28.97"," Daniel D Wall","M35","TOC","385H-G7BDN","02-22-2025","2025 Splash &amp; Dash Sprint Pentathlon"
"Men ","35-39","50","Backstroke","8","29.9"," Liam E Murphy","M39","SRM","385S-9P561","02-22-2025","2025 Splash &amp; Dash Sprint Pentathlon"
"Men ","35-39","50","Backstroke","9","30.12"," Matthieu B Martin","M38","OAM","385M-05Y43","12-07-2024","THRICE is Nice!"
"Men ","35-39","50","Backstroke","10","30.15"," Kenny Cheng","M35","UC38","385Y-PDPHH","02-22-2025","2025 Splash &amp; Dash Sprint Pentathlon"
"Men ","35-39","50","Backstroke","11","30.69"," Alex C Solomon","M38","TSUN","385R-06YXA","02-22-2025","2025 Splash &amp; Dash Sprint Pentathlon"
"Men ","35-39","50","Backstroke","12","30.75"," Adam C Borchard","M36","CLOV","384G-0AD8J","12-07-2024","THRICE is Nice!"
"Men ","35-39","50","Backstroke","13","31.13"," Nicholas J Arrigo","M39","RHMS","385F-05TYV","01-18-2025","2025 Santa Rosa Masters Resolution Meet"
"Men ","35-39","50","Backstroke","14","31.27"," Kyler Murlas","M35","ALB","385E-XAN73","02-22-2025","2025 Splash &amp; Dash Sprint Pentathlon"
"Men ","35-39","50","Backstroke","15","32.67"," Brendan Chua","M39","RPM","385H-MFKUX","02-22-2025","2025 Splash &amp; Dash Sprint Pentathlon"
"Men ","35-39","50","Backstroke","16","33.27"," Ethan Schmidt","M35","ALB","385X-WY264","02-22-2025","2025 Splash &amp; Dash Sprint Pentathlon"
"Men ","35-39","50","Backstroke","17","34.08"," Austin J Lange","M37","SACMA","385S-YVAJ8","02-22-2025","2025 Splash &amp; Dash Sprint Pentathlon"
"Men ","35-39","50","Backstroke","18","38.65"," Jason M McCormack","M36","MAQ","3853-UVHPC","03-09-2025","Short and Sweet Meet"
"Men ","35-39","50","Backstroke","19","57.02"," Mark J Guadagni","M35","SRVM","384N-ZC9R6","12-07-2024","THRICE is Nice!"
"Men ","35-39","100","Backstroke","1","59.43"," Louis Rogers","M36","WCM","385D-1HU6Y","02-08-2025","USF Valentine's Affair"
"Men ","35-39","100","Backstroke","2","1:02.85"," Stephen J Frink","M39","RPM","385H-067SH","01-18-2025","2025 Santa Rosa Masters Resolution Meet"
"Men ","35-39","100","Backstroke","3","1:19.35"," Brendan Chua","M39","RPM","385H-MFKUX","03-01-2025","TVM Spring Classic - 2025"
"Men ","35-39","100","Backstroke","4","1:23.36"," David Hacker","M39","OAM","385F-PYKPW","01-18-2025","2025 Santa Rosa Masters Resolution Meet"
"Men ","35-39","200","Backstroke","1","2:09.96"," Louis Rogers","M36","WCM","385D-1HU6Y","03-09-2025","Short and Sweet Meet"
"Men ","35-39","50","Breaststroke","1","25.44"," Brandon J Fischer","M36","TVAM","385X-0B8R9","03-09-2025","Short and Sweet Meet"
"Men ","35-39","50","Breaststroke","2","27.47"," Bobby Savulich","M37","TOC","3855-JSXSV","02-22-2025","2025 Splash &amp; Dash Sprint Pentathlon"
"Men ","35-39","50","Breaststroke","3","28.6"," Andy Grant","M39","WCM","3858-06HRS","01-18-2025","2025 Santa Rosa Masters Resolution Meet"
"Men ","35-39","50","Breaststroke","4","28.61"," Daniel D Wall","M35","TOC","385H-G7BDN","02-22-2025","2025 Splash &amp; Dash Sprint Pentathlon"
"Men ","35-39","50","Breaststroke","5","29.17"," Kyle D Peterson","M38","OAM","385Z-GXP5S","02-22-2025","2025 Splash &amp; Dash Sprint Pentathlon"
"Men ","35-39","50","Breaststroke","6","29.32"," Drew J Swartz","M36","AAM","3852-070U4","02-22-2025","2025 Splash &amp; Dash Sprint Pentathlon"
"Men ","35-39","50","Breaststroke","7","30.37"," Kenny Cheng","M35","UC38","385Y-PDPHH","02-22-2025","2025 Splash &amp; Dash Sprint Pentathlon"
"Men ","35-39","50","Breaststroke","8","31.63"," Liam E Murphy","M39","SRM","385S-9P561","02-22-2025","2025 Splash &amp; Dash Sprint Pentathlon"
"Men ","35-39","50","Breaststroke","9","31.82"," Stephen J Frink","M39","RPM","385H-067SH","02-22-2025","2025 Splash &amp; Dash Sprint Pentathlon"
"Men ","35-39","50","Breaststroke","10","32.25"," Nicholas J Arrigo","M39","RHMS","385F-05TYV","01-18-2025","2025 Santa Rosa Masters Resolution Meet"
"Men ","35-39","50","Breaststroke","11","32.26"," Adam C Borchard","M36","CLOV","384G-0AD8J","12-07-2024","THRICE is Nice!"
"Men ","35-39","50","Breaststroke","12","32.54"," Qing Zang","M38","MELO","3852-ZPPHU","03-09-2025","Short and Sweet Meet"
"Men ","35-39","50","Breaststroke","13","33.62"," Matthew D Clay","M38","USF","385W-05Z7C","02-08-2025","USF Valentine's Affair"
"Men ","35-39","50","Breaststroke","14","34.06"," Alex C Solomon","M38","TSUN","385R-06YXA","02-22-2025","2025 Splash &amp; Dash Sprint Pentathlon"
"Men ","35-39","50","Breaststroke","15","34.4"," Ethan Schmidt","M35","ALB","385X-WY264","02-22-2025","2025 Splash &amp; Dash Sprint Pentathlon"
"Men ","35-39","50","Breaststroke","16","34.59"," Daniel Fahy","M36","SRM","385K-XYUKN","01-18-2025","2025 Santa Rosa Masters Resolution Meet"
"Men ","35-39","50","Breaststroke","17","35.68"," Luca Mandrioli","M38","QSS","3855-0AZMS","03-01-2025","TVM Spring Classic - 2025"
"Men ","35-39","50","Breaststroke","18","35.74"," Kyler Murlas","M35","ALB","385E-XAN73","02-22-2025","2025 Splash &amp; Dash Sprint Pentathlon"
"Men ","35-39","50","Breaststroke","19","36.44"," Hiroshi Mendoza","M36","USF","385V-0DG5J","02-08-2025","USF Valentine's Affair"
"Men ","35-39","50","Breaststroke","20","36.53"," Brendan Chua","M39","RPM","385H-MFKUX","02-22-2025","2025 Splash &amp; Dash Sprint Pentathlon"
"Men ","35-39","50","Breaststroke","21","36.97"," Austin J Lange","M37","SACMA","385S-YVAJ8","03-09-2025","Short and Sweet Meet"
"Men ","35-39","50","Breaststroke","22","38.36"," Yevgeniy M Kapustin","M38","USF","3853-4NCDU","02-08-2025","USF Valentine's Affair"
"Men ","35-39","50","Breaststroke","23","39.86"," David Hacker","M39","OAM","385F-PYKPW","01-18-2025","2025 Santa Rosa Masters Resolution Meet"
"Men ","35-39","100","Breaststroke","1","54.4"," Brandon J Fischer","M35","UC38","384Z-0B8R9","06-23-2024","2024 U.S. Masters Swimming Spring National Championship"
"Men ","35-39","100","Breaststroke","2","1:07.76"," Kenny Cheng","M35","UC38","385Y-PDPHH","03-29-2025","Raise the Bar"
"Men ","35-39","100","Breaststroke","3","1:08.78"," Liam E Murphy","M39","SRM","385S-9P561","01-18-2025","2025 Santa Rosa Masters Resolution Meet"
"Men ","35-39","100","Breaststroke","4","1:11.00"," Stephen J Frink","M39","RPM","385H-067SH","02-08-2025","USF Valentine's Affair"
"Men ","35-39","100","Breaststroke","5","1:13.48"," Matthew D Clay","M38","USF","385W-05Z7C","02-08-2025","USF Valentine's Affair"
"Men ","35-39","100","Breaststroke","6","1:17.20"," Daniel Fahy","M36","SRM","385K-XYUKN","01-18-2025","2025 Santa Rosa Masters Resolution Meet"
"Men ","35-39","100","Breaststroke","7","1:17.38"," Ethan Schmidt","M35","ALB","385X-WY264","01-18-2025","2025 Santa Rosa Masters Resolution Meet"
"Men ","35-39","100","Breaststroke","8","1:20.69"," Hiroshi Mendoza","M36","USF","385V-0DG5J","02-08-2025","USF Valentine's Affair"
"Men ","35-39","100","Breaststroke","9","1:23.43"," Brendan Chua","M39","RPM","385H-MFKUX","03-01-2025","TVM Spring Classic - 2025"
"Men ","35-39","100","Breaststroke","10","1:25.43"," David Hacker","M39","OAM","385F-PYKPW","01-18-2025","2025 Santa Rosa Masters Resolution Meet"
"Men ","35-39","200","Breaststroke","1","1:58.68"," Brandon J Fischer","M35","UC38","384Z-0B8R9","06-22-2024","2024 U.S. Masters Swimming Spring National Championship"
"Men ","35-39","200","Breaststroke","2","2:31.13"," Kenny Cheng","M35","UC38","385Y-PDPHH","03-29-2025","Raise the Bar"
"Men ","35-39","200","Breaststroke","3","3:25.59"," Armando Arias","M35","SJCF","3844-09VEP","12-07-2024","THRICE is Nice!"
"Men ","35-39","50","Butterfly","1","23.07"," Bobby Savulich","M36","TOC","3843-JSXSV","06-23-2024","2024 U.S. Masters Swimming Spring National Championship"
"Men ","35-39","50","Butterfly","2","23.69"," Andy Grant","M39","WCM","3858-06HRS","01-18-2025","2025 Santa Rosa Masters Resolution Meet"
"Men ","35-39","50","Butterfly","3","23.86"," Brandon J Fischer","M36","TVAM","385X-0B8R9","03-09-2025","Short and Sweet Meet"
"Men ","35-39","50","Butterfly","4","24.26"," Daniel D Wall","M35","TOC","385H-G7BDN","02-22-2025","2025 Splash &amp; Dash Sprint Pentathlon"
"Men ","35-39","50","Butterfly","5","25.72"," Kyle D Peterson","M38","OAM","385Z-GXP5S","02-22-2025","2025 Splash &amp; Dash Sprint Pentathlon"
"Men ","35-39","50","Butterfly","6","25.89"," Drew J Swartz","M36","AAM","3852-070U4","03-09-2025","Short and Sweet Meet"
"Men ","35-39","50","Butterfly","7","26.22"," Adam C Borchard","M36","CLOV","384G-0AD8J","12-07-2024","THRICE is Nice!"
"Men ","35-39","50","Butterfly","8","26.68"," Alex C Solomon","M38","TSUN","385R-06YXA","02-08-2025","USF Valentine's Affair"
"Men ","35-39","50","Butterfly","9","26.98"," Kyle T Leimkuhler","M37","MELO","385R-08408","03-01-2025","TVM Spring Classic - 2025"
"Men ","35-39","50","Butterfly","10","27.14"," Stephen J Frink","M39","RPM","385H-067SH","02-22-2025","2025 Splash &amp; Dash Sprint Pentathlon"
"Men ","35-39","50","Butterfly","11","27.2"," Liam E Murphy","M39","SRM","385S-9P561","02-22-2025","2025 Splash &amp; Dash Sprint Pentathlon"
"Men ","35-39","50","Butterfly","12","27.48"," Andrew B Sturgess","M39","CVM","385P-07NBJ","03-02-2025","Silver State Masters SCY"
"Men ","35-39","50","Butterfly","13","27.76"," Kenny Cheng","M35","UC38","385Y-PDPHH","02-22-2025","2025 Splash &amp; Dash Sprint Pentathlon"
"Men ","35-39","50","Butterfly","14","27.95"," Kyler Murlas","M35","ALB","385E-XAN73","02-22-2025","2025 Splash &amp; Dash Sprint Pentathlon"
"Men ","35-39","50","Butterfly","15","28.13"," Louis Rogers","M36","WCM","385D-1HU6Y","02-08-2025","USF Valentine's Affair"
"Men ","35-39","50","Butterfly","16","28.49"," Billy W Tam","M38","USF","385F-03VU5","02-08-2025","USF Valentine's Affair"
"Men ","35-39","50","Butterfly","17","28.57"," Matthew D Clay","M38","USF","385W-05Z7C","02-08-2025","USF Valentine's Affair"
"Men ","35-39","50","Butterfly","18","29.56"," Brendan Chua","M39","RPM","385H-MFKUX","02-22-2025","2025 Splash &amp; Dash Sprint Pentathlon"
"Men ","35-39","50","Butterfly","19","29.94"," Nicholas J Arrigo","M39","RHMS","385F-05TYV","01-18-2025","2025 Santa Rosa Masters Resolution Meet"
"Men ","35-39","50","Butterfly","20","31.24"," Luca Mandrioli","M38","QSS","3855-0AZMS","03-01-2025","TVM Spring Classic - 2025"
"Men ","35-39","50","Butterfly","21","31.71"," Ethan Schmidt","M35","ALB","385X-WY264","02-22-2025","2025 Splash &amp; Dash Sprint Pentathlon"
"Men ","35-39","50","Butterfly","22","32.55"," Yevgeniy M Kapustin","M38","USF","3853-4NCDU","02-08-2025","USF Valentine's Affair"
"Men ","35-39","50","Butterfly","23","34.14"," Daniel Fahy","M36","SRM","385K-XYUKN","01-18-2025","2025 Santa Rosa Masters Resolution Meet"
"Men ","35-39","100","Butterfly","1","53.83"," Bobby Savulich","M36","TOC","3843-JSXSV","06-22-2024","2024 U.S. Masters Swimming Spring National Championship"
"Men ","35-39","100","Butterfly","2","59.82"," Alex C Solomon","M38","TSUN","385R-06YXA","02-08-2025","USF Valentine's Affair"
"Men ","35-39","100","Butterfly","3","1:00.07"," Mark Wilson","M38","SRM","385S-1EJNM","01-18-2025","2025 Santa Rosa Masters Resolution Meet"
"Men ","35-39","100","Butterfly","4","1:00.55"," Stephen J Frink","M39","RPM","385H-067SH","02-08-2025","USF Valentine's Affair"
"Men ","35-39","100","Butterfly","5","1:02.08"," Liam E Murphy","M39","SRM","385S-9P561","01-18-2025","2025 Santa Rosa Masters Resolution Meet"
"Men ","35-39","100","Butterfly","6","1:02.25"," Kenny Cheng","M35","UC38","385Y-PDPHH","03-29-2025","Raise the Bar"
"Men ","35-39","100","Butterfly","7","1:08.08"," Brendan Chua","M39","RPM","385H-MFKUX","01-18-2025","2025 Santa Rosa Masters Resolution Meet"
"Men ","35-39","100","Butterfly","8","1:08.70"," Matthieu B Martin","M38","OAM","385M-05Y43","12-07-2024","THRICE is Nice!"
"Men ","35-39","100","Butterfly","9","1:09.87"," Billy W Tam","M38","USF","385F-03VU5","02-08-2025","USF Valentine's Affair"
"Men ","35-39","200","Butterfly","1","2:10.00"," Brandon J Fischer","M36","TVAM","385X-0B8R9","03-09-2025","Short and Sweet Meet"
"Men ","35-39","100","Individual Medley","1","51.38"," Brandon J Fischer","M35","UC38","384Z-0B8R9","06-21-2024","2024 U.S. Masters Swimming Spring National Championship"
"Men ","35-39","100","Individual Medley","2","53.09"," Peter R Kline","M35","SRM","3859-09CHW","01-18-2025","2025 Santa Rosa Masters Resolution Meet"
"Men ","35-39","100","Individual Medley","3","53.78"," Bobby Savulich","M36","TOC","3843-JSXSV","06-21-2024","2024 U.S. Masters Swimming Spring National Championship"
"Men ","35-39","100","Individual Medley","4","56.6"," Daniel D Wall","M35","TOC","385H-G7BDN","02-22-2025","2025 Splash &amp; Dash Sprint Pentathlon"
"Men ","35-39","100","Individual Medley","5","59.6"," Stephen J Frink","M39","RPM","385H-067SH","02-22-2025","2025 Splash &amp; Dash Sprint Pentathlon"
"Men ","35-39","100","Individual Medley","6","59.74"," Drew J Swartz","M36","AAM","3852-070U4","02-08-2025","USF Valentine's Affair"
"Men ","35-39","100","Individual Medley","7","1:00.80"," Liam E Murphy","M39","SRM","385S-9P561","02-22-2025","2025 Splash &amp; Dash Sprint Pentathlon"
"Men ","35-39","100","Individual Medley","8","1:01.38"," Kyle D Peterson","M38","OAM","385Z-GXP5S","02-22-2025","2025 Splash &amp; Dash Sprint Pentathlon"
"Men ","35-39","100","Individual Medley","9","1:01.99"," Louis Rogers","M36","WCM","385D-1HU6Y","02-08-2025","USF Valentine's Affair"
"Men ","35-39","100","Individual Medley","10","1:02.82"," Kenny Cheng","M35","UC38","385Y-PDPHH","02-22-2025","2025 Splash &amp; Dash Sprint Pentathlon"
"Men ","35-39","100","Individual Medley","11","1:02.90"," Alex C Solomon","M38","TSUN","385R-06YXA","02-08-2025","USF Valentine's Affair"
"Men ","35-39","100","Individual Medley","12","1:03.53"," Billy W Tam","M38","USF","385F-03VU5","02-08-2025","USF Valentine's Affair"
"Men ","35-39","100","Individual Medley","13","1:07.45"," Kyler Murlas","M35","ALB","385E-XAN73","02-22-2025","2025 Splash &amp; Dash Sprint Pentathlon"
"Men ","35-39","100","Individual Medley","14","1:07.77"," Andrew B Sturgess","M39","CVM","385P-07NBJ","03-02-2025","Silver State Masters SCY"
"Men ","35-39","100","Individual Medley","15","1:07.82"," Matthew D Clay","M38","USF","385W-05Z7C","02-08-2025","USF Valentine's Affair"
"Men ","35-39","100","Individual Medley","16","1:10.07"," Ethan Schmidt","M35","ALB","385X-WY264","02-22-2025","2025 Splash &amp; Dash Sprint Pentathlon"
"Men ","35-39","100","Individual Medley","17","1:10.38"," Brendan Chua","M39","RPM","385H-MFKUX","02-22-2025","2025 Splash &amp; Dash Sprint Pentathlon"
"Men ","35-39","100","Individual Medley","18","1:13.47"," Austin J Lange","M37","SACMA","385S-YVAJ8","02-22-2025","2025 Splash &amp; Dash Sprint Pentathlon"
"Men ","35-39","100","Individual Medley","19","1:13.78"," Luca Mandrioli","M38","QSS","3855-0AZMS","03-01-2025","TVM Spring Classic - 2025"
"Men ","35-39","100","Individual Medley","20","1:14.46"," Daniel Fahy","M36","SRM","385K-XYUKN","01-18-2025","2025 Santa Rosa Masters Resolution Meet"
"Men ","35-39","100","Individual Medley","21","1:15.84"," Yevgeniy M Kapustin","M38","USF","3853-4NCDU","02-08-2025","USF Valentine's Affair"
"Men ","35-39","100","Individual Medley","22","1:18.40"," David Hacker","M39","OAM","385F-PYKPW","01-18-2025","2025 Santa Rosa Masters Resolution Meet"
"Men ","35-39","200","Individual Medley","1","1:52.86"," Brandon J Fischer","M36","TVAM","385X-0B8R9","03-01-2025","TVM Spring Classic - 2025"
"Men ","35-39","200","Individual Medley","2","1:53.47"," Peter R Kline","M35","SRM","3859-09CHW","03-01-2025","TVM Spring Classic - 2025"
"Men ","35-39","200","Individual Medley","3","2:15.07"," Mark Wilson","M38","SRM","385S-1EJNM","01-18-2025","2025 Santa Rosa Masters Resolution Meet"
"Men ","35-39","200","Individual Medley","4","2:16.83"," Kyle T Leimkuhler","M37","MELO","385R-08408","03-01-2025","TVM Spring Classic - 2025"
"Men ","35-39","200","Individual Medley","5","2:40.28"," Brendan Chua","M39","RPM","385H-MFKUX","03-01-2025","TVM Spring Classic - 2025"
"Men ","35-39","200","Individual Medley","6","2:52.41"," Daniel Fahy","M36","SRM","385K-XYUKN","01-18-2025","2025 Santa Rosa Masters Resolution Meet"
"Men ","40-44","50","Freestyle","1","21.5"," Andy Grant","M40","WCM","3858-06HRS","02-22-2025","2025 Splash &amp; Dash Sprint Pentathlon"
"Men ","40-44","50","Freestyle","2","21.95"," Trent T Holsman","M43","TOC","384J-03ZCV","06-21-2024","2024 U.S. Masters Swimming Spring National Championship"
"Men ","40-44","50","Freestyle","3","23.08"," Juan P Valdivieso","M43","TOC","3850-0771P","02-22-2025","2025 Splash &amp; Dash Sprint Pentathlon"
"Men ","40-44","50","Freestyle","4","23.28"," Ryan Nickell","M40","BAYCL","385V-090JU","02-22-2025","2025 Splash &amp; Dash Sprint Pentathlon"
"Men ","40-44","50","Freestyle","5","23.48"," Eric K Wong","M44","QSS","385T-07XWU","01-18-2025","2025 Santa Rosa Masters Resolution Meet"
"Men ","40-44","50","Freestyle","6","24"," Nikkolas E Kemp","M40","SRM","3857-06DZ0","02-22-2025","2025 Splash &amp; Dash Sprint Pentathlon"
"Men ","40-44","50","Freestyle","7","24.7"," Jacob Kislevitz","M40","SERC","3840-0BAF5","06-21-2024","2024 U.S. Masters Swimming Spring National Championship"
"Men ","40-44","50","Freestyle","8","25.14"," Ryan M Dalton","M42","USF","385W-06NT9","02-08-2025","USF Valentine's Affair"
"Men ","40-44","50","Freestyle","9","25.32"," Justin R Brinkmeyer","M43","MAM","385T-04732","02-22-2025","2025 Splash &amp; Dash Sprint Pentathlon"
"Men ","40-44","50","Freestyle","10","25.75"," Chris Greiner","M43","HTUB","3851-05ZCS","03-01-2025","TVM Spring Classic - 2025"
"Men ","40-44","50","Freestyle","11","25.78"," Owen Fennern","M44","SJCF","3856-4RN3Y","12-07-2024","THRICE is Nice!"
"Men ","40-44","50","Freestyle","12","25.79"," Daniel Song","M43","MAM","385D-03V2B","02-22-2025","2025 Splash &amp; Dash Sprint Pentathlon"
"Men ","40-44","50","Freestyle","13","25.79"," Derrick R Franks","M44","SJCF","3853-0667E","03-01-2025","TVM Spring Classic - 2025"
"Men ","40-44","50","Freestyle","14","25.88"," Gordon R McDonald","M40","SRM","385E-9NK0B","01-18-2025","2025 Santa Rosa Masters Resolution Meet"
"Men ","40-44","50","Freestyle","15","26.08"," Billy E Rinehart","M42","TOC","385M-H0M2R","02-22-2025","2025 Splash &amp; Dash Sprint Pentathlon"
"Men ","40-44","50","Freestyle","16","27.35"," Jonathan S Biethan","M40","TSUN","385B-035ZV","02-22-2025","2025 Splash &amp; Dash Sprint Pentathlon"
"Men ","40-44","50","Freestyle","17","27.58"," Michael J Cruse","M44","MAM","3851-03SMK","02-22-2025","2025 Splash &amp; Dash Sprint Pentathlon"
"Men ","40-44","50","Freestyle","18","27.84"," Philip Wu","M41","MAQ","3853-05YXB","01-18-2025","2025 Santa Rosa Masters Resolution Meet"
"Men ","40-44","50","Freestyle","19","27.94"," Brett A Radzik","M40","SACMA","3858-FU83J","03-09-2025","Short and Sweet Meet"
"Men ","40-44","50","Freestyle","20","28.3"," Jimmy Song","M41","MEMO","385A-09EU2","02-22-2025","2025 Splash &amp; Dash Sprint Pentathlon"
"Men ","40-44","50","Freestyle","21","28.92"," Lawrence Y Wong","M40","TSUN","385Y-71117","02-22-2025","2025 Splash &amp; Dash Sprint Pentathlon"
"Men ","40-44","50","Freestyle","22","31.51"," James R Alexander","M40","TSUN","3856-J8X2R","02-22-2025","2025 Splash &amp; Dash Sprint Pentathlon"
"Men ","40-44","50","Freestyle","23","36.08"," Mehdi Nourbakhsh","M41","RPM","385P-0AUHR","02-22-2025","2025 Splash &amp; Dash Sprint Pentathlon"
"Men ","40-44","50","Freestyle","24","38.7"," Paul J Perrone","M42","HTUB","385Y-0AEG8","02-08-2025","USF Valentine's Affair"
"Men ","40-44","50","Freestyle","25","40.77"," Subhankar Mukherjee","M41","TVM","3852-SUFKW","03-01-2025","TVM Spring Classic - 2025"
"Men ","40-44","50","Freestyle","26","41.13"," Triloksingh K Rajput","M43","LAC","3854-FRRR1","03-01-2025","TVM Spring Classic - 2025"
"Men ","40-44","100","Freestyle","1","52.16"," Eric K Wong","M44","QSS","385T-07XWU","01-18-2025","2025 Santa Rosa Masters Resolution Meet"
"Men ","40-44","100","Freestyle","2","52.78"," Benjamin J Neuwirth","M41","USF","385K-04BTU","02-08-2025","USF Valentine's Affair"
"Men ","40-44","100","Freestyle","3","53.7"," Nikkolas E Kemp","M40","SRM","3857-06DZ0","01-18-2025","2025 Santa Rosa Masters Resolution Meet"
"Men ","40-44","100","Freestyle","4","55.58"," Luke B Johnson","M42","UC38","385P-06SPS","03-02-2025","Silver State Masters SCY"
"Men ","40-44","100","Freestyle","5","56.7"," Derrick R Franks","M44","SJCF","3853-0667E","03-01-2025","TVM Spring Classic - 2025"
"Men ","40-44","100","Freestyle","6","56.84"," Ryan M Dalton","M42","USF","385W-06NT9","02-08-2025","USF Valentine's Affair"
"Men ","40-44","100","Freestyle","7","57.16"," Owen Fennern","M44","SJCF","3856-4RN3Y","02-08-2025","USF Valentine's Affair"
"Men ","40-44","100","Freestyle","8","58.98"," Gordon R McDonald","M40","SRM","385E-9NK0B","01-18-2025","2025 Santa Rosa Masters Resolution Meet"
"Men ","40-44","100","Freestyle","9","59.74"," Daren Chan","M42","UC38","3852-07PBJ","02-08-2025","USF Valentine's Affair"
"Men ","40-44","100","Freestyle","10","1:01.38"," Philip Wu","M41","MAQ","3853-05YXB","01-18-2025","2025 Santa Rosa Masters Resolution Meet"
"Men ","40-44","100","Freestyle","11","1:01.66"," Ernest Woei","M43","UC38","3857-DNX5W","03-01-2025","TVM Spring Classic - 2025"
"Men ","40-44","100","Freestyle","12","1:02.25"," Jimmy Song","M41","MEMO","385A-09EU2","03-01-2025","TVM Spring Classic - 2025"
"Men ","40-44","100","Freestyle","13","1:07.99"," Joseph Dumont","M41","USF","3851-YB148","02-08-2025","USF Valentine's Affair"
"Men ","40-44","100","Freestyle","14","1:12.44"," Daniel A Marlow","M41","CARS","3853-B2R5E","03-02-2025","Silver State Masters SCY"
"Men ","40-44","100","Freestyle","15","1:24.04"," Paul J Perrone","M42","HTUB","385Y-0AEG8","02-08-2025","USF Valentine's Affair"
"Men ","40-44","100","Freestyle","16","1:26.89"," Triloksingh K Rajput","M43","LAC","3854-FRRR1","03-01-2025","TVM Spring Classic - 2025"
"Men ","40-44","100","Freestyle","17","1:31.75"," Subhankar Mukherjee","M41","TVM","3852-SUFKW","03-01-2025","TVM Spring Classic - 2025"
"Men ","40-44","200","Freestyle","1","1:48.91"," Juan P Valdivieso","M43","TOC","384E-0771P","06-21-2024","2024 U.S. Masters Swimming Spring National Championship"
"Men ","40-44","200","Freestyle","2","1:58.24"," Nikkolas E Kemp","M40","SRM","3857-06DZ0","01-18-2025","2025 Santa Rosa Masters Resolution Meet"
"Men ","40-44","200","Freestyle","3","2:12.86"," Derrick R Franks","M44","SJCF","3853-0667E","01-18-2025","2025 Santa Rosa Masters Resolution Meet"
"Men ","40-44","200","Freestyle","4","2:19.63"," Jimmy Song","M41","MEMO","385A-09EU2","01-18-2025","2025 Santa Rosa Masters Resolution Meet"
"Men ","40-44","200","Freestyle","5","2:21.36"," Owen Fennern","M44","SJCF","3856-4RN3Y","12-07-2024","THRICE is Nice!"
"Men ","40-44","200","Freestyle","6","2:35.70"," Ernest Woei","M43","UC38","3857-DNX5W","03-01-2025","TVM Spring Classic - 2025"
"Men ","40-44","200","Freestyle","7","2:39.28"," Daniel A Marlow","M41","CARS","3853-B2R5E","03-02-2025","Silver State Masters SCY"
"Men ","40-44","500","Freestyle","1","4:55.41"," Juan P Valdivieso","M43","TOC","384E-0771P","06-21-2024","2024 U.S. Masters Swimming Spring National Championship"
"Men ","40-44","500","Freestyle","2","5:19.59"," Billy E Rinehart","M41","TOC","384P-H0M2R","06-21-2024","2024 U.S. Masters Swimming Spring National Championship"
"Men ","40-44","500","Freestyle","3","5:40.98"," Luke B Johnson","M42","UC38","385P-06SPS","03-02-2025","Silver State Masters SCY"
"Men ","40-44","500","Freestyle","4","6:20.24"," Jimmy Song","M41","MEMO","385A-09EU2","03-09-2025","Short and Sweet Meet"
"Men ","40-44","500","Freestyle","5","7:16.00"," Daniel A Marlow","M41","CARS","3853-B2R5E","03-02-2025","Silver State Masters SCY"
"Men ","40-44","1000","Freestyle","1","11:21.86"," Billy E Rinehart","M41","TOC","384P-H0M2R","06-24-2024","2024 U.S. Masters Swimming Spring National Championship"
"Men ","40-44","1650","Freestyle","1","17:44.01"," Juan P Valdivieso","M43","TOC","384E-0771P","06-24-2024","2024 U.S. Masters Swimming Spring National Championship"
"Men ","40-44","1650","Freestyle","2","18:05.88"," Zebron J Lemke","M44","AAM","385M-03S8A","02-23-2025","The City Mile"
"Men ","40-44","1650","Freestyle","3","21:21.57"," Luke B Johnson","M42","UC38","385P-06SPS","03-02-2025","Silver State Masters SCY"
"Men ","40-44","1650","Freestyle","4","23:58.88"," Joseph Dumont","M41","USF","3851-YB148","02-23-2025","The City Mile"
"Men ","40-44","50","Backstroke","1","24.53"," Andy Grant","M40","WCM","3858-06HRS","02-22-2025","2025 Splash &amp; Dash Sprint Pentathlon"
"Men ","40-44","50","Backstroke","2","26.18"," Trent T Holsman","M43","TOC","384J-03ZCV","06-22-2024","2024 U.S. Masters Swimming Spring National Championship"
"Men ","40-44","50","Backstroke","3","27.26"," Eric K Wong","M44","QSS","385T-07XWU","03-01-2025","TVM Spring Classic - 2025"
"Men ","40-44","50","Backstroke","4","27.72"," Juan P Valdivieso","M43","TOC","3850-0771P","02-22-2025","2025 Splash &amp; Dash Sprint Pentathlon"
"Men ","40-44","50","Backstroke","5","28.04"," Benjamin J Neuwirth","M41","USF","385K-04BTU","02-08-2025","USF Valentine's Affair"
"Men ","40-44","50","Backstroke","6","28.71"," Nikkolas E Kemp","M40","SRM","3857-06DZ0","02-22-2025","2025 Splash &amp; Dash Sprint Pentathlon"
"Men ","40-44","50","Backstroke","7","30.12"," Ryan Nickell","M40","BAYCL","385V-090JU","02-22-2025","2025 Splash &amp; Dash Sprint Pentathlon"
"Men ","40-44","50","Backstroke","8","30.21"," Justin R Brinkmeyer","M43","MAM","385T-04732","02-22-2025","2025 Splash &amp; Dash Sprint Pentathlon"
"Men ","40-44","50","Backstroke","9","30.45"," Derrick R Franks","M44","SJCF","3853-0667E","03-01-2025","TVM Spring Classic - 2025"
"Men ","40-44","50","Backstroke","10","31.05"," Gordon R McDonald","M40","SRM","385E-9NK0B","01-18-2025","2025 Santa Rosa Masters Resolution Meet"
"Men ","40-44","50","Backstroke","11","31.4"," Chris Greiner","M43","HTUB","3851-05ZCS","03-09-2025","Short and Sweet Meet"
"Men ","40-44","50","Backstroke","12","31.86"," Daniel Song","M43","MAM","385D-03V2B","02-22-2025","2025 Splash &amp; Dash Sprint Pentathlon"
"Men ","40-44","50","Backstroke","13","33.77"," Jonathan S Biethan","M40","TSUN","385B-035ZV","02-22-2025","2025 Splash &amp; Dash Sprint Pentathlon"
"Men ","40-44","50","Backstroke","14","34.19"," Lawrence Y Wong","M40","TSUN","385Y-71117","02-22-2025","2025 Splash &amp; Dash Sprint Pentathlon"
"Men ","40-44","50","Backstroke","15","34.23"," Billy E Rinehart","M42","TOC","385M-H0M2R","02-22-2025","2025 Splash &amp; Dash Sprint Pentathlon"
"Men ","40-44","50","Backstroke","16","34.57"," Brett A Radzik","M40","SACMA","3858-FU83J","03-09-2025","Short and Sweet Meet"
"Men ","40-44","50","Backstroke","17","35.99"," Jimmy Song","M41","MEMO","385A-09EU2","02-22-2025","2025 Splash &amp; Dash Sprint Pentathlon"
"Men ","40-44","50","Backstroke","18","36.1"," Owen Fennern","M44","SJCF","3856-4RN3Y","12-07-2024","THRICE is Nice!"
"Men ","40-44","50","Backstroke","19","39.75"," James R Alexander","M40","TSUN","3856-J8X2R","02-22-2025","2025 Splash &amp; Dash Sprint Pentathlon"
"Men ","40-44","50","Backstroke","20","46.79"," Mehdi Nourbakhsh","M41","RPM","385P-0AUHR","02-22-2025","2025 Splash &amp; Dash Sprint Pentathlon"
"Men ","40-44","50","Backstroke","21","48.29"," Triloksingh K Rajput","M43","LAC","3854-FRRR1","03-01-2025","TVM Spring Classic - 2025"
"Men ","40-44","100","Backstroke","1","59.02"," Matthieu Fuzellier","M44","USF","385B-062N7","02-08-2025","USF Valentine's Affair"
"Men ","40-44","100","Backstroke","2","1:08.69"," Gordon R McDonald","M40","SRM","385E-9NK0B","01-18-2025","2025 Santa Rosa Masters Resolution Meet"
"Men ","40-44","100","Backstroke","3","1:15.73"," Ernest Woei","M43","UC38","3857-DNX5W","03-01-2025","TVM Spring Classic - 2025"
"Men ","40-44","100","Backstroke","4","1:17.96"," Jimmy Song","M41","MEMO","385A-09EU2","02-08-2025","USF Valentine's Affair"
"Men ","40-44","200","Backstroke","1","2:44.29"," Jimmy Song","M41","MEMO","385A-09EU2","03-09-2025","Short and Sweet Meet"
"Men ","40-44","50","Breaststroke","1","27.79"," Andy Grant","M40","WCM","3858-06HRS","02-22-2025","2025 Splash &amp; Dash Sprint Pentathlon"
"Men ","40-44","50","Breaststroke","2","28.55"," Eric K Wong","M44","QSS","385T-07XWU","01-18-2025","2025 Santa Rosa Masters Resolution Meet"
"Men ","40-44","50","Breaststroke","3","30.27"," Ryan Nickell","M40","BAYCL","385V-090JU","02-22-2025","2025 Splash &amp; Dash Sprint Pentathlon"
"Men ","40-44","50","Breaststroke","4","30.29"," Juan P Valdivieso","M43","TOC","3850-0771P","02-22-2025","2025 Splash &amp; Dash Sprint Pentathlon"
"Men ","40-44","50","Breaststroke","5","32.18"," Nikkolas E Kemp","M40","SRM","3857-06DZ0","02-22-2025","2025 Splash &amp; Dash Sprint Pentathlon"
"Men ","40-44","50","Breaststroke","6","33.04"," Chris Greiner","M43","HTUB","3851-05ZCS","03-09-2025","Short and Sweet Meet"
"Men ","40-44","50","Breaststroke","7","33.96"," Jimmy Song","M41","MEMO","385A-09EU2","03-09-2025","Short and Sweet Meet"
"Men ","40-44","50","Breaststroke","8","34.05"," Michael J Cruse","M44","MAM","3851-03SMK","02-22-2025","2025 Splash &amp; Dash Sprint Pentathlon"
"Men ","40-44","50","Breaststroke","9","34.57"," Jonathan S Biethan","M40","TSUN","385B-035ZV","02-22-2025","2025 Splash &amp; Dash Sprint Pentathlon"
"Men ","40-44","50","Breaststroke","10","35.09"," Daniel Song","M43","MAM","385D-03V2B","02-22-2025","2025 Splash &amp; Dash Sprint Pentathlon"
"Men ","40-44","50","Breaststroke","11","36.4"," Justin R Brinkmeyer","M43","MAM","385T-04732","02-22-2025","2025 Splash &amp; Dash Sprint Pentathlon"
"Men ","40-44","50","Breaststroke","12","36.8"," Owen Fennern","M44","SJCF","3856-4RN3Y","02-08-2025","USF Valentine's Affair"
"Men ","40-44","50","Breaststroke","13","37.35"," Ernest Woei","M43","UC38","3857-DNX5W","12-07-2024","THRICE is Nice!"
"Men ","40-44","50","Breaststroke","14","39.08"," Philip Wu","M41","MAQ","3853-05YXB","01-18-2025","2025 Santa Rosa Masters Resolution Meet"
"Men ","40-44","50","Breaststroke","15","40.05"," Billy E Rinehart","M42","TOC","385M-H0M2R","02-22-2025","2025 Splash &amp; Dash Sprint Pentathlon"
"Men ","40-44","50","Breaststroke","16","42.74"," James R Alexander","M40","TSUN","3856-J8X2R","02-22-2025","2025 Splash &amp; Dash Sprint Pentathlon"
"Men ","40-44","50","Breaststroke","17","49"," Mehdi Nourbakhsh","M41","RPM","385P-0AUHR","02-22-2025","2025 Splash &amp; Dash Sprint Pentathlon"
"Men ","40-44","50","Breaststroke","18","50.31"," Triloksingh K Rajput","M43","LAC","3854-FRRR1","03-01-2025","TVM Spring Classic - 2025"
"Men ","40-44","50","Breaststroke","19","51.44"," Subhankar Mukherjee","M41","TVM","3852-SUFKW","03-01-2025","TVM Spring Classic - 2025"
"Men ","40-44","100","Breaststroke","1","1:03.65"," Eric K Wong","M44","QSS","385T-07XWU","01-18-2025","2025 Santa Rosa Masters Resolution Meet"
"Men ","40-44","100","Breaststroke","2","1:13.05"," Jimmy Song","M41","MEMO","385A-09EU2","03-01-2025","TVM Spring Classic - 2025"
"Men ","40-44","100","Breaststroke","3","1:17.70"," Ernest Woei","M43","UC38","3857-DNX5W","03-01-2025","TVM Spring Classic - 2025"
"Men ","40-44","100","Breaststroke","4","1:19.18"," Chris Greiner","M43","HTUB","3851-05ZCS","03-01-2025","TVM Spring Classic - 2025"
"Men ","40-44","100","Breaststroke","5","1:26.36"," Philip Wu","M41","MAQ","3853-05YXB","01-18-2025","2025 Santa Rosa Masters Resolution Meet"
"Men ","40-44","100","Breaststroke","6","1:44.63"," Triloksingh K Rajput","M43","LAC","3854-FRRR1","03-01-2025","TVM Spring Classic - 2025"
"Men ","40-44","100","Breaststroke","7","1:50.68"," Subhankar Mukherjee","M41","TVM","3852-SUFKW","03-01-2025","TVM Spring Classic - 2025"
"Men ","40-44","200","Breaststroke","1","2:36.99"," Jimmy Song","M41","MEMO","385A-09EU2","03-09-2025","Short and Sweet Meet"
"Men ","40-44","200","Breaststroke","2","3:06.65"," Owen Fennern","M44","SJCF","3856-4RN3Y","12-07-2024","THRICE is Nice!"
"Men ","40-44","200","Breaststroke","3","3:14.53"," Ernest Woei","M43","UC38","3857-DNX5W","12-07-2024","THRICE is Nice!"
"Men ","40-44","50","Butterfly","1","23.12"," Andy Grant","M40","WCM","3858-06HRS","02-22-2025","2025 Splash &amp; Dash Sprint Pentathlon"
"Men ","40-44","50","Butterfly","2","24.22"," Trent T Holsman","M43","TOC","384J-03ZCV","06-23-2024","2024 U.S. Masters Swimming Spring National Championship"
"Men ","40-44","50","Butterfly","3","24.96"," Juan P Valdivieso","M43","TOC","3850-0771P","02-22-2025","2025 Splash &amp; Dash Sprint Pentathlon"
"Men ","40-44","50","Butterfly","4","25.17"," Ryan Nickell","M40","BAYCL","385V-090JU","02-22-2025","2025 Splash &amp; Dash Sprint Pentathlon"
"Men ","40-44","50","Butterfly","5","25.25"," Matthieu Fuzellier","M44","USF","385B-062N7","02-08-2025","USF Valentine's Affair"
"Men ","40-44","50","Butterfly","6","25.45"," Benjamin J Neuwirth","M41","USF","385K-04BTU","02-08-2025","USF Valentine's Affair"
"Men ","40-44","50","Butterfly","7","26.22"," Billy E Rinehart","M41","TOC","384P-H0M2R","06-23-2024","2024 U.S. Masters Swimming Spring National Championship"
"Men ","40-44","50","Butterfly","8","27.7"," Nikkolas E Kemp","M40","SRM","3857-06DZ0","02-22-2025","2025 Splash &amp; Dash Sprint Pentathlon"
"Men ","40-44","50","Butterfly","9","28.24"," Justin R Brinkmeyer","M43","MAM","385T-04732","02-22-2025","2025 Splash &amp; Dash Sprint Pentathlon"
"Men ","40-44","50","Butterfly","10","28.25"," Chris Greiner","M43","HTUB","3851-05ZCS","03-09-2025","Short and Sweet Meet"
"Men ","40-44","50","Butterfly","11","28.37"," Daniel Song","M43","MAM","385D-03V2B","02-22-2025","2025 Splash &amp; Dash Sprint Pentathlon"
"Men ","40-44","50","Butterfly","12","29.28"," Daren Chan","M42","UC38","3852-07PBJ","02-08-2025","USF Valentine's Affair"
"Men ","40-44","50","Butterfly","13","29.35"," Ryan M Dalton","M42","USF","385W-06NT9","02-08-2025","USF Valentine's Affair"
"Men ","40-44","50","Butterfly","14","29.55"," Derrick R Franks","M44","SJCF","3853-0667E","01-18-2025","2025 Santa Rosa Masters Resolution Meet"
"Men ","40-44","50","Butterfly","15","29.55"," Philip Wu","M41","MAQ","3853-05YXB","01-18-2025","2025 Santa Rosa Masters Resolution Meet"
"Men ","40-44","50","Butterfly","16","30.22"," Jonathan S Biethan","M40","TSUN","385B-035ZV","02-22-2025","2025 Splash &amp; Dash Sprint Pentathlon"
"Men ","40-44","50","Butterfly","17","31.38"," Joseph Dumont","M41","USF","3851-YB148","02-08-2025","USF Valentine's Affair"
"Men ","40-44","50","Butterfly","18","32.16"," Jimmy Song","M41","MEMO","385A-09EU2","02-22-2025","2025 Splash &amp; Dash Sprint Pentathlon"
"Men ","40-44","50","Butterfly","19","35.42"," James R Alexander","M40","TSUN","3856-J8X2R","02-22-2025","2025 Splash &amp; Dash Sprint Pentathlon"
"Men ","40-44","50","Butterfly","20","40.15"," Mehdi Nourbakhsh","M41","RPM","385P-0AUHR","02-22-2025","2025 Splash &amp; Dash Sprint Pentathlon"
"Men ","40-44","100","Butterfly","1","53.54"," Juan P Valdivieso","M43","TOC","384E-0771P","06-22-2024","2024 U.S. Masters Swimming Spring National Championship"
"Men ","40-44","100","Butterfly","2","57.12"," Billy E Rinehart","M41","TOC","384P-H0M2R","06-22-2024","2024 U.S. Masters Swimming Spring National Championship"
"Men ","40-44","100","Butterfly","3","1:04.56"," Nikkolas E Kemp","M40","SRM","3857-06DZ0","01-18-2025","2025 Santa Rosa Masters Resolution Meet"
"Men ","40-44","100","Butterfly","4","1:14.00"," Jimmy Song","M41","MEMO","385A-09EU2","03-01-2025","TVM Spring Classic - 2025"
"Men ","40-44","100","Butterfly","5","1:14.51"," Ernest Woei","M43","UC38","3857-DNX5W","03-01-2025","TVM Spring Classic - 2025"
"Men ","40-44","100","Butterfly","6","1:22.22"," Owen Fennern","M44","SJCF","3856-4RN3Y","12-07-2024","THRICE is Nice!"
"Men ","40-44","200","Butterfly","1","1:58.92"," Juan P Valdivieso","M43","TOC","384E-0771P","06-20-2024","2024 U.S. Masters Swimming Spring National Championship"
"Men ","40-44","200","Butterfly","2","2:12.71"," Billy E Rinehart","M41","TOC","384P-H0M2R","06-20-2024","2024 U.S. Masters Swimming Spring National Championship"
"Men ","40-44","200","Butterfly","3","2:41.75"," Jimmy Song","M41","MEMO","385A-09EU2","03-09-2025","Short and Sweet Meet"
"Men ","40-44","100","Individual Medley","1","52.59"," Andy Grant","M40","WCM","3858-06HRS","02-22-2025","2025 Splash &amp; Dash Sprint Pentathlon"
"Men ","40-44","100","Individual Medley","2","55.52"," Trent T Holsman","M43","TOC","384J-03ZCV","06-21-2024","2024 U.S. Masters Swimming Spring National Championship"
"Men ","40-44","100","Individual Medley","3","57.66"," Eric K Wong","M44","QSS","385T-07XWU","01-18-2025","2025 Santa Rosa Masters Resolution Meet"
"Men ","40-44","100","Individual Medley","4","57.66"," Juan P Valdivieso","M43","TOC","3850-0771P","02-22-2025","2025 Splash &amp; Dash Sprint Pentathlon"
"Men ","40-44","100","Individual Medley","5","1:00.82"," Ryan Nickell","M40","BAYCL","385V-090JU","02-22-2025","2025 Splash &amp; Dash Sprint Pentathlon"
"Men ","40-44","100","Individual Medley","6","1:01.33"," Nikkolas E Kemp","M40","SRM","3857-06DZ0","02-22-2025","2025 Splash &amp; Dash Sprint Pentathlon"
"Men ","40-44","100","Individual Medley","7","1:05.63"," Justin R Brinkmeyer","M43","MAM","385T-04732","02-22-2025","2025 Splash &amp; Dash Sprint Pentathlon"
"Men ","40-44","100","Individual Medley","8","1:07.73"," Billy E Rinehart","M42","TOC","385M-H0M2R","02-22-2025","2025 Splash &amp; Dash Sprint Pentathlon"
"Men ","40-44","100","Individual Medley","9","1:07.91"," Jonathan S Biethan","M40","TSUN","385B-035ZV","02-22-2025","2025 Splash &amp; Dash Sprint Pentathlon"
"Men ","40-44","100","Individual Medley","10","1:09.38"," Jimmy Song","M41","MEMO","385A-09EU2","02-22-2025","2025 Splash &amp; Dash Sprint Pentathlon"
"Men ","40-44","100","Individual Medley","11","1:11.50"," Michael J Cruse","M44","MAM","3851-03SMK","02-22-2025","2025 Splash &amp; Dash Sprint Pentathlon"
"Men ","40-44","100","Individual Medley","12","1:13.41"," Owen Fennern","M44","SJCF","3856-4RN3Y","02-08-2025","USF Valentine's Affair"
"Men ","40-44","100","Individual Medley","13","1:16.27"," Philip Wu","M41","MAQ","3853-05YXB","01-18-2025","2025 Santa Rosa Masters Resolution Meet"
"Men ","40-44","100","Individual Medley","14","1:20.35"," James R Alexander","M40","TSUN","3856-J8X2R","02-22-2025","2025 Splash &amp; Dash Sprint Pentathlon"
"Men ","40-44","100","Individual Medley","15","1:36.31"," Mehdi Nourbakhsh","M41","RPM","385P-0AUHR","02-22-2025","2025 Splash &amp; Dash Sprint Pentathlon"
"Men ","40-44","100","Individual Medley","16","1:45.92"," Triloksingh K Rajput","M43","LAC","3854-FRRR1","03-01-2025","TVM Spring Classic - 2025"
"Men ","40-44","200","Individual Medley","1","2:34.83"," Jimmy Song","M41","MEMO","385A-09EU2","01-18-2025","2025 Santa Rosa Masters Resolution Meet"
"Men ","40-44","200","Individual Medley","2","2:41.37"," Ernest Woei","M43","UC38","3857-DNX5W","03-01-2025","TVM Spring Classic - 2025"
"Men ","40-44","400","Individual Medley","1","4:29.73"," Juan P Valdivieso","M43","TOC","384E-0771P","06-23-2024","2024 U.S. Masters Swimming Spring National Championship"
"Men ","45-49","50","Freestyle","1","21.65"," Scott Greenwood","M46","TOC","384T-03KPW","06-21-2024","2024 U.S. Masters Swimming Spring National Championship"
"Men ","45-49","50","Freestyle","2","23.35"," Benjamin C Phipps","M45","SJCF","385T-03T2F","01-18-2025","2025 Santa Rosa Masters Resolution Meet"
"Men ","45-49","50","Freestyle","3","23.69"," Marco A Lopez","M48","TEME","385B-00240","02-22-2025","2025 Splash &amp; Dash Sprint Pentathlon"
"Men ","45-49","50","Freestyle","4","24.15"," Adam Nisenbaum","M47","MAM","385V-03M4M","02-22-2025","2025 Splash &amp; Dash Sprint Pentathlon"
"Men ","45-49","50","Freestyle","5","24.24"," Matthew E Ward","M47","MAM","385X-076ZY","02-22-2025","2025 Splash &amp; Dash Sprint Pentathlon"
"Men ","45-49","50","Freestyle","6","24.51"," Jacob F Schultz","M49","MAM","385H-NRP6Y","02-22-2025","2025 Splash &amp; Dash Sprint Pentathlon"
"Men ","45-49","50","Freestyle","7","25.36"," Chad D Holbrook","M45","WCM","3855-ZX84M","02-22-2025","2025 Splash &amp; Dash Sprint Pentathlon"
"Men ","45-49","50","Freestyle","8","25.73"," Theral E Mackey","M47","USF","385N-06AWE","02-22-2025","2025 Splash &amp; Dash Sprint Pentathlon"
"Men ","45-49","50","Freestyle","9","25.75"," David A Popko","M47","AAM","385W-0836U","02-22-2025","2025 Splash &amp; Dash Sprint Pentathlon"
"Men ","45-49","50","Freestyle","10","25.79"," Michael Frazier","M48","SACMA","385W-07N77","02-22-2025","2025 Splash &amp; Dash Sprint Pentathlon"
"Men ","45-49","50","Freestyle","11","26.1"," Omer Baristiran","M45","USF","384A-H88WV","12-07-2024","THRICE is Nice!"
"Men ","45-49","50","Freestyle","12","28.4"," Ellison R Wada","M45","WCM","385Z-03H75","02-08-2025","USF Valentine's Affair"
"Men ","45-49","50","Freestyle","13","28.49"," Hans P Riegels","M47","TVM","385V-03RW7","03-01-2025","TVM Spring Classic - 2025"
"Men ","45-49","50","Freestyle","14","28.71"," Adam H Prost","M49","RPM","385R-03R5N","02-22-2025","2025 Splash &amp; Dash Sprint Pentathlon"
"Men ","45-49","50","Freestyle","15","30.56"," John S Bucy","M46","USF","3858-03Y13","02-08-2025","USF Valentine's Affair"
"Men ","45-49","100","Freestyle","1","56.57"," David A Popko","M47","AAM","385W-0836U","03-01-2025","TVM Spring Classic - 2025"
"Men ","45-49","100","Freestyle","2","56.67"," Omer Baristiran","M45","USF","384A-H88WV","12-07-2024","THRICE is Nice!"
"Men ","45-49","100","Freestyle","3","1:06.96"," Oleg Mustiazza","M46","GOOG","385F-06M9Y","02-08-2025","USF Valentine's Affair"
"Men ","45-49","100","Freestyle","4","1:07.03"," Eli J Hamlin","M47","SRM","3856-065F8","01-18-2025","2025 Santa Rosa Masters Resolution Meet"
"Men ","45-49","100","Freestyle","5","1:08.68"," John S Bucy","M46","USF","3858-03Y13","02-08-2025","USF Valentine's Affair"
"Men ","45-49","100","Freestyle","6","1:13.29"," Emmit M Hancock","M46","TVM","3859-03KDU","03-01-2025","TVM Spring Classic - 2025"
"Men ","45-49","100","Freestyle","7","1:15.65"," Ryan E Powers","M45","HTUB","3853-08151","03-01-2025","TVM Spring Classic - 2025"
"Men ","45-49","200","Freestyle","1","1:56.71"," Benjamin C Phipps","M45","SJCF","385T-03T2F","01-18-2025","2025 Santa Rosa Masters Resolution Meet"
"Men ","45-49","200","Freestyle","2","2:04.56"," Chad D Holbrook","M45","WCM","3855-ZX84M","01-18-2025","2025 Santa Rosa Masters Resolution Meet"
"Men ","45-49","200","Freestyle","3","2:07.72"," Omer Baristiran","M45","USF","384A-H88WV","12-07-2024","THRICE is Nice!"
"Men ","45-49","200","Freestyle","4","2:12.59"," Michael Frazier","M48","SACMA","385W-07N77","03-09-2025","Short and Sweet Meet"
"Men ","45-49","200","Freestyle","5","2:24.51"," Eli J Hamlin","M47","SRM","3856-065F8","01-18-2025","2025 Santa Rosa Masters Resolution Meet"
"Men ","45-49","200","Freestyle","6","2:28.19"," Ellison R Wada","M45","WCM","385Z-03H75","03-09-2025","Short and Sweet Meet"
"Men ","45-49","200","Freestyle","7","2:47.33"," Emmit M Hancock","M46","TVM","3859-03KDU","03-01-2025","TVM Spring Classic - 2025"
"Men ","45-49","200","Freestyle","8","2:47.44"," Ryan E Powers","M45","HTUB","3853-08151","03-01-2025","TVM Spring Classic - 2025"
"Men ","45-49","1000","Freestyle","1","12:07.62"," Mario Gini","M45","BAC","3859-04Z57","","The City Mile"
"Men ","45-49","1000","Freestyle","2","13:11.11"," Greg Sabatini","M49","RPM","3858-07N52","","The City Mile"
"Men ","45-49","1650","Freestyle","1","20:00.44"," Kevin H Donlon","M46","USF","385N-03XSP","02-23-2025","The City Mile"
"Men ","45-49","1650","Freestyle","2","20:26.87"," Mario Gini","M45","BAC","3859-04Z57","02-23-2025","The City Mile"
"Men ","45-49","1650","Freestyle","3","21:45.21"," Greg Sabatini","M49","RPM","3858-07N52","02-23-2025","The City Mile"
"Men ","45-49","1650","Freestyle","4","22:58.34"," Ellison R Wada","M45","WCM","385Z-03H75","02-23-2025","The City Mile"
"Men ","45-49","1650","Freestyle","5","23:17.41"," Michael Frazier","M48","SACMA","385W-07N77","02-23-2025","The City Mile"
"Men ","45-49","1650","Freestyle","6","25:14.75"," John S Maher","M48","BAC","385J-03WPP","02-23-2025","The City Mile"
"Men ","45-49","1650","Freestyle","7","30:09.97"," Brian Baggaley","M47","TSUN","3856-03X8U","02-23-2025","The City Mile"
"Men ","45-49","50","Backstroke","1","26.47"," Marco A Lopez","M48","TEME","385B-00240","02-22-2025","2025 Splash &amp; Dash Sprint Pentathlon"
"Men ","45-49","50","Backstroke","2","27.17"," Scott Greenwood","M46","TOC","384T-03KPW","06-22-2024","2024 U.S. Masters Swimming Spring National Championship"
"Men ","45-49","50","Backstroke","3","29.06"," Adam Nisenbaum","M47","MAM","385V-03M4M","02-22-2025","2025 Splash &amp; Dash Sprint Pentathlon"
"Men ","45-49","50","Backstroke","4","29.47"," David A Popko","M47","AAM","385W-0836U","02-22-2025","2025 Splash &amp; Dash Sprint Pentathlon"
"Men ","45-49","50","Backstroke","5","29.92"," Jacob F Schultz","M49","MAM","385H-NRP6Y","02-22-2025","2025 Splash &amp; Dash Sprint Pentathlon"
"Men ","45-49","50","Backstroke","6","30.77"," Chad D Holbrook","M45","WCM","3855-ZX84M","02-22-2025","2025 Splash &amp; Dash Sprint Pentathlon"
"Men ","45-49","50","Backstroke","7","30.89"," Omer Baristiran","M45","USF","385C-H88WV","02-08-2025","USF Valentine's Affair"
"Men ","45-49","50","Backstroke","8","33.86"," Michael Frazier","M48","SACMA","385W-07N77","02-22-2025","2025 Splash &amp; Dash Sprint Pentathlon"
"Men ","45-49","50","Backstroke","9","36.48"," Ellison R Wada","M45","WCM","385Z-03H75","02-22-2025","2025 Splash &amp; Dash Sprint Pentathlon"
"Men ","45-49","50","Backstroke","10","38.14"," Adam H Prost","M49","RPM","385R-03R5N","02-22-2025","2025 Splash &amp; Dash Sprint Pentathlon"
"Men ","45-49","100","Backstroke","1","1:04.22"," Chad D Holbrook","M45","WCM","3855-ZX84M","03-01-2025","TVM Spring Classic - 2025"
"Men ","45-49","100","Backstroke","2","1:04.42"," David A Popko","M47","AAM","385W-0836U","03-01-2025","TVM Spring Classic - 2025"
"Men ","45-49","200","Backstroke","1","2:14.64"," Chad D Holbrook","M45","WCM","3855-ZX84M","03-09-2025","Short and Sweet Meet"
"Men ","45-49","200","Backstroke","2","2:57.48"," Ellison R Wada","M45","WCM","385Z-03H75","03-09-2025","Short and Sweet Meet"
"Men ","45-49","50","Breaststroke","1","29.91"," Jacob F Schultz","M49","MAM","385H-NRP6Y","02-22-2025","2025 Splash &amp; Dash Sprint Pentathlon"
"Men ","45-49","50","Breaststroke","2","30.07"," Theral E Mackey","M47","USF","385N-06AWE","02-22-2025","2025 Splash &amp; Dash Sprint Pentathlon"
"Men ","45-49","50","Breaststroke","3","30.87"," Adam Nisenbaum","M47","MAM","385V-03M4M","02-22-2025","2025 Splash &amp; Dash Sprint Pentathlon"
"Men ","45-49","50","Breaststroke","4","31.86"," Benjamin C Phipps","M45","SJCF","384V-03T2F","12-07-2024","THRICE is Nice!"
"Men ","45-49","50","Breaststroke","5","32.22"," Marco A Lopez","M48","TEME","385B-00240","02-22-2025","2025 Splash &amp; Dash Sprint Pentathlon"
"Men ","45-49","50","Breaststroke","6","32.67"," Chad D Holbrook","M45","WCM","3843-ZX84M","12-07-2024","THRICE is Nice!"
"Men ","45-49","50","Breaststroke","7","33.53"," Aston Ying","M49","WCM","385V-YUGJF","02-22-2025","2025 Splash &amp; Dash Sprint Pentathlon"
"Men ","45-49","50","Breaststroke","8","34.61"," Greg Sabatini","M49","RPM","3858-07N52","03-09-2025","Short and Sweet Meet"
"Men ","45-49","50","Breaststroke","9","34.7"," David A Popko","M47","AAM","385W-0836U","02-22-2025","2025 Splash &amp; Dash Sprint Pentathlon"
"Men ","45-49","50","Breaststroke","10","34.77"," Omer Baristiran","M45","USF","385C-H88WV","02-08-2025","USF Valentine's Affair"
"Men ","45-49","50","Breaststroke","11","37.52"," Hans P Riegels","M47","TVM","385V-03RW7","03-01-2025","TVM Spring Classic - 2025"
"Men ","45-49","50","Breaststroke","12","37.56"," Oleg Mustiazza","M46","GOOG","385F-06M9Y","02-08-2025","USF Valentine's Affair"
"Men ","45-49","50","Breaststroke","13","37.82"," Adam H Prost","M49","RPM","385R-03R5N","02-22-2025","2025 Splash &amp; Dash Sprint Pentathlon"
"Men ","45-49","50","Breaststroke","14","38.78"," Ellison R Wada","M45","WCM","385Z-03H75","02-22-2025","2025 Splash &amp; Dash Sprint Pentathlon"
"Men ","45-49","50","Breaststroke","15","41.13"," Ryan E Powers","M45","HTUB","3853-08151","03-01-2025","TVM Spring Classic - 2025"
"Men ","45-49","100","Breaststroke","1","1:06.32"," Theral E Mackey","M47","USF","385N-06AWE","02-08-2025","USF Valentine's Affair"
"Men ","45-49","100","Breaststroke","2","1:09.79"," Benjamin C Phipps","M45","SJCF","384V-03T2F","12-07-2024","THRICE is Nice!"
"Men ","45-49","100","Breaststroke","3","1:10.30"," Chad D Holbrook","M45","WCM","3843-ZX84M","12-07-2024","THRICE is Nice!"
"Men ","45-49","100","Breaststroke","4","1:16.00"," David A Popko","M47","AAM","385W-0836U","03-01-2025","TVM Spring Classic - 2025"
"Men ","45-49","100","Breaststroke","5","1:20.70"," Hans P Riegels","M47","TVM","385V-03RW7","03-01-2025","TVM Spring Classic - 2025"
"Men ","45-49","200","Breaststroke","1","2:34.21"," Chad D Holbrook","M45","WCM","3843-ZX84M","12-07-2024","THRICE is Nice!"
"Men ","45-49","200","Breaststroke","2","2:34.84"," Benjamin C Phipps","M45","SJCF","384V-03T2F","12-07-2024","THRICE is Nice!"
"Men ","45-49","200","Breaststroke","3","3:16.48"," Ellison R Wada","M45","WCM","385Z-03H75","03-09-2025","Short and Sweet Meet"
"Men ","45-49","50","Butterfly","1","24.26"," Scott Greenwood","M46","TOC","384T-03KPW","06-23-2024","2024 U.S. Masters Swimming Spring National Championship"
"Men ","45-49","50","Butterfly","2","24.34"," Adam Conway","M46","TVM","385X-02C6V","02-08-2025","USF Valentine's Affair"
"Men ","45-49","50","Butterfly","3","24.93"," Benjamin C Phipps","M45","SJCF","385T-03T2F","01-18-2025","2025 Santa Rosa Masters Resolution Meet"
"Men ","45-49","50","Butterfly","4","25.51"," Adam Nisenbaum","M47","MAM","385V-03M4M","02-22-2025","2025 Splash &amp; Dash Sprint Pentathlon"
"Men ","45-49","50","Butterfly","5","25.67"," Marco A Lopez","M48","TEME","385B-00240","02-22-2025","2025 Splash &amp; Dash Sprint Pentathlon"
"Men ","45-49","50","Butterfly","6","26.81"," Jacob F Schultz","M49","MAM","385H-NRP6Y","02-22-2025","2025 Splash &amp; Dash Sprint Pentathlon"
"Men ","45-49","50","Butterfly","7","27.87"," David A Popko","M47","AAM","385W-0836U","02-22-2025","2025 Splash &amp; Dash Sprint Pentathlon"
"Men ","45-49","50","Butterfly","8","28.26"," Omer Baristiran","M45","USF","385C-H88WV","02-08-2025","USF Valentine's Affair"
"Men ","45-49","50","Butterfly","9","29.32"," Theral E Mackey","M47","USF","385N-06AWE","02-22-2025","2025 Splash &amp; Dash Sprint Pentathlon"
"Men ","45-49","50","Butterfly","10","29.55"," Chad D Holbrook","M45","WCM","3855-ZX84M","02-22-2025","2025 Splash &amp; Dash Sprint Pentathlon"
"Men ","45-49","50","Butterfly","11","31.87"," Ellison R Wada","M45","WCM","385Z-03H75","02-08-2025","USF Valentine's Affair"
"Men ","45-49","50","Butterfly","12","33.05"," John S Bucy","M46","USF","3858-03Y13","02-08-2025","USF Valentine's Affair"
"Men ","45-49","50","Butterfly","13","33.27"," Adam H Prost","M49","RPM","385R-03R5N","02-22-2025","2025 Splash &amp; Dash Sprint Pentathlon"
"Men ","45-49","50","Butterfly","14","35.68"," Oleg Mustiazza","M46","GOOG","385F-06M9Y","02-08-2025","USF Valentine's Affair"
"Men ","45-49","50","Butterfly","15","36.4"," Emmit M Hancock","M46","TVM","3859-03KDU","03-01-2025","TVM Spring Classic - 2025"
"Men ","45-49","100","Butterfly","1","54.69"," Adam Conway","M46","TVM","385X-02C6V","02-08-2025","USF Valentine's Affair"
"Men ","45-49","100","Butterfly","2","55.26"," Benjamin C Phipps","M45","SJCF","385T-03T2F","01-18-2025","2025 Santa Rosa Masters Resolution Meet"
"Men ","45-49","100","Butterfly","3","1:04.21"," David A Popko","M47","AAM","385W-0836U","03-01-2025","TVM Spring Classic - 2025"
"Men ","45-49","100","Butterfly","4","1:17.53"," Ellison R Wada","M45","WCM","385Z-03H75","02-08-2025","USF Valentine's Affair"
"Men ","45-49","100","Butterfly","5","1:19.56"," Eli J Hamlin","M47","SRM","3856-065F8","01-18-2025","2025 Santa Rosa Masters Resolution Meet"
"Men ","45-49","100","Butterfly","6","1:25.04"," Emmit M Hancock","M46","TVM","3859-03KDU","03-01-2025","TVM Spring Classic - 2025"
"Men ","45-49","200","Butterfly","1","2:48.53"," Greg Sabatini","M49","RPM","3858-07N52","03-09-2025","Short and Sweet Meet"
"Men ","45-49","200","Butterfly","2","2:58.17"," Ellison R Wada","M45","WCM","385Z-03H75","12-07-2024","THRICE is Nice!"
"Men ","45-49","100","Individual Medley","1","56.58"," Scott Greenwood","M46","TOC","384T-03KPW","06-21-2024","2024 U.S. Masters Swimming Spring National Championship"
"Men ","45-49","100","Individual Medley","2","59.86"," Adam Nisenbaum","M47","MAM","385V-03M4M","02-22-2025","2025 Splash &amp; Dash Sprint Pentathlon"
"Men ","45-49","100","Individual Medley","3","1:01.91"," Marco A Lopez","M48","TEME","385B-00240","02-22-2025","2025 Splash &amp; Dash Sprint Pentathlon"
"Men ","45-49","100","Individual Medley","4","1:03.43"," Jacob F Schultz","M49","MAM","385H-NRP6Y","02-22-2025","2025 Splash &amp; Dash Sprint Pentathlon"
"Men ","45-49","100","Individual Medley","5","1:03.84"," David A Popko","M47","AAM","385W-0836U","02-22-2025","2025 Splash &amp; Dash Sprint Pentathlon"
"Men ","45-49","100","Individual Medley","6","1:04.39"," Omer Baristiran","M45","USF","385C-H88WV","02-08-2025","USF Valentine's Affair"
"Men ","45-49","100","Individual Medley","7","1:05.31"," Aston Ying","M49","WCM","385V-YUGJF","02-22-2025","2025 Splash &amp; Dash Sprint Pentathlon"
"Men ","45-49","100","Individual Medley","8","1:08.98"," Theral E Mackey","M47","USF","385N-06AWE","02-22-2025","2025 Splash &amp; Dash Sprint Pentathlon"
"Men ","45-49","100","Individual Medley","9","1:15.57"," Ellison R Wada","M45","WCM","385Z-03H75","02-22-2025","2025 Splash &amp; Dash Sprint Pentathlon"
"Men ","45-49","100","Individual Medley","10","1:18.09"," Hans P Riegels","M47","TVM","385V-03RW7","03-01-2025","TVM Spring Classic - 2025"
"Men ","45-49","100","Individual Medley","11","1:22.49"," John S Bucy","M46","USF","3858-03Y13","02-08-2025","USF Valentine's Affair"
"Men ","45-49","100","Individual Medley","12","1:25.96"," Emmit M Hancock","M46","TVM","3859-03KDU","03-01-2025","TVM Spring Classic - 2025"
"Men ","45-49","200","Individual Medley","1","2:17.83"," Chad D Holbrook","M45","WCM","3855-ZX84M","03-01-2025","TVM Spring Classic - 2025"
"Men ","45-49","200","Individual Medley","2","3:07.01"," Emmit M Hancock","M46","TVM","3859-03KDU","03-01-2025","TVM Spring Classic - 2025"
"Men ","50-54","50","Freestyle","1","22.77"," Will H Lane","M53","FDM","384K-00704","06-21-2024","2024 U.S. Masters Swimming Spring National Championship"
"Men ","50-54","50","Freestyle","2","23.27"," Kent A Anderson","M52","HTUB","385C-03WVJ","03-23-2025","2025 Bay Area Senior Games Swim Meet"
"Men ","50-54","50","Freestyle","3","23.94"," Dikan Rendic","M54","GOOG","385M-03JJA","03-23-2025","2025 Bay Area Senior Games Swim Meet"
"Men ","50-54","50","Freestyle","4","24.14"," Brian D Gunn","M54","UC38","385Z-04186","01-18-2025","2025 Santa Rosa Masters Resolution Meet"
"Men ","50-54","50","Freestyle","5","24.36"," Brent Wood","M54","SRM","384R-080AS","06-21-2024","2024 U.S. Masters Swimming Spring National Championship"
"Men ","50-54","50","Freestyle","6","24.56"," Dietrich Brandt","M50","QSS","385A-DBJS0","01-18-2025","2025 Santa Rosa Masters Resolution Meet"
"Men ","50-54","50","Freestyle","7","25.17"," Kostas Sarrigeorgidis","M50","STAN","385C-03N2J","03-09-2025","Short and Sweet Meet"
"Men ","50-54","50","Freestyle","8","25.51"," Mike Grisso","M54","USF","385P-M1KEY","02-08-2025","USF Valentine's Affair"
"Men ","50-54","50","Freestyle","9","25.61"," Justin Pickard","M50","MAQ","3851-VUAJW","12-07-2024","THRICE is Nice!"
"Men ","50-54","50","Freestyle","10","25.7"," Randall Yurchak","M51","UC38","385R-AATDB","12-07-2024","THRICE is Nice!"
"Men ","50-54","50","Freestyle","11","25.9"," Todd Virkus","M53","PSK","384N-04209","06-21-2024","2024 U.S. Masters Swimming Spring National Championship"
"Men ","50-54","50","Freestyle","12","25.96"," Scott Saywell","M51","MELO","385M-0AXGM","03-09-2025","Short and Sweet Meet"
"Men ","50-54","50","Freestyle","13","25.96"," Douglas B Erickson","M53","RHMS","385W-03GRT","02-08-2025","USF Valentine's Affair"
"Men ","50-54","50","Freestyle","14","26.17"," Todd Wehmann","M52","MEMO","385U-09V9T","02-22-2025","2025 Splash &amp; Dash Sprint Pentathlon"
"Men ","50-54","50","Freestyle","15","27.07"," Phil Hilton","M53","ECAM","385C-07XMZ","02-22-2025","2025 Splash &amp; Dash Sprint Pentathlon"
"Men ","50-54","50","Freestyle","16","27.49"," Yann A Kneubuhler","M52","RPM","3852-0ASHS","02-08-2025","USF Valentine's Affair"
"Men ","50-54","50","Freestyle","17","27.72"," Alejandro Segura","M53","SRVM","385G-ENU81","03-01-2025","TVM Spring Classic - 2025"
"Men ","50-54","50","Freestyle","18","27.98"," Ahren E Lehnert","M51","MEMO","385H-07TZ7","02-22-2025","2025 Splash &amp; Dash Sprint Pentathlon"
"Men ","50-54","50","Freestyle","19","28.1"," Matthew R Francis","M52","TSUN","3850-02ZF6","02-22-2025","2025 Splash &amp; Dash Sprint Pentathlon"
"Men ","50-54","50","Freestyle","20","28.21"," Tim McNamara","M50","CMAM","385B-07KWF","02-22-2025","2025 Splash &amp; Dash Sprint Pentathlon"
"Men ","50-54","50","Freestyle","21","28.31"," Terry B Crowley","M53","SRM","385H-065HC","02-22-2025","2025 Splash &amp; Dash Sprint Pentathlon"
"Men ","50-54","50","Freestyle","22","29.61"," Eric D Friedman","M54","ALB","385C-Y6EV8","02-22-2025","2025 Splash &amp; Dash Sprint Pentathlon"
"Men ","50-54","50","Freestyle","23","30.42"," Michael Meeker","M51","RPM","3857-MGUTR","02-22-2025","2025 Splash &amp; Dash Sprint Pentathlon"
"Men ","50-54","50","Freestyle","24","30.9"," Andrew I Chen","M52","UC38","384E-Z2AXB","11-03-2024","2024 Souderton Masters Meet"
"Men ","50-54","50","Freestyle","25","32"," Steve Fung","M52","OAM","3854-06BRU","02-22-2025","2025 Splash &amp; Dash Sprint Pentathlon"
"Men ","50-54","50","Freestyle","26","32.06"," sam lau","M53","QSS","385D-FGHGG","03-09-2025","Short and Sweet Meet"
"Men ","50-54","50","Freestyle","27","36.23"," Kyle K Stock","M51","TCAM","385H-03WVX","02-08-2025","USF Valentine's Affair"
"Men ","50-54","100","Freestyle","1","49.71"," Will H Lane","M53","FDM","384K-00704","06-20-2024","2024 U.S. Masters Swimming Spring National Championship"
"Men ","50-54","100","Freestyle","2","50.55"," Kent A Anderson","M52","HTUB","385C-03WVJ","03-23-2025","2025 Bay Area Senior Games Swim Meet"
"Men ","50-54","100","Freestyle","3","53.99"," Brent Wood","M54","SRM","384R-080AS","06-20-2024","2024 U.S. Masters Swimming Spring National Championship"
"Men ","50-54","100","Freestyle","4","54.85"," Dietrich Brandt","M50","QSS","385A-DBJS0","01-18-2025","2025 Santa Rosa Masters Resolution Meet"
"Men ","50-54","100","Freestyle","5","55.65"," Kostas Sarrigeorgidis","M50","STAN","385C-03N2J","01-18-2025","2025 Santa Rosa Masters Resolution Meet"
"Men ","50-54","100","Freestyle","6","56.53"," Justin Pickard","M50","MAQ","3851-VUAJW","12-07-2024","THRICE is Nice!"
"Men ","50-54","100","Freestyle","7","56.78"," Mike Grisso","M54","USF","385P-M1KEY","02-08-2025","USF Valentine's Affair"
"Men ","50-54","100","Freestyle","8","57.84"," Todd Virkus","M53","PSK","384N-04209","06-20-2024","2024 U.S. Masters Swimming Spring National Championship"
"Men ","50-54","100","Freestyle","9","58.96"," Randall Yurchak","M51","UC38","385R-AATDB","12-07-2024","THRICE is Nice!"
"Men ","50-54","100","Freestyle","10","58.99"," Yann A Kneubuhler","M52","RPM","3852-0ASHS","01-18-2025","2025 Santa Rosa Masters Resolution Meet"
"Men ","50-54","100","Freestyle","11","1:02.31"," Ahren E Lehnert","M51","MEMO","385H-07TZ7","02-08-2025","USF Valentine's Affair"
"Men ","50-54","100","Freestyle","12","1:03.44"," Tim McNamara","M50","CMAM","385B-07KWF","01-18-2025","2025 Santa Rosa Masters Resolution Meet"
"Men ","50-54","100","Freestyle","13","1:11.39"," Andrew I Chen","M52","UC38","384E-Z2AXB","11-03-2024","2024 Souderton Masters Meet"
"Men ","50-54","100","Freestyle","14","1:12.05"," Steve Fung","M52","OAM","3854-06BRU","01-18-2025","2025 Santa Rosa Masters Resolution Meet"
"Men ","50-54","200","Freestyle","1","1:51.42"," Will H Lane","M53","FDM","384K-00704","06-21-2024","2024 U.S. Masters Swimming Spring National Championship"
"Men ","50-54","200","Freestyle","2","1:56.12"," Kent A Anderson","M52","HTUB","385C-03WVJ","03-09-2025","Short and Sweet Meet"
"Men ","50-54","200","Freestyle","3","2:00.17"," Brian D Gunn","M54","UC38","385Z-04186","01-18-2025","2025 Santa Rosa Masters Resolution Meet"
"Men ","50-54","200","Freestyle","4","2:01.94"," Kostas Sarrigeorgidis","M50","STAN","385C-03N2J","03-09-2025","Short and Sweet Meet"
"Men ","50-54","200","Freestyle","5","2:08.26"," Justin Pickard","M50","MAQ","3851-VUAJW","12-07-2024","THRICE is Nice!"
"Men ","50-54","200","Freestyle","6","2:09.16"," Yann A Kneubuhler","M52","RPM","3852-0ASHS","01-18-2025","2025 Santa Rosa Masters Resolution Meet"
"Men ","50-54","200","Freestyle","7","2:14.68"," Dietrich Brandt","M50","QSS","385A-DBJS0","01-18-2025","2025 Santa Rosa Masters Resolution Meet"
"Men ","50-54","200","Freestyle","8","2:17.42"," Keith Hertzer","M51","MEMO","3854-098B3","01-18-2025","2025 Santa Rosa Masters Resolution Meet"
"Men ","50-54","200","Freestyle","9","2:18.41"," Tim McNamara","M50","CMAM","385B-07KWF","01-18-2025","2025 Santa Rosa Masters Resolution Meet"
"Men ","50-54","200","Freestyle","10","2:20.71"," Ahren E Lehnert","M51","MEMO","385H-07TZ7","01-18-2025","2025 Santa Rosa Masters Resolution Meet"
"Men ","50-54","200","Freestyle","11","2:33.07"," Eric Hatch","M50","SNM","385Y-GCNX0","03-02-2025","Silver State Masters SCY"
"Men ","50-54","200","Freestyle","12","2:40.37"," Steve Fung","M52","OAM","3854-06BRU","01-18-2025","2025 Santa Rosa Masters Resolution Meet"
"Men ","50-54","500","Freestyle","1","5:31.75"," Kostas Sarrigeorgidis","M50","STAN","385C-03N2J","03-09-2025","Short and Sweet Meet"
"Men ","50-54","500","Freestyle","2","5:40.12"," Romer Rosales-Delmoral","M52","MELO","3858-TDTNE","03-09-2025","Short and Sweet Meet"
"Men ","50-54","500","Freestyle","3","5:52.92"," Yann A Kneubuhler","M52","RPM","3852-0ASHS","03-09-2025","Short and Sweet Meet"
"Men ","50-54","500","Freestyle","4","6:05.31"," Eric Hatch","M50","SNM","385Y-GCNX0","03-02-2025","Silver State Masters SCY"
"Men ","50-54","500","Freestyle","5","6:13.00"," Keith Hertzer","M51","MEMO","3854-098B3","03-09-2025","Short and Sweet Meet"
"Men ","50-54","500","Freestyle","6","6:16.06"," Todd Virkus","M53","PSK","384N-04209","06-21-2024","2024 U.S. Masters Swimming Spring National Championship"
"Men ","50-54","1000","Freestyle","1","11:54.51"," Romer Rosales-Delmoral","M52","MELO","3858-TDTNE","","The City Mile"
"Men ","50-54","1650","Freestyle","1","19:53.04"," Romer Rosales-Delmoral","M52","MELO","3858-TDTNE","02-23-2025","The City Mile"
"Men ","50-54","1650","Freestyle","2","21:29.00"," Eric Hatch","M50","SNM","385Y-GCNX0","03-02-2025","Silver State Masters SCY"
"Men ","50-54","1650","Freestyle","3","25:00.10"," Nick Stipinovich","M52","BAC","385S-S5ZKN","02-23-2025","The City Mile"
"Men ","50-54","50","Backstroke","1","25.48"," Will H Lane","M53","FDM","384K-00704","06-22-2024","2024 U.S. Masters Swimming Spring National Championship"
"Men ","50-54","50","Backstroke","2","28.69"," Kent A Anderson","M52","HTUB","385C-03WVJ","02-22-2025","2025 Splash &amp; Dash Sprint Pentathlon"
"Men ","50-54","50","Backstroke","3","29.12"," Brian D Gunn","M54","UC38","385Z-04186","01-18-2025","2025 Santa Rosa Masters Resolution Meet"
"Men ","50-54","50","Backstroke","4","31.68"," Todd Wehmann","M52","MEMO","385U-09V9T","02-22-2025","2025 Splash &amp; Dash Sprint Pentathlon"
"Men ","50-54","50","Backstroke","5","32.27"," Phil Hilton","M53","ECAM","385C-07XMZ","02-22-2025","2025 Splash &amp; Dash Sprint Pentathlon"
"Men ","50-54","50","Backstroke","6","33.48"," Mike Grisso","M54","USF","385P-M1KEY","02-08-2025","USF Valentine's Affair"
"Men ","50-54","50","Backstroke","7","33.77"," Yann A Kneubuhler","M52","RPM","3852-0ASHS","02-22-2025","2025 Splash &amp; Dash Sprint Pentathlon"
"Men ","50-54","50","Backstroke","8","34.32"," Douglas B Erickson","M53","RHMS","385W-03GRT","02-08-2025","USF Valentine's Affair"
"Men ","50-54","50","Backstroke","9","34.69"," David Roberts","M52","UC38","384S-093DS","06-22-2024","2024 U.S. Masters Swimming Spring National Championship"
"Men ","50-54","50","Backstroke","10","35.21"," Matthew R Francis","M52","TSUN","3850-02ZF6","02-22-2025","2025 Splash &amp; Dash Sprint Pentathlon"
"Men ","50-54","50","Backstroke","11","36.62"," Tim McNamara","M50","CMAM","385B-07KWF","02-22-2025","2025 Splash &amp; Dash Sprint Pentathlon"
"Men ","50-54","50","Backstroke","12","36.91"," Terry B Crowley","M53","SRM","385H-065HC","02-22-2025","2025 Splash &amp; Dash Sprint Pentathlon"
"Men ","50-54","50","Backstroke","13","37.82"," Eric D Friedman","M54","ALB","385C-Y6EV8","02-22-2025","2025 Splash &amp; Dash Sprint Pentathlon"
"Men ","50-54","50","Backstroke","14","38.01"," Todd Virkus","M53","UC38","385K-04209","02-22-2025","2025 Splash &amp; Dash Sprint Pentathlon"
"Men ","50-54","50","Backstroke","15","40.26"," Andrew I Chen","M52","UC38","384E-Z2AXB","11-03-2024","2024 Souderton Masters Meet"
"Men ","50-54","50","Backstroke","16","40.37"," Ahren E Lehnert","M51","MEMO","385H-07TZ7","02-22-2025","2025 Splash &amp; Dash Sprint Pentathlon"
"Men ","50-54","50","Backstroke","17","42.92"," Kyle K Stock","M51","TCAM","385H-03WVX","02-08-2025","USF Valentine's Affair"
"Men ","50-54","50","Backstroke","18","44.35"," Steve Fung","M52","OAM","3854-06BRU","02-22-2025","2025 Splash &amp; Dash Sprint Pentathlon"
"Men ","50-54","100","Backstroke","1","1:09.45"," Todd Wehmann","M52","MEMO","385U-09V9T","12-07-2024","THRICE is Nice!"
"Men ","50-54","100","Backstroke","2","1:13.89"," Yann A Kneubuhler","M52","RPM","3852-0ASHS","01-18-2025","2025 Santa Rosa Masters Resolution Meet"
"Men ","50-54","100","Backstroke","3","1:15.19"," Romer Rosales-Delmoral","M51","MELO","3858-TDTNE","02-08-2025","USF Valentine's Affair"
"Men ","50-54","100","Backstroke","4","1:17.07"," Mike Grisso","M54","USF","385P-M1KEY","02-08-2025","USF Valentine's Affair"
"Men ","50-54","100","Backstroke","5","1:26.01"," Ahren E Lehnert","M51","MEMO","385H-07TZ7","02-08-2025","USF Valentine's Affair"
"Men ","50-54","200","Backstroke","1","2:32.26"," Todd Wehmann","M52","MEMO","385U-09V9T","12-07-2024","THRICE is Nice!"
"Men ","50-54","200","Backstroke","2","2:34.67"," Yann A Kneubuhler","M52","RPM","3852-0ASHS","03-09-2025","Short and Sweet Meet"
"Men ","50-54","200","Backstroke","3","2:35.29"," Romer Rosales-Delmoral","M52","MELO","3858-TDTNE","03-09-2025","Short and Sweet Meet"
"Men ","50-54","50","Breaststroke","1","30.29"," Dikan Rendic","M54","GOOG","385M-03JJA","03-09-2025","Short and Sweet Meet"
"Men ","50-54","50","Breaststroke","2","31.47"," Brent Wood","M54","SRM","384R-080AS","06-20-2024","2024 U.S. Masters Swimming Spring National Championship"
"Men ","50-54","50","Breaststroke","3","32.61"," Douglas B Erickson","M53","RHMS","385W-03GRT","02-08-2025","USF Valentine's Affair"
"Men ","50-54","50","Breaststroke","4","32.91"," Kent A Anderson","M52","HTUB","385C-03WVJ","02-22-2025","2025 Splash &amp; Dash Sprint Pentathlon"
"Men ","50-54","50","Breaststroke","5","33.6"," Matthew R Francis","M52","TSUN","3850-02ZF6","02-22-2025","2025 Splash &amp; Dash Sprint Pentathlon"
"Men ","50-54","50","Breaststroke","6","33.92"," Terry B Crowley","M53","SRM","385H-065HC","02-22-2025","2025 Splash &amp; Dash Sprint Pentathlon"
"Men ","50-54","50","Breaststroke","7","34.37"," Yann A Kneubuhler","M52","RPM","3852-0ASHS","02-22-2025","2025 Splash &amp; Dash Sprint Pentathlon"
"Men ","50-54","50","Breaststroke","8","34.38"," Justin Pickard","M50","MAQ","3851-VUAJW","12-07-2024","THRICE is Nice!"
"Men ","50-54","50","Breaststroke","9","34.83"," Phil Hilton","M53","ECAM","385C-07XMZ","02-22-2025","2025 Splash &amp; Dash Sprint Pentathlon"
"Men ","50-54","50","Breaststroke","10","35.22"," Keith Hertzer","M51","MEMO","3854-098B3","03-09-2025","Short and Sweet Meet"
"Men ","50-54","50","Breaststroke","11","36.15"," Todd Wehmann","M52","MEMO","385U-09V9T","02-22-2025","2025 Splash &amp; Dash Sprint Pentathlon"
"Men ","50-54","50","Breaststroke","12","36.97"," Ahren E Lehnert","M51","MEMO","385H-07TZ7","02-22-2025","2025 Splash &amp; Dash Sprint Pentathlon"
"Men ","50-54","50","Breaststroke","13","37.4"," Todd Virkus","M53","UC38","385K-04209","02-22-2025","2025 Splash &amp; Dash Sprint Pentathlon"
"Men ","50-54","50","Breaststroke","14","37.45"," Scott Saywell","M51","MELO","385M-0AXGM","03-09-2025","Short and Sweet Meet"
"Men ","50-54","50","Breaststroke","15","38.96"," sam lau","M53","QSS","385D-FGHGG","03-09-2025","Short and Sweet Meet"
"Men ","50-54","50","Breaststroke","16","39.46"," Tim McNamara","M50","CMAM","385B-07KWF","02-22-2025","2025 Splash &amp; Dash Sprint Pentathlon"
"Men ","50-54","50","Breaststroke","17","40.13"," Victor Hansjeliana","M50","QSS","384H-WXXBC","12-07-2024","THRICE is Nice!"
"Men ","50-54","50","Breaststroke","18","41.39"," Steve Fung","M52","OAM","3854-06BRU","02-22-2025","2025 Splash &amp; Dash Sprint Pentathlon"
"Men ","50-54","50","Breaststroke","19","42.21"," Eric D Friedman","M54","ALB","385C-Y6EV8","02-22-2025","2025 Splash &amp; Dash Sprint Pentathlon"
"Men ","50-54","50","Breaststroke","20","42.97"," Kyle K Stock","M51","TCAM","385H-03WVX","02-08-2025","USF Valentine's Affair"
"Men ","50-54","50","Breaststroke","21","45.16"," Andrew I Chen","M52","UC38","384E-Z2AXB","11-03-2024","2024 Souderton Masters Meet"
"Men ","50-54","100","Breaststroke","1","1:08.75"," Brent Wood","M54","SRM","384R-080AS","06-23-2024","2024 U.S. Masters Swimming Spring National Championship"
"Men ","50-54","100","Breaststroke","2","1:09.73"," David Roberts","M52","UC38","384S-093DS","06-23-2024","2024 U.S. Masters Swimming Spring National Championship"
"Men ","50-54","100","Breaststroke","3","1:11.67"," Terry B Crowley","M53","SRM","385H-065HC","01-18-2025","2025 Santa Rosa Masters Resolution Meet"
"Men ","50-54","100","Breaststroke","4","1:14.19"," Justin Pickard","M50","MAQ","3851-VUAJW","12-07-2024","THRICE is Nice!"
"Men ","50-54","100","Breaststroke","5","1:14.72"," Yann A Kneubuhler","M52","RPM","3852-0ASHS","01-18-2025","2025 Santa Rosa Masters Resolution Meet"
"Men ","50-54","100","Breaststroke","6","1:19.06"," Keith Hertzer","M51","MEMO","3854-098B3","01-18-2025","2025 Santa Rosa Masters Resolution Meet"
"Men ","50-54","100","Breaststroke","7","1:25.71"," Ahren E Lehnert","M51","MEMO","385H-07TZ7","02-08-2025","USF Valentine's Affair"
"Men ","50-54","100","Breaststroke","8","1:29.46"," Victor Hansjeliana","M50","QSS","384H-WXXBC","12-07-2024","THRICE is Nice!"
"Men ","50-54","100","Breaststroke","9","1:33.12"," Steve Fung","M52","OAM","3854-06BRU","01-18-2025","2025 Santa Rosa Masters Resolution Meet"
"Men ","50-54","100","Breaststroke","10","1:34.47"," Kyle K Stock","M51","TCAM","385H-03WVX","02-08-2025","USF Valentine's Affair"
"Men ","50-54","200","Breaststroke","1","2:42.54"," David Roberts","M52","UC38","384S-093DS","06-22-2024","2024 U.S. Masters Swimming Spring National Championship"
"Men ","50-54","200","Breaststroke","2","2:53.07"," Keith Hertzer","M51","MEMO","3854-098B3","03-09-2025","Short and Sweet Meet"
"Men ","50-54","200","Breaststroke","3","2:54.22"," Romer Rosales-Delmoral","M52","MELO","3858-TDTNE","03-23-2025","2025 Bay Area Senior Games Swim Meet"
"Men ","50-54","200","Breaststroke","4","3:05.90"," sam lau","M53","QSS","385D-FGHGG","03-09-2025","Short and Sweet Meet"
"Men ","50-54","200","Breaststroke","5","3:20.12"," Victor Hansjeliana","M50","QSS","384H-WXXBC","12-07-2024","THRICE is Nice!"
"Men ","50-54","50","Butterfly","1","24.02"," Will H Lane","M53","FDM","384K-00704","06-23-2024","2024 U.S. Masters Swimming Spring National Championship"
"Men ","50-54","50","Butterfly","2","25.21"," Kent A Anderson","M52","HTUB","385C-03WVJ","02-08-2025","USF Valentine's Affair"
"Men ","50-54","50","Butterfly","3","25.52"," Dikan Rendic","M54","GOOG","385M-03JJA","03-09-2025","Short and Sweet Meet"
"Men ","50-54","50","Butterfly","4","26.22"," Brian D Gunn","M54","UC38","385Z-04186","01-18-2025","2025 Santa Rosa Masters Resolution Meet"
"Men ","50-54","50","Butterfly","5","28.06"," Kostas Sarrigeorgidis","M50","STAN","385C-03N2J","03-01-2025","TVM Spring Classic - 2025"
"Men ","50-54","50","Butterfly","6","29.21"," David Roberts","M52","UC38","384S-093DS","06-23-2024","2024 U.S. Masters Swimming Spring National Championship"
"Men ","50-54","50","Butterfly","7","30.09"," Douglas B Erickson","M53","RHMS","385W-03GRT","02-08-2025","USF Valentine's Affair"
"Men ","50-54","50","Butterfly","8","30.45"," Todd Virkus","M53","PSK","384N-04209","06-23-2024","2024 U.S. Masters Swimming Spring National Championship"
"Men ","50-54","50","Butterfly","9","30.56"," Phil Hilton","M53","ECAM","385C-07XMZ","02-22-2025","2025 Splash &amp; Dash Sprint Pentathlon"
"Men ","50-54","50","Butterfly","10","30.7"," Terry B Crowley","M53","SRM","385H-065HC","02-22-2025","2025 Splash &amp; Dash Sprint Pentathlon"
"Men ","50-54","50","Butterfly","11","30.8"," Todd Wehmann","M52","MEMO","385U-09V9T","02-22-2025","2025 Splash &amp; Dash Sprint Pentathlon"
"Men ","50-54","50","Butterfly","12","31.35"," Tim McNamara","M50","CMAM","385B-07KWF","02-22-2025","2025 Splash &amp; Dash Sprint Pentathlon"
"Men ","50-54","50","Butterfly","13","32.46"," Matthew R Francis","M52","TSUN","3850-02ZF6","02-22-2025","2025 Splash &amp; Dash Sprint Pentathlon"
"Men ","50-54","50","Butterfly","14","32.55"," Keith Hertzer","M51","MEMO","3854-098B3","03-09-2025","Short and Sweet Meet"
"Men ","50-54","50","Butterfly","15","33.07"," Yann A Kneubuhler","M52","RPM","3852-0ASHS","02-22-2025","2025 Splash &amp; Dash Sprint Pentathlon"
"Men ","50-54","50","Butterfly","16","33.69"," Scott Saywell","M51","MELO","385M-0AXGM","03-09-2025","Short and Sweet Meet"
"Men ","50-54","50","Butterfly","17","34.03"," Ahren E Lehnert","M51","MEMO","385H-07TZ7","02-22-2025","2025 Splash &amp; Dash Sprint Pentathlon"
"Men ","50-54","50","Butterfly","18","37.95"," Eric D Friedman","M54","ALB","385C-Y6EV8","02-22-2025","2025 Splash &amp; Dash Sprint Pentathlon"
"Men ","50-54","50","Butterfly","19","39.03"," Steve Fung","M52","OAM","3854-06BRU","02-22-2025","2025 Splash &amp; Dash Sprint Pentathlon"
"Men ","50-54","100","Butterfly","1","54.51"," Will H Lane","M53","FDM","384K-00704","06-22-2024","2024 U.S. Masters Swimming Spring National Championship"
"Men ","50-54","100","Butterfly","2","55.53"," Kent A Anderson","M52","HTUB","385C-03WVJ","02-08-2025","USF Valentine's Affair"
"Men ","50-54","100","Butterfly","3","1:01.98"," Kostas Sarrigeorgidis","M50","STAN","385C-03N2J","03-01-2025","TVM Spring Classic - 2025"
"Men ","50-54","100","Butterfly","4","1:03.03"," Brian D Gunn","M54","UC38","385Z-04186","01-18-2025","2025 Santa Rosa Masters Resolution Meet"
"Men ","50-54","100","Butterfly","5","1:06.41"," David Roberts","M52","UC38","384S-093DS","06-22-2024","2024 U.S. Masters Swimming Spring National Championship"
"Men ","50-54","100","Butterfly","6","1:09.33"," Romer Rosales-Delmoral","M51","MELO","3858-TDTNE","02-08-2025","USF Valentine's Affair"
"Men ","50-54","100","Butterfly","7","1:10.01"," Mike Grisso","M54","USF","385P-M1KEY","02-08-2025","USF Valentine's Affair"
"Men ","50-54","100","Butterfly","8","1:16.76"," Keith Hertzer","M51","MEMO","3854-098B3","01-18-2025","2025 Santa Rosa Masters Resolution Meet"
"Men ","50-54","100","Butterfly","9","1:17.66"," Yann A Kneubuhler","M52","RPM","3852-0ASHS","02-08-2025","USF Valentine's Affair"
"Men ","50-54","200","Butterfly","1","2:28.14"," Kostas Sarrigeorgidis","M50","STAN","385C-03N2J","03-09-2025","Short and Sweet Meet"
"Men ","50-54","200","Butterfly","2","2:55.08"," Yann A Kneubuhler","M52","RPM","3852-0ASHS","03-09-2025","Short and Sweet Meet"
"Men ","50-54","100","Individual Medley","1","58.91"," Gregory Schaffer","M53","UC38","384G-0078Z","06-21-2024","2024 U.S. Masters Swimming Spring National Championship"
"Men ","50-54","100","Individual Medley","2","59.63"," Kent A Anderson","M52","HTUB","385C-03WVJ","02-22-2025","2025 Splash &amp; Dash Sprint Pentathlon"
"Men ","50-54","100","Individual Medley","3","1:02.55"," Brent Wood","M54","SRM","384R-080AS","06-21-2024","2024 U.S. Masters Swimming Spring National Championship"
"Men ","50-54","100","Individual Medley","4","1:03.75"," Brian D Gunn","M54","UC38","385Z-04186","01-18-2025","2025 Santa Rosa Masters Resolution Meet"
"Men ","50-54","100","Individual Medley","5","1:07.53"," Phil Hilton","M53","ECAM","385C-07XMZ","02-22-2025","2025 Splash &amp; Dash Sprint Pentathlon"
"Men ","50-54","100","Individual Medley","6","1:08.81"," Yann A Kneubuhler","M52","RPM","3852-0ASHS","02-22-2025","2025 Splash &amp; Dash Sprint Pentathlon"
"Men ","50-54","100","Individual Medley","7","1:09.90"," Todd Wehmann","M52","MEMO","385U-09V9T","02-22-2025","2025 Splash &amp; Dash Sprint Pentathlon"
"Men ","50-54","100","Individual Medley","8","1:10.28"," Terry B Crowley","M53","SRM","385H-065HC","02-22-2025","2025 Splash &amp; Dash Sprint Pentathlon"
"Men ","50-54","100","Individual Medley","9","1:11.39"," Matthew R Francis","M52","TSUN","3850-02ZF6","02-22-2025","2025 Splash &amp; Dash Sprint Pentathlon"
"Men ","50-54","100","Individual Medley","10","1:11.44"," Romer Rosales-Delmoral","M51","MELO","3858-TDTNE","02-08-2025","USF Valentine's Affair"
"Men ","50-54","100","Individual Medley","11","1:12.02"," Douglas B Erickson","M53","RHMS","385W-03GRT","02-08-2025","USF Valentine's Affair"
"Men ","50-54","100","Individual Medley","12","1:12.25"," Todd Virkus","M53","UC38","385K-04209","01-18-2025","2025 Santa Rosa Masters Resolution Meet"
"Men ","50-54","100","Individual Medley","13","1:17.04"," Ahren E Lehnert","M51","MEMO","385H-07TZ7","02-22-2025","2025 Splash &amp; Dash Sprint Pentathlon"
"Men ","50-54","100","Individual Medley","14","1:23.31"," Eric D Friedman","M54","ALB","385C-Y6EV8","02-22-2025","2025 Splash &amp; Dash Sprint Pentathlon"
"Men ","50-54","100","Individual Medley","15","1:24.73"," Michael Meeker","M51","RPM","3857-MGUTR","02-22-2025","2025 Splash &amp; Dash Sprint Pentathlon"
"Men ","50-54","100","Individual Medley","16","1:27.49"," Steve Fung","M52","OAM","3854-06BRU","02-22-2025","2025 Splash &amp; Dash Sprint Pentathlon"
"Men ","50-54","200","Individual Medley","1","2:10.81"," Kent A Anderson","M52","HTUB","385C-03WVJ","01-18-2025","2025 Santa Rosa Masters Resolution Meet"
"Men ","50-54","200","Individual Medley","2","2:19.26"," Brent Wood","M54","SRM","384R-080AS","06-22-2024","2024 U.S. Masters Swimming Spring National Championship"
"Men ","50-54","200","Individual Medley","3","2:34.08"," Terry B Crowley","M53","SRM","385H-065HC","01-18-2025","2025 Santa Rosa Masters Resolution Meet"
"Men ","50-54","200","Individual Medley","4","2:35.08"," Kostas Sarrigeorgidis","M50","STAN","385C-03N2J","01-18-2025","2025 Santa Rosa Masters Resolution Meet"
"Men ","50-54","200","Individual Medley","5","2:36.16"," Eric Hatch","M50","SNM","385Y-GCNX0","03-02-2025","Silver State Masters SCY"
"Men ","50-54","200","Individual Medley","6","2:40.03"," Keith Hertzer","M51","MEMO","3854-098B3","01-18-2025","2025 Santa Rosa Masters Resolution Meet"
"Men ","50-54","400","Individual Medley","1","5:23.37"," Romer Rosales-Delmoral","M52","MELO","3858-TDTNE","03-23-2025","2025 Bay Area Senior Games Swim Meet"
"Men ","55-59","50","Freestyle","1","23.96"," Thomas Gorek","M56","TAM","385W-68ADN","03-09-2025","Short and Sweet Meet"
"Men ","55-59","50","Freestyle","2","24.58"," Alan T Schmidt","M58","SRM","385T-02ZGN","02-22-2025","2025 Splash &amp; Dash Sprint Pentathlon"
"Men ","55-59","50","Freestyle","3","24.67"," Brent Wood","M55","SRM","385N-080AS","01-18-2025","2025 Santa Rosa Masters Resolution Meet"
"Men ","55-59","50","Freestyle","4","24.74"," Ben Gibson","M56","CRUZ","385J-0ABSG","01-18-2025","2025 Santa Rosa Masters Resolution Meet"
"Men ","55-59","50","Freestyle","5","25.06"," Kirk A Hardcastle","M56","SRM","3850-0997B","02-22-2025","2025 Splash &amp; Dash Sprint Pentathlon"
"Men ","55-59","50","Freestyle","6","25.09"," Scott A Warren","M59","USF","385C-A6A6S","02-08-2025","USF Valentine's Affair"
"Men ","55-59","50","Freestyle","7","25.2"," Peter McCormick","M55","SRM","385F-E1PBC","03-09-2025","Short and Sweet Meet"
"Men ","55-59","50","Freestyle","8","25.33"," Brian Bunch","M56","UC38","3842-03R58","06-21-2024","2024 U.S. Masters Swimming Spring National Championship"
"Men ","55-59","50","Freestyle","9","25.47"," Mikael Langner","M56","USF","3851-041F6","02-08-2025","USF Valentine's Affair"
"Men ","55-59","50","Freestyle","10","26.21"," Charles Neidhoefer","M58","SRM","385S-03U1E","02-22-2025","2025 Splash &amp; Dash Sprint Pentathlon"
"Men ","55-59","50","Freestyle","11","26.56"," Stephen M Smith","M58","SACMA","385G-03FS6","02-22-2025","2025 Splash &amp; Dash Sprint Pentathlon"
"Men ","55-59","50","Freestyle","12","26.67"," Bryan E Smith","M57","WCM","384W-07437","11-10-2024","Snohomish Aquatics Masters Invitational Meet"
"Men ","55-59","50","Freestyle","13","27.04"," John Dell","M58","SNM","3852-7DADZ","03-02-2025","Silver State Masters SCY"
"Men ","55-59","50","Freestyle","14","27.43"," Jimmy Hong","M55","FREM","385G-07DF4","03-23-2025","2025 Bay Area Senior Games Swim Meet"
"Men ","55-59","50","Freestyle","15","27.54"," Paul Kalas","M57","OAM","385T-VX93E","03-09-2025","Short and Sweet Meet"
"Men ","55-59","50","Freestyle","16","27.56"," Jimmy Nam","M56","RHMS","385K-05HT4","02-08-2025","USF Valentine's Affair"
"Men ","55-59","50","Freestyle","17","27.59"," Mike J Webster","M55","CSTS","385E-0AJ8K","03-23-2025","2025 Bay Area Senior Games Swim Meet"
"Men ","55-59","50","Freestyle","18","27.9"," James Pehrson","M57","SNM","385Y-03USD","03-02-2025","Silver State Masters SCY"
"Men ","55-59","50","Freestyle","19","28.26"," Nick A Barajas","M59","SACMA","3855-5F0AX","03-09-2025","Short and Sweet Meet"
"Men ","55-59","50","Freestyle","20","28.45"," Steve U Raiff","M55","MVM","385W-005TJ","03-23-2025","2025 Bay Area Senior Games Swim Meet"
"Men ","55-59","50","Freestyle","21","28.46"," Christopher D Cocca","M59","MELO","3855-07791","03-09-2025","Short and Sweet Meet"
"Men ","55-59","50","Freestyle","22","28.94"," Cameron Wessel","M55","MELO","3855-KKRZ1","03-09-2025","Short and Sweet Meet"
"Men ","55-59","50","Freestyle","23","29.19"," jono marcus","M58","RHMS","385N-WD4H4","03-09-2025","Short and Sweet Meet"
"Men ","55-59","50","Freestyle","24","29.67"," Gregory S Lingle","M59","LAC","385K-7E9D4","03-01-2025","TVM Spring Classic - 2025"
"Men ","55-59","50","Freestyle","25","31.83"," Jim Treman","M59","USF","3859-3XJ58","02-08-2025","USF Valentine's Affair"
"Men ","55-59","50","Freestyle","26","32.2"," Perry Harmon","M56","MAM","3858-1R0WD","02-22-2025","2025 Splash &amp; Dash Sprint Pentathlon"
"Men ","55-59","50","Freestyle","27","32.21"," Jim Migdal","M59","MELO","385J-05REP","03-09-2025","Short and Sweet Meet"
"Men ","55-59","50","Freestyle","28","32.45"," Mark Jen","M55","MAM","3857-03ND4","02-22-2025","2025 Splash &amp; Dash Sprint Pentathlon"
"Men ","55-59","50","Freestyle","29","33.24"," Long Wu","M59","MEMO","385A-03Z6S","02-22-2025","2025 Splash &amp; Dash Sprint Pentathlon"
"Men ","55-59","50","Freestyle","30","34.87"," John Murphy","M57","MVM","385K-CV3WZ","03-23-2025","2025 Bay Area Senior Games Swim Meet"
"Men ","55-59","50","Freestyle","31","35.51"," Robert Eisenbach","M56","USF","385C-2T9M1","02-08-2025","USF Valentine's Affair"
"Men ","55-59","50","Freestyle","32","35.54"," Mel H Henning","M59","TVM","385X-03HEF","03-01-2025","TVM Spring Classic - 2025"
"Men ","55-59","50","Freestyle","33","35.57"," Gautam Makani","M58","OAM","385W-04ZE2","02-22-2025","2025 Splash &amp; Dash Sprint Pentathlon"
"Men ","55-59","50","Freestyle","34","36.33"," Robert M Blumberg","M57","SRVM","385D-08986","03-01-2025","TVM Spring Classic - 2025"
"Men ","55-59","50","Freestyle","35","36.77"," Michael L Abegg","M59","NBA","3853-024BY","03-09-2025","Short and Sweet Meet"
"Men ","55-59","100","Freestyle","1","54.63"," Jorge I Angel","M57","TVM","3853-06M7G","03-01-2025","TVM Spring Classic - 2025"
"Men ","55-59","100","Freestyle","2","55.04"," Scott A Warren","M59","USF","385C-A6A6S","02-08-2025","USF Valentine's Affair"
"Men ","55-59","100","Freestyle","3","55.05"," Thomas Gorek","M55","TAM","384Y-68ADN","06-02-2024","Pasadena Senior Games"
"Men ","55-59","100","Freestyle","4","56.53"," Alan T Schmidt","M58","SRM","385T-02ZGN","01-18-2025","2025 Santa Rosa Masters Resolution Meet"
"Men ","55-59","100","Freestyle","5","56.7"," Mikael Langner","M56","USF","3851-041F6","02-08-2025","USF Valentine's Affair"
"Men ","55-59","100","Freestyle","6","56.94"," Brian Bunch","M56","UC38","3842-03R58","06-20-2024","2024 U.S. Masters Swimming Spring National Championship"
"Men ","55-59","100","Freestyle","7","57.85"," Peter McCormick","M55","SRM","385F-E1PBC","01-18-2025","2025 Santa Rosa Masters Resolution Meet"
"Men ","55-59","100","Freestyle","8","1:00.78"," Paul Kalas","M57","OAM","385T-VX93E","03-01-2025","TVM Spring Classic - 2025"
"Men ","55-59","100","Freestyle","9","1:01.10"," John Dell","M58","SNM","3852-7DADZ","03-02-2025","Silver State Masters SCY"
"Men ","55-59","100","Freestyle","10","1:01.61"," James Pehrson","M57","SNM","385Y-03USD","03-02-2025","Silver State Masters SCY"
"Men ","55-59","100","Freestyle","11","1:02.59"," Jimmy Nam","M56","RHMS","385K-05HT4","02-08-2025","USF Valentine's Affair"
"Men ","55-59","100","Freestyle","12","1:02.72"," Mike J Webster","M55","CSTS","385E-0AJ8K","03-23-2025","2025 Bay Area Senior Games Swim Meet"
"Men ","55-59","100","Freestyle","13","1:03.33"," Patrick F Mc Bride","M55","USF","385A-03KWV","02-08-2025","USF Valentine's Affair"
"Men ","55-59","100","Freestyle","14","1:04.05"," Gregory S Lingle","M59","LAC","385K-7E9D4","03-01-2025","TVM Spring Classic - 2025"
"Men ","55-59","100","Freestyle","15","1:08.69"," Scott Loyet","M58","OAM","384K-064EU","12-07-2024","THRICE is Nice!"
"Men ","55-59","100","Freestyle","16","1:12.29"," Jim Treman","M59","USF","3859-3XJ58","02-08-2025","USF Valentine's Affair"
"Men ","55-59","100","Freestyle","17","1:13.06"," Long Wu","M59","MEMO","385A-03Z6S","02-08-2025","USF Valentine's Affair"
"Men ","55-59","100","Freestyle","18","1:15.55"," Patrick A Devlin","M58","TOC","3851-05V1F","02-08-2025","USF Valentine's Affair"
"Men ","55-59","100","Freestyle","19","1:17.50"," John Murphy","M57","MVM","385K-CV3WZ","03-23-2025","2025 Bay Area Senior Games Swim Meet"
"Men ","55-59","100","Freestyle","20","1:22.98"," Robert Eisenbach","M56","USF","385C-2T9M1","02-08-2025","USF Valentine's Affair"
"Men ","55-59","200","Freestyle","1","2:00.74"," Jorge I Angel","M57","TVM","3853-06M7G","03-01-2025","TVM Spring Classic - 2025"
"Men ","55-59","200","Freestyle","2","2:01.61"," Eric A Petrilla","M55","SNM","385D-03KEF","03-02-2025","Silver State Masters SCY"
"Men ","55-59","200","Freestyle","3","2:01.84"," Kirk A Hardcastle","M56","SRM","3850-0997B","01-18-2025","2025 Santa Rosa Masters Resolution Meet"
"Men ","55-59","200","Freestyle","4","2:07.25"," Charles Neidhoefer","M58","SRM","385S-03U1E","01-18-2025","2025 Santa Rosa Masters Resolution Meet"
"Men ","55-59","200","Freestyle","5","2:08.92"," Adam G Engelskirchen","M56","NBA","385M-03PVY","03-09-2025","Short and Sweet Meet"
"Men ","55-59","200","Freestyle","6","2:12.24"," Cameron Wessel","M55","MELO","3855-KKRZ1","03-09-2025","Short and Sweet Meet"
"Men ","55-59","200","Freestyle","7","2:17.81"," Paul Kalas","M57","OAM","385T-VX93E","03-09-2025","Short and Sweet Meet"
"Men ","55-59","200","Freestyle","8","2:23.72"," Nick A Barajas","M59","SACMA","3855-5F0AX","03-09-2025","Short and Sweet Meet"
"Men ","55-59","200","Freestyle","9","2:52.97"," Long Wu","M59","MEMO","385A-03Z6S","03-23-2025","2025 Bay Area Senior Games Swim Meet"
"Men ","55-59","200","Freestyle","10","2:55.95"," John Murphy","M57","MVM","385K-CV3WZ","03-23-2025","2025 Bay Area Senior Games Swim Meet"
"Men ","55-59","500","Freestyle","1","5:53.12"," Adam G Engelskirchen","M56","NBA","385M-03PVY","03-09-2025","Short and Sweet Meet"
"Men ","55-59","500","Freestyle","2","6:01.20"," Cameron Wessel","M55","MELO","3855-KKRZ1","03-09-2025","Short and Sweet Meet"
"Men ","55-59","500","Freestyle","3","6:14.42"," Mikael Langner","M56","USF","3851-041F6","03-09-2025","Short and Sweet Meet"
"Men ","55-59","500","Freestyle","4","6:45.43"," jono marcus","M58","RHMS","385N-WD4H4","03-09-2025","Short and Sweet Meet"
"Men ","55-59","500","Freestyle","5","6:46.14"," Christopher D Cocca","M59","MELO","3855-07791","03-09-2025","Short and Sweet Meet"
"Men ","55-59","500","Freestyle","6","8:25.16"," Long Wu","M59","MEMO","385A-03Z6S","","The City Mile"
"Men ","55-59","1000","Freestyle","1","16:47.43"," Long Wu","M59","MEMO","385A-03Z6S","","The City Mile"
"Men ","55-59","1650","Freestyle","1","17:34.24"," Barton S Wells","M57","UC38","3849-03WKA","06-24-2024","2024 U.S. Masters Swimming Spring National Championship"
"Men ","55-59","1650","Freestyle","2","19:47.48"," Ben Gibson","M56","CRUZ","385J-0ABSG","02-23-2025","The City Mile"
"Men ","55-59","1650","Freestyle","3","27:26.47"," Long Wu","M59","MEMO","385A-03Z6S","02-23-2025","The City Mile"
"Men ","55-59","1650","Freestyle","4","28:56.05"," Patrick A Devlin","M58","TOC","3851-05V1F","02-23-2025","The City Mile"
"Men ","55-59","50","Backstroke","1","28.81"," Alan T Schmidt","M58","SRM","385T-02ZGN","02-22-2025","2025 Splash &amp; Dash Sprint Pentathlon"
"Men ","55-59","50","Backstroke","2","28.85"," Mike G Shaffer","M58","HTUB","3849-03B3B","06-22-2024","2024 U.S. Masters Swimming Spring National Championship"
"Men ","55-59","50","Backstroke","3","29.65"," Kirk A Hardcastle","M56","SRM","3850-0997B","02-22-2025","2025 Splash &amp; Dash Sprint Pentathlon"
"Men ","55-59","50","Backstroke","4","30.55"," Brent Wood","M55","SRM","385N-080AS","02-22-2025","2025 Splash &amp; Dash Sprint Pentathlon"
"Men ","55-59","50","Backstroke","5","30.98"," Peter McCormick","M55","SRM","385F-E1PBC","03-09-2025","Short and Sweet Meet"
"Men ","55-59","50","Backstroke","6","31.14"," Bryan E Smith","M57","WCM","384W-07437","11-10-2024","Snohomish Aquatics Masters Invitational Meet"
"Men ","55-59","50","Backstroke","7","31.28"," Craig A Marble","M59","SERC","385F-03XKC","03-16-2025","CVMM 10TH Annual Matt Biondi SCY Masters Meet - Pentathlon"
"Men ","55-59","50","Backstroke","8","31.32"," Mikael Langner","M56","USF","3851-041F6","02-08-2025","USF Valentine's Affair"
"Men ","55-59","50","Backstroke","9","32.42"," James Pehrson","M57","SNM","385Y-03USD","03-02-2025","Silver State Masters SCY"
"Men ","55-59","50","Backstroke","10","32.67"," Stephen M Smith","M58","SACMA","385G-03FS6","02-22-2025","2025 Splash &amp; Dash Sprint Pentathlon"
"Men ","55-59","50","Backstroke","11","33"," Harvey A Fishman","M57","MELO","385K-03MW4","02-08-2025","USF Valentine's Affair"
"Men ","55-59","50","Backstroke","12","33.55"," Charles Neidhoefer","M58","SRM","385S-03U1E","02-22-2025","2025 Splash &amp; Dash Sprint Pentathlon"
"Men ","55-59","50","Backstroke","13","33.84"," Steve U Raiff","M55","MVM","385W-005TJ","02-22-2025","2025 Splash &amp; Dash Sprint Pentathlon"
"Men ","55-59","50","Backstroke","14","34.57"," Cameron Wessel","M55","MELO","3855-KKRZ1","03-09-2025","Short and Sweet Meet"
"Men ","55-59","50","Backstroke","15","35.6"," Paul Kalas","M57","OAM","385T-VX93E","02-22-2025","2025 Splash &amp; Dash Sprint Pentathlon"
"Men ","55-59","50","Backstroke","16","38.33"," Christopher D Cocca","M59","MELO","3855-07791","03-09-2025","Short and Sweet Meet"
"Men ","55-59","50","Backstroke","17","42.75"," Perry Harmon","M56","MAM","3858-1R0WD","02-22-2025","2025 Splash &amp; Dash Sprint Pentathlon"
"Men ","55-59","50","Backstroke","18","44.4"," Jim Migdal","M59","MELO","385J-05REP","03-09-2025","Short and Sweet Meet"
"Men ","55-59","50","Backstroke","19","44.97"," Long Wu","M59","MEMO","385A-03Z6S","02-22-2025","2025 Splash &amp; Dash Sprint Pentathlon"
"Men ","55-59","50","Backstroke","20","46.08"," Robert M Blumberg","M57","SRVM","385D-08986","03-01-2025","TVM Spring Classic - 2025"
"Men ","55-59","100","Backstroke","1","59.88"," Mike G Shaffer","M58","HTUB","3849-03B3B","06-21-2024","2024 U.S. Masters Swimming Spring National Championship"
"Men ","55-59","100","Backstroke","2","1:06.49"," Mikael Langner","M56","USF","3851-041F6","02-08-2025","USF Valentine's Affair"
"Men ","55-59","100","Backstroke","3","1:07.70"," Bryan E Smith","M57","WCM","384W-07437","11-10-2024","Snohomish Aquatics Masters Invitational Meet"
"Men ","55-59","100","Backstroke","4","1:44.92"," Long Wu","M59","MEMO","385A-03Z6S","02-08-2025","USF Valentine's Affair"
"Men ","55-59","200","Backstroke","1","2:09.27"," Mike G Shaffer","M58","HTUB","3849-03B3B","06-23-2024","2024 U.S. Masters Swimming Spring National Championship"
"Men ","55-59","200","Backstroke","2","2:35.41"," Cameron Wessel","M55","MELO","3855-KKRZ1","03-09-2025","Short and Sweet Meet"
"Men ","55-59","200","Backstroke","3","2:39.35"," Steve U Raiff","M55","MVM","385W-005TJ","03-23-2025","2025 Bay Area Senior Games Swim Meet"
"Men ","55-59","50","Breaststroke","1","30.96"," Brian Bunch","M56","UC38","3842-03R58","06-20-2024","2024 U.S. Masters Swimming Spring National Championship"
"Men ","55-59","50","Breaststroke","2","31.28"," Brent Wood","M55","SRM","385N-080AS","02-08-2025","USF Valentine's Affair"
"Men ","55-59","50","Breaststroke","3","31.75"," Kirk A Hardcastle","M56","SRM","3850-0997B","02-22-2025","2025 Splash &amp; Dash Sprint Pentathlon"
"Men ","55-59","50","Breaststroke","4","32.6"," Jorge I Angel","M57","TVM","3853-06M7G","03-01-2025","TVM Spring Classic - 2025"
"Men ","55-59","50","Breaststroke","5","32.74"," Charles Neidhoefer","M58","SRM","385S-03U1E","02-22-2025","2025 Splash &amp; Dash Sprint Pentathlon"
"Men ","55-59","50","Breaststroke","6","32.83"," Steve U Raiff","M55","MVM","385W-005TJ","03-01-2025","TVM Spring Classic - 2025"
"Men ","55-59","50","Breaststroke","7","32.91"," Scott A Warren","M59","USF","385C-A6A6S","02-08-2025","USF Valentine's Affair"
"Men ","55-59","50","Breaststroke","8","33.83"," Stephen M Smith","M58","SACMA","385G-03FS6","02-22-2025","2025 Splash &amp; Dash Sprint Pentathlon"
"Men ","55-59","50","Breaststroke","9","34.33"," Alan T Schmidt","M58","SRM","385T-02ZGN","02-22-2025","2025 Splash &amp; Dash Sprint Pentathlon"
"Men ","55-59","50","Breaststroke","10","34.82"," Jimmy Hong","M55","FREM","385G-07DF4","03-23-2025","2025 Bay Area Senior Games Swim Meet"
"Men ","55-59","50","Breaststroke","11","35.22"," Mikael Langner","M56","USF","3851-041F6","02-22-2025","2025 Splash &amp; Dash Sprint Pentathlon"
"Men ","55-59","50","Breaststroke","12","35.43"," Patrick F Mc Bride","M55","USF","385A-03KWV","02-08-2025","USF Valentine's Affair"
"Men ","55-59","50","Breaststroke","13","35.84"," Jimmy Nam","M56","RHMS","385K-05HT4","02-08-2025","USF Valentine's Affair"
"Men ","55-59","50","Breaststroke","14","35.97"," Paul Kalas","M57","OAM","385T-VX93E","02-22-2025","2025 Splash &amp; Dash Sprint Pentathlon"
"Men ","55-59","50","Breaststroke","15","36.73"," Long Wu","M59","MEMO","385A-03Z6S","02-22-2025","2025 Splash &amp; Dash Sprint Pentathlon"
"Men ","55-59","50","Breaststroke","16","37.51"," Mark Jen","M55","MAM","3857-03ND4","02-22-2025","2025 Splash &amp; Dash Sprint Pentathlon"
"Men ","55-59","50","Breaststroke","17","37.69"," Peter McCormick","M55","SRM","385F-E1PBC","02-22-2025","2025 Splash &amp; Dash Sprint Pentathlon"
"Men ","55-59","50","Breaststroke","18","38.51"," Nick A Barajas","M59","SACMA","3855-5F0AX","02-22-2025","2025 Splash &amp; Dash Sprint Pentathlon"
"Men ","55-59","50","Breaststroke","19","39.29"," John Dell","M58","SNM","3852-7DADZ","03-02-2025","Silver State Masters SCY"
"Men ","55-59","50","Breaststroke","20","39.59"," Jim Migdal","M59","MELO","385J-05REP","03-09-2025","Short and Sweet Meet"
"Men ","55-59","50","Breaststroke","21","41.27"," Dean M Holunga","M58","LAC","3857-RBM30","03-01-2025","TVM Spring Classic - 2025"
"Men ","55-59","50","Breaststroke","22","41.95"," Scott Loyet","M58","OAM","384K-064EU","12-07-2024","THRICE is Nice!"
"Men ","55-59","50","Breaststroke","23","43.75"," Gregory S Lingle","M59","LAC","385K-7E9D4","03-01-2025","TVM Spring Classic - 2025"
"Men ","55-59","50","Breaststroke","24","47.99"," Robert Eisenbach","M56","USF","385C-2T9M1","02-08-2025","USF Valentine's Affair"
"Men ","55-59","100","Breaststroke","1","1:08.82"," Brian Bunch","M56","UC38","3842-03R58","06-23-2024","2024 U.S. Masters Swimming Spring National Championship"
"Men ","55-59","100","Breaststroke","2","1:09.49"," Brent Wood","M55","SRM","385N-080AS","02-08-2025","USF Valentine's Affair"
"Men ","55-59","100","Breaststroke","3","1:11.07"," Jorge I Angel","M57","TVM","3853-06M7G","03-01-2025","TVM Spring Classic - 2025"
"Men ","55-59","100","Breaststroke","4","1:12.24"," Scott A Warren","M59","USF","385C-A6A6S","02-08-2025","USF Valentine's Affair"
"Men ","55-59","100","Breaststroke","5","1:12.77"," Steve U Raiff","M55","MVM","385W-005TJ","03-01-2025","TVM Spring Classic - 2025"
"Men ","55-59","100","Breaststroke","6","1:12.86"," Charles Neidhoefer","M58","SRM","385S-03U1E","01-18-2025","2025 Santa Rosa Masters Resolution Meet"
"Men ","55-59","100","Breaststroke","7","1:15.58"," Jimmy Hong","M55","FREM","385G-07DF4","03-23-2025","2025 Bay Area Senior Games Swim Meet"
"Men ","55-59","100","Breaststroke","8","1:15.86"," Patrick F Mc Bride","M55","USF","385A-03KWV","02-08-2025","USF Valentine's Affair"
"Men ","55-59","100","Breaststroke","9","1:19.87"," Jimmy Nam","M56","RHMS","385K-05HT4","02-08-2025","USF Valentine's Affair"
"Men ","55-59","100","Breaststroke","10","1:20.21"," Paul Kalas","M57","OAM","385T-VX93E","01-18-2025","2025 Santa Rosa Masters Resolution Meet"
"Men ","55-59","100","Breaststroke","11","1:20.27"," Long Wu","M59","MEMO","385A-03Z6S","02-08-2025","USF Valentine's Affair"
"Men ","55-59","100","Breaststroke","12","1:29.13"," Dean M Holunga","M58","LAC","3857-RBM30","03-01-2025","TVM Spring Classic - 2025"
"Men ","55-59","100","Breaststroke","13","1:29.59"," Scott Loyet","M58","OAM","384K-064EU","12-07-2024","THRICE is Nice!"
"Men ","55-59","100","Breaststroke","14","1:52.28"," Michael L Abegg","M59","NBA","3853-024BY","01-18-2025","2025 Santa Rosa Masters Resolution Meet"
"Men ","55-59","200","Breaststroke","1","2:45.42"," Steve U Raiff","M55","MVM","385W-005TJ","03-23-2025","2025 Bay Area Senior Games Swim Meet"
"Men ","55-59","200","Breaststroke","2","2:46.87"," Patrick F Mc Bride","M55","USF","385A-03KWV","03-09-2025","Short and Sweet Meet"
"Men ","55-59","200","Breaststroke","3","2:58.74"," Mikael Langner","M56","USF","3851-041F6","03-09-2025","Short and Sweet Meet"
"Men ","55-59","200","Breaststroke","4","3:15.92"," Scott Loyet","M58","OAM","384K-064EU","12-07-2024","THRICE is Nice!"
"Men ","55-59","50","Butterfly","1","26.62"," Ben Gibson","M56","CRUZ","385J-0ABSG","01-18-2025","2025 Santa Rosa Masters Resolution Meet"
"Men ","55-59","50","Butterfly","2","27.48"," Kirk A Hardcastle","M56","SRM","3850-0997B","01-18-2025","2025 Santa Rosa Masters Resolution Meet"
"Men ","55-59","50","Butterfly","3","27.62"," Brent Wood","M55","SRM","385N-080AS","02-22-2025","2025 Splash &amp; Dash Sprint Pentathlon"
"Men ","55-59","50","Butterfly","4","27.73"," Peter McCormick","M55","SRM","385F-E1PBC","03-09-2025","Short and Sweet Meet"
"Men ","55-59","50","Butterfly","5","28.48"," Stephen M Smith","M58","SACMA","385G-03FS6","02-22-2025","2025 Splash &amp; Dash Sprint Pentathlon"
"Men ","55-59","50","Butterfly","6","28.93"," Charles Neidhoefer","M58","SRM","385S-03U1E","02-22-2025","2025 Splash &amp; Dash Sprint Pentathlon"
"Men ","55-59","50","Butterfly","7","28.97"," Adam G Engelskirchen","M56","NBA","385M-03PVY","03-09-2025","Short and Sweet Meet"
"Men ","55-59","50","Butterfly","8","29.22"," James Pehrson","M57","SNM","385Y-03USD","03-02-2025","Silver State Masters SCY"
"Men ","55-59","50","Butterfly","9","29.3"," Alan T Schmidt","M58","SRM","385T-02ZGN","02-22-2025","2025 Splash &amp; Dash Sprint Pentathlon"
"Men ","55-59","50","Butterfly","10","30.17"," Paul Kalas","M57","OAM","385T-VX93E","03-01-2025","TVM Spring Classic - 2025"
"Men ","55-59","50","Butterfly","11","30.4"," Mikael Langner","M56","USF","3851-041F6","02-22-2025","2025 Splash &amp; Dash Sprint Pentathlon"
"Men ","55-59","50","Butterfly","12","30.5"," Patrick F Mc Bride","M55","USF","385A-03KWV","02-08-2025","USF Valentine's Affair"
"Men ","55-59","50","Butterfly","13","30.64"," Mike J Webster","M55","CSTS","385E-0AJ8K","03-23-2025","2025 Bay Area Senior Games Swim Meet"
"Men ","55-59","50","Butterfly","14","33.33"," jono marcus","M58","RHMS","385N-WD4H4","03-09-2025","Short and Sweet Meet"
"Men ","55-59","50","Butterfly","15","33.55"," Christopher D Cocca","M59","MELO","3855-07791","03-09-2025","Short and Sweet Meet"
"Men ","55-59","50","Butterfly","16","33.61"," Nick A Barajas","M59","SACMA","3855-5F0AX","02-22-2025","2025 Splash &amp; Dash Sprint Pentathlon"
"Men ","55-59","50","Butterfly","17","33.63"," Gregory S Lingle","M59","LAC","385K-7E9D4","03-01-2025","TVM Spring Classic - 2025"
"Men ","55-59","50","Butterfly","18","36.99"," Mark Jen","M55","MAM","3857-03ND4","02-22-2025","2025 Splash &amp; Dash Sprint Pentathlon"
"Men ","55-59","50","Butterfly","19","37.59"," Jim Treman","M59","USF","3859-3XJ58","02-08-2025","USF Valentine's Affair"
"Men ","55-59","50","Butterfly","20","38.67"," Long Wu","M59","MEMO","385A-03Z6S","02-22-2025","2025 Splash &amp; Dash Sprint Pentathlon"
"Men ","55-59","50","Butterfly","21","38.92"," Jim Migdal","M59","MELO","385J-05REP","03-09-2025","Short and Sweet Meet"
"Men ","55-59","50","Butterfly","22","39.45"," Perry Harmon","M56","MAM","3858-1R0WD","02-22-2025","2025 Splash &amp; Dash Sprint Pentathlon"
"Men ","55-59","100","Butterfly","1","57.98"," Mike G Shaffer","M58","HTUB","3849-03B3B","06-22-2024","2024 U.S. Masters Swimming Spring National Championship"
"Men ","55-59","100","Butterfly","2","59.25"," Ben Gibson","M56","CRUZ","385J-0ABSG","01-18-2025","2025 Santa Rosa Masters Resolution Meet"
"Men ","55-59","100","Butterfly","3","1:02.99"," Eric A Petrilla","M55","SNM","385D-03KEF","03-02-2025","Silver State Masters SCY"
"Men ","55-59","100","Butterfly","4","1:14.56"," Paul Kalas","M57","OAM","385T-VX93E","03-01-2025","TVM Spring Classic - 2025"
"Men ","55-59","100","Butterfly","5","1:33.03"," Long Wu","M59","MEMO","385A-03Z6S","02-08-2025","USF Valentine's Affair"
"Men ","55-59","200","Butterfly","1","2:09.17"," Mike G Shaffer","M58","HTUB","3849-03B3B","06-20-2024","2024 U.S. Masters Swimming Spring National Championship"
"Men ","55-59","200","Butterfly","2","2:55.56"," Paul Kalas","M57","OAM","385T-VX93E","03-09-2025","Short and Sweet Meet"
"Men ","55-59","200","Butterfly","3","3:09.19"," Mikael Langner","M56","USF","3851-041F6","03-09-2025","Short and Sweet Meet"
"Men ","55-59","100","Individual Medley","1","1:02.38"," Kirk A Hardcastle","M56","SRM","3850-0997B","02-22-2025","2025 Splash &amp; Dash Sprint Pentathlon"
"Men ","55-59","100","Individual Medley","2","1:02.84"," Brent Wood","M55","SRM","385N-080AS","02-22-2025","2025 Splash &amp; Dash Sprint Pentathlon"
"Men ","55-59","100","Individual Medley","3","1:03.35"," Alan T Schmidt","M58","SRM","385T-02ZGN","02-22-2025","2025 Splash &amp; Dash Sprint Pentathlon"
"Men ","55-59","100","Individual Medley","4","1:03.87"," Ben Gibson","M56","CRUZ","385J-0ABSG","01-18-2025","2025 Santa Rosa Masters Resolution Meet"
"Men ","55-59","100","Individual Medley","5","1:04.11"," Stephen M Smith","M58","SACMA","385G-03FS6","02-22-2025","2025 Splash &amp; Dash Sprint Pentathlon"
"Men ","55-59","100","Individual Medley","6","1:04.32"," Jorge I Angel","M57","TVM","3853-06M7G","03-01-2025","TVM Spring Classic - 2025"
"Men ","55-59","100","Individual Medley","7","1:04.35"," Charles Neidhoefer","M58","SRM","385S-03U1E","02-22-2025","2025 Splash &amp; Dash Sprint Pentathlon"
"Men ","55-59","100","Individual Medley","8","1:04.56"," Brian Bunch","M56","UC38","3842-03R58","06-21-2024","2024 U.S. Masters Swimming Spring National Championship"
"Men ","55-59","100","Individual Medley","9","1:07.55"," Mikael Langner","M56","USF","3851-041F6","02-08-2025","USF Valentine's Affair"
"Men ","55-59","100","Individual Medley","10","1:07.96"," Peter McCormick","M55","SRM","385F-E1PBC","02-22-2025","2025 Splash &amp; Dash Sprint Pentathlon"
"Men ","55-59","100","Individual Medley","11","1:08.18"," Steve U Raiff","M55","MVM","385W-005TJ","02-22-2025","2025 Splash &amp; Dash Sprint Pentathlon"
"Men ","55-59","100","Individual Medley","12","1:10.29"," James Pehrson","M57","SNM","385Y-03USD","03-02-2025","Silver State Masters SCY"
"Men ","55-59","100","Individual Medley","13","1:12.98"," Jimmy Nam","M56","RHMS","385K-05HT4","02-08-2025","USF Valentine's Affair"
"Men ","55-59","100","Individual Medley","14","1:13.13"," Paul Kalas","M57","OAM","385T-VX93E","02-22-2025","2025 Splash &amp; Dash Sprint Pentathlon"
"Men ","55-59","100","Individual Medley","15","1:17.77"," Gregory S Lingle","M59","LAC","385K-7E9D4","03-01-2025","TVM Spring Classic - 2025"
"Men ","55-59","100","Individual Medley","16","1:18.03"," Nick A Barajas","M59","SACMA","3855-5F0AX","02-22-2025","2025 Splash &amp; Dash Sprint Pentathlon"
"Men ","55-59","100","Individual Medley","17","1:20.51"," Mark Jen","M55","MAM","3857-03ND4","02-22-2025","2025 Splash &amp; Dash Sprint Pentathlon"
"Men ","55-59","100","Individual Medley","18","1:23.94"," Long Wu","M59","MEMO","385A-03Z6S","02-08-2025","USF Valentine's Affair"
"Men ","55-59","100","Individual Medley","19","1:33.32"," Mel H Henning","M59","TVM","385X-03HEF","03-01-2025","TVM Spring Classic - 2025"
"Men ","55-59","100","Individual Medley","20","1:40.04"," Robert M Blumberg","M57","SRVM","385D-08986","03-01-2025","TVM Spring Classic - 2025"
"Men ","55-59","100","Individual Medley","21","1:43.67"," Gautam Makani","M58","OAM","385W-04ZE2","02-22-2025","2025 Splash &amp; Dash Sprint Pentathlon"
"Men ","55-59","200","Individual Medley","1","2:16.73"," Jorge I Angel","M57","TVM","3853-06M7G","03-01-2025","TVM Spring Classic - 2025"
"Men ","55-59","200","Individual Medley","2","2:17.24"," Ben Gibson","M56","CRUZ","385J-0ABSG","01-18-2025","2025 Santa Rosa Masters Resolution Meet"
"Men ","55-59","200","Individual Medley","3","2:19.01"," Eric A Petrilla","M55","SNM","385D-03KEF","03-02-2025","Silver State Masters SCY"
"Men ","55-59","200","Individual Medley","4","2:33.46"," Steve U Raiff","M55","MVM","385W-005TJ","03-01-2025","TVM Spring Classic - 2025"
"Men ","55-59","200","Individual Medley","5","2:53.38"," Gregory S Lingle","M59","LAC","385K-7E9D4","03-01-2025","TVM Spring Classic - 2025"
"Men ","55-59","400","Individual Medley","1","4:42.77"," Mike G Shaffer","M58","HTUB","3849-03B3B","06-23-2024","2024 U.S. Masters Swimming Spring National Championship"
"Men ","55-59","400","Individual Medley","2","5:31.98"," Mikael Langner","M56","USF","3851-041F6","03-23-2025","2025 Bay Area Senior Games Swim Meet"
"Men ","60-64","50","Freestyle","1","25.69"," Jon Boone","M61","WCM","3855-05VDE","02-22-2025","2025 Splash &amp; Dash Sprint Pentathlon"
"Men ","60-64","50","Freestyle","2","26.42"," Hector Chao","M60","WCM","385R-03FC4","03-09-2025","Short and Sweet Meet"
"Men ","60-64","50","Freestyle","3","26.42"," Kevin Keating","M61","SMAC","385K-03ZAR","02-08-2025","USF Valentine's Affair"
"Men ","60-64","50","Freestyle","4","26.56"," Craig S Mallery","M62","UC38","3842-02M7D","09-29-2024","Palm Springs Masters SCY Swim Meet"
"Men ","60-64","50","Freestyle","5","26.85"," Daniel Tom","M61","MELO","3854-00105","03-23-2025","2025 Bay Area Senior Games Swim Meet"
"Men ","60-64","50","Freestyle","6","27.05"," William Gardner","M60","MAM","385T-03SDU","02-22-2025","2025 Splash &amp; Dash Sprint Pentathlon"
"Men ","60-64","50","Freestyle","7","27.28"," William E Cannon","M60","UC38","384J-0944N","12-07-2024","THRICE is Nice!"
"Men ","60-64","50","Freestyle","8","27.86"," Thomas D Anderson","M63","MELO","3852-03G4X","03-23-2025","2025 Bay Area Senior Games Swim Meet"
"Men ","60-64","50","Freestyle","9","27.92"," Greg Lynch","M62","SRVM","385J-0B2Z0","03-01-2025","TVM Spring Classic - 2025"
"Men ","60-64","50","Freestyle","10","28.13"," Greg L Laudenslager","M63","RHMS","385M-07N19","02-22-2025","2025 Splash &amp; Dash Sprint Pentathlon"
"Men ","60-64","50","Freestyle","11","28.23"," Rick O'Rourke","M60","USF","385W-07NAA","02-08-2025","USF Valentine's Affair"
"Men ","60-64","50","Freestyle","12","29.33"," Paul C Mangold","M61","TVM","3854-03VUT","03-01-2025","TVM Spring Classic - 2025"
"Men ","60-64","50","Freestyle","13","29.78"," Craig Coombs","M64","USF","385E-03KM5","02-08-2025","USF Valentine's Affair"
"Men ","60-64","50","Freestyle","14","29.84"," Crick M Waters","M63","MELO","385B-06PNM","03-09-2025","Short and Sweet Meet"
"Men ","60-64","50","Freestyle","15","30.15"," Marc J St Marseille","M64","WCM","385J-66R4R","02-08-2025","USF Valentine's Affair"
"Men ","60-64","50","Freestyle","16","30.26"," Ken Mallon","M60","QSS","3850-0RBT8","02-22-2025","2025 Splash &amp; Dash Sprint Pentathlon"
"Men ","60-64","50","Freestyle","17","30.27"," Bill McCracken","M63","TVM","3856-03GV7","12-07-2024","THRICE is Nice!"
"Men ","60-64","50","Freestyle","18","30.57"," BRAD O'Brien","M63","RHMS","385H-3EMVX","03-09-2025","Short and Sweet Meet"
"Men ","60-64","50","Freestyle","19","30.65"," Robert J Hennessy","M61","TVM","385E-03R30","03-01-2025","TVM Spring Classic - 2025"
"Men ","60-64","50","Freestyle","20","32.09"," Tim K Sheeper","M61","MELO","385V-03G4R","03-09-2025","Short and Sweet Meet"
"Men ","60-64","50","Freestyle","21","32.72"," Steve W Elmer","M60","MEMO","385V-T2HC5","03-01-2025","TVM Spring Classic - 2025"
"Men ","60-64","50","Freestyle","22","33.7"," Dan T Burbage-Macaluso","M61","SACMA","3857-63MRU","02-22-2025","2025 Splash &amp; Dash Sprint Pentathlon"
"Men ","60-64","50","Freestyle","23","33.96"," Jack Ewing","M64","USF","3850-03G17","01-18-2025","2025 Santa Rosa Masters Resolution Meet"
"Men ","60-64","50","Freestyle","24","37.27"," Mark S Evans","M62","TAM","385G-0ADDM","03-09-2025","Short and Sweet Meet"
"Men ","60-64","100","Freestyle","1","58.44"," Daniel Tom","M61","MELO","3854-00105","02-08-2025","USF Valentine's Affair"
"Men ","60-64","100","Freestyle","2","59.34"," Kevin Keating","M61","SMAC","385K-03ZAR","02-08-2025","USF Valentine's Affair"
"Men ","60-64","100","Freestyle","3","59.53"," David Spitzler","M61","BAC","385Z-03VJ6","03-02-2025","Silver State Masters SCY"
"Men ","60-64","100","Freestyle","4","59.97"," Jan B Frydendahl","M62","HTUB","3853-8E10E","03-01-2025","TVM Spring Classic - 2025"
"Men ","60-64","100","Freestyle","5","1:00.08"," Ron Taylor","M64","RPM","3859-03MUP","01-18-2025","2025 Santa Rosa Masters Resolution Meet"
"Men ","60-64","100","Freestyle","6","1:00.62"," Ian E King","M62","WCM","3852-07M0V","02-08-2025","USF Valentine's Affair"
"Men ","60-64","100","Freestyle","7","1:00.73"," William E Cannon","M60","UC38","384J-0944N","12-07-2024","THRICE is Nice!"
"Men ","60-64","100","Freestyle","8","1:01.03"," Michael J Penn","M63","UC38","385U-03YCK","03-02-2025","Mission Viejo Nadadores Masters SCY Meet"
"Men ","60-64","100","Freestyle","9","1:02.09"," Rick O'Rourke","M60","USF","385W-07NAA","02-08-2025","USF Valentine's Affair"
"Men ","60-64","100","Freestyle","10","1:02.26"," Thomas D Anderson","M63","MELO","3852-03G4X","03-23-2025","2025 Bay Area Senior Games Swim Meet"
"Men ","60-64","100","Freestyle","11","1:06.25"," Bill McCracken","M63","TVM","3856-03GV7","03-01-2025","TVM Spring Classic - 2025"
"Men ","60-64","100","Freestyle","12","1:06.56"," Marc J St Marseille","M64","WCM","385J-66R4R","02-08-2025","USF Valentine's Affair"
"Men ","60-64","100","Freestyle","13","1:06.76"," Craig Coombs","M64","USF","385E-03KM5","02-08-2025","USF Valentine's Affair"
"Men ","60-64","100","Freestyle","14","1:09.87"," Robert J Hennessy","M61","TVM","385E-03R30","03-01-2025","TVM Spring Classic - 2025"
"Men ","60-64","100","Freestyle","15","1:13.41"," BRAD O'Brien","M63","RHMS","385H-3EMVX","02-08-2025","USF Valentine's Affair"
"Men ","60-64","100","Freestyle","16","1:15.53"," Jack Ewing","M64","USF","3850-03G17","03-01-2025","TVM Spring Classic - 2025"
"Men ","60-64","100","Freestyle","17","1:16.40"," Steve W Elmer","M60","MEMO","385V-T2HC5","03-01-2025","TVM Spring Classic - 2025"
"Men ","60-64","200","Freestyle","1","2:04.80"," Tim D Keighley","M63","QSS","384J-09F6W","06-21-2024","2024 U.S. Masters Swimming Spring National Championship"
"Men ","60-64","200","Freestyle","2","2:06.84"," Hector Chao","M60","WCM","385R-03FC4","03-09-2025","Short and Sweet Meet"
"Men ","60-64","200","Freestyle","3","2:11.02"," David Spitzler","M61","BAC","385Z-03VJ6","03-02-2025","Silver State Masters SCY"
"Men ","60-64","200","Freestyle","4","2:14.26"," Daniel Tom","M61","MELO","3854-00105","03-01-2025","TVM Spring Classic - 2025"
"Men ","60-64","200","Freestyle","5","2:15.21"," Ian E King","M62","WCM","3852-07M0V","01-18-2025","2025 Santa Rosa Masters Resolution Meet"
"Men ","60-64","200","Freestyle","6","2:15.28"," Kevin Keating","M61","SMAC","385K-03ZAR","03-09-2025","Short and Sweet Meet"
"Men ","60-64","200","Freestyle","7","2:19.37"," Thomas D Anderson","M63","MELO","3852-03G4X","03-23-2025","2025 Bay Area Senior Games Swim Meet"
"Men ","60-64","200","Freestyle","8","2:26.48"," Bill McCracken","M63","TVM","3856-03GV7","12-07-2024","THRICE is Nice!"
"Men ","60-64","200","Freestyle","9","2:30.59"," Walter Hannibal","M64","MAQ","3858-UY0EE","03-09-2025","Short and Sweet Meet"
"Men ","60-64","200","Freestyle","10","2:32.24"," Tim K Sheeper","M61","MELO","385V-03G4R","03-09-2025","Short and Sweet Meet"
"Men ","60-64","200","Freestyle","11","2:41.64"," Bob Suess","M63","RHMS","3854-06YXE","03-09-2025","Short and Sweet Meet"
"Men ","60-64","200","Freestyle","12","2:54.53"," Jack Ewing","M64","USF","3850-03G17","03-01-2025","TVM Spring Classic - 2025"
"Men ","60-64","500","Freestyle","1","5:47.85"," David Spitzler","M61","BAC","385Z-03VJ6","03-02-2025","Silver State Masters SCY"
"Men ","60-64","500","Freestyle","2","6:39.11"," Tim K Sheeper","M61","MELO","385V-03G4R","03-09-2025","Short and Sweet Meet"
"Men ","60-64","500","Freestyle","3","9:04.39"," Dan T Burbage-Macaluso","M61","SACMA","3857-63MRU","03-09-2025","Short and Sweet Meet"
"Men ","60-64","1000","Freestyle","1","11:45.20"," David Spitzler","M61","BAC","385Z-03VJ6","","The City Mile"
"Men ","60-64","1000","Freestyle","2","12:12.89"," Michael Notaro","M62","MAM","385G-03ZSP","","The City Mile"
"Men ","60-64","1650","Freestyle","1","19:21.14"," David Spitzler","M61","BAC","385Z-03VJ6","02-23-2025","The City Mile"
"Men ","60-64","1650","Freestyle","2","20:09.72"," Michael Notaro","M62","MAM","385G-03ZSP","02-23-2025","The City Mile"
"Men ","60-64","1650","Freestyle","3","21:37.54"," Mark White","M61","TSUN","3846-03G3H","06-24-2024","2024 U.S. Masters Swimming Spring National Championship"
"Men ","60-64","1650","Freestyle","4","24:18.84"," William Duke","M64","MAQ","385U-0S9T9","02-23-2025","The City Mile"
"Men ","60-64","1650","Freestyle","5","30:15.18"," John deBenedetti","M62","TOC","3852-084S0","02-23-2025","The City Mile"
"Men ","60-64","1650","Freestyle","6","31:00.91"," Dan T Burbage-Macaluso","M61","SACMA","3857-63MRU","02-23-2025","The City Mile"
"Men ","60-64","50","Backstroke","1","29.21"," Hector Chao","M60","WCM","384T-03FC4","06-22-2024","2024 U.S. Masters Swimming Spring National Championship"
"Men ","60-64","50","Backstroke","2","30.18"," Ron Taylor","M64","RPM","3859-03MUP","02-08-2025","USF Valentine's Affair"
"Men ","60-64","50","Backstroke","3","31.04"," Michael J Penn","M63","UC38","385U-03YCK","03-02-2025","Mission Viejo Nadadores Masters SCY Meet"
"Men ","60-64","50","Backstroke","4","31.75"," Daniel Tom","M61","MELO","3854-00105","02-08-2025","USF Valentine's Affair"
"Men ","60-64","50","Backstroke","5","32.28"," Jon Boone","M61","WCM","3855-05VDE","02-22-2025","2025 Splash &amp; Dash Sprint Pentathlon"
"Men ","60-64","50","Backstroke","6","34.08"," Ian E King","M62","WCM","3852-07M0V","12-07-2024","THRICE is Nice!"
"Men ","60-64","50","Backstroke","7","34.35"," Greg L Laudenslager","M63","RHMS","385M-07N19","03-09-2025","Short and Sweet Meet"
"Men ","60-64","50","Backstroke","8","34.69"," William Gardner","M60","MAM","385T-03SDU","02-22-2025","2025 Splash &amp; Dash Sprint Pentathlon"
"Men ","60-64","50","Backstroke","9","34.85"," Mark White","M61","TSUN","3846-03G3H","06-22-2024","2024 U.S. Masters Swimming Spring National Championship"
"Men ","60-64","50","Backstroke","10","36.02"," Howard Lee","M60","STAN","385J-041B6","03-23-2025","2025 Bay Area Senior Games Swim Meet"
"Men ","60-64","50","Backstroke","11","36.26"," Kevin Keating","M61","SMAC","385K-03ZAR","03-09-2025","Short and Sweet Meet"
"Men ","60-64","50","Backstroke","12","37.81"," Marshall Platt","M62","ECAM","3850-05PM6","02-22-2025","2025 Splash &amp; Dash Sprint Pentathlon"
"Men ","60-64","50","Backstroke","13","39.02"," Marc J St Marseille","M64","WCM","385J-66R4R","02-08-2025","USF Valentine's Affair"
"Men ","60-64","50","Backstroke","14","39.14"," Walter Hannibal","M64","MAQ","3858-UY0EE","03-09-2025","Short and Sweet Meet"
"Men ","60-64","50","Backstroke","15","43.62"," BRAD O'Brien","M63","RHMS","385H-3EMVX","03-09-2025","Short and Sweet Meet"
"Men ","60-64","50","Backstroke","16","44.3"," Dan T Burbage-Macaluso","M61","SACMA","3857-63MRU","02-22-2025","2025 Splash &amp; Dash Sprint Pentathlon"
"Men ","60-64","50","Backstroke","17","46.94"," Ken Mallon","M60","QSS","3850-0RBT8","02-22-2025","2025 Splash &amp; Dash Sprint Pentathlon"
"Men ","60-64","100","Backstroke","1","1:03.49"," Hector Chao","M60","WCM","384T-03FC4","06-21-2024","2024 U.S. Masters Swimming Spring National Championship"
"Men ","60-64","100","Backstroke","2","1:04.84"," Tim D Keighley","M63","QSS","384J-09F6W","06-21-2024","2024 U.S. Masters Swimming Spring National Championship"
"Men ","60-64","100","Backstroke","3","1:06.52"," Ron Taylor","M64","RPM","3859-03MUP","02-08-2025","USF Valentine's Affair"
"Men ","60-64","100","Backstroke","4","1:13.81"," Ian E King","M62","WCM","3852-07M0V","02-08-2025","USF Valentine's Affair"
"Men ","60-64","100","Backstroke","5","1:15.29"," Michael J Penn","M63","UC38","385U-03YCK","03-02-2025","Mission Viejo Nadadores Masters SCY Meet"
"Men ","60-64","100","Backstroke","6","1:19.40"," Howard Lee","M60","STAN","385J-041B6","03-23-2025","2025 Bay Area Senior Games Swim Meet"
"Men ","60-64","100","Backstroke","7","1:19.84"," Mark White","M61","TSUN","3846-03G3H","06-21-2024","2024 U.S. Masters Swimming Spring National Championship"
"Men ","60-64","200","Backstroke","1","2:17.14"," Hector Chao","M60","WCM","384T-03FC4","06-23-2024","2024 U.S. Masters Swimming Spring National Championship"
"Men ","60-64","200","Backstroke","2","2:20.36"," Tim D Keighley","M63","QSS","384J-09F6W","06-23-2024","2024 U.S. Masters Swimming Spring National Championship"
"Men ","60-64","200","Backstroke","3","2:32.46"," Ron Taylor","M64","RPM","3859-03MUP","12-07-2024","THRICE is Nice!"
"Men ","60-64","200","Backstroke","4","2:44.40"," Greg L Laudenslager","M63","RHMS","385M-07N19","03-09-2025","Short and Sweet Meet"
"Men ","60-64","200","Backstroke","5","2:46.18"," Kevin Keating","M61","SMAC","385K-03ZAR","03-09-2025","Short and Sweet Meet"
"Men ","60-64","200","Backstroke","6","2:46.81"," Ian E King","M62","WCM","3852-07M0V","12-07-2024","THRICE is Nice!"
"Men ","60-64","200","Backstroke","7","2:50.51"," Mark White","M61","TSUN","3846-03G3H","06-23-2024","2024 U.S. Masters Swimming Spring National Championship"
"Men ","60-64","50","Breaststroke","1","30.78"," Daniel Tom","M61","MELO","3854-00105","03-09-2025","Short and Sweet Meet"
"Men ","60-64","50","Breaststroke","2","33.68"," Michael S Flegel","M61","LAC","385H-KRUKT","02-08-2025","USF Valentine's Affair"
"Men ","60-64","50","Breaststroke","3","33.86"," Hector Chao","M60","WCM","385R-03FC4","02-22-2025","2025 Splash &amp; Dash Sprint Pentathlon"
"Men ","60-64","50","Breaststroke","4","33.92"," Greg L Laudenslager","M63","RHMS","385M-07N19","02-22-2025","2025 Splash &amp; Dash Sprint Pentathlon"
"Men ","60-64","50","Breaststroke","5","35.02"," Jon Boone","M61","WCM","3855-05VDE","02-22-2025","2025 Splash &amp; Dash Sprint Pentathlon"
"Men ","60-64","50","Breaststroke","6","36.63"," Ron Taylor","M64","RPM","3859-03MUP","02-22-2025","2025 Splash &amp; Dash Sprint Pentathlon"
"Men ","60-64","50","Breaststroke","7","36.64"," Howard Lee","M60","STAN","385J-041B6","03-23-2025","2025 Bay Area Senior Games Swim Meet"
"Men ","60-64","50","Breaststroke","8","37.05"," Paul C Mangold","M61","TVM","3854-03VUT","03-01-2025","TVM Spring Classic - 2025"
"Men ","60-64","50","Breaststroke","9","37.18"," Jan B Frydendahl","M62","HTUB","3853-8E10E","03-01-2025","TVM Spring Classic - 2025"
"Men ","60-64","50","Breaststroke","10","37.59"," William Gardner","M60","MAM","385T-03SDU","02-22-2025","2025 Splash &amp; Dash Sprint Pentathlon"
"Men ","60-64","50","Breaststroke","11","38.85"," Marc J St Marseille","M64","WCM","385J-66R4R","02-08-2025","USF Valentine's Affair"
"Men ","60-64","50","Breaststroke","12","39.15"," Walter Hannibal","M64","MAQ","3858-UY0EE","03-09-2025","Short and Sweet Meet"
"Men ","60-64","50","Breaststroke","13","40.25"," Crick M Waters","M63","MELO","385B-06PNM","03-09-2025","Short and Sweet Meet"
"Men ","60-64","50","Breaststroke","14","42.22"," Ken Mallon","M60","QSS","3850-0RBT8","02-22-2025","2025 Splash &amp; Dash Sprint Pentathlon"
"Men ","60-64","50","Breaststroke","15","44.14"," BRAD O'Brien","M63","RHMS","385H-3EMVX","03-09-2025","Short and Sweet Meet"
"Men ","60-64","50","Breaststroke","16","44.75"," Matthew E Eccles","M61","TEME","3859-03WNU","02-22-2025","2025 Splash &amp; Dash Sprint Pentathlon"
"Men ","60-64","100","Breaststroke","1","1:10.70"," Daniel Tom","M61","MELO","3854-00105","03-23-2025","2025 Bay Area Senior Games Swim Meet"
"Men ","60-64","100","Breaststroke","2","1:11.51"," Tim D Keighley","M63","QSS","384J-09F6W","06-23-2024","2024 U.S. Masters Swimming Spring National Championship"
"Men ","60-64","100","Breaststroke","3","1:12.60"," Michael S Flegel","M61","LAC","385H-KRUKT","02-08-2025","USF Valentine's Affair"
"Men ","60-64","100","Breaststroke","4","1:16.35"," Greg L Laudenslager","M63","RHMS","385M-07N19","01-18-2025","2025 Santa Rosa Masters Resolution Meet"
"Men ","60-64","100","Breaststroke","5","1:17.23"," Niel Fischer","M60","SNM","3857-03S06","03-02-2025","Silver State Masters SCY"
"Men ","60-64","100","Breaststroke","6","1:24.02"," Howard Lee","M60","STAN","385J-041B6","03-23-2025","2025 Bay Area Senior Games Swim Meet"
"Men ","60-64","100","Breaststroke","7","1:27.08"," Craig Coombs","M64","USF","385E-03KM5","02-08-2025","USF Valentine's Affair"
"Men ","60-64","100","Breaststroke","8","1:27.63"," Ian E King","M62","WCM","3852-07M0V","01-18-2025","2025 Santa Rosa Masters Resolution Meet"
"Men ","60-64","200","Breaststroke","1","2:51.50"," Greg L Laudenslager","M63","RHMS","385M-07N19","03-09-2025","Short and Sweet Meet"
"Men ","60-64","200","Breaststroke","2","3:14.69"," Jack Ewing","M64","USF","3850-03G17","03-09-2025","Short and Sweet Meet"
"Men ","60-64","200","Breaststroke","3","3:27.72"," Bob Suess","M63","RHMS","3854-06YXE","03-09-2025","Short and Sweet Meet"
"Men ","60-64","200","Breaststroke","4","3:51.61"," Dan T Burbage-Macaluso","M61","SACMA","3857-63MRU","03-09-2025","Short and Sweet Meet"
"Men ","60-64","50","Butterfly","1","27.19"," Hector Chao","M60","WCM","385R-03FC4","02-22-2025","2025 Splash &amp; Dash Sprint Pentathlon"
"Men ","60-64","50","Butterfly","2","27.45"," Jon Boone","M61","WCM","3855-05VDE","02-22-2025","2025 Splash &amp; Dash Sprint Pentathlon"
"Men ","60-64","50","Butterfly","3","27.68"," Kevin Keating","M61","SMAC","385K-03ZAR","01-18-2025","2025 Santa Rosa Masters Resolution Meet"
"Men ","60-64","50","Butterfly","4","28.63"," Ron Taylor","M64","RPM","3859-03MUP","02-22-2025","2025 Splash &amp; Dash Sprint Pentathlon"
"Men ","60-64","50","Butterfly","5","28.82"," Craig S Mallery","M62","UC38","3842-02M7D","09-29-2024","Palm Springs Masters SCY Swim Meet"
"Men ","60-64","50","Butterfly","6","28.95"," William Gardner","M60","MAM","385T-03SDU","02-22-2025","2025 Splash &amp; Dash Sprint Pentathlon"
"Men ","60-64","50","Butterfly","7","29.14"," Daniel Tom","M61","MELO","3854-00105","03-09-2025","Short and Sweet Meet"
"Men ","60-64","50","Butterfly","8","30.67"," Greg Lynch","M62","SRVM","385J-0B2Z0","03-01-2025","TVM Spring Classic - 2025"
"Men ","60-64","50","Butterfly","9","31.37"," Thomas D Anderson","M63","MELO","3852-03G4X","03-23-2025","2025 Bay Area Senior Games Swim Meet"
"Men ","60-64","50","Butterfly","10","32.02"," Greg L Laudenslager","M63","RHMS","385M-07N19","02-22-2025","2025 Splash &amp; Dash Sprint Pentathlon"
"Men ","60-64","50","Butterfly","11","34.03"," Marshall Platt","M62","ECAM","3850-05PM6","02-22-2025","2025 Splash &amp; Dash Sprint Pentathlon"
"Men ","60-64","50","Butterfly","12","34.04"," Howard Lee","M60","STAN","385J-041B6","03-23-2025","2025 Bay Area Senior Games Swim Meet"
"Men ","60-64","50","Butterfly","13","35.25"," Ken Mallon","M60","QSS","3850-0RBT8","02-22-2025","2025 Splash &amp; Dash Sprint Pentathlon"
"Men ","60-64","50","Butterfly","14","37.11"," Kevin A Ryan","M63","SRVM","385V-03WX3","03-01-2025","TVM Spring Classic - 2025"
"Men ","60-64","50","Butterfly","15","38.96"," Robert J Hennessy","M61","TVM","385E-03R30","03-01-2025","TVM Spring Classic - 2025"
"Men ","60-64","50","Butterfly","16","39.49"," Dan T Burbage-Macaluso","M61","SACMA","3857-63MRU","02-22-2025","2025 Splash &amp; Dash Sprint Pentathlon"
"Men ","60-64","50","Butterfly","17","39.59"," Jack Ewing","M64","USF","3850-03G17","03-09-2025","Short and Sweet Meet"
"Men ","60-64","100","Butterfly","1","1:00.48"," Tim D Keighley","M63","QSS","384J-09F6W","06-22-2024","2024 U.S. Masters Swimming Spring National Championship"
"Men ","60-64","100","Butterfly","2","1:04.46"," Kevin Keating","M61","SMAC","385K-03ZAR","02-08-2025","USF Valentine's Affair"
"Men ","60-64","100","Butterfly","3","1:15.32"," Ian E King","M62","WCM","3852-07M0V","02-08-2025","USF Valentine's Affair"
"Men ","60-64","100","Butterfly","4","1:23.13"," Craig Coombs","M64","USF","385E-03KM5","02-08-2025","USF Valentine's Affair"
"Men ","60-64","100","Butterfly","5","1:33.77"," Jack Ewing","M64","USF","3850-03G17","03-01-2025","TVM Spring Classic - 2025"
"Men ","60-64","100","Butterfly","6","1:47.53"," Dan T Burbage-Macaluso","M61","SACMA","3857-63MRU","01-18-2025","2025 Santa Rosa Masters Resolution Meet"
"Men ","60-64","200","Butterfly","1","2:45.40"," Daniel Tom","M61","MELO","3854-00105","03-09-2025","Short and Sweet Meet"
"Men ","60-64","200","Butterfly","2","4:03.48"," Dan T Burbage-Macaluso","M61","SACMA","3857-63MRU","03-09-2025","Short and Sweet Meet"
"Men ","60-64","100","Individual Medley","1","1:03.54"," Hector Chao","M60","WCM","384T-03FC4","06-21-2024","2024 U.S. Masters Swimming Spring National Championship"
"Men ","60-64","100","Individual Medley","2","1:06.17"," Daniel Tom","M61","MELO","3854-00105","03-23-2025","2025 Bay Area Senior Games Swim Meet"
"Men ","60-64","100","Individual Medley","3","1:06.32"," Jon Boone","M61","WCM","3855-05VDE","02-22-2025","2025 Splash &amp; Dash Sprint Pentathlon"
"Men ","60-64","100","Individual Medley","4","1:09.07"," William Gardner","M60","MAM","385T-03SDU","02-22-2025","2025 Splash &amp; Dash Sprint Pentathlon"
"Men ","60-64","100","Individual Medley","5","1:09.09"," Ron Taylor","M64","RPM","3859-03MUP","02-22-2025","2025 Splash &amp; Dash Sprint Pentathlon"
"Men ","60-64","100","Individual Medley","6","1:09.51"," Kevin Keating","M61","SMAC","385K-03ZAR","02-08-2025","USF Valentine's Affair"
"Men ","60-64","100","Individual Medley","7","1:10.00"," Niel Fischer","M60","SNM","3857-03S06","03-02-2025","Silver State Masters SCY"
"Men ","60-64","100","Individual Medley","8","1:11.21"," Michael S Flegel","M61","LAC","385H-KRUKT","02-08-2025","USF Valentine's Affair"
"Men ","60-64","100","Individual Medley","9","1:11.83"," Greg L Laudenslager","M63","RHMS","385M-07N19","02-22-2025","2025 Splash &amp; Dash Sprint Pentathlon"
"Men ","60-64","100","Individual Medley","10","1:15.75"," Eugene C Gregor","M64","USF","385R-0AVFJ","02-08-2025","USF Valentine's Affair"
"Men ","60-64","100","Individual Medley","11","1:19.85"," Craig Coombs","M64","USF","385E-03KM5","02-08-2025","USF Valentine's Affair"
"Men ","60-64","100","Individual Medley","12","1:21.36"," Howard Lee","M60","STAN","385J-041B6","03-23-2025","2025 Bay Area Senior Games Swim Meet"
"Men ","60-64","100","Individual Medley","13","1:28.54"," Dan T Burbage-Macaluso","M61","SACMA","3857-63MRU","02-22-2025","2025 Splash &amp; Dash Sprint Pentathlon"
"Men ","60-64","100","Individual Medley","14","1:29.14"," Ken Mallon","M60","QSS","3850-0RBT8","02-22-2025","2025 Splash &amp; Dash Sprint Pentathlon"
"Men ","60-64","100","Individual Medley","15","1:32.24"," Kevin A Ryan","M63","SRVM","385V-03WX3","03-01-2025","TVM Spring Classic - 2025"
"Men ","60-64","200","Individual Medley","1","2:18.59"," Hector Chao","M60","WCM","384T-03FC4","06-22-2024","2024 U.S. Masters Swimming Spring National Championship"
"Men ","60-64","200","Individual Medley","2","2:20.33"," Tim D Keighley","M63","QSS","384J-09F6W","06-22-2024","2024 U.S. Masters Swimming Spring National Championship"
"Men ","60-64","200","Individual Medley","3","2:24.90"," Daniel Tom","M61","MELO","3854-00105","03-01-2025","TVM Spring Classic - 2025"
"Men ","60-64","200","Individual Medley","4","2:30.14"," Niel Fischer","M60","SNM","3857-03S06","03-02-2025","Silver State Masters SCY"
"Men ","60-64","200","Individual Medley","5","2:50.78"," Ian E King","M62","WCM","3852-07M0V","01-18-2025","2025 Santa Rosa Masters Resolution Meet"
"Men ","60-64","200","Individual Medley","6","3:35.72"," Dan T Burbage-Macaluso","M61","SACMA","3857-63MRU","01-18-2025","2025 Santa Rosa Masters Resolution Meet"
"Men ","60-64","400","Individual Medley","1","7:08.91"," Jack Ewing","M64","USF","3850-03G17","03-23-2025","2025 Bay Area Senior Games Swim Meet"
"Men ","65-69","50","Freestyle","1","25.32"," Mark Evans","M66","SRM","3850-03J7X","03-09-2025","Short and Sweet Meet"
"Men ","65-69","50","Freestyle","2","27.33"," John C Cottingham","M65","LGSR","385Y-NMZXX","03-09-2025","Short and Sweet Meet"
"Men ","65-69","50","Freestyle","3","27.39"," Steve Cutting","M67","TVM","385V-03MEE","02-22-2025","2025 Splash &amp; Dash Sprint Pentathlon"
"Men ","65-69","50","Freestyle","4","27.54"," William A Lindsay","M68","OAK","3852-09FXB","02-22-2025","2025 Splash &amp; Dash Sprint Pentathlon"
"Men ","65-69","50","Freestyle","5","27.94"," Geoff Spellberg","M69","NBA","385T-03VD8","02-22-2025","2025 Splash &amp; Dash Sprint Pentathlon"
"Men ","65-69","50","Freestyle","6","27.96"," James E Deming","M66","LGSR","385A-03HXX","03-23-2025","2025 Bay Area Senior Games Swim Meet"
"Men ","65-69","50","Freestyle","7","28.64"," Peter T Levikow","M65","PSWIM","3855-03S4S","03-02-2025","Silver State Masters SCY"
"Men ","65-69","50","Freestyle","8","29.43"," Marc J St Marseille","M65","WCM","385J-66R4R","03-09-2025","Short and Sweet Meet"
"Men ","65-69","50","Freestyle","9","30.14"," Jeffrey Citron","M69","MEMO","385G-03RPY","03-23-2025","2025 Bay Area Senior Games Swim Meet"
"Men ","65-69","50","Freestyle","10","30.98"," James E Cochrane","M66","RHMS","385Z-03JSN","03-09-2025","Short and Sweet Meet"
"Men ","65-69","50","Freestyle","11","31.66"," Kurt A Stoll","M65","TVM","3852-03G19","03-01-2025","TVM Spring Classic - 2025"
"Men ","65-69","50","Freestyle","12","31.86"," Andy Mascheroni","M68","TAM","385P-03SM3","03-09-2025","Short and Sweet Meet"
"Men ","65-69","50","Freestyle","13","32.24"," Tom F Horton","M66","TEME","385W-J68MF","02-22-2025","2025 Splash &amp; Dash Sprint Pentathlon"
"Men ","65-69","50","Freestyle","14","32.7"," john nakamura","M69","UC38","385F-CGKM7","03-23-2025","2025 Bay Area Senior Games Swim Meet"
"Men ","65-69","50","Freestyle","15","33.02"," Ralph Wenzel","M65","USF","385K-03JRH","02-08-2025","USF Valentine's Affair"
"Men ","65-69","50","Freestyle","16","33.13"," Peter Tsugawa","M67","ALB","385U-07N2N","02-22-2025","2025 Splash &amp; Dash Sprint Pentathlon"
"Men ","65-69","50","Freestyle","17","33.4"," Robert L Anderson","M69","MELO","385M-05SKS","02-08-2025","USF Valentine's Affair"
"Men ","65-69","50","Freestyle","18","33.88"," Harlan A Pinto","M67","MELO","385U-080G8","02-08-2025","USF Valentine's Affair"
"Men ","65-69","50","Freestyle","19","34.58"," Fred Deltorchio","M67","CMAM","385E-0ABDF","01-18-2025","2025 Santa Rosa Masters Resolution Meet"
"Men ","65-69","50","Freestyle","20","35.44"," Maynard Geisler","M65","TAM","385R-0ADP5","03-09-2025","Short and Sweet Meet"
"Men ","65-69","50","Freestyle","21","35.66"," Christopher R Pappe","M66","NCA","385M-J2UR7","01-18-2025","2025 Santa Rosa Masters Resolution Meet"
"Men ","65-69","50","Freestyle","22","35.7"," Dominique P Goupil","M69","FREM","385U-03VVM","03-09-2025","Short and Sweet Meet"
"Men ","65-69","50","Freestyle","23","36"," Eric W Hektner","M67","SMAC","385U-09FUM","01-18-2025","2025 Santa Rosa Masters Resolution Meet"
"Men ","65-69","50","Freestyle","24","37.06"," Alexander I Alten","M65","TVM","385A-03W06","03-01-2025","TVM Spring Classic - 2025"
"Men ","65-69","50","Freestyle","25","37.46"," Jerry J Thompson","M66","RHMS","385F-07GR1","03-09-2025","Short and Sweet Meet"
"Men ","65-69","50","Freestyle","26","39.11"," Lyn G Willoughby","M68","CVM","385P-VVSNJ","03-02-2025","Silver State Masters SCY"
"Men ","65-69","50","Freestyle","27","50.79"," Phil J Diers","M67","TSUN","385Z-06ABK","02-22-2025","2025 Splash &amp; Dash Sprint Pentathlon"
"Men ","65-69","100","Freestyle","1","1:00.04"," Steve Cutting","M67","TVM","385V-03MEE","02-08-2025","USF Valentine's Affair"
"Men ","65-69","100","Freestyle","2","1:00.75"," James E Deming","M66","LGSR","385A-03HXX","04-05-2025","2025 OMS Association and NW Zone Championship"
"Men ","65-69","100","Freestyle","3","1:04.29"," Geoff Spellberg","M69","NBA","385T-03VD8","03-01-2025","TVM Spring Classic - 2025"
"Men ","65-69","100","Freestyle","4","1:05.50"," Marc J St Marseille","M65","WCM","385J-66R4R","03-01-2025","TVM Spring Classic - 2025"
"Men ","65-69","100","Freestyle","5","1:05.79"," Mike O’Brien","M69","SRM","385W-3DHG9","01-18-2025","2025 Santa Rosa Masters Resolution Meet"
"Men ","65-69","100","Freestyle","6","1:06.10"," Alex Hamza","M65","LAC","3850-03T0Y","03-01-2025","TVM Spring Classic - 2025"
"Men ","65-69","100","Freestyle","7","1:07.93"," Jeffrey Citron","M69","MEMO","385G-03RPY","03-23-2025","2025 Bay Area Senior Games Swim Meet"
"Men ","65-69","100","Freestyle","8","1:11.23"," john nakamura","M69","UC38","385F-CGKM7","03-01-2025","TVM Spring Classic - 2025"
"Men ","65-69","100","Freestyle","9","1:13.82"," Robert L Anderson","M69","MELO","385M-05SKS","01-18-2025","2025 Santa Rosa Masters Resolution Meet"
"Men ","65-69","100","Freestyle","10","1:13.95"," Harlan A Pinto","M67","MELO","385U-080G8","02-08-2025","USF Valentine's Affair"
"Men ","65-69","100","Freestyle","11","1:14.82"," Robert Singer","M67","USF","385F-03SSP","02-08-2025","USF Valentine's Affair"
"Men ","65-69","100","Freestyle","12","1:20.13"," Fred Deltorchio","M67","CMAM","385E-0ABDF","01-18-2025","2025 Santa Rosa Masters Resolution Meet"
"Men ","65-69","100","Freestyle","13","1:20.73"," Eric W Hektner","M67","SMAC","385U-09FUM","01-18-2025","2025 Santa Rosa Masters Resolution Meet"
"Men ","65-69","100","Freestyle","14","1:22.54"," Thomas C Chew","M67","MEMO","385D-03N2K","03-01-2025","TVM Spring Classic - 2025"
"Men ","65-69","100","Freestyle","15","1:26.11"," Alexander I Alten","M65","TVM","385A-03W06","03-01-2025","TVM Spring Classic - 2025"
"Men ","65-69","100","Freestyle","16","1:37.35"," Lyn G Willoughby","M68","CVM","385P-VVSNJ","03-02-2025","Silver State Masters SCY"
"Men ","65-69","100","Freestyle","17","1:53.23"," Phil J Diers","M67","TSUN","385Z-06ABK","02-08-2025","USF Valentine's Affair"
"Men ","65-69","200","Freestyle","1","2:02.94"," Mark Evans","M66","SRM","3850-03J7X","03-09-2025","Short and Sweet Meet"
"Men ","65-69","200","Freestyle","2","2:07.20"," John R Morales","M66","SRM","384D-03KMR","06-21-2024","2024 U.S. Masters Swimming Spring National Championship"
"Men ","65-69","200","Freestyle","3","2:09.60"," James E Deming","M66","LGSR","385A-03HXX","04-06-2025","2025 OMS Association and NW Zone Championship"
"Men ","65-69","200","Freestyle","4","2:14.24"," Joe S Dunn","M67","SRM","385E-007B5","03-09-2025","Short and Sweet Meet"
"Men ","65-69","200","Freestyle","5","2:15.80"," Steve Cutting","M67","TVM","385V-03MEE","01-18-2025","2025 Santa Rosa Masters Resolution Meet"
"Men ","65-69","200","Freestyle","6","2:16.17"," Jeff A Justeson","M66","HTUB","3854-03F61","03-01-2025","TVM Spring Classic - 2025"
"Men ","65-69","200","Freestyle","7","2:17.37"," Francisco L Canales","M67","SRM","385N-03JXN","03-09-2025","Short and Sweet Meet"
"Men ","65-69","200","Freestyle","8","2:23.57"," Geoff Spellberg","M69","NBA","385T-03VD8","03-09-2025","Short and Sweet Meet"
"Men ","65-69","200","Freestyle","9","2:30.25"," Jeffrey Citron","M69","MEMO","385G-03RPY","03-23-2025","2025 Bay Area Senior Games Swim Meet"
"Men ","65-69","200","Freestyle","10","2:37.96"," Robert L Anderson","M69","MELO","385M-05SKS","01-18-2025","2025 Santa Rosa Masters Resolution Meet"
"Men ","65-69","200","Freestyle","11","2:39.13"," Marc J St Marseille","M65","WCM","385J-66R4R","03-23-2025","2025 Bay Area Senior Games Swim Meet"
"Men ","65-69","200","Freestyle","12","2:42.34"," Harlan A Pinto","M67","MELO","385U-080G8","01-18-2025","2025 Santa Rosa Masters Resolution Meet"
"Men ","65-69","200","Freestyle","13","2:54.25"," Richard P Cannon","M67","CVM","3859-066JE","03-02-2025","Silver State Masters SCY"
"Men ","65-69","200","Freestyle","14","2:58.15"," Dominique P Goupil","M69","FREM","385U-03VVM","01-18-2025","2025 Santa Rosa Masters Resolution Meet"
"Men ","65-69","200","Freestyle","15","3:01.47"," Fred Deltorchio","M67","CMAM","385E-0ABDF","01-18-2025","2025 Santa Rosa Masters Resolution Meet"
"Men ","65-69","200","Freestyle","16","3:16.15"," Thomas C Chew","M67","MEMO","385D-03N2K","03-01-2025","TVM Spring Classic - 2025"
"Men ","65-69","200","Freestyle","17","3:31.90"," Alexander I Alten","M65","TVM","385A-03W06","03-01-2025","TVM Spring Classic - 2025"
"Men ","65-69","500","Freestyle","1","5:40.89"," James E Deming","M66","LGSR","385A-03HXX","04-06-2025","2025 OMS Association and NW Zone Championship"
"Men ","65-69","500","Freestyle","2","5:51.41"," John R Morales","M66","SRM","384D-03KMR","06-21-2024","2024 U.S. Masters Swimming Spring National Championship"
"Men ","65-69","500","Freestyle","3","6:38.43"," Geoff Spellberg","M69","NBA","385T-03VD8","03-09-2025","Short and Sweet Meet"
"Men ","65-69","500","Freestyle","4","6:44.84"," David S Kemler","M66","WCM","385X-0010C","03-09-2025","Short and Sweet Meet"
"Men ","65-69","500","Freestyle","5","7:06.32"," Jeffrey Citron","M69","MEMO","385G-03RPY","03-23-2025","2025 Bay Area Senior Games Swim Meet"
"Men ","65-69","500","Freestyle","6","7:11.75"," Robert L Anderson","M69","MELO","385M-05SKS","03-09-2025","Short and Sweet Meet"
"Men ","65-69","500","Freestyle","7","7:45.26"," Harlan A Pinto","M67","MELO","385U-080G8","03-09-2025","Short and Sweet Meet"
"Men ","65-69","500","Freestyle","8","8:45.47"," Thomas C Chew","M67","MEMO","385D-03N2K","03-09-2025","Short and Sweet Meet"
"Men ","65-69","1000","Freestyle","1","11:40.49"," James E Deming","M66","LGSR","385A-03HXX","04-05-2025","2025 OMS Association and NW Zone Championship"
"Men ","65-69","1000","Freestyle","2","11:43.43"," Paul A Asmuth","M67","UC38","385C-03NU6","","The City Mile"
"Men ","65-69","1000","Freestyle","3","14:11.92"," Jeffrey Citron","M69","MEMO","385G-03RPY","","The City Mile"
"Men ","65-69","1000","Freestyle","4","16:27.43"," Peter Tsugawa","M67","ALB","385U-07N2N","","The City Mile"
"Men ","65-69","1650","Freestyle","1","19:24.62"," Paul A Asmuth","M67","UC38","385C-03NU6","02-23-2025","The City Mile"
"Men ","65-69","1650","Freestyle","2","19:31.64"," James E Deming","M66","LGSR","385A-03HXX","04-04-2025","2025 OMS Association and NW Zone Championship"
"Men ","65-69","1650","Freestyle","3","23:22.87"," Jeffrey Citron","M69","MEMO","385G-03RPY","02-23-2025","The City Mile"
"Men ","65-69","1650","Freestyle","4","26:51.07"," Peter Tsugawa","M67","ALB","385U-07N2N","02-23-2025","The City Mile"
"Men ","65-69","50","Backstroke","1","31.71"," Steve Cutting","M67","TVM","385V-03MEE","02-22-2025","2025 Splash &amp; Dash Sprint Pentathlon"
"Men ","65-69","50","Backstroke","2","31.93"," Joe S Dunn","M67","SRM","385E-007B5","03-09-2025","Short and Sweet Meet"
"Men ","65-69","50","Backstroke","3","34.12"," William A Lindsay","M68","OAK","3852-09FXB","02-22-2025","2025 Splash &amp; Dash Sprint Pentathlon"
"Men ","65-69","50","Backstroke","4","34.48"," James E Deming","M65","LGSR","385A-03HXX","02-22-2025","2025 Splash &amp; Dash Sprint Pentathlon"
"Men ","65-69","50","Backstroke","5","35.46"," John C Cottingham","M65","LGSR","385Y-NMZXX","03-09-2025","Short and Sweet Meet"
"Men ","65-69","50","Backstroke","6","37.57"," Jeffrey Citron","M69","MEMO","385G-03RPY","03-23-2025","2025 Bay Area Senior Games Swim Meet"
"Men ","65-69","50","Backstroke","7","37.66"," Geoff Spellberg","M69","NBA","385T-03VD8","02-22-2025","2025 Splash &amp; Dash Sprint Pentathlon"
"Men ","65-69","50","Backstroke","8","37.85"," Marc J St Marseille","M65","WCM","385J-66R4R","03-09-2025","Short and Sweet Meet"
"Men ","65-69","50","Backstroke","9","37.99"," Kurt A Stoll","M65","TVM","3852-03G19","03-01-2025","TVM Spring Classic - 2025"
"Men ","65-69","50","Backstroke","10","38.69"," Steve Waters","M67","SRVM","385Z-09WE7","03-01-2025","TVM Spring Classic - 2025"
"Men ","65-69","50","Backstroke","11","41.62"," Robert Singer","M67","USF","385F-03SSP","02-08-2025","USF Valentine's Affair"
"Men ","65-69","50","Backstroke","12","41.87"," James E Cochrane","M66","RHMS","385Z-03JSN","03-09-2025","Short and Sweet Meet"
"Men ","65-69","50","Backstroke","13","42.74"," Michael D Huston","M67","OAM","385M-03HNF","02-22-2025","2025 Splash &amp; Dash Sprint Pentathlon"
"Men ","65-69","50","Backstroke","14","43.6"," Christopher R Pappe","M66","NCA","385M-J2UR7","01-18-2025","2025 Santa Rosa Masters Resolution Meet"
"Men ","65-69","50","Backstroke","15","43.72"," David Bauer","M69","TEME","385G-03G7N","02-22-2025","2025 Splash &amp; Dash Sprint Pentathlon"
"Men ","65-69","50","Backstroke","16","44.31"," Dominique P Goupil","M69","FREM","385U-03VVM","02-08-2025","USF Valentine's Affair"
"Men ","65-69","50","Backstroke","17","45.07"," Robert L Anderson","M69","MELO","385M-05SKS","02-08-2025","USF Valentine's Affair"
"Men ","65-69","50","Backstroke","18","45.9"," Harlan A Pinto","M67","MELO","385U-080G8","02-08-2025","USF Valentine's Affair"
"Men ","65-69","50","Backstroke","19","46.57"," Fred Deltorchio","M68","CMAM","385E-0ABDF","02-22-2025","2025 Splash &amp; Dash Sprint Pentathlon"
"Men ","65-69","50","Backstroke","20","47.3"," Peter Tsugawa","M67","ALB","385U-07N2N","02-22-2025","2025 Splash &amp; Dash Sprint Pentathlon"
"Men ","65-69","50","Backstroke","21","50.1"," Jerry J Thompson","M66","RHMS","385F-07GR1","03-09-2025","Short and Sweet Meet"
"Men ","65-69","50","Backstroke","22","1:19.67"," Phil J Diers","M67","TSUN","385Z-06ABK","02-22-2025","2025 Splash &amp; Dash Sprint Pentathlon"
"Men ","65-69","100","Backstroke","1","1:09.50"," Steve Cutting","M67","TVM","385V-03MEE","02-08-2025","USF Valentine's Affair"
"Men ","65-69","100","Backstroke","2","1:21.70"," Alex Hamza","M65","LAC","3850-03T0Y","03-01-2025","TVM Spring Classic - 2025"
"Men ","65-69","100","Backstroke","3","1:25.11"," Steve Waters","M67","SRVM","385Z-09WE7","03-01-2025","TVM Spring Classic - 2025"
"Men ","65-69","100","Backstroke","4","1:34.25"," Dominique P Goupil","M69","FREM","385U-03VVM","02-08-2025","USF Valentine's Affair"
"Men ","65-69","100","Backstroke","5","1:38.08"," Richard P Cannon","M67","CVM","3859-066JE","03-02-2025","Silver State Masters SCY"
"Men ","65-69","100","Backstroke","6","1:41.80"," Robert L Anderson","M69","MELO","385M-05SKS","12-07-2024","THRICE is Nice!"
"Men ","65-69","100","Backstroke","7","1:42.71"," Alexander I Alten","M65","TVM","385A-03W06","03-01-2025","TVM Spring Classic - 2025"
"Men ","65-69","200","Backstroke","1","2:25.95"," Joe S Dunn","M67","SRM","385E-007B5","03-09-2025","Short and Sweet Meet"
"Men ","65-69","200","Backstroke","2","2:27.12"," John R Morales","M67","SRM","385F-03KMR","03-09-2025","Short and Sweet Meet"
"Men ","65-69","200","Backstroke","3","2:32.47"," Francisco L Canales","M67","SRM","385N-03JXN","03-09-2025","Short and Sweet Meet"
"Men ","65-69","200","Backstroke","4","2:44.93"," David S Kemler","M66","WCM","385X-0010C","03-09-2025","Short and Sweet Meet"
"Men ","65-69","200","Backstroke","5","2:59.38"," Jeffrey Citron","M69","MEMO","385G-03RPY","03-23-2025","2025 Bay Area Senior Games Swim Meet"
"Men ","65-69","200","Backstroke","6","3:19.57"," Marc J St Marseille","M65","WCM","385J-66R4R","03-23-2025","2025 Bay Area Senior Games Swim Meet"
"Men ","65-69","200","Backstroke","7","3:31.53"," Harlan A Pinto","M67","MELO","385U-080G8","03-09-2025","Short and Sweet Meet"
"Men ","65-69","200","Backstroke","8","3:35.08"," Robert L Anderson","M69","MELO","385M-05SKS","12-07-2024","THRICE is Nice!"
"Men ","65-69","50","Breaststroke","1","34.14"," John R Morales","M67","SRM","385F-03KMR","03-09-2025","Short and Sweet Meet"
"Men ","65-69","50","Breaststroke","2","36.33"," Peter T Levikow","M65","PSWIM","3855-03S4S","03-02-2025","Silver State Masters SCY"
"Men ","65-69","50","Breaststroke","3","36.57"," Steve Cutting","M67","TVM","385V-03MEE","02-22-2025","2025 Splash &amp; Dash Sprint Pentathlon"
"Men ","65-69","50","Breaststroke","4","36.96"," James E Deming","M65","LGSR","385A-03HXX","02-22-2025","2025 Splash &amp; Dash Sprint Pentathlon"
"Men ","65-69","50","Breaststroke","5","37.23"," Bob Braham","M65","BAYCL","3858-TKJKT","03-23-2025","2025 Bay Area Senior Games Swim Meet"
"Men ","65-69","50","Breaststroke","6","37.64"," Marc J St Marseille","M65","WCM","385J-66R4R","03-01-2025","TVM Spring Classic - 2025"
"Men ","65-69","50","Breaststroke","7","37.78"," Peter Guadagni","M69","WCM","3858-03GFZ","12-07-2024","THRICE is Nice!"
"Men ","65-69","50","Breaststroke","8","38.11"," Robert L Anderson","M69","MELO","385M-05SKS","02-08-2025","USF Valentine's Affair"
"Men ","65-69","50","Breaststroke","9","38.12"," Kurt A Stoll","M65","TVM","3852-03G19","03-01-2025","TVM Spring Classic - 2025"
"Men ","65-69","50","Breaststroke","10","38.21"," Bill Tulin","M66","TAM","385A-03TYP","03-09-2025","Short and Sweet Meet"
"Men ","65-69","50","Breaststroke","11","38.75"," Geoff Spellberg","M69","NBA","385T-03VD8","02-22-2025","2025 Splash &amp; Dash Sprint Pentathlon"
"Men ","65-69","50","Breaststroke","12","39.76"," Harlan A Pinto","M67","MELO","385U-080G8","02-08-2025","USF Valentine's Affair"
"Men ","65-69","50","Breaststroke","13","39.97"," John C Cottingham","M65","LGSR","385Y-NMZXX","03-23-2025","2025 Bay Area Senior Games Swim Meet"
"Men ","65-69","50","Breaststroke","14","40.18"," William A Lindsay","M68","OAK","3852-09FXB","02-22-2025","2025 Splash &amp; Dash Sprint Pentathlon"
"Men ","65-69","50","Breaststroke","15","40.37"," Andy Mascheroni","M68","TAM","385P-03SM3","03-09-2025","Short and Sweet Meet"
"Men ","65-69","50","Breaststroke","16","41.38"," Eric W Hektner","M67","SMAC","385U-09FUM","03-09-2025","Short and Sweet Meet"
"Men ","65-69","50","Breaststroke","17","41.81"," Dominique P Goupil","M69","FREM","385U-03VVM","03-09-2025","Short and Sweet Meet"
"Men ","65-69","50","Breaststroke","18","43.1"," Michael D Huston","M67","OAM","385M-03HNF","02-22-2025","2025 Splash &amp; Dash Sprint Pentathlon"
"Men ","65-69","50","Breaststroke","19","43.59"," john nakamura","M69","UC38","385F-CGKM7","03-01-2025","TVM Spring Classic - 2025"
"Men ","65-69","50","Breaststroke","20","43.67"," Maynard Geisler","M65","TAM","385R-0ADP5","03-09-2025","Short and Sweet Meet"
"Men ","65-69","50","Breaststroke","21","45.9"," Peter Tsugawa","M67","ALB","385U-07N2N","02-22-2025","2025 Splash &amp; Dash Sprint Pentathlon"
"Men ","65-69","50","Breaststroke","22","47.18"," Jerry J Thompson","M66","RHMS","385F-07GR1","03-09-2025","Short and Sweet Meet"
"Men ","65-69","50","Breaststroke","23","51.49"," Fred Deltorchio","M68","CMAM","385E-0ABDF","02-22-2025","2025 Splash &amp; Dash Sprint Pentathlon"
"Men ","65-69","50","Breaststroke","24","1:09.11"," Phil J Diers","M67","TSUN","385Z-06ABK","02-22-2025","2025 Splash &amp; Dash Sprint Pentathlon"
"Men ","65-69","100","Breaststroke","1","1:16.76"," John R Morales","M67","SRM","385F-03KMR","02-08-2025","USF Valentine's Affair"
"Men ","65-69","100","Breaststroke","2","1:19.01"," Peter T Levikow","M65","PSWIM","3855-03S4S","03-02-2025","Silver State Masters SCY"
"Men ","65-69","100","Breaststroke","3","1:22.05"," Peter Guadagni","M69","WCM","3858-03GFZ","12-07-2024","THRICE is Nice!"
"Men ","65-69","100","Breaststroke","4","1:23.16"," Bob Braham","M65","BAYCL","3858-TKJKT","02-08-2025","USF Valentine's Affair"
"Men ","65-69","100","Breaststroke","5","1:23.55"," Alex Hamza","M65","LAC","3850-03T0Y","03-01-2025","TVM Spring Classic - 2025"
"Men ","65-69","100","Breaststroke","6","1:26.59"," Robert L Anderson","M69","MELO","385M-05SKS","03-01-2025","TVM Spring Classic - 2025"
"Men ","65-69","100","Breaststroke","7","1:27.38"," Marc J St Marseille","M65","WCM","385J-66R4R","03-23-2025","2025 Bay Area Senior Games Swim Meet"
"Men ","65-69","100","Breaststroke","8","1:33.52"," Dominique P Goupil","M69","FREM","385U-03VVM","03-01-2025","TVM Spring Classic - 2025"
"Men ","65-69","100","Breaststroke","9","1:36.45"," Eric W Hektner","M67","SMAC","385U-09FUM","01-18-2025","2025 Santa Rosa Masters Resolution Meet"
"Men ","65-69","100","Breaststroke","10","1:36.67"," Harlan A Pinto","M67","MELO","385U-080G8","01-18-2025","2025 Santa Rosa Masters Resolution Meet"
"Men ","65-69","100","Breaststroke","11","1:37.17"," john nakamura","M69","UC38","385F-CGKM7","03-01-2025","TVM Spring Classic - 2025"
"Men ","65-69","100","Breaststroke","12","1:44.10"," Thomas C Chew","M67","MEMO","385D-03N2K","03-01-2025","TVM Spring Classic - 2025"
"Men ","65-69","100","Breaststroke","13","2:25.40"," Phil J Diers","M67","TSUN","385Z-06ABK","02-08-2025","USF Valentine's Affair"
"Men ","65-69","200","Breaststroke","1","2:49.68"," John R Morales","M67","SRM","385F-03KMR","03-09-2025","Short and Sweet Meet"
"Men ","65-69","200","Breaststroke","2","2:59.65"," Peter Guadagni","M69","WCM","3858-03GFZ","12-07-2024","THRICE is Nice!"
"Men ","65-69","200","Breaststroke","3","3:13.22"," Marc J St Marseille","M65","WCM","385J-66R4R","03-23-2025","2025 Bay Area Senior Games Swim Meet"
"Men ","65-69","200","Breaststroke","4","3:20.81"," Robert L Anderson","M69","MELO","385M-05SKS","03-09-2025","Short and Sweet Meet"
"Men ","65-69","200","Breaststroke","5","3:27.41"," Dominique P Goupil","M69","FREM","385U-03VVM","03-09-2025","Short and Sweet Meet"
"Men ","65-69","200","Breaststroke","6","3:30.22"," Harlan A Pinto","M67","MELO","385U-080G8","03-09-2025","Short and Sweet Meet"
"Men ","65-69","200","Breaststroke","7","3:35.96"," Eric W Hektner","M67","SMAC","385U-09FUM","03-09-2025","Short and Sweet Meet"
"Men ","65-69","50","Butterfly","1","27.82"," John R Morales","M66","SRM","384D-03KMR","06-23-2024","2024 U.S. Masters Swimming Spring National Championship"
"Men ","65-69","50","Butterfly","2","28.4"," Mark Evans","M66","SRM","3850-03J7X","03-09-2025","Short and Sweet Meet"
"Men ","65-69","50","Butterfly","3","30.61"," John C Cottingham","M65","LGSR","385Y-NMZXX","03-09-2025","Short and Sweet Meet"
"Men ","65-69","50","Butterfly","4","30.7"," Steve Cutting","M67","TVM","385V-03MEE","02-22-2025","2025 Splash &amp; Dash Sprint Pentathlon"
"Men ","65-69","50","Butterfly","5","31.04"," Geoff Spellberg","M68","NBA","385T-03VD8","01-18-2025","2025 Santa Rosa Masters Resolution Meet"
"Men ","65-69","50","Butterfly","6","31.31"," James E Deming","M65","LGSR","385A-03HXX","02-22-2025","2025 Splash &amp; Dash Sprint Pentathlon"
"Men ","65-69","50","Butterfly","7","31.39"," William A Lindsay","M68","OAK","3852-09FXB","02-22-2025","2025 Splash &amp; Dash Sprint Pentathlon"
"Men ","65-69","50","Butterfly","8","31.52"," Stephen Washburn","M66","ALB","385J-03YR6","02-22-2025","2025 Splash &amp; Dash Sprint Pentathlon"
"Men ","65-69","50","Butterfly","9","32.36"," Peter T Levikow","M65","PSWIM","3855-03S4S","03-02-2025","Silver State Masters SCY"
"Men ","65-69","50","Butterfly","10","32.88"," Marc J St Marseille","M65","WCM","385J-66R4R","02-22-2025","2025 Splash &amp; Dash Sprint Pentathlon"
"Men ","65-69","50","Butterfly","11","34.53"," Bob Braham","M65","BAYCL","3858-TKJKT","03-01-2025","TVM Spring Classic - 2025"
"Men ","65-69","50","Butterfly","12","36.44"," Kurt A Stoll","M65","TVM","3852-03G19","03-01-2025","TVM Spring Classic - 2025"
"Men ","65-69","50","Butterfly","13","38.73"," Robert L Anderson","M69","MELO","385M-05SKS","12-07-2024","THRICE is Nice!"
"Men ","65-69","50","Butterfly","14","39.69"," Peter Tsugawa","M67","ALB","385U-07N2N","02-22-2025","2025 Splash &amp; Dash Sprint Pentathlon"
"Men ","65-69","50","Butterfly","15","40.13"," Harlan A Pinto","M67","MELO","385U-080G8","02-22-2025","2025 Splash &amp; Dash Sprint Pentathlon"
"Men ","65-69","50","Butterfly","16","45.76"," David Bauer","M69","TEME","385G-03G7N","02-22-2025","2025 Splash &amp; Dash Sprint Pentathlon"
"Men ","65-69","50","Butterfly","17","1:07.19"," Phil J Diers","M67","TSUN","385Z-06ABK","02-22-2025","2025 Splash &amp; Dash Sprint Pentathlon"
"Men ","65-69","100","Butterfly","1","1:03.85"," John R Morales","M66","SRM","384D-03KMR","06-22-2024","2024 U.S. Masters Swimming Spring National Championship"
"Men ","65-69","100","Butterfly","2","1:11.65"," Mike O’Brien","M69","SRM","385W-3DHG9","01-18-2025","2025 Santa Rosa Masters Resolution Meet"
"Men ","65-69","100","Butterfly","3","1:11.77"," Geoff Spellberg","M69","NBA","385T-03VD8","03-01-2025","TVM Spring Classic - 2025"
"Men ","65-69","100","Butterfly","4","1:13.75"," Steve Cutting","M67","TVM","385V-03MEE","03-01-2025","TVM Spring Classic - 2025"
"Men ","65-69","100","Butterfly","5","1:19.51"," John C Cottingham","M65","LGSR","385Y-NMZXX","03-23-2025","2025 Bay Area Senior Games Swim Meet"
"Men ","65-69","100","Butterfly","6","1:32.81"," Robert L Anderson","M69","MELO","385M-05SKS","12-07-2024","THRICE is Nice!"
"Men ","65-69","200","Butterfly","1","3:25.78"," Robert L Anderson","M69","MELO","385M-05SKS","03-23-2025","2025 Bay Area Senior Games Swim Meet"
"Men ","65-69","200","Butterfly","2","3:30.69"," Harlan A Pinto","M67","MELO","385U-080G8","03-09-2025","Short and Sweet Meet"
"Men ","65-69","100","Individual Medley","1","1:09.75"," Steve Cutting","M67","TVM","385V-03MEE","02-22-2025","2025 Splash &amp; Dash Sprint Pentathlon"
"Men ","65-69","100","Individual Medley","2","1:10.24"," Jeff A Justeson","M66","HTUB","3854-03F61","03-01-2025","TVM Spring Classic - 2025"
"Men ","65-69","100","Individual Medley","3","1:10.75"," James E Deming","M65","LGSR","385A-03HXX","02-22-2025","2025 Splash &amp; Dash Sprint Pentathlon"
"Men ","65-69","100","Individual Medley","4","1:13.89"," William A Lindsay","M68","OAK","3852-09FXB","02-22-2025","2025 Splash &amp; Dash Sprint Pentathlon"
"Men ","65-69","100","Individual Medley","5","1:15.43"," Mike O’Brien","M69","SRM","385W-3DHG9","01-18-2025","2025 Santa Rosa Masters Resolution Meet"
"Men ","65-69","100","Individual Medley","6","1:15.94"," John C Cottingham","M65","LGSR","385Y-NMZXX","03-23-2025","2025 Bay Area Senior Games Swim Meet"
"Men ","65-69","100","Individual Medley","7","1:16.31"," Geoff Spellberg","M69","NBA","385T-03VD8","02-22-2025","2025 Splash &amp; Dash Sprint Pentathlon"
"Men ","65-69","100","Individual Medley","8","1:16.49"," Bob Braham","M65","BAYCL","3858-TKJKT","02-08-2025","USF Valentine's Affair"
"Men ","65-69","100","Individual Medley","9","1:16.82"," Kurt A Stoll","M65","TVM","3852-03G19","03-01-2025","TVM Spring Classic - 2025"
"Men ","65-69","100","Individual Medley","10","1:17.50"," Marc J St Marseille","M65","WCM","385J-66R4R","02-22-2025","2025 Splash &amp; Dash Sprint Pentathlon"
"Men ","65-69","100","Individual Medley","11","1:26.80"," Robert L Anderson","M69","MELO","385M-05SKS","02-08-2025","USF Valentine's Affair"
"Men ","65-69","100","Individual Medley","12","1:27.79"," Harlan A Pinto","M67","MELO","385U-080G8","02-08-2025","USF Valentine's Affair"
"Men ","65-69","100","Individual Medley","13","1:30.66"," Michael D Huston","M67","OAM","385M-03HNF","02-22-2025","2025 Splash &amp; Dash Sprint Pentathlon"
"Men ","65-69","100","Individual Medley","14","1:31.13"," Peter Tsugawa","M67","ALB","385U-07N2N","02-22-2025","2025 Splash &amp; Dash Sprint Pentathlon"
"Men ","65-69","100","Individual Medley","15","1:33.69"," David Bauer","M69","TEME","385G-03G7N","02-22-2025","2025 Splash &amp; Dash Sprint Pentathlon"
"Men ","65-69","100","Individual Medley","16","1:41.69"," Fred Deltorchio","M67","CMAM","385E-0ABDF","01-18-2025","2025 Santa Rosa Masters Resolution Meet"
"Men ","65-69","100","Individual Medley","17","2:28.20"," Phil J Diers","M67","TSUN","385Z-06ABK","02-08-2025","USF Valentine's Affair"
"Men ","65-69","200","Individual Medley","1","2:31.97"," Steve Cutting","M67","TVM","385V-03MEE","03-01-2025","TVM Spring Classic - 2025"
"Men ","65-69","200","Individual Medley","2","2:39.19"," Jeff A Justeson","M66","HTUB","3854-03F61","03-01-2025","TVM Spring Classic - 2025"
"Men ","65-69","200","Individual Medley","3","3:10.65"," Robert L Anderson","M69","MELO","385M-05SKS","01-18-2025","2025 Santa Rosa Masters Resolution Meet"
"Men ","65-69","200","Individual Medley","4","3:16.86"," Harlan A Pinto","M67","MELO","385U-080G8","01-18-2025","2025 Santa Rosa Masters Resolution Meet"
"Men ","65-69","400","Individual Medley","1","5:22.63"," John R Morales","M66","SRM","384D-03KMR","06-23-2024","2024 U.S. Masters Swimming Spring National Championship"
"Men ","65-69","400","Individual Medley","2","6:51.85"," Robert L Anderson","M69","MELO","385M-05SKS","03-23-2025","2025 Bay Area Senior Games Swim Meet"
"Men ","70-74","50","Freestyle","1","26.99"," Eric D Van Boer","M70","RHMS","385N-03J4C","02-22-2025","2025 Splash &amp; Dash Sprint Pentathlon"
"Men ","70-74","50","Freestyle","2","28.16"," Gordon M Paul","M72","FDM","3855-06917","02-08-2025","USF Valentine's Affair"
"Men ","70-74","50","Freestyle","3","29.76"," Tim Broderick","M74","STAN","385X-03H0G","02-08-2025","USF Valentine's Affair"
"Men ","70-74","50","Freestyle","4","31.56"," Steve Lintz","M74","SNM","385Y-03J0F","03-02-2025","Silver State Masters SCY"
"Men ","70-74","50","Freestyle","5","31.95"," Stephen C Baker","M70","PSWIM","385Y-03K52","01-18-2025","2025 Santa Rosa Masters Resolution Meet"
"Men ","70-74","50","Freestyle","6","32.17"," Kim S Ridinger","M73","USF","3859-03KK0","02-08-2025","USF Valentine's Affair"
"Men ","70-74","50","Freestyle","7","33.02"," Michael J Dalton","M70","TEME","385H-09BY6","02-22-2025","2025 Splash &amp; Dash Sprint Pentathlon"
"Men ","70-74","50","Freestyle","8","34.09"," Alan Kren","M72","MAM","3859-03P2A","02-22-2025","2025 Splash &amp; Dash Sprint Pentathlon"
"Men ","70-74","50","Freestyle","9","36.59"," Jeff Johanson","M70","BHAM","385M-770UG","02-22-2025","2025 Splash &amp; Dash Sprint Pentathlon"
"Men ","70-74","50","Freestyle","10","36.72"," James B Kennedy","M73","MEMO","385C-03G1M","04-06-2025","COMSA Championships Meet"
"Men ","70-74","50","Freestyle","11","40.16"," Doug Senz","M72","MEMO","385H-S6PJ5","12-07-2024","THRICE is Nice!"
"Men ","70-74","100","Freestyle","1","1:05.72"," Gordon M Paul","M72","FDM","3855-06917","02-08-2025","USF Valentine's Affair"
"Men ","70-74","100","Freestyle","2","1:11.85"," Kim S Ridinger","M73","USF","3859-03KK0","02-08-2025","USF Valentine's Affair"
"Men ","70-74","100","Freestyle","3","1:12.40"," Steve Lintz","M74","SNM","385Y-03J0F","03-02-2025","Silver State Masters SCY"
"Men ","70-74","100","Freestyle","4","1:21.21"," Gary D Swenor","M70","PSWIM","385J-03F8N","01-18-2025","2025 Santa Rosa Masters Resolution Meet"
"Men ","70-74","100","Freestyle","5","1:23.03"," James B Kennedy","M73","MEMO","385C-03G1M","04-05-2025","COMSA Championships Meet"
"Men ","70-74","100","Freestyle","6","1:32.86"," Doug Senz","M72","MEMO","385H-S6PJ5","12-07-2024","THRICE is Nice!"
"Men ","70-74","200","Freestyle","1","2:20.34"," Peter Guadagni","M70","WCM","3858-03GFZ","03-09-2025","Short and Sweet Meet"
"Men ","70-74","200","Freestyle","2","3:07.67"," Gary D Swenor","M70","PSWIM","385J-03F8N","03-02-2025","Silver State Masters SCY"
"Men ","70-74","200","Freestyle","3","3:14.94"," Louis G Ceci","M74","TSUN","3853-03VNM","03-02-2025","Silver State Masters SCY"
"Men ","70-74","200","Freestyle","4","3:25.25"," Doug Senz","M72","MEMO","385H-S6PJ5","12-07-2024","THRICE is Nice!"
"Men ","70-74","500","Freestyle","1","6:15.08"," Peter Guadagni","M70","WCM","3858-03GFZ","03-09-2025","Short and Sweet Meet"
"Men ","70-74","500","Freestyle","2","7:42.06"," Stephen A Small","M72","MEMO","3851-03GV2","","The City Mile"
"Men ","70-74","500","Freestyle","3","8:47.27"," Gary D Swenor","M70","PSWIM","385J-03F8N","03-02-2025","Silver State Masters SCY"
"Men ","70-74","1000","Freestyle","1","15:41.12"," Stephen A Small","M72","MEMO","3851-03GV2","","The City Mile"
"Men ","70-74","1000","Freestyle","2","17:24.67"," James B Kennedy","M73","MEMO","385C-03G1M","04-04-2025","COMSA Championships Meet"
"Men ","70-74","1650","Freestyle","1","25:34.18"," Dan Winterrowd","M74","MEMO","3853-03JZ6","02-23-2025","The City Mile"
"Men ","70-74","1650","Freestyle","2","25:57.10"," Stephen A Small","M72","MEMO","3851-03GV2","02-23-2025","The City Mile"
"Men ","70-74","1650","Freestyle","3","29:48.39"," James B Kennedy","M73","MEMO","385C-03G1M","04-04-2025","COMSA Championships Meet"
"Men ","70-74","50","Backstroke","1","32.76"," Eric D Van Boer","M70","RHMS","385N-03J4C","03-09-2025","Short and Sweet Meet"
"Men ","70-74","50","Backstroke","2","38.64"," Paul D Blumenthal","M72","MELO","3841-02V8P","11-23-2024","2024 Taos High-Altitude Gobbler Swim Meet"
"Men ","70-74","50","Backstroke","3","39.52"," Steve Lintz","M74","SNM","385Y-03J0F","03-02-2025","Silver State Masters SCY"
"Men ","70-74","50","Backstroke","4","39.9"," Jeff Johanson","M70","BHAM","385M-770UG","02-22-2025","2025 Splash &amp; Dash Sprint Pentathlon"
"Men ","70-74","50","Backstroke","5","41.89"," Michael J Dalton","M70","TEME","385H-09BY6","02-22-2025","2025 Splash &amp; Dash Sprint Pentathlon"
"Men ","70-74","50","Backstroke","6","45.76"," James B Kennedy","M73","MEMO","385C-03G1M","04-06-2025","COMSA Championships Meet"
"Men ","70-74","50","Backstroke","7","55.69"," Doug Senz","M72","MEMO","385H-S6PJ5","12-07-2024","THRICE is Nice!"
"Men ","70-74","100","Backstroke","1","1:27.44"," Jeff Johanson","M70","BHAM","385M-770UG","02-08-2025","USF Valentine's Affair"
"Men ","70-74","100","Backstroke","2","2:00.66"," Louis G Ceci","M74","TSUN","3853-03VNM","03-02-2025","Silver State Masters SCY"
"Men ","70-74","100","Backstroke","3","2:02.53"," Doug Senz","M72","MEMO","385H-S6PJ5","12-07-2024","THRICE is Nice!"
"Men ","70-74","200","Backstroke","1","2:41.78"," Eric D Van Boer","M70","RHMS","385N-03J4C","03-09-2025","Short and Sweet Meet"
"Men ","70-74","200","Backstroke","2","4:42.93"," Doug Senz","M72","MEMO","385H-S6PJ5","12-07-2024","THRICE is Nice!"
"Men ","70-74","50","Breaststroke","1","37.23"," Peter Guadagni","M70","WCM","3858-03GFZ","03-01-2025","TVM Spring Classic - 2025"
"Men ","70-74","50","Breaststroke","2","37.53"," Sekhar K Varanasi","M72","SCSC","384K-029MP","06-20-2024","2024 U.S. Masters Swimming Spring National Championship"
"Men ","70-74","50","Breaststroke","3","38.41"," Gary D Swenor","M70","PSWIM","385J-03F8N","01-18-2025","2025 Santa Rosa Masters Resolution Meet"
"Men ","70-74","50","Breaststroke","4","39.09"," Tim Broderick","M74","STAN","385X-03H0G","03-01-2025","TVM Spring Classic - 2025"
"Men ","70-74","50","Breaststroke","5","40.89"," Jeff Johanson","M70","BHAM","385M-770UG","02-22-2025","2025 Splash &amp; Dash Sprint Pentathlon"
"Men ","70-74","50","Breaststroke","6","41.41"," Stephen C Baker","M70","PSWIM","385Y-03K52","01-18-2025","2025 Santa Rosa Masters Resolution Meet"
"Men ","70-74","50","Breaststroke","7","41.59"," Kim S Ridinger","M73","USF","3859-03KK0","02-08-2025","USF Valentine's Affair"
"Men ","70-74","50","Breaststroke","8","42.34"," Jeff L Shevlin","M70","SACMA","3853-03FKX","02-08-2025","USF Valentine's Affair"
"Men ","70-74","50","Breaststroke","9","43"," Michael J Dalton","M70","TEME","385H-09BY6","02-22-2025","2025 Splash &amp; Dash Sprint Pentathlon"
"Men ","70-74","50","Breaststroke","10","43.36"," James B Kennedy","M73","MEMO","385C-03G1M","04-05-2025","COMSA Championships Meet"
"Men ","70-74","50","Breaststroke","11","45.7"," Alan Kren","M72","MAM","3859-03P2A","02-22-2025","2025 Splash &amp; Dash Sprint Pentathlon"
"Men ","70-74","100","Breaststroke","1","1:18.70"," Peter Guadagni","M70","WCM","3858-03GFZ","03-01-2025","TVM Spring Classic - 2025"
"Men ","70-74","100","Breaststroke","2","1:21.85"," Sekhar K Varanasi","M72","SCSC","384K-029MP","06-23-2024","2024 U.S. Masters Swimming Spring National Championship"
"Men ","70-74","100","Breaststroke","3","1:27.53"," Gary D Swenor","M70","PSWIM","385J-03F8N","01-18-2025","2025 Santa Rosa Masters Resolution Meet"
"Men ","70-74","100","Breaststroke","4","1:28.43"," Jeff Johanson","M70","BHAM","385M-770UG","02-08-2025","USF Valentine's Affair"
"Men ","70-74","100","Breaststroke","5","1:29.92"," Jeff L Shevlin","M70","SACMA","3853-03FKX","02-08-2025","USF Valentine's Affair"
"Men ","70-74","100","Breaststroke","6","1:31.43"," Kim S Ridinger","M73","USF","3859-03KK0","02-08-2025","USF Valentine's Affair"
"Men ","70-74","100","Breaststroke","7","1:31.59"," Stephen C Baker","M70","PSWIM","385Y-03K52","01-18-2025","2025 Santa Rosa Masters Resolution Meet"
"Men ","70-74","100","Breaststroke","8","1:41.14"," James B Kennedy","M73","MEMO","385C-03G1M","04-06-2025","COMSA Championships Meet"
"Men ","70-74","100","Breaststroke","9","1:57.53"," Louis G Ceci","M74","TSUN","3853-03VNM","03-02-2025","Silver State Masters SCY"
"Men ","70-74","200","Breaststroke","1","2:50.29"," Peter Guadagni","M70","WCM","3858-03GFZ","03-09-2025","Short and Sweet Meet"
"Men ","70-74","200","Breaststroke","2","3:07.20"," Sekhar K Varanasi","M72","SCSC","384K-029MP","06-22-2024","2024 U.S. Masters Swimming Spring National Championship"
"Men ","70-74","200","Breaststroke","3","3:20.77"," Jeff Johanson","M70","BHAM","385M-770UG","12-07-2024","THRICE is Nice!"
"Men ","70-74","200","Breaststroke","4","3:36.74"," James B Kennedy","M73","MEMO","385C-03G1M","04-05-2025","COMSA Championships Meet"
"Men ","70-74","50","Butterfly","1","30.9"," Eric D Van Boer","M70","RHMS","385N-03J4C","01-18-2025","2025 Santa Rosa Masters Resolution Meet"
"Men ","70-74","50","Butterfly","2","32.64"," Peter Guadagni","M70","WCM","3858-03GFZ","03-09-2025","Short and Sweet Meet"
"Men ","70-74","50","Butterfly","3","38.17"," Jeff Johanson","M70","BHAM","385M-770UG","02-22-2025","2025 Splash &amp; Dash Sprint Pentathlon"
"Men ","70-74","50","Butterfly","4","40.61"," Alan Kren","M72","MAM","3859-03P2A","02-22-2025","2025 Splash &amp; Dash Sprint Pentathlon"
"Men ","70-74","50","Butterfly","5","41.7"," Stephen C Baker","M70","PSWIM","385Y-03K52","01-18-2025","2025 Santa Rosa Masters Resolution Meet"
"Men ","70-74","50","Butterfly","6","42.39"," James B Kennedy","M73","MEMO","385C-03G1M","04-05-2025","COMSA Championships Meet"
"Men ","70-74","50","Butterfly","7","44.05"," Michael J Dalton","M70","TEME","385H-09BY6","02-22-2025","2025 Splash &amp; Dash Sprint Pentathlon"
"Men ","70-74","50","Butterfly","8","46.13"," Sekhar K Varanasi","M72","MEMO","385H-029MP","03-23-2025","2025 Bay Area Senior Games Swim Meet"
"Men ","70-74","100","Butterfly","1","1:13.01"," Peter Guadagni","M70","WCM","3858-03GFZ","03-01-2025","TVM Spring Classic - 2025"
"Men ","70-74","100","Butterfly","2","1:38.43"," James B Kennedy","M73","MEMO","385C-03G1M","04-06-2025","COMSA Championships Meet"
"Men ","70-74","100","Butterfly","3","1:44.07"," Alan Kren","M72","MAM","3859-03P2A","02-08-2025","USF Valentine's Affair"
"Men ","70-74","100","Butterfly","4","2:01.92"," Louis G Ceci","M74","TSUN","3853-03VNM","03-02-2025","Silver State Masters SCY"
"Men ","70-74","200","Butterfly","1","3:50.64"," James B Kennedy","M73","MEMO","385C-03G1M","04-05-2025","COMSA Championships Meet"
"Men ","70-74","100","Individual Medley","1","1:13.06"," Peter Guadagni","M70","WCM","3858-03GFZ","03-01-2025","TVM Spring Classic - 2025"
"Men ","70-74","100","Individual Medley","2","1:14.06"," Tim Broderick","M74","STAN","385X-03H0G","02-08-2025","USF Valentine's Affair"
"Men ","70-74","100","Individual Medley","3","1:20.07"," Paul D Blumenthal","M72","MELO","3841-02V8P","11-23-2024","2024 Taos High-Altitude Gobbler Swim Meet"
"Men ","70-74","100","Individual Medley","4","1:25.16"," Kim S Ridinger","M73","USF","3859-03KK0","02-08-2025","USF Valentine's Affair"
"Men ","70-74","100","Individual Medley","5","1:25.61"," Jeff Johanson","M70","BHAM","385M-770UG","02-08-2025","USF Valentine's Affair"
"Men ","70-74","100","Individual Medley","6","1:27.67"," Michael J Dalton","M70","TEME","385H-09BY6","02-22-2025","2025 Splash &amp; Dash Sprint Pentathlon"
"Men ","70-74","100","Individual Medley","7","1:27.80"," Sekhar K Varanasi","M72","MEMO","385H-029MP","03-23-2025","2025 Bay Area Senior Games Swim Meet"
"Men ","70-74","100","Individual Medley","8","1:31.00"," James B Kennedy","M73","MEMO","385C-03G1M","04-05-2025","COMSA Championships Meet"
"Men ","70-74","100","Individual Medley","9","1:40.11"," Alan Kren","M72","MAM","3859-03P2A","02-08-2025","USF Valentine's Affair"
"Men ","70-74","200","Individual Medley","1","2:53.09"," Tim Broderick","M74","STAN","385X-03H0G","03-01-2025","TVM Spring Classic - 2025"
"Men ","70-74","200","Individual Medley","2","3:02.50"," Sekhar K Varanasi","M72","SCSC","384K-029MP","06-22-2024","2024 U.S. Masters Swimming Spring National Championship"
"Men ","70-74","200","Individual Medley","3","3:24.58"," James B Kennedy","M73","MEMO","385C-03G1M","04-06-2025","COMSA Championships Meet"
"Men ","70-74","200","Individual Medley","4","4:02.32"," Louis G Ceci","M74","TSUN","3853-03VNM","03-02-2025","Silver State Masters SCY"
"Men ","75-79","50","Freestyle","1","28.47"," Alan D Bernard","M75","TAM","385P-06T01","02-22-2025","2025 Splash &amp; Dash Sprint Pentathlon"
"Men ","75-79","50","Freestyle","2","30.43"," Michael J Williams","M75","WCM","385H-03NC4","02-22-2025","2025 Splash &amp; Dash Sprint Pentathlon"
"Men ","75-79","50","Freestyle","3","30.58"," Frederick J Dorey","M75","TOC","3840-03KJ8","06-21-2024","2024 U.S. Masters Swimming Spring National Championship"
"Men ","75-79","50","Freestyle","4","33.88"," Rob Firmin","M76","ALB","3856-0B1BY","03-09-2025","Short and Sweet Meet"
"Men ","75-79","50","Freestyle","5","36.57"," Tom Sears","M77","MEMO","385T-6H0C9","03-09-2025","Short and Sweet Meet"
"Men ","75-79","50","Freestyle","6","37.51"," Fred H Stein","M78","ECYM","3856-03F6M","03-23-2025","2025 Bay Area Senior Games Swim Meet"
"Men ","75-79","50","Freestyle","7","39.35"," David J Rust","M78","SRM","3851-03N36","01-18-2025","2025 Santa Rosa Masters Resolution Meet"
"Men ","75-79","50","Freestyle","8","41.87"," Mike B Hauck","M79","TCAM","385E-AGR9A","02-08-2025","USF Valentine's Affair"
"Men ","75-79","50","Freestyle","9","42.67"," Patrick L Class","M76","SNM","385F-03HKS","03-02-2025","Silver State Masters SCY"
"Men ","75-79","50","Freestyle","10","47.31"," Andrew B Wallach","M76","ECAM","3856-03FU6","02-22-2025","2025 Splash &amp; Dash Sprint Pentathlon"
"Men ","75-79","50","Freestyle","11","47.46"," Ron R Weaver","M75","SNM","385U-0A1GA","03-02-2025","Silver State Masters SCY"
"Men ","75-79","50","Freestyle","12","53.84"," Michael Wingerath","M79","CMAM","385E-0YRMX","03-01-2025","TVM Spring Classic - 2025"
"Men ","75-79","100","Freestyle","1","1:02.16"," Alan D Bernard","M75","TAM","385P-06T01","03-01-2025","TVM Spring Classic - 2025"
"Men ","75-79","100","Freestyle","2","1:21.41"," Fred H Stein","M78","ECYM","3856-03F6M","03-23-2025","2025 Bay Area Senior Games Swim Meet"
"Men ","75-79","100","Freestyle","3","1:22.27"," Rob Firmin","M76","ALB","3856-0B1BY","01-18-2025","2025 Santa Rosa Masters Resolution Meet"
"Men ","75-79","100","Freestyle","4","1:35.83"," Mike B Hauck","M79","TCAM","385E-AGR9A","02-08-2025","USF Valentine's Affair"
"Men ","75-79","100","Freestyle","5","2:06.06"," Michael Wingerath","M79","CMAM","385E-0YRMX","02-08-2025","USF Valentine's Affair"
"Men ","75-79","200","Freestyle","1","2:21.05"," Joel R Wilson","M76","CRUZ","385P-03EYR","03-09-2025","Short and Sweet Meet"
"Men ","75-79","200","Freestyle","2","2:22.61"," Alan D Bernard","M75","TAM","385P-06T01","03-01-2025","TVM Spring Classic - 2025"
"Men ","75-79","200","Freestyle","3","2:48.22"," Christian Jochim","M76","QSS","3854-03HWN","03-09-2025","Short and Sweet Meet"
"Men ","75-79","200","Freestyle","4","3:33.09"," Robert J Crockett","M76","MELO","385G-0A1FK","03-09-2025","Short and Sweet Meet"
"Men ","75-79","500","Freestyle","1","6:13.20"," Joel R Wilson","M76","CRUZ","385P-03EYR","03-09-2025","Short and Sweet Meet"
"Men ","75-79","500","Freestyle","2","7:48.98"," Christian Jochim","M76","QSS","3854-03HWN","03-09-2025","Short and Sweet Meet"
"Men ","75-79","500","Freestyle","3","8:37.56"," Rob Firmin","M76","ALB","3856-0B1BY","03-09-2025","Short and Sweet Meet"
"Men ","75-79","500","Freestyle","4","9:13.05"," Robert J Crockett","M76","MELO","385G-0A1FK","03-09-2025","Short and Sweet Meet"
"Men ","75-79","500","Freestyle","5","11:00.91"," Ron R Weaver","M75","SNM","385U-0A1GA","03-02-2025","Silver State Masters SCY"
"Men ","75-79","1650","Freestyle","1","21:12.45"," Joel R Wilson","M76","CRUZ","385P-03EYR","02-23-2025","The City Mile"
"Men ","75-79","1650","Freestyle","2","32:16.52"," Robert J Crockett","M76","MELO","385G-0A1FK","02-23-2025","The City Mile"
"Men ","75-79","50","Backstroke","1","33.96"," Alan D Bernard","M75","TAM","385P-06T01","02-08-2025","USF Valentine's Affair"
"Men ","75-79","50","Backstroke","2","35.77"," Michael J Williams","M75","WCM","385H-03NC4","02-22-2025","2025 Splash &amp; Dash Sprint Pentathlon"
"Men ","75-79","50","Backstroke","3","37.95"," Duke Dahlin","M76","USF","3851-03JYK","02-08-2025","USF Valentine's Affair"
"Men ","75-79","50","Backstroke","4","44.98"," Rob Firmin","M76","ALB","3856-0B1BY","03-09-2025","Short and Sweet Meet"
"Men ","75-79","50","Backstroke","5","45.68"," Tom Sears","M77","MEMO","385T-6H0C9","03-09-2025","Short and Sweet Meet"
"Men ","75-79","50","Backstroke","6","55.25"," Fred H Stein","M78","ECYM","3856-03F6M","03-23-2025","2025 Bay Area Senior Games Swim Meet"
"Men ","75-79","50","Backstroke","7","58.47"," Mike B Hauck","M79","TCAM","385E-AGR9A","02-08-2025","USF Valentine's Affair"
"Men ","75-79","50","Backstroke","8","1:08.59"," Michael Wingerath","M79","CMAM","385E-0YRMX","02-22-2025","2025 Splash &amp; Dash Sprint Pentathlon"
"Men ","75-79","100","Backstroke","1","1:17.71"," Alan D Bernard","M75","TAM","385P-06T01","02-08-2025","USF Valentine's Affair"
"Men ","75-79","100","Backstroke","2","1:24.93"," Duke Dahlin","M76","USF","3851-03JYK","02-08-2025","USF Valentine's Affair"
"Men ","75-79","100","Backstroke","3","1:50.20"," Tom Sears","M77","MEMO","385T-6H0C9","12-07-2024","THRICE is Nice!"
"Men ","75-79","100","Backstroke","4","1:56.01"," Fred H Stein","M78","ECYM","3856-03F6M","03-23-2025","2025 Bay Area Senior Games Swim Meet"
"Men ","75-79","200","Backstroke","1","2:43.80"," Joel R Wilson","M76","CRUZ","385P-03EYR","03-09-2025","Short and Sweet Meet"
"Men ","75-79","200","Backstroke","2","3:26.01"," Christian Jochim","M76","QSS","3854-03HWN","03-09-2025","Short and Sweet Meet"
"Men ","75-79","200","Backstroke","3","4:08.01"," Tom Sears","M77","MEMO","385T-6H0C9","03-09-2025","Short and Sweet Meet"
"Men ","75-79","200","Backstroke","4","4:11.55"," David J Rust","M78","SRM","3851-03N36","03-09-2025","Short and Sweet Meet"
"Men ","75-79","50","Breaststroke","1","38.62"," Alan D Bernard","M75","TAM","385P-06T01","02-22-2025","2025 Splash &amp; Dash Sprint Pentathlon"
"Men ","75-79","50","Breaststroke","2","39.78"," Michael J Williams","M75","WCM","385H-03NC4","02-22-2025","2025 Splash &amp; Dash Sprint Pentathlon"
"Men ","75-79","50","Breaststroke","3","40.94"," Rob Firmin","M76","ALB","3856-0B1BY","03-09-2025","Short and Sweet Meet"
"Men ","75-79","50","Breaststroke","4","42.88"," Jon J Rosenberg","M75","LNRS","385M-0A4X8","12-07-2024","THRICE is Nice!"
"Men ","75-79","50","Breaststroke","5","43.76"," Frederick J Dorey","M75","TOC","3840-03KJ8","06-20-2024","2024 U.S. Masters Swimming Spring National Championship"
"Men ","75-79","50","Breaststroke","6","46.95"," Tom Sears","M77","MEMO","385T-6H0C9","03-09-2025","Short and Sweet Meet"
"Men ","75-79","50","Breaststroke","7","49.85"," Andrew B Wallach","M76","ECAM","3856-03FU6","02-22-2025","2025 Splash &amp; Dash Sprint Pentathlon"
"Men ","75-79","50","Breaststroke","8","50.79"," Fred H Stein","M78","ECYM","3856-03F6M","03-23-2025","2025 Bay Area Senior Games Swim Meet"
"Men ","75-79","50","Breaststroke","9","1:02.18"," Patrick L Class","M76","SNM","385F-03HKS","03-02-2025","Silver State Masters SCY"
"Men ","75-79","50","Breaststroke","10","1:02.44"," Mike B Hauck","M79","TCAM","385E-AGR9A","02-08-2025","USF Valentine's Affair"
"Men ","75-79","50","Breaststroke","11","1:13.12"," Michael Wingerath","M79","CMAM","385E-0YRMX","02-08-2025","USF Valentine's Affair"
"Men ","75-79","100","Breaststroke","1","1:32.93"," Rob Firmin","M76","ALB","3856-0B1BY","02-08-2025","USF Valentine's Affair"
"Men ","75-79","100","Breaststroke","2","1:37.16"," Jon J Rosenberg","M75","LNRS","385M-0A4X8","12-07-2024","THRICE is Nice!"
"Men ","75-79","100","Breaststroke","3","2:44.96"," Michael Wingerath","M79","CMAM","385E-0YRMX","02-08-2025","USF Valentine's Affair"
"Men ","75-79","200","Breaststroke","1","3:02.57"," Joel R Wilson","M76","CRUZ","385P-03EYR","03-09-2025","Short and Sweet Meet"
"Men ","75-79","200","Breaststroke","2","3:29.78"," Rob Firmin","M76","ALB","3856-0B1BY","12-07-2024","THRICE is Nice!"
"Men ","75-79","200","Breaststroke","3","3:45.78"," Jon J Rosenberg","M75","LNRS","385M-0A4X8","12-07-2024","THRICE is Nice!"
"Men ","75-79","200","Breaststroke","4","3:48.72"," Christian Jochim","M76","QSS","3854-03HWN","03-09-2025","Short and Sweet Meet"
"Men ","75-79","50","Butterfly","1","31.82"," Alan D Bernard","M75","TAM","385P-06T01","02-22-2025","2025 Splash &amp; Dash Sprint Pentathlon"
"Men ","75-79","50","Butterfly","2","33.19"," Michael J Williams","M75","WCM","385H-03NC4","02-22-2025","2025 Splash &amp; Dash Sprint Pentathlon"
"Men ","75-79","50","Butterfly","3","36.26"," Duke Dahlin","M76","USF","3851-03JYK","02-08-2025","USF Valentine's Affair"
"Men ","75-79","50","Butterfly","4","58.19"," Tom Sears","M77","MEMO","385T-6H0C9","01-18-2025","2025 Santa Rosa Masters Resolution Meet"
"Men ","75-79","100","Butterfly","1","1:10.95"," Alan D Bernard","M75","TAM","385P-06T01","03-23-2025","2025 Bay Area Senior Games Swim Meet"
"Men ","75-79","200","Butterfly","1","2:56.80"," Alan D Bernard","M75","TAM","385P-06T01","03-23-2025","2025 Bay Area Senior Games Swim Meet"
"Men ","75-79","100","Individual Medley","1","1:13.98"," Alan D Bernard","M75","TAM","385P-06T01","02-22-2025","2025 Splash &amp; Dash Sprint Pentathlon"
"Men ","75-79","100","Individual Medley","2","1:15.33"," Michael J Williams","M75","WCM","385H-03NC4","02-22-2025","2025 Splash &amp; Dash Sprint Pentathlon"
"Men ","75-79","100","Individual Medley","3","1:26.38"," Duke Dahlin","M76","USF","3851-03JYK","02-08-2025","USF Valentine's Affair"
"Men ","75-79","100","Individual Medley","4","1:26.38"," Rob Firmin","M76","ALB","3856-0B1BY","02-22-2025","2025 Splash &amp; Dash Sprint Pentathlon"
"Men ","75-79","100","Individual Medley","5","1:44.37"," Tom Sears","M77","MEMO","385T-6H0C9","01-18-2025","2025 Santa Rosa Masters Resolution Meet"
"Men ","75-79","100","Individual Medley","6","2:08.90"," Lance Wiscomb","M79","USF","3857-03GAS","02-08-2025","USF Valentine's Affair"
"Men ","75-79","100","Individual Medley","7","2:35.70"," Michael Wingerath","M79","CMAM","385E-0YRMX","02-22-2025","2025 Splash &amp; Dash Sprint Pentathlon"
"Men ","80-84","50","Freestyle","1","29.13"," Richard Burns","M80","TAM","384J-BURNS","","2024 U.S. Masters Swimming Spring National Championship"
"Men ","80-84","50","Freestyle","2","30.06"," James E Elder","M81","TOC","3849-03KTT","06-21-2024","2024 U.S. Masters Swimming Spring National Championship"
"Men ","80-84","50","Freestyle","3","30.12"," Ed Reed","M80","TAM","3848-039F6","06-21-2024","2024 U.S. Masters Swimming Spring National Championship"
"Men ","80-84","50","Freestyle","4","32.11"," Richard C Ennis","M80","TVM","385V-002BS","03-01-2025","TVM Spring Classic - 2025"
"Men ","80-84","50","Freestyle","5","34.19"," Peter Andersen","M81","TAM","385J-02C43","04-13-2025","2025 San Diego Pancake Pentathlon &amp; Short Course Yards Swim Meet"
"Men ","80-84","50","Freestyle","6","39.54"," Fred Anderson","M82","RHMS","385S-03ABR","03-09-2025","Short and Sweet Meet"
"Men ","80-84","50","Freestyle","7","40.27"," Ed Blumenstock","M81","MEMO","385A-8AGEZ","12-07-2024","THRICE is Nice!"
"Men ","80-84","50","Freestyle","8","50.36"," Wayne C Hardwick","M80","SNM","3854-Y0XXW","03-02-2025","Silver State Masters SCY"
"Men ","80-84","50","Freestyle","9","50.62"," Jim M Stewart","M83","SRM","385Y-03B1R","02-08-2025","USF Valentine's Affair"
"Men ","80-84","100","Freestyle","1","1:03.59"," Richard Burns","M80","TAM","384J-BURNS","06-20-2024","2024 U.S. Masters Swimming Spring National Championship"
"Men ","80-84","100","Freestyle","2","1:06.49"," Ed Reed","M80","TAM","3848-039F6","06-20-2024","2024 U.S. Masters Swimming Spring National Championship"
"Men ","80-84","100","Freestyle","3","1:11.28"," James E Elder","M81","TOC","3849-03KTT","06-20-2024","2024 U.S. Masters Swimming Spring National Championship"
"Men ","80-84","100","Freestyle","4","1:18.62"," David R Gildea","M81","MELO","385W-03G57","03-23-2025","2025 Bay Area Senior Games Swim Meet"
"Men ","80-84","100","Freestyle","5","1:32.29"," Fred Anderson","M82","RHMS","385S-03ABR","02-08-2025","USF Valentine's Affair"
"Men ","80-84","100","Freestyle","6","1:34.40"," Ed Blumenstock","M81","MEMO","385A-8AGEZ","12-07-2024","THRICE is Nice!"
"Men ","80-84","100","Freestyle","7","1:54.73"," Wayne C Hardwick","M80","SNM","3854-Y0XXW","03-02-2025","Silver State Masters SCY"
"Men ","80-84","100","Freestyle","8","1:56.01"," Jim M Stewart","M83","SRM","385Y-03B1R","02-08-2025","USF Valentine's Affair"
"Men ","80-84","200","Freestyle","1","2:24.89"," Richard Burns","M80","TAM","384J-BURNS","06-21-2024","2024 U.S. Masters Swimming Spring National Championship"
"Men ","80-84","200","Freestyle","2","2:33.99"," Ed Reed","M80","TAM","3848-039F6","06-21-2024","2024 U.S. Masters Swimming Spring National Championship"
"Men ","80-84","200","Freestyle","3","3:31.46"," Ed Blumenstock","M81","MEMO","385A-8AGEZ","12-07-2024","THRICE is Nice!"
"Men ","80-84","500","Freestyle","1","6:47.85"," Richard Burns","M81","TAM","385G-BURNS","03-09-2025","Short and Sweet Meet"
"Men ","80-84","500","Freestyle","2","7:09.38"," Ed Reed","M80","TAM","3848-039F6","06-21-2024","2024 U.S. Masters Swimming Spring National Championship"
"Men ","80-84","500","Freestyle","3","9:20.62"," Fred Anderson","M82","RHMS","385S-03ABR","03-09-2025","Short and Sweet Meet"
"Men ","80-84","500","Freestyle","4","11:26.07"," Ted Haynes","M80","PCCM","3852-09NHW","03-23-2025","2025 Bay Area Senior Games Swim Meet"
"Men ","80-84","500","Freestyle","5","11:59.61"," Wayne C Hardwick","M80","SNM","3854-Y0XXW","03-02-2025","Silver State Masters SCY"
"Men ","80-84","50","Backstroke","1","32.65"," Richard Burns","M80","TAM","384J-BURNS","06-22-2024","2024 U.S. Masters Swimming Spring National Championship"
"Men ","80-84","50","Backstroke","2","39.52"," Ed Reed","M81","TAM","385A-039F6","12-14-2024","Atlanta Rainbow Trout St. Nick SCY Masters Meet"
"Men ","80-84","50","Backstroke","3","39.95"," Richard C Ennis","M80","TVM","385V-002BS","03-01-2025","TVM Spring Classic - 2025"
"Men ","80-84","50","Backstroke","4","40.43"," James E Elder","M81","TOC","3849-03KTT","06-22-2024","2024 U.S. Masters Swimming Spring National Championship"
"Men ","80-84","50","Backstroke","5","41.58"," David R Gildea","M81","MELO","384Y-03G57","12-07-2024","THRICE is Nice!"
"Men ","80-84","50","Backstroke","6","46.91"," Peter Andersen","M81","TAM","385J-02C43","04-13-2025","2025 San Diego Pancake Pentathlon &amp; Short Course Yards Swim Meet"
"Men ","80-84","50","Backstroke","7","50.41"," Ronald W Saufley","M83","DAM","3852-7TGY5","02-08-2025","USF Valentine's Affair"
"Men ","80-84","50","Backstroke","8","53.55"," Fred Anderson","M82","RHMS","385S-03ABR","02-08-2025","USF Valentine's Affair"
"Men ","80-84","50","Backstroke","9","59.51"," Wayne C Hardwick","M80","SNM","3854-Y0XXW","03-02-2025","Silver State Masters SCY"
"Men ","80-84","50","Backstroke","10","1:05.85"," Jim M Stewart","M83","SRM","385Y-03B1R","02-08-2025","USF Valentine's Affair"
"Men ","80-84","100","Backstroke","1","1:11.64"," Richard Burns","M80","TAM","384J-BURNS","06-21-2024","2024 U.S. Masters Swimming Spring National Championship"
"Men ","80-84","100","Backstroke","2","1:53.46"," Ronald W Saufley","M83","DAM","3852-7TGY5","02-08-2025","USF Valentine's Affair"
"Men ","80-84","100","Backstroke","3","2:28.95"," Wayne C Hardwick","M80","SNM","3854-Y0XXW","03-02-2025","Silver State Masters SCY"
"Men ","80-84","100","Backstroke","4","2:41.61"," Jim M Stewart","M83","SRM","385Y-03B1R","02-08-2025","USF Valentine's Affair"
"Men ","80-84","200","Backstroke","1","2:36.94"," Richard Burns","M80","TAM","384J-BURNS","06-23-2024","2024 U.S. Masters Swimming Spring National Championship"
"Men ","80-84","50","Breaststroke","1","39.36"," David R Gildea","M81","MELO","385W-03G57","03-23-2025","2025 Bay Area Senior Games Swim Meet"
"Men ","80-84","50","Breaststroke","2","40.44"," Ed Reed","M81","TAM","385A-039F6","12-14-2024","Atlanta Rainbow Trout St. Nick SCY Masters Meet"
"Men ","80-84","50","Breaststroke","3","43.65"," Peter Andersen","M81","TAM","385J-02C43","04-13-2025","2025 San Diego Pancake Pentathlon &amp; Short Course Yards Swim Meet"
"Men ","80-84","50","Breaststroke","4","1:01.42"," Fred Anderson","M82","RHMS","385S-03ABR","03-09-2025","Short and Sweet Meet"
"Men ","80-84","50","Breaststroke","5","1:08.02"," Wayne C Hardwick","M80","SNM","3854-Y0XXW","03-02-2025","Silver State Masters SCY"
"Men ","80-84","100","Breaststroke","1","1:34.76"," David R Gildea","M81","MELO","385W-03G57","03-23-2025","2025 Bay Area Senior Games Swim Meet"
"Men ","80-84","200","Breaststroke","1","3:27.27"," David R Gildea","M81","MELO","384Y-03G57","12-07-2024","THRICE is Nice!"
"Men ","80-84","50","Butterfly","1","33.08"," Richard Burns","M81","TAM","385G-BURNS","03-09-2025","Short and Sweet Meet"
"Men ","80-84","50","Butterfly","2","35.49"," Richard C Ennis","M80","TVM","385V-002BS","03-01-2025","TVM Spring Classic - 2025"
"Men ","80-84","50","Butterfly","3","35.51"," James E Elder","M81","TOC","3849-03KTT","06-23-2024","2024 U.S. Masters Swimming Spring National Championship"
"Men ","80-84","50","Butterfly","4","40.65"," David R Gildea","M81","MELO","384Y-03G57","12-07-2024","THRICE is Nice!"
"Men ","80-84","50","Butterfly","5","42.11"," Peter Andersen","M81","TAM","385J-02C43","04-13-2025","2025 San Diego Pancake Pentathlon &amp; Short Course Yards Swim Meet"
"Men ","80-84","100","Butterfly","1","1:15.29"," Richard Burns","M80","TAM","384J-BURNS","06-22-2024","2024 U.S. Masters Swimming Spring National Championship"
"Men ","80-84","100","Butterfly","2","1:32.90"," James E Elder","M81","TOC","3849-03KTT","06-22-2024","2024 U.S. Masters Swimming Spring National Championship"
"Men ","80-84","100","Individual Medley","1","1:25.25"," James E Elder","M81","TOC","3849-03KTT","06-21-2024","2024 U.S. Masters Swimming Spring National Championship"
"Men ","80-84","100","Individual Medley","2","1:25.71"," Ed Reed","M81","TAM","385A-039F6","12-14-2024","Atlanta Rainbow Trout St. Nick SCY Masters Meet"
"Men ","80-84","100","Individual Medley","3","1:34.21"," Peter Andersen","M81","TAM","385J-02C43","04-13-2025","2025 San Diego Pancake Pentathlon &amp; Short Course Yards Swim Meet"
"Men ","80-84","100","Individual Medley","4","2:05.17"," Fred Anderson","M82","RHMS","385S-03ABR","02-08-2025","USF Valentine's Affair"
"Men ","80-84","200","Individual Medley","1","3:07.31"," Ed Reed","M80","TAM","3848-039F6","06-22-2024","2024 U.S. Masters Swimming Spring National Championship"
"Men ","85-89","50","Freestyle","1","34.49"," William Van Horn","M85","TOC","3845-03MS2","06-21-2024","2024 U.S. Masters Swimming Spring National Championship"
"Men ","85-89","50","Freestyle","2","50.14"," Jack C Fleming","M89","USF","385Z-03J86","02-08-2025","USF Valentine's Affair"
"Men ","85-89","100","Freestyle","1","1:19.06"," William Van Horn","M85","TOC","3845-03MS2","06-20-2024","2024 U.S. Masters Swimming Spring National Championship"
"Men ","85-89","100","Freestyle","2","1:59.62"," Jack C Fleming","M89","USF","385Z-03J86","02-08-2025","USF Valentine's Affair"
"Men ","85-89","200","Freestyle","1","3:12.10"," William Van Horn","M86","TOC","3857-03MS2","03-09-2025","Short and Sweet Meet"
"Men ","85-89","500","Freestyle","1","8:55.58"," William Van Horn","M86","TOC","3857-03MS2","03-09-2025","Short and Sweet Meet"
"Men ","85-89","500","Freestyle","2","11:58.95"," Jack C Fleming","M89","USF","385Z-03J86","03-09-2025","Short and Sweet Meet"
"Men ","85-89","1650","Freestyle","1","30:39.80"," Ralph Brott","M85","NBA","385B-03F57","02-23-2025","The City Mile"
"Men ","85-89","1650","Freestyle","2","32:03.82"," William Van Horn","M85","TOC","3845-03MS2","06-24-2024","2024 U.S. Masters Swimming Spring National Championship"
"Men ","85-89","50","Backstroke","1","44.46"," William Van Horn","M86","TOC","3857-03MS2","03-09-2025","Short and Sweet Meet"
"Men ","85-89","50","Backstroke","2","1:06.08"," Jack C Fleming","M89","USF","385Z-03J86","03-09-2025","Short and Sweet Meet"
"Men ","85-89","50","Breaststroke","1","53.17"," William Van Horn","M86","TOC","3857-03MS2","03-09-2025","Short and Sweet Meet"
"Men ","85-89","50","Breaststroke","2","59.59"," Jack C Fleming","M89","USF","385Z-03J86","02-08-2025","USF Valentine's Affair"
"Men ","85-89","200","Breaststroke","1","4:56.69"," Jack C Fleming","M89","USF","385Z-03J86","03-09-2025","Short and Sweet Meet"
"Men ","85-89","50","Butterfly","1","48.15"," William Van Horn","M85","TOC","3845-03MS2","06-23-2024","2024 U.S. Masters Swimming Spring National Championship"
"Men ","85-89","50","Butterfly","2","1:00.97"," Jack C Fleming","M89","USF","385Z-03J86","02-08-2025","USF Valentine's Affair"
"Men ","85-89","100","Individual Medley","1","1:35.80"," William Van Horn","M85","TOC","3845-03MS2","06-21-2024","2024 U.S. Masters Swimming Spring National Championship"
"Men ","85-89","100","Individual Medley","2","2:10.66"," Jack C Fleming","M89","USF","385Z-03J86","02-08-2025","USF Valentine's Affair"
"Men ","85-89","200","Individual Medley","1","3:43.77"," William Van Horn","M85","TOC","3845-03MS2","06-22-2024","2024 U.S. Masters Swimming Spring National Championship"
