"Sex","Age Group","Distance","Stroke","Rank","Time","Name","Age","Club","Reg Number","Date","Meet"
"Women ","18-24","50","Freestyle","1","27"," Hannah D Nguyen","F21","TVAM","3863-VMWG0","08-08-2026","2026 U.S. Masters Swimming Summer National Championship"
"Women ","18-24","50","Freestyle","2","28.36"," Claudia Dumais","F21","WCM","386N-KFZ0Z","08-08-2026","2026 U.S. Masters Swimming Summer National Championship"
"Women ","18-24","50","Freestyle","3","28.97"," Alexandra S Syrkin","F23","TOC","3865-8CJH4","08-08-2026","2026 U.S. Masters Swimming Summer National Championship"
"Women ","18-24","50","Freestyle","4","29.06"," Georgia R Wluka","F23","SACMA","3861-8E7VS","","2026 U.S. Masters Swimming Summer National Championship"
"Women ","18-24","50","Freestyle","5","29.47"," Helen Randolph","F19","WCM","386Y-4UAEG","","2026 U.S. Masters Swimming Summer National Championship"
"Women ","18-24","50","Freestyle","6","30.49"," Elizabeth  B Grubbs","F24","RWR","386B-NCC15","","2026 U.S. Masters Swimming Summer National Championship"
"Women ","18-24","50","Freestyle","7","30.58"," Ruby C Gonzalez","F24","SRM","386A-WP4KG","07-13-2026","Pacific Masters LCM Championships"
"Women ","18-24","50","Freestyle","8","30.84"," Shaila M Santos","F23","WCM","3860-GFM91","08-08-2026","2026 U.S. Masters Swimming Summer National Championship"
"Women ","18-24","50","Freestyle","9","33.33"," Rachel Galvin","F22","TOC","386W-75PF1","08-08-2026","2026 U.S. Masters Swimming Summer National Championship"
"Women ","18-24","50","Freestyle","10","35.01"," Jivana Nagpal","F23","MEMO","386W-PST7U","08-08-2026","2026 U.S. Masters Swimming Summer National Championship"
"Women ","18-24","50","Freestyle","11","36.13"," Marisa Collazo","F20","DAM","3863-4M6N0","08-08-2026","2026 U.S. Masters Swimming Summer National Championship"
"Women ","18-24","50","Freestyle","12","36.17"," Johanna Meerjanssen","F23","UC38","3863-RKYGG","06-30-2026","Gay Games Valencia 2026"
"Women ","18-24","50","Freestyle","13","39.73"," Hannah Shelton","F22","UC38","386Z-CF656","06-28-2026","SILVER STATE MASTERS LCM"
"Women ","18-24","100","Freestyle","1","57.06"," Lillie G Nordmann","F24","STAN","386T-Z5EX2","08-07-2026","2026 U.S. Masters Swimming Summer National Championship"
"Women ","18-24","100","Freestyle","2","1:00.71"," Alexandra S Syrkin","F23","TOC","3865-8CJH4","08-07-2026","2026 U.S. Masters Swimming Summer National Championship"
"Women ","18-24","100","Freestyle","3","1:01.00"," Evalinne Vecchio","F22","WCM","386Y-UFT2R","08-07-2026","2026 U.S. Masters Swimming Summer National Championship"
"Women ","18-24","100","Freestyle","4","1:01.10"," Claudia Dumais","F21","WCM","386N-KFZ0Z","08-07-2026","2026 U.S. Masters Swimming Summer National Championship"
"Women ","18-24","100","Freestyle","5","1:01.11"," Hannah D Nguyen","F21","TVAM","3863-VMWG0","08-07-2026","2026 U.S. Masters Swimming Summer National Championship"
"Women ","18-24","100","Freestyle","6","1:04.56"," Georgia R Wluka","F23","SACMA","3861-8E7VS","08-07-2026","2026 U.S. Masters Swimming Summer National Championship"
"Women ","18-24","100","Freestyle","7","1:07.37"," Shaila M Santos","F23","WCM","3860-GFM91","08-07-2026","2026 U.S. Masters Swimming Summer National Championship"
"Women ","18-24","100","Freestyle","8","1:07.58"," Elizabeth  B Grubbs","F24","RWR","386B-NCC15","08-07-2026","2026 U.S. Masters Swimming Summer National Championship"
"Women ","18-24","100","Freestyle","9","1:07.62"," Ruby C Gonzalez","F24","SRM","386A-WP4KG","07-13-2026","Pacific Masters LCM Championships"
"Women ","18-24","100","Freestyle","10","1:08.27"," Saveta Holunga","F19","TVAM","386Z-E1C4K","08-07-2026","2026 U.S. Masters Swimming Summer National Championship"
"Women ","18-24","100","Freestyle","11","1:09.95"," Sarah Tanabe","F23","USF","3866-60T5A","08-07-2026","2026 U.S. Masters Swimming Summer National Championship"
"Women ","18-24","100","Freestyle","12","1:16.46"," Jivana Nagpal","F23","MEMO","386W-PST7U","08-07-2026","2026 U.S. Masters Swimming Summer National Championship"
"Women ","18-24","100","Freestyle","13","1:16.69"," Rachel Galvin","F22","TOC","386W-75PF1","08-07-2026","2026 U.S. Masters Swimming Summer National Championship"
"Women ","18-24","200","Freestyle","1","2:03.25"," Lillie G Nordmann","F24","STAN","386T-Z5EX2","08-08-2026","2026 U.S. Masters Swimming Summer National Championship"
"Women ","18-24","200","Freestyle","2","2:19.52"," Georgia R Wluka","F23","SACMA","3861-8E7VS","08-08-2026","2026 U.S. Masters Swimming Summer National Championship"
"Women ","18-24","200","Freestyle","3","2:32.88"," Ruby C Gonzalez","F24","SRM","386A-WP4KG","06-28-2026","SILVER STATE MASTERS LCM"
"Women ","18-24","200","Freestyle","4","2:52.17"," Rachel Galvin","F22","TOC","386W-75PF1","08-08-2026","2026 U.S. Masters Swimming Summer National Championship"
"Women ","18-24","400","Freestyle","1","4:33.17"," Helen Randolph","F19","WCM","386Y-4UAEG","08-06-2026","2026 U.S. Masters Swimming Summer National Championship"
"Women ","18-24","400","Freestyle","2","5:03.94"," Georgia R Wluka","F23","SACMA","3861-8E7VS","08-06-2026","2026 U.S. Masters Swimming Summer National Championship"
"Women ","18-24","50","Backstroke","1","30.93"," Evalinne Vecchio","F22","WCM","386Y-UFT2R","","2026 U.S. Masters Swimming Summer National Championship"
"Women ","18-24","50","Backstroke","2","32.1"," Hannah D Nguyen","F21","TVAM","3863-VMWG0","08-08-2026","2026 U.S. Masters Swimming Summer National Championship"
"Women ","18-24","50","Backstroke","3","32.63"," Kelly L Kermoian","F23","WCM","3863-SH52U","","2026 U.S. Masters Swimming Summer National Championship"
"Women ","18-24","50","Backstroke","4","33.16"," Alexandra S Syrkin","F23","TOC","3865-8CJH4","08-08-2026","2026 U.S. Masters Swimming Summer National Championship"
"Women ","18-24","50","Backstroke","5","35.38"," Claudia Dumais","F21","WCM","386N-KFZ0Z","08-08-2026","2026 U.S. Masters Swimming Summer National Championship"
"Women ","18-24","50","Backstroke","6","36.58"," Ruby C Gonzalez","F24","SRM","386A-WP4KG","05-31-2026","BAC Long Course Meters Meet"
"Women ","18-24","50","Backstroke","7","40.86"," Jivana Nagpal","F23","MEMO","386W-PST7U","","2026 U.S. Masters Swimming Summer National Championship"
"Women ","18-24","50","Backstroke","8","43.17"," Marisa Collazo","F20","DAM","3863-4M6N0","08-08-2026","2026 U.S. Masters Swimming Summer National Championship"
"Women ","18-24","50","Backstroke","9","50.85"," Hannah Shelton","F22","UC38","386Z-CF656","08-08-2026","2026 U.S. Masters Swimming Summer National Championship"
"Women ","18-24","100","Backstroke","1","1:06.43"," Helen Randolph","F19","WCM","386Y-4UAEG","08-06-2026","2026 U.S. Masters Swimming Summer National Championship"
"Women ","18-24","100","Backstroke","2","1:13.17"," Alexandra S Syrkin","F23","TOC","3865-8CJH4","08-06-2026","2026 U.S. Masters Swimming Summer National Championship"
"Women ","18-24","100","Backstroke","3","1:16.72"," Ruby C Gonzalez","F24","SRM","386A-WP4KG","07-14-2026","Pacific Masters LCM Championships"
"Women ","18-24","100","Backstroke","4","1:19.18"," Georgia R Wluka","F23","SACMA","3861-8E7VS","08-06-2026","2026 U.S. Masters Swimming Summer National Championship"
"Women ","18-24","200","Backstroke","1","2:23.86"," Helen Randolph","F19","WCM","386Y-4UAEG","08-09-2026","2026 U.S. Masters Swimming Summer National Championship"
"Women ","18-24","200","Backstroke","2","2:32.05"," Kelly L Kermoian","F23","WCM","3863-SH52U","08-09-2026","2026 U.S. Masters Swimming Summer National Championship"
"Women ","18-24","200","Backstroke","3","2:53.47"," Ruby C Gonzalez","F24","SRM","386A-WP4KG","07-13-2026","Pacific Masters LCM Championships"
"Women ","18-24","50","Breaststroke","1","38.37"," Saveta Holunga","F19","TVAM","386Z-E1C4K","08-07-2026","2026 U.S. Masters Swimming Summer National Championship"
"Women ","18-24","50","Breaststroke","2","38.96"," Shaila M Santos","F23","WCM","3860-GFM91","08-07-2026","2026 U.S. Masters Swimming Summer National Championship"
"Women ","18-24","50","Breaststroke","3","53.7"," Hannah Shelton","F22","UC38","386Z-CF656","08-07-2026","2026 U.S. Masters Swimming Summer National Championship"
"Women ","18-24","100","Breaststroke","1","1:22.62"," Saveta Holunga","F19","TVAM","386Z-E1C4K","08-08-2026","2026 U.S. Masters Swimming Summer National Championship"
"Women ","18-24","100","Breaststroke","2","1:23.95"," Shaila M Santos","F23","WCM","3860-GFM91","08-08-2026","2026 U.S. Masters Swimming Summer National Championship"
"Women ","18-24","100","Breaststroke","3","1:47.24"," Marisa Collazo","F20","DAM","3863-4M6N0","08-08-2026","2026 U.S. Masters Swimming Summer National Championship"
"Women ","18-24","50","Butterfly","1","27.14"," Lillie G Nordmann","F24","STAN","386T-Z5EX2","08-09-2026","2026 U.S. Masters Swimming Summer National Championship"
"Women ","18-24","50","Butterfly","2","29.23"," Hannah D Nguyen","F21","TVAM","3863-VMWG0","08-09-2026","2026 U.S. Masters Swimming Summer National Championship"
"Women ","18-24","50","Butterfly","3","30.16"," Alexandra S Syrkin","F23","TOC","3865-8CJH4","08-09-2026","2026 U.S. Masters Swimming Summer National Championship"
"Women ","18-24","50","Butterfly","4","31.2"," Saveta Holunga","F19","TVAM","386Z-E1C4K","08-09-2026","2026 U.S. Masters Swimming Summer National Championship"
"Women ","18-24","50","Butterfly","5","33.28"," Shaila M Santos","F23","WCM","3860-GFM91","08-09-2026","2026 U.S. Masters Swimming Summer National Championship"
"Women ","18-24","50","Butterfly","6","59.83"," Hannah Shelton","F22","UC38","386Z-CF656","06-28-2026","SILVER STATE MASTERS LCM"
"Women ","18-24","100","Butterfly","1","59.09"," Lillie G Nordmann","F24","STAN","386T-Z5EX2","08-06-2026","2026 U.S. Masters Swimming Summer National Championship"
"Women ","18-24","100","Butterfly","2","1:07.49"," Alexandra S Syrkin","F23","TOC","3865-8CJH4","08-06-2026","2026 U.S. Masters Swimming Summer National Championship"
"Women ","18-24","100","Butterfly","3","1:09.61"," Saveta Holunga","F19","TVAM","386Z-E1C4K","08-06-2026","2026 U.S. Masters Swimming Summer National Championship"
"Women ","18-24","200","Butterfly","1","2:17.12"," Lillie G Nordmann","F24","STAN","386T-Z5EX2","08-07-2026","2026 U.S. Masters Swimming Summer National Championship"
"Women ","18-24","200","Individual Medley","1","2:27.77"," Helen Randolph","F19","WCM","386Y-4UAEG","08-08-2026","2026 U.S. Masters Swimming Summer National Championship"
"Women ","18-24","200","Individual Medley","2","2:37.21"," Kelly L Kermoian","F23","WCM","3863-SH52U","08-08-2026","2026 U.S. Masters Swimming Summer National Championship"
"Women ","18-24","200","Individual Medley","3","2:50.02"," Shaila M Santos","F23","WCM","3860-GFM91","08-08-2026","2026 U.S. Masters Swimming Summer National Championship"
"Women ","18-24","400","Individual Medley","1","5:07.15"," Helen Randolph","F19","WCM","386Y-4UAEG","08-07-2026","2026 U.S. Masters Swimming Summer National Championship"
"Women ","25-29","50","Freestyle","1","26.77"," Miki S Dahlke","F28","TOC","386B-ZDR36","","2026 U.S. Masters Swimming Summer National Championship"
"Women ","25-29","50","Freestyle","2","27.6"," Hannah Orbach-Mandel","F29","TOC","386Z-SYRSD","08-08-2026","2026 U.S. Masters Swimming Summer National Championship"
"Women ","25-29","50","Freestyle","3","28.08"," Hannah M Kukurugya","F28","TOC","386G-DZWU4","","2026 U.S. Masters Swimming Summer National Championship"
"Women ","25-29","50","Freestyle","4","28.25"," Veronika Divis","F26","USF","386F-VVF1F","08-08-2026","2026 U.S. Masters Swimming Summer National Championship"
"Women ","25-29","50","Freestyle","5","28.38"," Grace Zhao","F27","TOC","3862-HAUGD","08-08-2026","2026 U.S. Masters Swimming Summer National Championship"
"Women ","25-29","50","Freestyle","6","28.62"," Michelle Owens","F27","TOC","3864-ZNGZ6","08-08-2026","2026 U.S. Masters Swimming Summer National Championship"
"Women ","25-29","50","Freestyle","7","30.04"," Madeleine C Swint","F26","STAN","386C-ZBYU4","08-08-2026","2026 U.S. Masters Swimming Summer National Championship"
"Women ","25-29","50","Freestyle","8","30.07"," Natalie Smith","F27","SMM","386M-0B3JU","07-13-2026","Pacific Masters LCM Championships"
"Women ","25-29","50","Freestyle","9","30.2"," Brenda M Shanahan","F29","QSS","3868-1665S","08-08-2026","2026 U.S. Masters Swimming Summer National Championship"
"Women ","25-29","50","Freestyle","10","30.3"," Emma Monnich","F29","SACMA","3869-B64V8","","2026 U.S. Masters Swimming Summer National Championship"
"Women ","25-29","50","Freestyle","11","30.86"," Sierra N Buell","F27","CCA","386H-9TVE7","08-08-2026","2026 U.S. Masters Swimming Summer National Championship"
"Women ","25-29","50","Freestyle","12","31.08"," Jessica Z Mi","F26","USF","386B-JVTC6","07-13-2026","Pacific Masters LCM Championships"
"Women ","25-29","50","Freestyle","13","31.24"," Nicole Sabina S Ticea","F28","STAN","386V-0B0MR","08-08-2026","2026 U.S. Masters Swimming Summer National Championship"
"Women ","25-29","50","Freestyle","14","31.77"," Jordan M Edner","F25","QSS","386H-BEFND","08-08-2026","2026 U.S. Masters Swimming Summer National Championship"
"Women ","25-29","50","Freestyle","15","32.17"," Samantha Sheridan","F25","STAN","386X-RY294","05-31-2026","BAC Long Course Meters Meet"
"Women ","25-29","50","Freestyle","16","32.2"," Ali N Smith","F26","HTUB","3863-YDUAH","07-13-2026","Pacific Masters LCM Championships"
"Women ","25-29","50","Freestyle","17","32.56"," Sophia Krafcik","F27","TVAM","386M-N6KS7","08-08-2026","2026 U.S. Masters Swimming Summer National Championship"
"Women ","25-29","50","Freestyle","18","32.82"," Michala N Roan","F29","SMAC","386P-AJ952","08-08-2026","2026 U.S. Masters Swimming Summer National Championship"
"Women ","25-29","50","Freestyle","19","33.04"," Emma M Wagner","F27","USF","3868-NG5FU","07-13-2026","Pacific Masters LCM Championships"
"Women ","25-29","50","Freestyle","20","33.55"," Laurel E Williams","F25","SACMA","3864-EFW1R","08-08-2026","2026 U.S. Masters Swimming Summer National Championship"
"Women ","25-29","50","Freestyle","21","33.77"," Grace A Baker","F29","USF","386K-0B270","","2026 U.S. Masters Swimming Summer National Championship"
"Women ","25-29","50","Freestyle","22","33.97"," Taya J Denney","F28","WCM","386Y-JNJPD","08-08-2026","2026 U.S. Masters Swimming Summer National Championship"
"Women ","25-29","50","Freestyle","23","35.61"," Zena A Meyer","F27","USF","3864-GH18U","07-13-2026","Pacific Masters LCM Championships"
"Women ","25-29","100","Freestyle","1","59.02"," Hannah Orbach-Mandel","F29","TOC","386Z-SYRSD","08-07-2026","2026 U.S. Masters Swimming Summer National Championship"
"Women ","25-29","100","Freestyle","2","59.81"," Ella R Blake","F25","STAN","3864-ED6YS","08-07-2026","2026 U.S. Masters Swimming Summer National Championship"
"Women ","25-29","100","Freestyle","3","1:01.00"," Cathy Teng","F26","TOC","386U-GA9YA","08-07-2026","2026 U.S. Masters Swimming Summer National Championship"
"Women ","25-29","100","Freestyle","4","1:01.69"," Veronika Divis","F26","USF","386F-VVF1F","08-07-2026","2026 U.S. Masters Swimming Summer National Championship"
"Women ","25-29","100","Freestyle","5","1:02.46"," Hannah M Kukurugya","F28","TOC","386G-DZWU4","08-07-2026","2026 U.S. Masters Swimming Summer National Championship"
"Women ","25-29","100","Freestyle","6","1:04.18"," Grace Zhao","F27","TOC","3862-HAUGD","08-07-2026","2026 U.S. Masters Swimming Summer National Championship"
"Women ","25-29","100","Freestyle","7","1:04.50"," Sarah Krawczyk","F25","SACMA","3863-DUZXC","08-07-2026","2026 U.S. Masters Swimming Summer National Championship"
"Women ","25-29","100","Freestyle","8","1:05.36"," Madeleine C Swint","F26","STAN","386C-ZBYU4","08-07-2026","2026 U.S. Masters Swimming Summer National Championship"
"Women ","25-29","100","Freestyle","9","1:06.28"," Sierra N Buell","F27","CCA","386H-9TVE7","07-13-2026","Pacific Masters LCM Championships"
"Women ","25-29","100","Freestyle","10","1:07.67"," Jessica Z Mi","F26","USF","386B-JVTC6","07-13-2026","Pacific Masters LCM Championships"
"Women ","25-29","100","Freestyle","11","1:07.92"," Brenda M Shanahan","F29","QSS","3868-1665S","08-07-2026","2026 U.S. Masters Swimming Summer National Championship"
"Women ","25-29","100","Freestyle","12","1:09.42"," Natalie Smith","F27","SMM","386M-0B3JU","05-31-2026","BAC Long Course Meters Meet"
"Women ","25-29","100","Freestyle","13","1:10.92"," Ali N Smith","F26","HTUB","3863-YDUAH","07-13-2026","Pacific Masters LCM Championships"
"Women ","25-29","100","Freestyle","14","1:13.44"," Samantha Sheridan","F25","STAN","386X-RY294","05-31-2026","BAC Long Course Meters Meet"
"Women ","25-29","100","Freestyle","15","1:14.51"," Lauren Prince","F28","WCM","3864-BZT0Y","08-07-2026","2026 U.S. Masters Swimming Summer National Championship"
"Women ","25-29","100","Freestyle","16","1:14.59"," Laurel E Williams","F25","SACMA","3864-EFW1R","08-07-2026","2026 U.S. Masters Swimming Summer National Championship"
"Women ","25-29","100","Freestyle","17","1:17.29"," Taya J Denney","F28","WCM","386Y-JNJPD","08-07-2026","2026 U.S. Masters Swimming Summer National Championship"
"Women ","25-29","100","Freestyle","18","1:18.84"," Nasim Ghasemiyeh","F28","RWR","386N-W5N06","08-07-2026","2026 U.S. Masters Swimming Summer National Championship"
"Women ","25-29","100","Freestyle","19","1:20.86"," Zena A Meyer","F27","USF","3864-GH18U","07-13-2026","Pacific Masters LCM Championships"
"Women ","25-29","100","Freestyle","20","1:44.31"," Jane A McKay","F27","UC38","386V-N5XDW","07-02-2026","Gay Games Valencia 2026"
"Women ","25-29","200","Freestyle","1","2:07.87"," Hannah Orbach-Mandel","F29","TOC","386Z-SYRSD","08-08-2026","2026 U.S. Masters Swimming Summer National Championship"
"Women ","25-29","200","Freestyle","2","2:14.56"," Veronika Divis","F26","USF","386F-VVF1F","07-14-2026","Pacific Masters LCM Championships"
"Women ","25-29","200","Freestyle","3","2:14.71"," Cathy Teng","F26","TOC","386U-GA9YA","08-08-2026","2026 U.S. Masters Swimming Summer National Championship"
"Women ","25-29","200","Freestyle","4","2:15.61"," Stephanie A Blankley","F28","USF","386K-REH1A","07-14-2026","Pacific Masters LCM Championships"
"Women ","25-29","200","Freestyle","5","2:20.36"," Nicole Sabina S Ticea","F28","STAN","386V-0B0MR","08-08-2026","2026 U.S. Masters Swimming Summer National Championship"
"Women ","25-29","200","Freestyle","6","2:25.16"," Sierra N Buell","F27","CCA","386H-9TVE7","08-08-2026","2026 U.S. Masters Swimming Summer National Championship"
"Women ","25-29","200","Freestyle","7","2:28.26"," Natalie Smith","F27","SMM","386M-0B3JU","05-31-2026","BAC Long Course Meters Meet"
"Women ","25-29","200","Freestyle","8","2:30.70"," Sara Y Ye","F28","UC38","3868-F4SGK","05-31-2026","BAC Long Course Meters Meet"
"Women ","25-29","200","Freestyle","9","2:33.10"," Jordan M Edner","F25","QSS","386H-BEFND","08-08-2026","2026 U.S. Masters Swimming Summer National Championship"
"Women ","25-29","200","Freestyle","10","2:38.07"," Brenda M Shanahan","F29","QSS","3868-1665S","07-14-2026","Pacific Masters LCM Championships"
"Women ","25-29","200","Freestyle","11","2:47.47"," Lauren Prince","F28","WCM","3864-BZT0Y","08-08-2026","2026 U.S. Masters Swimming Summer National Championship"
"Women ","25-29","200","Freestyle","12","3:28.46"," Daniela Arteaga","F27","RPM","386V-ZDS14","08-08-2026","2026 U.S. Masters Swimming Summer National Championship"
"Women ","25-29","400","Freestyle","1","4:30.15"," Ella R Blake","F25","STAN","3864-ED6YS","08-06-2026","2026 U.S. Masters Swimming Summer National Championship"
"Women ","25-29","400","Freestyle","2","4:39.90"," Hannah Orbach-Mandel","F29","TOC","386Z-SYRSD","08-06-2026","2026 U.S. Masters Swimming Summer National Championship"
"Women ","25-29","400","Freestyle","3","4:47.57"," Stephanie A Blankley","F28","USF","386K-REH1A","07-14-2026","Pacific Masters LCM Championships"
"Women ","25-29","400","Freestyle","4","5:02.80"," Natalie Smith","F27","SMM","386M-0B3JU","07-14-2026","Pacific Masters LCM Championships"
"Women ","25-29","400","Freestyle","5","5:25.12"," Vivian A Crow","F29","DAM","386H-09ZR6","05-31-2026","BAC Long Course Meters Meet"
"Women ","25-29","400","Freestyle","6","5:33.88"," Brenda M Shanahan","F29","QSS","3868-1665S","08-06-2026","2026 U.S. Masters Swimming Summer National Championship"
"Women ","25-29","400","Freestyle","7","8:09.08"," Katherine B Goyal","F28","CSTS","386F-7E4S7","05-31-2026","BAC Long Course Meters Meet"
"Women ","25-29","800","Freestyle","1","10:06.44"," Stephanie A Blankley","F28","USF","386K-REH1A","07-12-2026","Pacific Masters LCM Championships"
"Women ","25-29","800","Freestyle","2","10:14.48"," Nicole Sabina S Ticea","F28","STAN","386V-0B0MR","08-09-2026","2026 U.S. Masters Swimming Summer National Championship"
"Women ","25-29","800","Freestyle","3","10:17.46"," Natalie Smith","F27","SMM","386M-0B3JU","08-09-2026","2026 U.S. Masters Swimming Summer National Championship"
"Women ","25-29","800","Freestyle","4","11:07.25"," Vivian A Crow","F29","DAM","386H-09ZR6","07-12-2026","Pacific Masters LCM Championships"
"Women ","25-29","800","Freestyle","5","11:11.06"," Jordan M Edner","F25","QSS","386H-BEFND","08-09-2026","2026 U.S. Masters Swimming Summer National Championship"
"Women ","25-29","800","Freestyle","6","11:49.19"," Brenda M Shanahan","F29","QSS","3868-1665S","07-13-2026","Pacific Masters LCM Championships"
"Women ","25-29","1500","Freestyle","1","18:14.20"," Ella R Blake","F25","STAN","3864-ED6YS","08-05-2026","2026 U.S. Masters Swimming Summer National Championship"
"Women ","25-29","1500","Freestyle","2","19:01.69"," Stephanie A Blankley","F28","USF","386K-REH1A","07-12-2026","Pacific Masters LCM Championships"
"Women ","25-29","1500","Freestyle","3","20:57.06"," Vivian A Crow","F29","DAM","386H-09ZR6","07-12-2026","Pacific Masters LCM Championships"
"Women ","25-29","1500","Freestyle","4","25:08.53"," Nasim Ghasemiyeh","F28","RWR","386N-W5N06","08-05-2026","2026 U.S. Masters Swimming Summer National Championship"
"Women ","25-29","50","Backstroke","1","30.9"," Miki S Dahlke","F28","TOC","386B-ZDR36","08-08-2026","2026 U.S. Masters Swimming Summer National Championship"
"Women ","25-29","50","Backstroke","2","32.49"," Grace Zhao","F27","TOC","3862-HAUGD","08-08-2026","2026 U.S. Masters Swimming Summer National Championship"
"Women ","25-29","50","Backstroke","3","33.27"," Sarah Krawczyk","F25","SACMA","3863-DUZXC","08-08-2026","2026 U.S. Masters Swimming Summer National Championship"
"Women ","25-29","50","Backstroke","4","34.08"," Madeleine C Swint","F26","STAN","386C-ZBYU4","","2026 U.S. Masters Swimming Summer National Championship"
"Women ","25-29","50","Backstroke","5","34.64"," Emma Monnich","F29","SACMA","3869-B64V8","","2026 U.S. Masters Swimming Summer National Championship"
"Women ","25-29","50","Backstroke","6","35.57"," Sara Y Ye","F28","UC38","3868-F4SGK","05-31-2026","BAC Long Course Meters Meet"
"Women ","25-29","50","Backstroke","7","36.01"," Kenya K Lam","F27","USF","3860-WNTTR","07-13-2026","Pacific Masters LCM Championships"
"Women ","25-29","50","Backstroke","8","36.1"," Sophia Krafcik","F27","TVAM","386M-N6KS7","08-08-2026","2026 U.S. Masters Swimming Summer National Championship"
"Women ","25-29","50","Backstroke","9","37.14"," Emma M Wagner","F27","USF","3868-NG5FU","07-13-2026","Pacific Masters LCM Championships"
"Women ","25-29","50","Backstroke","10","37.98"," Nicole Sabina S Ticea","F28","STAN","386V-0B0MR","08-08-2026","2026 U.S. Masters Swimming Summer National Championship"
"Women ","25-29","50","Backstroke","11","39.19"," Jessica Z Mi","F26","USF","386B-JVTC6","07-13-2026","Pacific Masters LCM Championships"
"Women ","25-29","50","Backstroke","12","39.81"," Laurel E Williams","F25","SACMA","3864-EFW1R","","2026 U.S. Masters Swimming Summer National Championship"
"Women ","25-29","50","Backstroke","13","39.94"," Michala N Roan","F29","SMAC","386P-AJ952","08-08-2026","2026 U.S. Masters Swimming Summer National Championship"
"Women ","25-29","50","Backstroke","14","41.16"," Taya J Denney","F28","WCM","386Y-JNJPD","08-08-2026","2026 U.S. Masters Swimming Summer National Championship"
"Women ","25-29","100","Backstroke","1","1:12.40"," Cathy Teng","F26","TOC","386U-GA9YA","08-06-2026","2026 U.S. Masters Swimming Summer National Championship"
"Women ","25-29","100","Backstroke","2","1:16.72"," Kenya K Lam","F27","USF","3860-WNTTR","08-06-2026","2026 U.S. Masters Swimming Summer National Championship"
"Women ","25-29","100","Backstroke","3","1:19.16"," Vivian A Crow","F29","DAM","386H-09ZR6","05-31-2026","BAC Long Course Meters Meet"
"Women ","25-29","100","Backstroke","4","1:19.86"," Brenda M Shanahan","F29","QSS","3868-1665S","08-06-2026","2026 U.S. Masters Swimming Summer National Championship"
"Women ","25-29","100","Backstroke","5","1:24.00"," Amalia Luthens","F26","UC38","3868-F7KUP","06-27-2026","FAST Masters Long Course Pineapple Challenge"
"Women ","25-29","100","Backstroke","6","1:26.91"," Laurel E Williams","F25","SACMA","3864-EFW1R","08-06-2026","2026 U.S. Masters Swimming Summer National Championship"
"Women ","25-29","100","Backstroke","7","1:27.54"," Samantha Sheridan","F25","STAN","386X-RY294","05-31-2026","BAC Long Course Meters Meet"
"Women ","25-29","200","Backstroke","1","2:33.33"," Michelle Owens","F27","TOC","3864-ZNGZ6","08-09-2026","2026 U.S. Masters Swimming Summer National Championship"
"Women ","25-29","200","Backstroke","2","2:38.26"," Hannah M Kukurugya","F28","TOC","386G-DZWU4","08-09-2026","2026 U.S. Masters Swimming Summer National Championship"
"Women ","25-29","200","Backstroke","3","2:39.92"," Madeleine C Swint","F26","STAN","386C-ZBYU4","08-09-2026","2026 U.S. Masters Swimming Summer National Championship"
"Women ","25-29","200","Backstroke","4","3:02.58"," Emma M Wagner","F27","USF","3868-NG5FU","07-13-2026","Pacific Masters LCM Championships"
"Women ","25-29","50","Breaststroke","1","34.65"," Grace Zhao","F27","TOC","3862-HAUGD","08-07-2026","2026 U.S. Masters Swimming Summer National Championship"
"Women ","25-29","50","Breaststroke","2","35.35"," Natalie Smith","F27","SMM","386M-0B3JU","05-31-2026","BAC Long Course Meters Meet"
"Women ","25-29","50","Breaststroke","3","36.59"," Izzie M Fraire","F26","WGM","386X-D85KK","05-31-2026","BAC Long Course Meters Meet"
"Women ","25-29","50","Breaststroke","4","37.04"," Veronika Divis","F26","USF","386F-VVF1F","08-07-2026","2026 U.S. Masters Swimming Summer National Championship"
"Women ","25-29","50","Breaststroke","5","38"," Hannah M Kukurugya","F28","TOC","386G-DZWU4","08-07-2026","2026 U.S. Masters Swimming Summer National Championship"
"Women ","25-29","50","Breaststroke","6","39.32"," Sierra N Buell","F27","CCA","386H-9TVE7","08-07-2026","2026 U.S. Masters Swimming Summer National Championship"
"Women ","25-29","50","Breaststroke","7","39.81"," Kenya K Lam","F27","USF","3860-WNTTR","08-07-2026","2026 U.S. Masters Swimming Summer National Championship"
"Women ","25-29","50","Breaststroke","8","39.94"," Brenda M Shanahan","F29","QSS","3868-1665S","08-07-2026","2026 U.S. Masters Swimming Summer National Championship"
"Women ","25-29","50","Breaststroke","9","41.9"," Samantha Sheridan","F25","STAN","386X-RY294","05-31-2026","BAC Long Course Meters Meet"
"Women ","25-29","50","Breaststroke","10","43.24"," Grace A Baker","F29","USF","386K-0B270","08-07-2026","2026 U.S. Masters Swimming Summer National Championship"
"Women ","25-29","50","Breaststroke","11","47.41"," Amalia Luthens","F26","UC38","3868-F7KUP","06-27-2026","FAST Masters Long Course Pineapple Challenge"
"Women ","25-29","100","Breaststroke","1","1:17.04"," Grace Zhao","F27","TOC","3862-HAUGD","08-08-2026","2026 U.S. Masters Swimming Summer National Championship"
"Women ","25-29","100","Breaststroke","2","1:19.04"," Michelle Owens","F27","TOC","3864-ZNGZ6","08-08-2026","2026 U.S. Masters Swimming Summer National Championship"
"Women ","25-29","100","Breaststroke","3","1:19.14"," Natalie Smith","F27","SMM","386M-0B3JU","08-08-2026","2026 U.S. Masters Swimming Summer National Championship"
"Women ","25-29","100","Breaststroke","4","1:19.58"," Veronika Divis","F26","USF","386F-VVF1F","08-08-2026","2026 U.S. Masters Swimming Summer National Championship"
"Women ","25-29","100","Breaststroke","5","1:21.71"," Izzie M Fraire","F26","WGM","386X-D85KK","05-31-2026","BAC Long Course Meters Meet"
"Women ","25-29","100","Breaststroke","6","1:22.37"," Miki S Dahlke","F28","TOC","386B-ZDR36","08-08-2026","2026 U.S. Masters Swimming Summer National Championship"
"Women ","25-29","100","Breaststroke","7","1:22.90"," Hannah M Kukurugya","F28","TOC","386G-DZWU4","08-08-2026","2026 U.S. Masters Swimming Summer National Championship"
"Women ","25-29","100","Breaststroke","8","1:25.21"," Sierra N Buell","F27","CCA","386H-9TVE7","08-08-2026","2026 U.S. Masters Swimming Summer National Championship"
"Women ","25-29","100","Breaststroke","9","1:30.73"," Kenya K Lam","F27","USF","3860-WNTTR","07-13-2026","Pacific Masters LCM Championships"
"Women ","25-29","100","Breaststroke","10","1:31.86"," Sara Y Ye","F28","UC38","3868-F4SGK","05-31-2026","BAC Long Course Meters Meet"
"Women ","25-29","100","Breaststroke","11","1:48.69"," Zena A Meyer","F27","USF","3864-GH18U","07-13-2026","Pacific Masters LCM Championships"
"Women ","25-29","200","Breaststroke","1","2:53.85"," Natalie Smith","F27","SMM","386M-0B3JU","08-06-2026","2026 U.S. Masters Swimming Summer National Championship"
"Women ","25-29","200","Breaststroke","2","3:02.78"," Sierra N Buell","F27","CCA","386H-9TVE7","08-06-2026","2026 U.S. Masters Swimming Summer National Championship"
"Women ","25-29","200","Breaststroke","3","3:04.15"," Kenya K Lam","F27","USF","3860-WNTTR","08-06-2026","2026 U.S. Masters Swimming Summer National Championship"
"Women ","25-29","200","Breaststroke","4","3:24.89"," Grace A Baker","F29","USF","386K-0B270","08-06-2026","2026 U.S. Masters Swimming Summer National Championship"
"Women ","25-29","50","Butterfly","1","27.92"," Miki S Dahlke","F28","TOC","386B-ZDR36","08-09-2026","2026 U.S. Masters Swimming Summer National Championship"
"Women ","25-29","50","Butterfly","2","29.61"," Hannah Orbach-Mandel","F29","TOC","386Z-SYRSD","08-09-2026","2026 U.S. Masters Swimming Summer National Championship"
"Women ","25-29","50","Butterfly","3","30.49"," Grace Zhao","F27","TOC","3862-HAUGD","08-09-2026","2026 U.S. Masters Swimming Summer National Championship"
"Women ","25-29","50","Butterfly","4","30.7"," Hannah M Kukurugya","F28","TOC","386G-DZWU4","08-09-2026","2026 U.S. Masters Swimming Summer National Championship"
"Women ","25-29","50","Butterfly","5","30.87"," Casey J DeLano","F28","USF","3868-MY2CA","05-31-2026","BAC Long Course Meters Meet"
"Women ","25-29","50","Butterfly","6","32.48"," Madeleine C Swint","F26","STAN","386C-ZBYU4","08-09-2026","2026 U.S. Masters Swimming Summer National Championship"
"Women ","25-29","50","Butterfly","7","32.51"," Sara Y Ye","F28","UC38","3868-F4SGK","05-31-2026","BAC Long Course Meters Meet"
"Women ","25-29","50","Butterfly","8","32.83"," Stephanie A Blankley","F28","USF","386K-REH1A","07-14-2026","Pacific Masters LCM Championships"
"Women ","25-29","50","Butterfly","9","33.26"," Nicole Sabina S Ticea","F28","STAN","386V-0B0MR","08-09-2026","2026 U.S. Masters Swimming Summer National Championship"
"Women ","25-29","50","Butterfly","10","33.59"," Sophia Krafcik","F27","TVAM","386M-N6KS7","08-09-2026","2026 U.S. Masters Swimming Summer National Championship"
"Women ","25-29","50","Butterfly","11","33.68"," Izzie M Fraire","F26","WGM","386X-D85KK","05-31-2026","BAC Long Course Meters Meet"
"Women ","25-29","50","Butterfly","12","35.43"," Samantha Sheridan","F25","STAN","386X-RY294","05-31-2026","BAC Long Course Meters Meet"
"Women ","25-29","50","Butterfly","13","35.61"," Brenda M Shanahan","F29","QSS","3868-1665S","07-14-2026","Pacific Masters LCM Championships"
"Women ","25-29","50","Butterfly","14","36.22"," Ali N Smith","F26","HTUB","3863-YDUAH","07-14-2026","Pacific Masters LCM Championships"
"Women ","25-29","50","Butterfly","15","40.37"," Kaila Waineo","F29","SACMA","386B-7Y9E2","08-09-2026","2026 U.S. Masters Swimming Summer National Championship"
"Women ","25-29","50","Butterfly","16","42"," Amalia Luthens","F26","UC38","3868-F7KUP","06-27-2026","FAST Masters Long Course Pineapple Challenge"
"Women ","25-29","50","Butterfly","17","43.71"," Nasim Ghasemiyeh","F28","RWR","386N-W5N06","08-09-2026","2026 U.S. Masters Swimming Summer National Championship"
"Women ","25-29","100","Butterfly","1","1:06.26"," Veronika Divis","F26","USF","386F-VVF1F","08-06-2026","2026 U.S. Masters Swimming Summer National Championship"
"Women ","25-29","100","Butterfly","2","1:06.50"," Cathy Teng","F26","TOC","386U-GA9YA","08-06-2026","2026 U.S. Masters Swimming Summer National Championship"
"Women ","25-29","100","Butterfly","3","1:07.28"," Hannah Orbach-Mandel","F29","TOC","386Z-SYRSD","08-06-2026","2026 U.S. Masters Swimming Summer National Championship"
"Women ","25-29","100","Butterfly","4","1:14.63"," Madeleine C Swint","F26","STAN","386C-ZBYU4","08-06-2026","2026 U.S. Masters Swimming Summer National Championship"
"Women ","25-29","100","Butterfly","5","1:16.07"," Sara Y Ye","F28","UC38","3868-F4SGK","05-31-2026","BAC Long Course Meters Meet"
"Women ","25-29","100","Butterfly","6","1:16.75"," Kenya K Lam","F27","USF","3860-WNTTR","07-13-2026","Pacific Masters LCM Championships"
"Women ","25-29","100","Butterfly","7","1:17.46"," Jessica Z Mi","F26","USF","386B-JVTC6","07-13-2026","Pacific Masters LCM Championships"
"Women ","25-29","100","Butterfly","8","1:25.00"," Sophia Krafcik","F27","TVAM","386M-N6KS7","08-06-2026","2026 U.S. Masters Swimming Summer National Championship"
"Women ","25-29","100","Butterfly","9","1:26.69"," Ali N Smith","F26","HTUB","3863-YDUAH","07-13-2026","Pacific Masters LCM Championships"
"Women ","25-29","100","Butterfly","10","1:31.72"," Grace A Baker","F29","USF","386K-0B270","08-06-2026","2026 U.S. Masters Swimming Summer National Championship"
"Women ","25-29","100","Butterfly","11","1:32.96"," Zena A Meyer","F27","USF","3864-GH18U","07-13-2026","Pacific Masters LCM Championships"
"Women ","25-29","200","Butterfly","1","2:30.99"," Veronika Divis","F26","USF","386F-VVF1F","08-07-2026","2026 U.S. Masters Swimming Summer National Championship"
"Women ","25-29","200","Butterfly","2","2:56.20"," Kenya K Lam","F27","USF","3860-WNTTR","08-07-2026","2026 U.S. Masters Swimming Summer National Championship"
"Women ","25-29","200","Butterfly","3","3:15.93"," Brenda M Shanahan","F29","QSS","3868-1665S","07-14-2026","Pacific Masters LCM Championships"
"Women ","25-29","200","Individual Medley","1","2:32.50"," Cathy Teng","F26","TOC","386U-GA9YA","08-08-2026","2026 U.S. Masters Swimming Summer National Championship"
"Women ","25-29","200","Individual Medley","2","2:36.11"," Hannah M Kukurugya","F28","TOC","386G-DZWU4","08-08-2026","2026 U.S. Masters Swimming Summer National Championship"
"Women ","25-29","200","Individual Medley","3","2:43.28"," Stephanie A Blankley","F28","USF","386K-REH1A","07-14-2026","Pacific Masters LCM Championships"
"Women ","25-29","200","Individual Medley","4","2:43.43"," Sarah Krawczyk","F25","SACMA","3863-DUZXC","08-08-2026","2026 U.S. Masters Swimming Summer National Championship"
"Women ","25-29","200","Individual Medley","5","2:43.72"," Madeleine C Swint","F26","STAN","386C-ZBYU4","08-08-2026","2026 U.S. Masters Swimming Summer National Championship"
"Women ","25-29","200","Individual Medley","6","2:46.85"," Sierra N Buell","F27","CCA","386H-9TVE7","07-14-2026","Pacific Masters LCM Championships"
"Women ","25-29","200","Individual Medley","7","2:50.20"," Brenda M Shanahan","F29","QSS","3868-1665S","08-08-2026","2026 U.S. Masters Swimming Summer National Championship"
"Women ","25-29","200","Individual Medley","8","2:54.09"," Sara Y Ye","F28","UC38","3868-F4SGK","05-31-2026","BAC Long Course Meters Meet"
"Women ","25-29","200","Individual Medley","9","3:00.91"," Ali N Smith","F26","HTUB","3863-YDUAH","07-14-2026","Pacific Masters LCM Championships"
"Women ","25-29","200","Individual Medley","10","3:10.21"," Lauren Prince","F28","WCM","3864-BZT0Y","08-08-2026","2026 U.S. Masters Swimming Summer National Championship"
"Women ","25-29","200","Individual Medley","11","3:12.09"," Michala N Roan","F29","SMAC","386P-AJ952","08-08-2026","2026 U.S. Masters Swimming Summer National Championship"
"Women ","25-29","400","Individual Medley","1","5:27.68"," Cathy Teng","F26","TOC","386U-GA9YA","08-07-2026","2026 U.S. Masters Swimming Summer National Championship"
"Women ","25-29","400","Individual Medley","2","5:54.50"," Stephanie A Blankley","F28","USF","386K-REH1A","07-12-2026","Pacific Masters LCM Championships"
"Women ","25-29","400","Individual Medley","3","6:50.96"," Grace A Baker","F29","USF","386K-0B270","08-07-2026","2026 U.S. Masters Swimming Summer National Championship"
"Women ","30-34","50","Freestyle","1","26.71"," Virginia B Andrew","F30","TOC","386H-21JXF","08-08-2026","2026 U.S. Masters Swimming Summer National Championship"
"Women ","30-34","50","Freestyle","2","27.68"," Felicia Lee","F34","TOC","386V-0AG6V","08-08-2026","2026 U.S. Masters Swimming Summer National Championship"
"Women ","30-34","50","Freestyle","3","28.57"," Annabel Bird","F31","WCM","386W-8MJJ3","","2026 U.S. Masters Swimming Summer National Championship"
"Women ","30-34","50","Freestyle","4","28.92"," Catherine V Ladd","F30","TOC","386D-0AWGU","","2026 U.S. Masters Swimming Summer National Championship"
"Women ","30-34","50","Freestyle","5","29.21"," Allyson L Hansen","F33","WCM","386B-F0427","08-08-2026","2026 U.S. Masters Swimming Summer National Championship"
"Women ","30-34","50","Freestyle","6","29.3"," Kelsey Lange","F32","SJCF","386X-0AJNM","05-31-2026","BAC Long Course Meters Meet"
"Women ","30-34","50","Freestyle","7","29.64"," Kaia R Peacock","F34","TSUN","386A-5VVSU","06-30-2026","Gay Games Valencia 2026"
"Women ","30-34","50","Freestyle","8","29.65"," Paulina M Kaminski","F30","TOC","386D-G6KYX","08-08-2026","2026 U.S. Masters Swimming Summer National Championship"
"Women ","30-34","50","Freestyle","9","30.17"," Charlotte J Kamai","F32","USF","3863-09W1Z","08-08-2026","2026 U.S. Masters Swimming Summer National Championship"
"Women ","30-34","50","Freestyle","10","30.19"," Alli Gillespie","F33","SJCF","386R-4KU2N","05-31-2026","BAC Long Course Meters Meet"
"Women ","30-34","50","Freestyle","11","30.49"," Reiko Akimoto","F34","MAM","386T-N695B","08-08-2026","2026 U.S. Masters Swimming Summer National Championship"
"Women ","30-34","50","Freestyle","12","31.24"," Jenn Hwang","F34","WCM","386D-09GHM","","2026 U.S. Masters Swimming Summer National Championship"
"Women ","30-34","50","Freestyle","13","31.57"," Serena Y Chang","F31","TSUN","386B-SVM4B","06-30-2026","Gay Games Valencia 2026"
"Women ","30-34","50","Freestyle","14","31.75"," Ariana Tomasello","F31","SJCF","3863-44HEY","08-08-2026","2026 U.S. Masters Swimming Summer National Championship"
"Women ","30-34","50","Freestyle","15","31.89"," Kaitlyn E Riley","F32","CMAM","386G-08D11","08-08-2026","2026 U.S. Masters Swimming Summer National Championship"
"Women ","30-34","50","Freestyle","16","32.18"," Lissi Knell","F32","CRUZ","3862-098S8","08-08-2026","2026 U.S. Masters Swimming Summer National Championship"
"Women ","30-34","50","Freestyle","17","32.48"," Michelle Rodrigue","F34","MEMO","3868-0B3MH","08-08-2026","2026 U.S. Masters Swimming Summer National Championship"
"Women ","30-34","50","Freestyle","18","32.62"," Laura Gonzalez Ospina","F32","SACMA","3864-E1J58","","2026 U.S. Masters Swimming Summer National Championship"
"Women ","30-34","50","Freestyle","19","33.44"," McKenzie Quinn","F34","UC38","3860-GX57C","06-30-2026","Gay Games Valencia 2026"
"Women ","30-34","50","Freestyle","20","33.54"," Genevieve Heidkamp","F33","TSUN","386K-SD6ZH","06-30-2026","Gay Games Valencia 2026"
"Women ","30-34","50","Freestyle","21","34.77"," Morgan A Morris","F32","SACMA","386X-FA5C8","05-31-2026","BAC Long Course Meters Meet"
"Women ","30-34","50","Freestyle","22","35.29"," Nicole M Grottkau","F34","UC38","386Z-09UTY","08-08-2026","2026 U.S. Masters Swimming Summer National Championship"
"Women ","30-34","50","Freestyle","23","35.33"," Paige S Rossi","F30","USF","3860-NMSVF","07-13-2026","Pacific Masters LCM Championships"
"Women ","30-34","50","Freestyle","24","36.51"," Emily E Claveau","F30","SACMA","386H-KCUDG","08-08-2026","2026 U.S. Masters Swimming Summer National Championship"
"Women ","30-34","50","Freestyle","25","36.77"," Elizabeth J Hamp","F31","USF","386X-F12T1","07-13-2026","Pacific Masters LCM Championships"
"Women ","30-34","50","Freestyle","26","37.05"," Kimberly A Standal","F33","UC38","386U-4VTDP","05-31-2026","BAC Long Course Meters Meet"
"Women ","30-34","50","Freestyle","27","38.55"," Emily Woo","F31","MEMO","3861-6WJ2N","05-31-2026","BAC Long Course Meters Meet"
"Women ","30-34","50","Freestyle","28","51.26"," Irina Yegorova","F30","WCM","3861-F2WZP","06-21-2026","2026 IE VS Starlight Open"
"Women ","30-34","100","Freestyle","1","58.75"," Virginia B Andrew","F30","TOC","386H-21JXF","08-07-2026","2026 U.S. Masters Swimming Summer National Championship"
"Women ","30-34","100","Freestyle","2","59.75"," Felicia Lee","F34","TOC","386V-0AG6V","08-07-2026","2026 U.S. Masters Swimming Summer National Championship"
"Women ","30-34","100","Freestyle","3","1:02.70"," Haley Hamza","F30","WCM","386E-14WZ1","08-07-2026","2026 U.S. Masters Swimming Summer National Championship"
"Women ","30-34","100","Freestyle","4","1:02.74"," Catherine V Ladd","F30","TOC","386D-0AWGU","08-07-2026","2026 U.S. Masters Swimming Summer National Championship"
"Women ","30-34","100","Freestyle","5","1:03.41"," Annabel Bird","F31","WCM","386W-8MJJ3","08-07-2026","2026 U.S. Masters Swimming Summer National Championship"
"Women ","30-34","100","Freestyle","6","1:03.89"," Paulina M Kaminski","F30","TOC","386D-G6KYX","08-07-2026","2026 U.S. Masters Swimming Summer National Championship"
"Women ","30-34","100","Freestyle","7","1:05.00"," Kelsey Lange","F32","SJCF","386X-0AJNM","05-31-2026","BAC Long Course Meters Meet"
"Women ","30-34","100","Freestyle","8","1:05.25"," Kaia R Peacock","F34","TSUN","386A-5VVSU","05-31-2026","BAC Long Course Meters Meet"
"Women ","30-34","100","Freestyle","9","1:05.25"," Morgan A Morris","F32","SACMA","386X-FA5C8","08-07-2026","2026 U.S. Masters Swimming Summer National Championship"
"Women ","30-34","100","Freestyle","10","1:05.87"," Charlotte J Kamai","F32","USF","3863-09W1Z","08-07-2026","2026 U.S. Masters Swimming Summer National Championship"
"Women ","30-34","100","Freestyle","11","1:06.46"," Alli Gillespie","F33","SJCF","386R-4KU2N","05-31-2026","BAC Long Course Meters Meet"
"Women ","30-34","100","Freestyle","12","1:08.04"," Reiko Akimoto","F34","MAM","386T-N695B","08-07-2026","2026 U.S. Masters Swimming Summer National Championship"
"Women ","30-34","100","Freestyle","13","1:09.54"," Jenn Hwang","F34","WCM","386D-09GHM","08-07-2026","2026 U.S. Masters Swimming Summer National Championship"
"Women ","30-34","100","Freestyle","14","1:12.10"," Serena Y Chang","F31","TSUN","386B-SVM4B","07-02-2026","Gay Games Valencia 2026"
"Women ","30-34","100","Freestyle","15","1:14.76"," Ariana Tomasello","F31","SJCF","3863-44HEY","08-07-2026","2026 U.S. Masters Swimming Summer National Championship"
"Women ","30-34","100","Freestyle","16","1:17.17"," Paige S Rossi","F30","USF","3860-NMSVF","07-13-2026","Pacific Masters LCM Championships"
"Women ","30-34","100","Freestyle","17","1:19.35"," Elizabeth J Hamp","F31","USF","386X-F12T1","07-13-2026","Pacific Masters LCM Championships"
"Women ","30-34","100","Freestyle","18","1:20.72"," Laurel Woerner","F34","CRUZ","386H-4H8ZR","05-31-2026","BAC Long Course Meters Meet"
"Women ","30-34","100","Freestyle","19","1:23.31"," Devin Redor","F31","MEMO","386P-B13TU","08-07-2026","2026 U.S. Masters Swimming Summer National Championship"
"Women ","30-34","100","Freestyle","20","1:25.04"," Genevieve Heidkamp","F33","TSUN","386K-SD6ZH","07-02-2026","Gay Games Valencia 2026"
"Women ","30-34","100","Freestyle","21","1:53.32"," Irina Yegorova","F30","WCM","3861-F2WZP","06-19-2026","2026 IE VS Starlight Open"
"Women ","30-34","200","Freestyle","1","2:12.02"," Virginia B Andrew","F30","TOC","386H-21JXF","08-08-2026","2026 U.S. Masters Swimming Summer National Championship"
"Women ","30-34","200","Freestyle","2","2:17.27"," Allyson L Hansen","F33","WCM","386B-F0427","08-08-2026","2026 U.S. Masters Swimming Summer National Championship"
"Women ","30-34","200","Freestyle","3","2:23.01"," Morgan A Morris","F32","SACMA","386X-FA5C8","08-08-2026","2026 U.S. Masters Swimming Summer National Championship"
"Women ","30-34","200","Freestyle","4","2:24.05"," Haley Hamza","F30","WCM","386E-14WZ1","07-14-2026","Pacific Masters LCM Championships"
"Women ","30-34","200","Freestyle","5","2:28.34"," Kelsey Lange","F32","SJCF","386X-0AJNM","05-31-2026","BAC Long Course Meters Meet"
"Women ","30-34","200","Freestyle","6","2:34.07"," Brittany E Schroeder","F33","TVAM","386B-EPWVE","08-08-2026","2026 U.S. Masters Swimming Summer National Championship"
"Women ","30-34","200","Freestyle","7","2:34.88"," Laura Gonzalez Ospina","F32","SACMA","3864-E1J58","08-08-2026","2026 U.S. Masters Swimming Summer National Championship"
"Women ","30-34","200","Freestyle","8","2:40.18"," Michelle Rodrigue","F34","MEMO","3868-0B3MH","08-08-2026","2026 U.S. Masters Swimming Summer National Championship"
"Women ","30-34","200","Freestyle","9","2:40.95"," Reiko Akimoto","F34","MAM","386T-N695B","08-08-2026","2026 U.S. Masters Swimming Summer National Championship"
"Women ","30-34","200","Freestyle","10","2:43.06"," Jenn Hwang","F34","WCM","386D-09GHM","07-14-2026","Pacific Masters LCM Championships"
"Women ","30-34","200","Freestyle","11","2:48.28"," Amanda Chinn","F31","USF","3863-FAC22","07-14-2026","Pacific Masters LCM Championships"
"Women ","30-34","200","Freestyle","12","3:06.29"," Emily Woo","F31","MEMO","3861-6WJ2N","05-31-2026","BAC Long Course Meters Meet"
"Women ","30-34","200","Freestyle","13","4:01.59"," Irina Yegorova","F30","WCM","3861-F2WZP","06-20-2026","2026 IE VS Starlight Open"
"Women ","30-34","400","Freestyle","1","4:30.02"," Allison A Arnold","F34","TOC","386H-09827","08-06-2026","2026 U.S. Masters Swimming Summer National Championship"
"Women ","30-34","400","Freestyle","2","4:57.42"," Haley Hamza","F30","WCM","386E-14WZ1","07-14-2026","Pacific Masters LCM Championships"
"Women ","30-34","400","Freestyle","3","5:04.35"," Morgan A Morris","F32","SACMA","386X-FA5C8","08-06-2026","2026 U.S. Masters Swimming Summer National Championship"
"Women ","30-34","400","Freestyle","4","5:08.82"," Annabel Bird","F31","WCM","386W-8MJJ3","08-06-2026","2026 U.S. Masters Swimming Summer National Championship"
"Women ","30-34","400","Freestyle","5","5:15.76"," Lissi Knell","F32","CRUZ","3862-098S8","08-06-2026","2026 U.S. Masters Swimming Summer National Championship"
"Women ","30-34","400","Freestyle","6","5:29.65"," Brittany E Schroeder","F33","TVAM","386B-EPWVE","08-06-2026","2026 U.S. Masters Swimming Summer National Championship"
"Women ","30-34","400","Freestyle","7","5:51.12"," Jenn Hwang","F34","WCM","386D-09GHM","07-14-2026","Pacific Masters LCM Championships"
"Women ","30-34","400","Freestyle","8","6:14.11"," Emily Woo","F31","MEMO","3861-6WJ2N","08-06-2026","2026 U.S. Masters Swimming Summer National Championship"
"Women ","30-34","400","Freestyle","9","8:13.14"," Irina Yegorova","F30","WCM","3861-F2WZP","06-20-2026","2026 IE VS Starlight Open"
"Women ","30-34","800","Freestyle","1","9:53.56"," Haley Hamza","F30","WCM","386E-14WZ1","08-09-2026","2026 U.S. Masters Swimming Summer National Championship"
"Women ","30-34","800","Freestyle","2","10:08.43"," Allyson L Hansen","F33","WCM","386B-F0427","08-09-2026","2026 U.S. Masters Swimming Summer National Championship"
"Women ","30-34","800","Freestyle","3","10:36.16"," Elyssa Pedote","F33","TOC","386W-0A9T3","08-09-2026","2026 U.S. Masters Swimming Summer National Championship"
"Women ","30-34","800","Freestyle","4","10:50.14"," Morgan A Morris","F32","SACMA","386X-FA5C8","07-12-2026","Pacific Masters LCM Championships"
"Women ","30-34","800","Freestyle","5","12:26.36"," Paige S Rossi","F30","USF","3860-NMSVF","07-13-2026","Pacific Masters LCM Championships"
"Women ","30-34","800","Freestyle","6","12:57.45"," Emily E Claveau","F30","SACMA","386H-KCUDG","08-09-2026","2026 U.S. Masters Swimming Summer National Championship"
"Women ","30-34","800","Freestyle","7","13:08.45"," Emily Woo","F31","MEMO","3861-6WJ2N","07-13-2026","Pacific Masters LCM Championships"
"Women ","30-34","800","Freestyle","8","16:52.72"," Irina Yegorova","F30","WCM","3861-F2WZP","06-19-2026","2026 IE VS Starlight Open"
"Women ","30-34","1500","Freestyle","1","17:57.31"," Allison A Arnold","F34","TOC","386H-09827","08-05-2026","2026 U.S. Masters Swimming Summer National Championship"
"Women ","30-34","1500","Freestyle","2","19:16.46"," Haley Hamza","F30","WCM","386E-14WZ1","07-12-2026","Pacific Masters LCM Championships"
"Women ","30-34","1500","Freestyle","3","19:58.07"," Morgan A Morris","F32","SACMA","386X-FA5C8","08-05-2026","2026 U.S. Masters Swimming Summer National Championship"
"Women ","30-34","1500","Freestyle","4","24:01.17"," Paige S Rossi","F30","USF","3860-NMSVF","07-12-2026","Pacific Masters LCM Championships"
"Women ","30-34","50","Backstroke","1","30.76"," Felicia Lee","F34","TOC","386V-0AG6V","","2026 U.S. Masters Swimming Summer National Championship"
"Women ","30-34","50","Backstroke","2","32.02"," Selby C Sturzenegger","F30","TOC","386X-893H7","08-08-2026","2026 U.S. Masters Swimming Summer National Championship"
"Women ","30-34","50","Backstroke","3","32.27"," Virginia B Andrew","F30","TOC","386H-21JXF","08-08-2026","2026 U.S. Masters Swimming Summer National Championship"
"Women ","30-34","50","Backstroke","4","32.87"," Haley Hamza","F30","WCM","386E-14WZ1","08-08-2026","2026 U.S. Masters Swimming Summer National Championship"
"Women ","30-34","50","Backstroke","5","33.21"," Catherine V Ladd","F30","TOC","386D-0AWGU","","2026 U.S. Masters Swimming Summer National Championship"
"Women ","30-34","50","Backstroke","6","33.21"," Elyssa Pedote","F33","TOC","386W-0A9T3","08-08-2026","2026 U.S. Masters Swimming Summer National Championship"
"Women ","30-34","50","Backstroke","7","35.69"," Charlotte J Kamai","F32","USF","3863-09W1Z","08-08-2026","2026 U.S. Masters Swimming Summer National Championship"
"Women ","30-34","50","Backstroke","8","37.39"," Kelsey Lange","F32","SJCF","386X-0AJNM","05-31-2026","BAC Long Course Meters Meet"
"Women ","30-34","50","Backstroke","9","38.58"," Brittany E Schroeder","F33","TVAM","386B-EPWVE","","2026 U.S. Masters Swimming Summer National Championship"
"Women ","30-34","50","Backstroke","10","40.08"," Cynthia Tran","F34","WCM","386C-09J99","","2026 U.S. Masters Swimming Summer National Championship"
"Women ","30-34","50","Backstroke","11","41.64"," Nicole M Grottkau","F34","UC38","386Z-09UTY","08-08-2026","2026 U.S. Masters Swimming Summer National Championship"
"Women ","30-34","50","Backstroke","12","43.3"," Elizabeth J Hamp","F31","USF","386X-F12T1","07-13-2026","Pacific Masters LCM Championships"
"Women ","30-34","50","Backstroke","13","45.05"," Franchesca J Finnigan","F33","SACMA","386H-07GKZ","05-31-2026","BAC Long Course Meters Meet"
"Women ","30-34","50","Backstroke","14","1:06.28"," Irina Yegorova","F30","WCM","3861-F2WZP","06-20-2026","2026 IE VS Starlight Open"
"Women ","30-34","100","Backstroke","1","1:06.56"," Felicia Lee","F34","TOC","386V-0AG6V","08-06-2026","2026 U.S. Masters Swimming Summer National Championship"
"Women ","30-34","100","Backstroke","2","1:09.99"," Catherine V Ladd","F30","TOC","386D-0AWGU","08-06-2026","2026 U.S. Masters Swimming Summer National Championship"
"Women ","30-34","100","Backstroke","3","1:13.21"," Haley Hamza","F30","WCM","386E-14WZ1","08-06-2026","2026 U.S. Masters Swimming Summer National Championship"
"Women ","30-34","100","Backstroke","4","1:29.09"," Amanda Chinn","F31","USF","3863-FAC22","07-14-2026","Pacific Masters LCM Championships"
"Women ","30-34","100","Backstroke","5","1:29.46"," Laurel Woerner","F34","CRUZ","386H-4H8ZR","05-31-2026","BAC Long Course Meters Meet"
"Women ","30-34","100","Backstroke","6","1:30.46"," Meghan A OSullivan","F31","SJCF","3861-REXNG","07-14-2026","Pacific Masters LCM Championships"
"Women ","30-34","100","Backstroke","7","1:34.31"," Franchesca J Finnigan","F33","SACMA","386H-07GKZ","05-31-2026","BAC Long Course Meters Meet"
"Women ","30-34","200","Backstroke","1","2:35.08"," Catherine V Ladd","F30","TOC","386D-0AWGU","08-09-2026","2026 U.S. Masters Swimming Summer National Championship"
"Women ","30-34","200","Backstroke","2","2:36.93"," Elyssa Pedote","F33","TOC","386W-0A9T3","08-09-2026","2026 U.S. Masters Swimming Summer National Championship"
"Women ","30-34","200","Backstroke","3","2:38.33"," Selby C Sturzenegger","F30","TOC","386X-893H7","08-09-2026","2026 U.S. Masters Swimming Summer National Championship"
"Women ","30-34","200","Backstroke","4","2:39.88"," Allyson L Hansen","F33","WCM","386B-F0427","08-09-2026","2026 U.S. Masters Swimming Summer National Championship"
"Women ","30-34","200","Backstroke","5","2:40.29"," Virginia B Andrew","F30","TOC","386H-21JXF","08-09-2026","2026 U.S. Masters Swimming Summer National Championship"
"Women ","30-34","200","Backstroke","6","2:50.89"," Morgan A Morris","F32","SACMA","386X-FA5C8","08-09-2026","2026 U.S. Masters Swimming Summer National Championship"
"Women ","30-34","200","Backstroke","7","3:01.43"," Serena Y Chang","F31","TSUN","386B-SVM4B","06-30-2026","Gay Games Valencia 2026"
"Women ","30-34","200","Backstroke","8","3:07.63"," Fiona M Greer","F33","MEMO","386J-09HS3","07-13-2026","Pacific Masters LCM Championships"
"Women ","30-34","200","Backstroke","9","3:10.43"," Cynthia Tran","F34","WCM","386C-09J99","08-09-2026","2026 U.S. Masters Swimming Summer National Championship"
"Women ","30-34","50","Breaststroke","1","35.81"," Anna Sharpe","F34","VACA","386V-06VFM","08-07-2026","2026 U.S. Masters Swimming Summer National Championship"
"Women ","30-34","50","Breaststroke","2","37.71"," Paulina M Kaminski","F30","TOC","386D-G6KYX","08-07-2026","2026 U.S. Masters Swimming Summer National Championship"
"Women ","30-34","50","Breaststroke","3","39.12"," Alli Gillespie","F33","SJCF","386R-4KU2N","05-31-2026","BAC Long Course Meters Meet"
"Women ","30-34","50","Breaststroke","4","40.58"," Charlotte J Kamai","F32","USF","3863-09W1Z","08-07-2026","2026 U.S. Masters Swimming Summer National Championship"
"Women ","30-34","50","Breaststroke","5","40.59"," Kelsey Lange","F32","SJCF","386X-0AJNM","05-31-2026","BAC Long Course Meters Meet"
"Women ","30-34","50","Breaststroke","6","40.75"," Brittany E Schroeder","F33","TVAM","386B-EPWVE","08-07-2026","2026 U.S. Masters Swimming Summer National Championship"
"Women ","30-34","50","Breaststroke","7","41.49"," Lissi Knell","F32","CRUZ","3862-098S8","08-07-2026","2026 U.S. Masters Swimming Summer National Championship"
"Women ","30-34","50","Breaststroke","8","41.88"," Jenn Hwang","F34","WCM","386D-09GHM","08-07-2026","2026 U.S. Masters Swimming Summer National Championship"
"Women ","30-34","50","Breaststroke","9","42.82"," Kimberly A Standal","F33","UC38","386U-4VTDP","05-31-2026","BAC Long Course Meters Meet"
"Women ","30-34","50","Breaststroke","10","42.95"," Ariana Tomasello","F31","SJCF","3863-44HEY","08-07-2026","2026 U.S. Masters Swimming Summer National Championship"
"Women ","30-34","50","Breaststroke","11","42.98"," Fiona M Greer","F33","MEMO","386J-09HS3","","2026 U.S. Masters Swimming Summer National Championship"
"Women ","30-34","50","Breaststroke","12","44.19"," Serena Y Chang","F31","TSUN","386B-SVM4B","06-30-2026","Gay Games Valencia 2026"
"Women ","30-34","50","Breaststroke","13","45.27"," McKenzie Quinn","F34","UC38","3860-GX57C","06-30-2026","Gay Games Valencia 2026"
"Women ","30-34","50","Breaststroke","14","45.66"," Emily Woo","F31","MEMO","3861-6WJ2N","08-07-2026","2026 U.S. Masters Swimming Summer National Championship"
"Women ","30-34","50","Breaststroke","15","45.7"," Nicole M Grottkau","F34","UC38","386Z-09UTY","08-07-2026","2026 U.S. Masters Swimming Summer National Championship"
"Women ","30-34","50","Breaststroke","16","47.46"," Genevieve Heidkamp","F33","TSUN","386K-SD6ZH","06-30-2026","Gay Games Valencia 2026"
"Women ","30-34","50","Breaststroke","17","49.91"," Amanda Chinn","F31","USF","3863-FAC22","07-14-2026","Pacific Masters LCM Championships"
"Women ","30-34","50","Breaststroke","18","50.41"," Sarah C Garcia","F32","SACMA","386A-W3AYM","08-07-2026","2026 U.S. Masters Swimming Summer National Championship"
"Women ","30-34","50","Breaststroke","19","51.11"," Meghan A OSullivan","F31","SJCF","3861-REXNG","07-14-2026","Pacific Masters LCM Championships"
"Women ","30-34","100","Breaststroke","1","1:19.22"," Anna Sharpe","F34","VACA","386V-06VFM","08-08-2026","2026 U.S. Masters Swimming Summer National Championship"
"Women ","30-34","100","Breaststroke","2","1:19.98"," Selby C Sturzenegger","F30","TOC","386X-893H7","08-08-2026","2026 U.S. Masters Swimming Summer National Championship"
"Women ","30-34","100","Breaststroke","3","1:23.53"," Paulina M Kaminski","F30","TOC","386D-G6KYX","08-08-2026","2026 U.S. Masters Swimming Summer National Championship"
"Women ","30-34","100","Breaststroke","4","1:27.18"," Brittany E Schroeder","F33","TVAM","386B-EPWVE","08-08-2026","2026 U.S. Masters Swimming Summer National Championship"
"Women ","30-34","100","Breaststroke","5","1:27.44"," Lissi Knell","F32","CRUZ","3862-098S8","08-08-2026","2026 U.S. Masters Swimming Summer National Championship"
"Women ","30-34","100","Breaststroke","6","1:28.24"," Charlotte J Kamai","F32","USF","3863-09W1Z","08-08-2026","2026 U.S. Masters Swimming Summer National Championship"
"Women ","30-34","100","Breaststroke","7","1:32.49"," Jenn Hwang","F34","WCM","386D-09GHM","08-08-2026","2026 U.S. Masters Swimming Summer National Championship"
"Women ","30-34","100","Breaststroke","8","1:33.13"," Christine Chu","F33","USF","386Z-0B59N","08-08-2026","2026 U.S. Masters Swimming Summer National Championship"
"Women ","30-34","100","Breaststroke","9","1:34.16"," Michelle Rodrigue","F34","MEMO","3868-0B3MH","08-08-2026","2026 U.S. Masters Swimming Summer National Championship"
"Women ","30-34","100","Breaststroke","10","1:35.35"," Sarah N Crocker","F32","SACMA","3869-1VUVG","08-08-2026","2026 U.S. Masters Swimming Summer National Championship"
"Women ","30-34","100","Breaststroke","11","1:35.63"," Fiona M Greer","F33","MEMO","386J-09HS3","08-08-2026","2026 U.S. Masters Swimming Summer National Championship"
"Women ","30-34","100","Breaststroke","12","1:37.20"," Haley Hamza","F30","WCM","386E-14WZ1","07-13-2026","Pacific Masters LCM Championships"
"Women ","30-34","100","Breaststroke","13","1:39.70"," Emily E Claveau","F30","SACMA","386H-KCUDG","08-08-2026","2026 U.S. Masters Swimming Summer National Championship"
"Women ","30-34","100","Breaststroke","14","1:39.86"," McKenzie Quinn","F34","UC38","3860-GX57C","05-31-2026","BAC Long Course Meters Meet"
"Women ","30-34","100","Breaststroke","15","1:41.55"," Emily Woo","F31","MEMO","3861-6WJ2N","07-13-2026","Pacific Masters LCM Championships"
"Women ","30-34","100","Breaststroke","16","1:52.57"," Sarah C Garcia","F32","SACMA","386A-W3AYM","08-08-2026","2026 U.S. Masters Swimming Summer National Championship"
"Women ","30-34","200","Breaststroke","1","2:46.57"," Allison A Arnold","F34","TOC","386H-09827","08-06-2026","2026 U.S. Masters Swimming Summer National Championship"
"Women ","30-34","200","Breaststroke","2","2:51.24"," Anna Sharpe","F34","VACA","386V-06VFM","07-14-2026","Pacific Masters LCM Championships"
"Women ","30-34","200","Breaststroke","3","3:14.68"," Brittany E Schroeder","F33","TVAM","386B-EPWVE","08-06-2026","2026 U.S. Masters Swimming Summer National Championship"
"Women ","30-34","200","Breaststroke","4","3:23.85"," Jenn Hwang","F34","WCM","386D-09GHM","08-06-2026","2026 U.S. Masters Swimming Summer National Championship"
"Women ","30-34","200","Breaststroke","5","3:40.29"," Emily Woo","F31","MEMO","3861-6WJ2N","07-14-2026","Pacific Masters LCM Championships"
"Women ","30-34","50","Butterfly","1","28.92"," Virginia B Andrew","F30","TOC","386H-21JXF","08-09-2026","2026 U.S. Masters Swimming Summer National Championship"
"Women ","30-34","50","Butterfly","2","30.48"," Selby C Sturzenegger","F30","TOC","386X-893H7","08-09-2026","2026 U.S. Masters Swimming Summer National Championship"
"Women ","30-34","50","Butterfly","3","30.91"," Paulina M Kaminski","F30","TOC","386D-G6KYX","08-09-2026","2026 U.S. Masters Swimming Summer National Championship"
"Women ","30-34","50","Butterfly","4","31.28"," Kaia R Peacock","F34","TSUN","386A-5VVSU","06-28-2026","Gay Games Valencia 2026"
"Women ","30-34","50","Butterfly","5","31.33"," Allyson L Hansen","F33","WCM","386B-F0427","08-09-2026","2026 U.S. Masters Swimming Summer National Championship"
"Women ","30-34","50","Butterfly","6","31.61"," Catherine V Ladd","F30","TOC","386D-0AWGU","08-09-2026","2026 U.S. Masters Swimming Summer National Championship"
"Women ","30-34","50","Butterfly","7","32.35"," Alli Gillespie","F33","SJCF","386R-4KU2N","05-31-2026","BAC Long Course Meters Meet"
"Women ","30-34","50","Butterfly","8","32.57"," Laura Gonzalez Ospina","F32","SACMA","3864-E1J58","08-09-2026","2026 U.S. Masters Swimming Summer National Championship"
"Women ","30-34","50","Butterfly","9","32.9"," Elyssa Pedote","F33","TOC","386W-0A9T3","08-09-2026","2026 U.S. Masters Swimming Summer National Championship"
"Women ","30-34","50","Butterfly","10","33.39"," Reiko Akimoto","F34","MAM","386T-N695B","08-09-2026","2026 U.S. Masters Swimming Summer National Championship"
"Women ","30-34","50","Butterfly","11","34.21"," Robyn Lee","F34","CRUZ","386N-FBEK0","07-14-2026","Pacific Masters LCM Championships"
"Women ","30-34","50","Butterfly","12","35.97"," Christine Chu","F33","USF","386Z-0B59N","08-09-2026","2026 U.S. Masters Swimming Summer National Championship"
"Women ","30-34","50","Butterfly","13","39.4"," Kimberly A Standal","F33","UC38","386U-4VTDP","05-31-2026","BAC Long Course Meters Meet"
"Women ","30-34","50","Butterfly","14","40.58"," Franchesca J Finnigan","F33","SACMA","386H-07GKZ","08-09-2026","2026 U.S. Masters Swimming Summer National Championship"
"Women ","30-34","50","Butterfly","15","40.65"," Morgan A Morris","F32","SACMA","386X-FA5C8","05-17-2026","Mission Viejo Nadadores Masters LCM Swim Meet"
"Women ","30-34","50","Butterfly","16","41.55"," Meghan A OSullivan","F31","SJCF","3861-REXNG","07-14-2026","Pacific Masters LCM Championships"
"Women ","30-34","50","Butterfly","17","1:03.99"," Irina Yegorova","F30","WCM","3861-F2WZP","06-21-2026","2026 IE VS Starlight Open"
"Women ","30-34","100","Butterfly","1","1:04.86"," Felicia Lee","F34","TOC","386V-0AG6V","08-06-2026","2026 U.S. Masters Swimming Summer National Championship"
"Women ","30-34","100","Butterfly","2","1:09.62"," Paulina M Kaminski","F30","TOC","386D-G6KYX","08-06-2026","2026 U.S. Masters Swimming Summer National Championship"
"Women ","30-34","100","Butterfly","3","1:16.98"," Laura Gonzalez Ospina","F32","SACMA","3864-E1J58","08-06-2026","2026 U.S. Masters Swimming Summer National Championship"
"Women ","30-34","100","Butterfly","4","1:21.93"," Kaia R Peacock","F34","TSUN","386A-5VVSU","05-31-2026","BAC Long Course Meters Meet"
"Women ","30-34","100","Butterfly","5","1:34.58"," Paige S Rossi","F30","USF","3860-NMSVF","07-13-2026","Pacific Masters LCM Championships"
"Women ","30-34","100","Butterfly","6","1:45.91"," Devin Redor","F31","MEMO","386P-B13TU","08-06-2026","2026 U.S. Masters Swimming Summer National Championship"
"Women ","30-34","200","Butterfly","1","2:41.18"," Elyssa Pedote","F33","TOC","386W-0A9T3","08-07-2026","2026 U.S. Masters Swimming Summer National Championship"
"Women ","30-34","200","Butterfly","2","2:50.59"," Morgan A Morris","F32","SACMA","386X-FA5C8","08-07-2026","2026 U.S. Masters Swimming Summer National Championship"
"Women ","30-34","200","Butterfly","3","2:56.38"," Lissi Knell","F32","CRUZ","3862-098S8","08-07-2026","2026 U.S. Masters Swimming Summer National Championship"
"Women ","30-34","200","Butterfly","4","3:20.78"," Genevieve Heidkamp","F33","TSUN","386K-SD6ZH","06-30-2026","Gay Games Valencia 2026"
"Women ","30-34","200","Individual Medley","1","2:25.99"," Felicia Lee","F34","TOC","386V-0AG6V","08-08-2026","2026 U.S. Masters Swimming Summer National Championship"
"Women ","30-34","200","Individual Medley","2","2:37.93"," Selby C Sturzenegger","F30","TOC","386X-893H7","08-08-2026","2026 U.S. Masters Swimming Summer National Championship"
"Women ","30-34","200","Individual Medley","3","2:39.88"," Haley Hamza","F30","WCM","386E-14WZ1","08-08-2026","2026 U.S. Masters Swimming Summer National Championship"
"Women ","30-34","200","Individual Medley","4","2:39.92"," Elyssa Pedote","F33","TOC","386W-0A9T3","08-08-2026","2026 U.S. Masters Swimming Summer National Championship"
"Women ","30-34","200","Individual Medley","5","2:45.29"," Alli Gillespie","F33","SJCF","386R-4KU2N","07-14-2026","Pacific Masters LCM Championships"
"Women ","30-34","200","Individual Medley","6","2:58.54"," Christine Chu","F33","USF","386Z-0B59N","08-08-2026","2026 U.S. Masters Swimming Summer National Championship"
"Women ","30-34","200","Individual Medley","7","2:59.93"," Robyn Lee","F34","CRUZ","386N-FBEK0","07-14-2026","Pacific Masters LCM Championships"
"Women ","30-34","200","Individual Medley","8","3:02.51"," Brittany E Schroeder","F33","TVAM","386B-EPWVE","08-08-2026","2026 U.S. Masters Swimming Summer National Championship"
"Women ","30-34","200","Individual Medley","9","3:05.92"," Serena Y Chang","F31","TSUN","386B-SVM4B","07-02-2026","Gay Games Valencia 2026"
"Women ","30-34","200","Individual Medley","10","3:11.96"," Sarah N Crocker","F32","SACMA","3869-1VUVG","08-08-2026","2026 U.S. Masters Swimming Summer National Championship"
"Women ","30-34","200","Individual Medley","11","3:12.86"," Genevieve Heidkamp","F33","TSUN","386K-SD6ZH","07-02-2026","Gay Games Valencia 2026"
"Women ","30-34","200","Individual Medley","12","3:14.10"," McKenzie Quinn","F34","UC38","3860-GX57C","07-02-2026","Gay Games Valencia 2026"
"Women ","30-34","200","Individual Medley","13","3:18.27"," Emily Woo","F31","MEMO","3861-6WJ2N","07-14-2026","Pacific Masters LCM Championships"
"Women ","30-34","200","Individual Medley","14","3:19.85"," Laurel Woerner","F34","CRUZ","386H-4H8ZR","05-31-2026","BAC Long Course Meters Meet"
"Women ","30-34","200","Individual Medley","15","3:26.58"," Franchesca J Finnigan","F33","SACMA","386H-07GKZ","05-31-2026","BAC Long Course Meters Meet"
"Women ","30-34","400","Individual Medley","1","5:13.29"," Allison A Arnold","F34","TOC","386H-09827","08-07-2026","2026 U.S. Masters Swimming Summer National Championship"
"Women ","30-34","400","Individual Medley","2","6:58.50"," Emily Woo","F31","MEMO","3861-6WJ2N","08-07-2026","2026 U.S. Masters Swimming Summer National Championship"
"Women ","35-39","50","Freestyle","1","29.53"," Michelle M Pare","F39","RWR","3864-T12KB","08-08-2026","2026 U.S. Masters Swimming Summer National Championship"
"Women ","35-39","50","Freestyle","2","29.72"," Emily M Schmitz","F38","MAM","386W-08A28","08-08-2026","2026 U.S. Masters Swimming Summer National Championship"
"Women ","35-39","50","Freestyle","3","29.83"," Shannon SIMONDS","F39","SACMA","386M-09GRG","08-08-2026","2026 U.S. Masters Swimming Summer National Championship"
"Women ","35-39","50","Freestyle","4","30.03"," Tiffany Sun","F38","HTUB","3862-07UP1","07-13-2026","Pacific Masters LCM Championships"
"Women ","35-39","50","Freestyle","5","30.13"," Renae DiBartolomeo","F36","USF","3867-MYFJH","","2026 U.S. Masters Swimming Summer National Championship"
"Women ","35-39","50","Freestyle","6","30.52"," Laura Martinez","F35","MELO","3860-09JZK","08-08-2026","2026 U.S. Masters Swimming Summer National Championship"
"Women ","35-39","50","Freestyle","7","30.64"," Anette Skoda","F35","MEMO","386P-0717A","08-08-2026","2026 U.S. Masters Swimming Summer National Championship"
"Women ","35-39","50","Freestyle","8","30.91"," Nicole J Ball","F38","ALB","386D-N29TS","08-08-2026","2026 U.S. Masters Swimming Summer National Championship"
"Women ","35-39","50","Freestyle","9","31.68"," Michelle N Robbins","F35","SACMA","3861-7E335","08-08-2026","2026 U.S. Masters Swimming Summer National Championship"
"Women ","35-39","50","Freestyle","10","31.74"," Margaret R Greer","F38","MEMO","386N-06831","08-08-2026","2026 U.S. Masters Swimming Summer National Championship"
"Women ","35-39","50","Freestyle","11","31.83"," Kate A Stephensen","F37","SACMA","386J-06ZS2","","2026 U.S. Masters Swimming Summer National Championship"
"Women ","35-39","50","Freestyle","12","33.44"," Liz Gill","F37","RWR","386W-MEPTP","08-08-2026","2026 U.S. Masters Swimming Summer National Championship"
"Women ","35-39","50","Freestyle","13","34.49"," Catherine Pease","F38","TSUN","386U-Y3TNY","06-30-2026","Gay Games Valencia 2026"
"Women ","35-39","50","Freestyle","14","35.21"," Katherine A Besse","F37","SACMA","3863-K50AC","08-08-2026","2026 U.S. Masters Swimming Summer National Championship"
"Women ","35-39","50","Freestyle","15","36.51"," Beth McBride","F36","MEMO","386K-4YVNP","05-31-2026","BAC Long Course Meters Meet"
"Women ","35-39","50","Freestyle","16","37.88"," Insley M Smullen","F37","MEMO","386N-PCEYP","08-08-2026","2026 U.S. Masters Swimming Summer National Championship"
"Women ","35-39","50","Freestyle","17","39.2"," Amanda Kennedy","F35","SNM","3864-BZ5P6","08-08-2026","2026 U.S. Masters Swimming Summer National Championship"
"Women ","35-39","50","Freestyle","18","39.76"," Rainey H Graeven","F37","CRUZ","386W-06ECC","07-13-2026","Pacific Masters LCM Championships"
"Women ","35-39","100","Freestyle","1","1:05.38"," Emily M Schmitz","F38","MAM","386W-08A28","08-07-2026","2026 U.S. Masters Swimming Summer National Championship"
"Women ","35-39","100","Freestyle","2","1:05.48"," Michelle M Pare","F39","RWR","3864-T12KB","08-07-2026","2026 U.S. Masters Swimming Summer National Championship"
"Women ","35-39","100","Freestyle","3","1:05.99"," Rainey H Graeven","F37","CRUZ","386W-06ECC","08-07-2026","2026 U.S. Masters Swimming Summer National Championship"
"Women ","35-39","100","Freestyle","4","1:06.88"," Anette Skoda","F35","MEMO","386P-0717A","08-07-2026","2026 U.S. Masters Swimming Summer National Championship"
"Women ","35-39","100","Freestyle","5","1:06.97"," Tiffany Sun","F38","HTUB","3862-07UP1","07-13-2026","Pacific Masters LCM Championships"
"Women ","35-39","100","Freestyle","6","1:08.37"," Kirsten A Agostino","F39","WCM","386U-06NGX","08-07-2026","2026 U.S. Masters Swimming Summer National Championship"
"Women ","35-39","100","Freestyle","7","1:14.03"," Liz Gill","F37","RWR","386W-MEPTP","08-07-2026","2026 U.S. Masters Swimming Summer National Championship"
"Women ","35-39","100","Freestyle","8","1:19.22"," Kristina Koepke","F35","BAC","386D-KDGBH","05-31-2026","BAC Long Course Meters Meet"
"Women ","35-39","100","Freestyle","9","1:24.00"," Mary K Supplitt","F37","MAM","386S-K6C3R","07-13-2026","Pacific Masters LCM Championships"
"Women ","35-39","100","Freestyle","10","1:24.50"," Insley M Smullen","F37","MEMO","386N-PCEYP","07-13-2026","Pacific Masters LCM Championships"
"Women ","35-39","200","Freestyle","1","2:23.65"," Laura Martinez","F35","MELO","3860-09JZK","08-08-2026","2026 U.S. Masters Swimming Summer National Championship"
"Women ","35-39","200","Freestyle","2","2:42.84"," Beth McBride","F36","MEMO","386K-4YVNP","08-08-2026","2026 U.S. Masters Swimming Summer National Championship"
"Women ","35-39","200","Freestyle","3","2:51.26"," Kristina Koepke","F35","BAC","386D-KDGBH","05-31-2026","BAC Long Course Meters Meet"
"Women ","35-39","200","Freestyle","4","3:18.54"," Amanda Kennedy","F35","SNM","3864-BZ5P6","08-08-2026","2026 U.S. Masters Swimming Summer National Championship"
"Women ","35-39","200","Freestyle","5","3:26.95"," Grace E Crawford","F38","RWR","3865-XRS0P","08-08-2026","2026 U.S. Masters Swimming Summer National Championship"
"Women ","35-39","200","Freestyle","6","3:27.96"," Edie Hannigan","F39","SACMA","386T-07TXP","08-08-2026","2026 U.S. Masters Swimming Summer National Championship"
"Women ","35-39","400","Freestyle","1","5:06.02"," Kate A Stephensen","F37","SACMA","386J-06ZS2","08-06-2026","2026 U.S. Masters Swimming Summer National Championship"
"Women ","35-39","400","Freestyle","2","5:08.27"," Shannon SIMONDS","F39","SACMA","386M-09GRG","08-06-2026","2026 U.S. Masters Swimming Summer National Championship"
"Women ","35-39","400","Freestyle","3","5:42.87"," Beth McBride","F36","MEMO","386K-4YVNP","08-06-2026","2026 U.S. Masters Swimming Summer National Championship"
"Women ","35-39","400","Freestyle","4","5:56.71"," Kristina Koepke","F35","BAC","386D-KDGBH","05-31-2026","BAC Long Course Meters Meet"
"Women ","35-39","800","Freestyle","1","10:32.45"," Laura Martinez","F35","MELO","3860-09JZK","08-09-2026","2026 U.S. Masters Swimming Summer National Championship"
"Women ","35-39","800","Freestyle","2","11:23.92"," Carolina De Barros","F36","RPM","386C-AG1HY","07-13-2026","Pacific Masters LCM Championships"
"Women ","35-39","800","Freestyle","3","12:00.21"," Beth McBride","F36","MEMO","386K-4YVNP","08-09-2026","2026 U.S. Masters Swimming Summer National Championship"
"Women ","35-39","800","Freestyle","4","12:20.50"," Amy R Odena","F35","USF","3866-BVYSD","07-13-2026","Pacific Masters LCM Championships"
"Women ","35-39","800","Freestyle","5","13:42.47"," Amanda Kennedy","F35","SNM","3864-BZ5P6","08-09-2026","2026 U.S. Masters Swimming Summer National Championship"
"Women ","35-39","800","Freestyle","6","15:36.00"," Edie Hannigan","F39","SACMA","386T-07TXP","08-09-2026","2026 U.S. Masters Swimming Summer National Championship"
"Women ","35-39","1500","Freestyle","1","21:35.64"," Kate A Stephensen","F37","SACMA","386J-06ZS2","07-12-2026","Pacific Masters LCM Championships"
"Women ","35-39","1500","Freestyle","2","23:12.39"," Beth McBride","F36","MEMO","386K-4YVNP","07-12-2026","Pacific Masters LCM Championships"
"Women ","35-39","50","Backstroke","1","34.01"," Tiffany Sun","F38","HTUB","3862-07UP1","07-13-2026","Pacific Masters LCM Championships"
"Women ","35-39","50","Backstroke","2","34.44"," Renae DiBartolomeo","F36","USF","3867-MYFJH","08-08-2026","2026 U.S. Masters Swimming Summer National Championship"
"Women ","35-39","50","Backstroke","3","34.45"," Shannon SIMONDS","F39","SACMA","386M-09GRG","","2026 U.S. Masters Swimming Summer National Championship"
"Women ","35-39","50","Backstroke","4","35.44"," Anette Skoda","F35","UC38","386P-0717A","07-13-2026","Pacific Masters LCM Championships"
"Women ","35-39","50","Backstroke","5","36.16"," Margaret R Greer","F38","MEMO","386N-06831","08-08-2026","2026 U.S. Masters Swimming Summer National Championship"
"Women ","35-39","50","Backstroke","6","36.56"," Emily M Schmitz","F38","MAM","386W-08A28","08-08-2026","2026 U.S. Masters Swimming Summer National Championship"
"Women ","35-39","50","Backstroke","7","37.1"," Nicole J Ball","F38","ALB","386D-N29TS","08-08-2026","2026 U.S. Masters Swimming Summer National Championship"
"Women ","35-39","50","Backstroke","8","37.52"," Alex Ferroggiaro","F35","USF","386N-GVWCA","07-13-2026","Pacific Masters LCM Championships"
"Women ","35-39","50","Backstroke","9","38.48"," Kate A Stephensen","F37","SACMA","386J-06ZS2","","2026 U.S. Masters Swimming Summer National Championship"
"Women ","35-39","50","Backstroke","10","38.88"," Laura Martinez","F35","MELO","3860-09JZK","","2026 U.S. Masters Swimming Summer National Championship"
"Women ","35-39","50","Backstroke","11","41.17"," Beth McBride","F36","MEMO","386K-4YVNP","","2026 U.S. Masters Swimming Summer National Championship"
"Women ","35-39","50","Backstroke","12","41.2"," Erin A Wilson","F39","WCM","386R-5KPWJ","07-13-2026","Pacific Masters LCM Championships"
"Women ","35-39","50","Backstroke","13","41.52"," Katherine A Besse","F37","SACMA","3863-K50AC","08-08-2026","2026 U.S. Masters Swimming Summer National Championship"
"Women ","35-39","50","Backstroke","14","41.84"," Liz Gill","F37","RWR","386W-MEPTP","08-08-2026","2026 U.S. Masters Swimming Summer National Championship"
"Women ","35-39","50","Backstroke","15","44.26"," Mary K Supplitt","F37","MAM","386S-K6C3R","07-13-2026","Pacific Masters LCM Championships"
"Women ","35-39","50","Backstroke","16","47.37"," Insley M Smullen","F37","MEMO","386N-PCEYP","08-08-2026","2026 U.S. Masters Swimming Summer National Championship"
"Women ","35-39","50","Backstroke","17","48.03"," Grace E Crawford","F38","RWR","3865-XRS0P","08-08-2026","2026 U.S. Masters Swimming Summer National Championship"
"Women ","35-39","50","Backstroke","18","55.84"," Margaret Freiwald","F36","SACMA","386B-071RM","","2026 U.S. Masters Swimming Summer National Championship"
"Women ","35-39","100","Backstroke","1","1:14.60"," Shannon SIMONDS","F39","SACMA","386M-09GRG","08-06-2026","2026 U.S. Masters Swimming Summer National Championship"
"Women ","35-39","100","Backstroke","2","1:15.37"," Renae DiBartolomeo","F36","USF","3867-MYFJH","08-06-2026","2026 U.S. Masters Swimming Summer National Championship"
"Women ","35-39","100","Backstroke","3","1:20.33"," Margaret R Greer","F38","MEMO","386N-06831","08-06-2026","2026 U.S. Masters Swimming Summer National Championship"
"Women ","35-39","100","Backstroke","4","1:21.06"," Alex Ferroggiaro","F35","USF","386N-GVWCA","08-06-2026","2026 U.S. Masters Swimming Summer National Championship"
"Women ","35-39","100","Backstroke","5","1:33.71"," Beth McBride","F36","MEMO","386K-4YVNP","05-31-2026","BAC Long Course Meters Meet"
"Women ","35-39","200","Backstroke","1","2:44.27"," Shannon SIMONDS","F39","SACMA","386M-09GRG","08-09-2026","2026 U.S. Masters Swimming Summer National Championship"
"Women ","35-39","200","Backstroke","2","2:48.72"," Renae DiBartolomeo","F36","USF","3867-MYFJH","07-13-2026","Pacific Masters LCM Championships"
"Women ","35-39","200","Backstroke","3","2:53.64"," Kirsten A Agostino","F39","WCM","386U-06NGX","07-13-2026","Pacific Masters LCM Championships"
"Women ","35-39","200","Backstroke","4","3:05.39"," Alex Ferroggiaro","F35","USF","386N-GVWCA","07-13-2026","Pacific Masters LCM Championships"
"Women ","35-39","200","Backstroke","5","3:06.13"," Erin A Wilson","F39","WCM","386R-5KPWJ","07-13-2026","Pacific Masters LCM Championships"
"Women ","35-39","200","Backstroke","6","3:08.16"," Beth McBride","F36","MEMO","386K-4YVNP","08-09-2026","2026 U.S. Masters Swimming Summer National Championship"
"Women ","35-39","50","Breaststroke","1","37.05"," Renae DiBartolomeo","F36","USF","3867-MYFJH","07-14-2026","Pacific Masters LCM Championships"
"Women ","35-39","50","Breaststroke","2","38.31"," Rainey H Graeven","F37","CRUZ","386W-06ECC","08-07-2026","2026 U.S. Masters Swimming Summer National Championship"
"Women ","35-39","50","Breaststroke","3","39.1"," Anette Skoda","F35","MEMO","386P-0717A","08-07-2026","2026 U.S. Masters Swimming Summer National Championship"
"Women ","35-39","50","Breaststroke","4","40.2"," Michelle M Pare","F39","RWR","3864-T12KB","08-07-2026","2026 U.S. Masters Swimming Summer National Championship"
"Women ","35-39","50","Breaststroke","5","40.72"," Kirsten A Agostino","F39","WCM","386U-06NGX","08-07-2026","2026 U.S. Masters Swimming Summer National Championship"
"Women ","35-39","50","Breaststroke","6","40.76"," Michelle N Robbins","F35","SACMA","3861-7E335","08-07-2026","2026 U.S. Masters Swimming Summer National Championship"
"Women ","35-39","50","Breaststroke","7","42.09"," Shannon SIMONDS","F39","SACMA","386M-09GRG","07-14-2026","Pacific Masters LCM Championships"
"Women ","35-39","50","Breaststroke","8","49.99"," Beth McBride","F36","MEMO","386K-4YVNP","07-14-2026","Pacific Masters LCM Championships"
"Women ","35-39","100","Breaststroke","1","1:23.30"," Nicole J Ball","F38","ALB","386D-N29TS","08-08-2026","2026 U.S. Masters Swimming Summer National Championship"
"Women ","35-39","100","Breaststroke","2","1:23.58"," Renae DiBartolomeo","F36","USF","3867-MYFJH","08-08-2026","2026 U.S. Masters Swimming Summer National Championship"
"Women ","35-39","100","Breaststroke","3","1:26.95"," Anette Skoda","F35","MEMO","386P-0717A","08-08-2026","2026 U.S. Masters Swimming Summer National Championship"
"Women ","35-39","100","Breaststroke","4","1:29.21"," Michelle M Pare","F39","RWR","3864-T12KB","08-08-2026","2026 U.S. Masters Swimming Summer National Championship"
"Women ","35-39","100","Breaststroke","5","1:29.33"," Shannon SIMONDS","F39","SACMA","386M-09GRG","08-08-2026","2026 U.S. Masters Swimming Summer National Championship"
"Women ","35-39","100","Breaststroke","6","1:29.43"," Michelle N Robbins","F35","SACMA","3861-7E335","08-08-2026","2026 U.S. Masters Swimming Summer National Championship"
"Women ","35-39","100","Breaststroke","7","1:30.41"," Rainey H Graeven","F37","CRUZ","386W-06ECC","07-13-2026","Pacific Masters LCM Championships"
"Women ","35-39","100","Breaststroke","8","1:34.42"," Catherine Pease","F38","TSUN","386U-Y3TNY","07-01-2026","Gay Games Valencia 2026"
"Women ","35-39","100","Breaststroke","9","1:44.84"," Beth McBride","F36","MEMO","386K-4YVNP","07-13-2026","Pacific Masters LCM Championships"
"Women ","35-39","100","Breaststroke","10","1:56.20"," Insley M Smullen","F37","MEMO","386N-PCEYP","08-08-2026","2026 U.S. Masters Swimming Summer National Championship"
"Women ","35-39","200","Breaststroke","1","3:08.19"," Renae DiBartolomeo","F36","USF","3867-MYFJH","08-06-2026","2026 U.S. Masters Swimming Summer National Championship"
"Women ","35-39","200","Breaststroke","2","3:16.33"," Shannon SIMONDS","F39","SACMA","386M-09GRG","07-14-2026","Pacific Masters LCM Championships"
"Women ","35-39","200","Breaststroke","3","3:39.94"," Beth McBride","F36","MEMO","386K-4YVNP","07-14-2026","Pacific Masters LCM Championships"
"Women ","35-39","50","Butterfly","1","32.45"," Renae DiBartolomeo","F36","USF","3867-MYFJH","08-09-2026","2026 U.S. Masters Swimming Summer National Championship"
"Women ","35-39","50","Butterfly","2","32.55"," Laura Martinez","F35","MELO","3860-09JZK","08-09-2026","2026 U.S. Masters Swimming Summer National Championship"
"Women ","35-39","50","Butterfly","3","32.78"," Kate A Stephensen","F37","SACMA","386J-06ZS2","08-09-2026","2026 U.S. Masters Swimming Summer National Championship"
"Women ","35-39","50","Butterfly","4","37.23"," Kathleen E Shull","F35","BAYCL","3869-N78BC","08-09-2026","2026 U.S. Masters Swimming Summer National Championship"
"Women ","35-39","50","Butterfly","5","38.04"," Erin A Wilson","F39","WCM","386R-5KPWJ","08-09-2026","2026 U.S. Masters Swimming Summer National Championship"
"Women ","35-39","50","Butterfly","6","41.82"," Kristina Koepke","F35","BAC","386D-KDGBH","05-31-2026","BAC Long Course Meters Meet"
"Women ","35-39","50","Butterfly","7","46.71"," Beth McBride","F36","MEMO","386K-4YVNP","05-31-2026","BAC Long Course Meters Meet"
"Women ","35-39","100","Butterfly","1","1:13.29"," Kate A Stephensen","F37","SACMA","386J-06ZS2","08-06-2026","2026 U.S. Masters Swimming Summer National Championship"
"Women ","35-39","100","Butterfly","2","1:25.47"," Carolina De Barros","F36","RPM","386C-AG1HY","07-13-2026","Pacific Masters LCM Championships"
"Women ","35-39","100","Butterfly","3","1:27.77"," Erin A Wilson","F39","WCM","386R-5KPWJ","07-13-2026","Pacific Masters LCM Championships"
"Women ","35-39","100","Butterfly","4","1:31.17"," Kristina Koepke","F35","BAC","386D-KDGBH","05-31-2026","BAC Long Course Meters Meet"
"Women ","35-39","100","Butterfly","5","1:33.65"," Mary K Supplitt","F37","MAM","386S-K6C3R","07-13-2026","Pacific Masters LCM Championships"
"Women ","35-39","100","Butterfly","6","2:09.43"," Margaret Freiwald","F36","SACMA","386B-071RM","08-06-2026","2026 U.S. Masters Swimming Summer National Championship"
"Women ","35-39","200","Butterfly","1","3:34.95"," Beth McBride","F36","MEMO","386K-4YVNP","07-14-2026","Pacific Masters LCM Championships"
"Women ","35-39","200","Individual Medley","1","2:45.76"," Shannon SIMONDS","F39","SACMA","386M-09GRG","08-08-2026","2026 U.S. Masters Swimming Summer National Championship"
"Women ","35-39","200","Individual Medley","2","2:48.57"," Renae DiBartolomeo","F36","USF","3867-MYFJH","07-14-2026","Pacific Masters LCM Championships"
"Women ","35-39","200","Individual Medley","3","2:50.08"," Anette Skoda","F35","UC38","386P-0717A","07-14-2026","Pacific Masters LCM Championships"
"Women ","35-39","200","Individual Medley","4","2:51.50"," Laura Martinez","F35","MELO","3860-09JZK","08-08-2026","2026 U.S. Masters Swimming Summer National Championship"
"Women ","35-39","200","Individual Medley","5","2:56.92"," Kate A Stephensen","F37","SACMA","386J-06ZS2","05-31-2026","BAC Long Course Meters Meet"
"Women ","35-39","200","Individual Medley","6","3:08.73"," Beth McBride","F36","MEMO","386K-4YVNP","08-08-2026","2026 U.S. Masters Swimming Summer National Championship"
"Women ","35-39","200","Individual Medley","7","3:13.73"," Kristina Koepke","F35","BAC","386D-KDGBH","05-31-2026","BAC Long Course Meters Meet"
"Women ","35-39","200","Individual Medley","8","3:59.58"," Edie Hannigan","F39","SACMA","386T-07TXP","08-08-2026","2026 U.S. Masters Swimming Summer National Championship"
"Women ","35-39","400","Individual Medley","1","6:23.01"," Alex Ferroggiaro","F35","USF","386N-GVWCA","07-12-2026","Pacific Masters LCM Championships"
"Women ","35-39","400","Individual Medley","2","6:29.76"," Beth McBride","F36","MEMO","386K-4YVNP","08-07-2026","2026 U.S. Masters Swimming Summer National Championship"
"Women ","40-44","50","Freestyle","1","28.18"," Sarah M Hernandez","F42","UC38","386W-064WN","08-08-2026","2026 U.S. Masters Swimming Summer National Championship"
"Women ","40-44","50","Freestyle","2","29.4"," Jennifer D Radecke-Noble","F42","TVM","386Y-08F5P","08-08-2026","2026 U.S. Masters Swimming Summer National Championship"
"Women ","40-44","50","Freestyle","3","29.47"," Gina M Marek","F42","TOC","386K-03X3B","07-13-2026","Pacific Masters LCM Championships"
"Women ","40-44","50","Freestyle","4","30.14"," Althea Lim","F44","UC38","3862-09R1K","06-28-2026","SILVER STATE MASTERS LCM"
"Women ","40-44","50","Freestyle","5","30.67"," Barbara K Gluvers","F41","RWR","386U-05SCM","","2026 U.S. Masters Swimming Summer National Championship"
"Women ","40-44","50","Freestyle","6","30.83"," Lauren Brinkmeyer","F42","MAM","386F-03RD5","08-08-2026","2026 U.S. Masters Swimming Summer National Championship"
"Women ","40-44","50","Freestyle","7","30.94"," Amanda A Luciano","F41","USF","386H-05P69","","2026 U.S. Masters Swimming Summer National Championship"
"Women ","40-44","50","Freestyle","8","32.38"," Nerissa Sintetos","F42","DAM","386J-07SXF","08-08-2026","2026 U.S. Masters Swimming Summer National Championship"
"Women ","40-44","50","Freestyle","9","33.17"," Marcela Rueda","F44","SRM","3862-03YSX","","2026 U.S. Masters Swimming Summer National Championship"
"Women ","40-44","50","Freestyle","10","33.43"," Samantha Mockford","F40","SACMA","3863-071K7","08-08-2026","2026 U.S. Masters Swimming Summer National Championship"
"Women ","40-44","50","Freestyle","11","33.44"," Peggy Vargas","F42","SACMA","386K-JWCMM","08-08-2026","2026 U.S. Masters Swimming Summer National Championship"
"Women ","40-44","50","Freestyle","12","33.53"," Winnie Kong","F44","SACMA","386T-85P6V","","2026 U.S. Masters Swimming Summer National Championship"
"Women ","40-44","50","Freestyle","13","33.92"," Nicole C Klopp","F44","TVM","3863-166DW","08-08-2026","2026 U.S. Masters Swimming Summer National Championship"
"Women ","40-44","50","Freestyle","14","34.74"," Jessica McKay","F40","SNM","386R-099YV","08-08-2026","2026 U.S. Masters Swimming Summer National Championship"
"Women ","40-44","50","Freestyle","15","37.22"," Iuliia Lytvynova","F44","SACMA","3865-WU17R","","2026 U.S. Masters Swimming Summer National Championship"
"Women ","40-44","50","Freestyle","16","43.24"," Sharra Grow","F44","MEMO","3869-86CB4","07-13-2026","Pacific Masters LCM Championships"
"Women ","40-44","50","Freestyle","17","55.56"," Elif Dede","F40","USF","3861-UKD5J","07-13-2026","Pacific Masters LCM Championships"
"Women ","40-44","100","Freestyle","1","1:01.76"," Sarah M Hernandez","F42","UC38","386W-064WN","08-07-2026","2026 U.S. Masters Swimming Summer National Championship"
"Women ","40-44","100","Freestyle","2","1:09.69"," Geraldine Hazlett","F40","WCM","386D-DHBWY","08-07-2026","2026 U.S. Masters Swimming Summer National Championship"
"Women ","40-44","100","Freestyle","3","1:09.86"," Lauren Brinkmeyer","F42","MAM","386F-03RD5","08-07-2026","2026 U.S. Masters Swimming Summer National Championship"
"Women ","40-44","100","Freestyle","4","1:10.48"," Amanda A Luciano","F41","USF","386H-05P69","08-07-2026","2026 U.S. Masters Swimming Summer National Championship"
"Women ","40-44","100","Freestyle","5","1:12.00"," Barbara K Gluvers","F41","RWR","386U-05SCM","08-07-2026","2026 U.S. Masters Swimming Summer National Championship"
"Women ","40-44","100","Freestyle","6","1:14.22"," Samantha Mockford","F40","SACMA","3863-071K7","08-07-2026","2026 U.S. Masters Swimming Summer National Championship"
"Women ","40-44","100","Freestyle","7","1:14.82"," Nerissa Sintetos","F42","DAM","386J-07SXF","08-07-2026","2026 U.S. Masters Swimming Summer National Championship"
"Women ","40-44","100","Freestyle","8","1:18.56"," Marcela Rueda","F44","SRM","3862-03YSX","05-31-2026","BAC Long Course Meters Meet"
"Women ","40-44","100","Freestyle","9","1:37.01"," Sharra Grow","F44","MEMO","3869-86CB4","07-13-2026","Pacific Masters LCM Championships"
"Women ","40-44","200","Freestyle","1","2:19.76"," Golda L Marcus","F43","BAC","3869-1MM4V","07-14-2026","Pacific Masters LCM Championships"
"Women ","40-44","200","Freestyle","2","2:45.65"," Samantha Mockford","F40","SACMA","3863-071K7","05-31-2026","BAC Long Course Meters Meet"
"Women ","40-44","200","Freestyle","3","2:46.81"," Kelly H Radimer","F44","SRVM","386W-046PC","05-31-2026","BAC Long Course Meters Meet"
"Women ","40-44","200","Freestyle","4","3:52.19"," Elizabeth C Wilson","F40","SNM","386S-GB7T9","06-28-2026","SILVER STATE MASTERS LCM"
"Women ","40-44","400","Freestyle","1","4:51.73"," Golda L Marcus","F43","BAC","3869-1MM4V","07-14-2026","Pacific Masters LCM Championships"
"Women ","40-44","400","Freestyle","2","4:55.72"," Jennifer D Radecke-Noble","F42","TVM","386Y-08F5P","08-06-2026","2026 U.S. Masters Swimming Summer National Championship"
"Women ","40-44","400","Freestyle","3","5:23.33"," Gina M Marek","F42","TOC","386K-03X3B","05-31-2026","BAC Long Course Meters Meet"
"Women ","40-44","400","Freestyle","4","5:57.62"," Kathryn E Boulton","F41","TSUN","3866-46P77","08-06-2026","2026 U.S. Masters Swimming Summer National Championship"
"Women ","40-44","400","Freestyle","5","6:09.90"," Marcela Rueda","F44","SRM","3862-03YSX","05-31-2026","BAC Long Course Meters Meet"
"Women ","40-44","400","Freestyle","6","6:19.56"," Regina R San Diego","F40","WCM","3862-0727V","07-14-2026","Pacific Masters LCM Championships"
"Women ","40-44","400","Freestyle","7","6:35.56"," Nicole C Klopp","F44","TVM","3863-166DW","07-14-2026","Pacific Masters LCM Championships"
"Women ","40-44","800","Freestyle","1","10:07.28"," Golda L Marcus","F43","BAC","3869-1MM4V","07-13-2026","Pacific Masters LCM Championships"
"Women ","40-44","800","Freestyle","2","11:11.11"," Chelsea Schiano","F41","DAM","386E-E9TJF","08-09-2026","2026 U.S. Masters Swimming Summer National Championship"
"Women ","40-44","800","Freestyle","3","11:26.87"," Kris Estrada-Pozzi","F43","TSUN","386H-07YHD","07-01-2026","Gay Games Valencia 2026"
"Women ","40-44","800","Freestyle","4","12:43.33"," Marcela Rueda","F44","SRM","3862-03YSX","07-25-2026","2026 Southwest Zone and SPMS Summer Championships"
"Women ","40-44","1500","Freestyle","1","19:31.87"," Golda L Marcus","F43","BAC","3869-1MM4V","07-12-2026","Pacific Masters LCM Championships"
"Women ","40-44","1500","Freestyle","2","21:25.64"," Geraldine Hazlett","F40","WCM","386D-DHBWY","08-05-2026","2026 U.S. Masters Swimming Summer National Championship"
"Women ","40-44","1500","Freestyle","3","21:46.15"," Kris Estrada-Pozzi","F43","TSUN","386H-07YHD","07-03-2026","Gay Games Valencia 2026"
"Women ","40-44","1500","Freestyle","4","23:49.83"," Marcela Rueda","F44","SRM","3862-03YSX","08-05-2026","2026 U.S. Masters Swimming Summer National Championship"
"Women ","40-44","50","Backstroke","1","33.94"," Jennifer D Radecke-Noble","F42","TVM","386Y-08F5P","08-08-2026","2026 U.S. Masters Swimming Summer National Championship"
"Women ","40-44","50","Backstroke","2","38.12"," Marie A Ballenger","F40","TOC","386U-06ECE","05-31-2026","BAC Long Course Meters Meet"
"Women ","40-44","50","Backstroke","3","39.76"," Mary A Buford","F42","SACMA","386Y-05NV0","08-08-2026","2026 U.S. Masters Swimming Summer National Championship"
"Women ","40-44","50","Backstroke","4","41.3"," Peggy Vargas","F42","SACMA","386K-JWCMM","","2026 U.S. Masters Swimming Summer National Championship"
"Women ","40-44","50","Backstroke","5","41.5"," Jessica McKay","F40","SNM","386R-099YV","08-08-2026","2026 U.S. Masters Swimming Summer National Championship"
"Women ","40-44","50","Backstroke","6","42.22"," Marcela Rueda","F44","SRM","3862-03YSX","07-13-2026","Pacific Masters LCM Championships"
"Women ","40-44","50","Backstroke","7","42.61"," Kelly H Radimer","F44","SRVM","386W-046PC","05-31-2026","BAC Long Course Meters Meet"
"Women ","40-44","50","Backstroke","8","44"," Nicole C Klopp","F44","TVM","3863-166DW","08-08-2026","2026 U.S. Masters Swimming Summer National Championship"
"Women ","40-44","50","Backstroke","9","54.12"," Elizabeth C Wilson","F40","SNM","386S-GB7T9","06-28-2026","SILVER STATE MASTERS LCM"
"Women ","40-44","50","Backstroke","10","54.79"," Emily C Gallagher","F41","USF","386D-T02KM","08-08-2026","2026 U.S. Masters Swimming Summer National Championship"
"Women ","40-44","100","Backstroke","1","1:12.30"," Jennifer D Radecke-Noble","F42","TVM","386Y-08F5P","08-06-2026","2026 U.S. Masters Swimming Summer National Championship"
"Women ","40-44","100","Backstroke","2","1:23.89"," Marie A Ballenger","F40","TOC","386U-06ECE","05-31-2026","BAC Long Course Meters Meet"
"Women ","40-44","100","Backstroke","3","1:26.99"," Kathryn E Boulton","F41","TSUN","3866-46P77","08-06-2026","2026 U.S. Masters Swimming Summer National Championship"
"Women ","40-44","100","Backstroke","4","1:31.15"," Marcela Rueda","F44","SRM","3862-03YSX","08-06-2026","2026 U.S. Masters Swimming Summer National Championship"
"Women ","40-44","100","Backstroke","5","1:34.10"," Tori Murray","F44","RHMS","386E-JY6CD","07-14-2026","Pacific Masters LCM Championships"
"Women ","40-44","100","Backstroke","6","1:36.13"," Nicole C Klopp","F44","TVM","3863-166DW","07-14-2026","Pacific Masters LCM Championships"
"Women ","40-44","100","Backstroke","7","1:45.20"," Regina R San Diego","F40","WCM","3862-0727V","07-14-2026","Pacific Masters LCM Championships"
"Women ","40-44","200","Backstroke","1","3:24.04"," Marcela Rueda","F44","SRM","3862-03YSX","07-26-2026","2026 Southwest Zone and SPMS Summer Championships"
"Women ","40-44","50","Breaststroke","1","36.92"," Sarah M Hernandez","F42","UC38","386W-064WN","08-07-2026","2026 U.S. Masters Swimming Summer National Championship"
"Women ","40-44","50","Breaststroke","2","37.52"," Gina M Marek","F42","TOC","386K-03X3B","08-07-2026","2026 U.S. Masters Swimming Summer National Championship"
"Women ","40-44","50","Breaststroke","3","39.11"," Barbara K Gluvers","F41","RWR","386U-05SCM","08-07-2026","2026 U.S. Masters Swimming Summer National Championship"
"Women ","40-44","50","Breaststroke","4","39.13"," Lauren Brinkmeyer","F42","MAM","386F-03RD5","08-07-2026","2026 U.S. Masters Swimming Summer National Championship"
"Women ","40-44","50","Breaststroke","5","42.13"," Marcela Rueda","F44","SRM","3862-03YSX","07-25-2026","2026 Southwest Zone and SPMS Summer Championships"
"Women ","40-44","50","Breaststroke","6","42.44"," Amanda A Luciano","F41","USF","386H-05P69","08-07-2026","2026 U.S. Masters Swimming Summer National Championship"
"Women ","40-44","50","Breaststroke","7","43.63"," Jessica McKay","F40","SNM","386R-099YV","08-07-2026","2026 U.S. Masters Swimming Summer National Championship"
"Women ","40-44","50","Breaststroke","8","47.69"," Tori Murray","F44","RHMS","386E-JY6CD","07-14-2026","Pacific Masters LCM Championships"
"Women ","40-44","50","Breaststroke","9","47.74"," Winnie Kong","F44","SACMA","386T-85P6V","08-07-2026","2026 U.S. Masters Swimming Summer National Championship"
"Women ","40-44","50","Breaststroke","10","52.76"," courtney J wilson","F42","SACMA","3863-BXT1V","08-07-2026","2026 U.S. Masters Swimming Summer National Championship"
"Women ","40-44","50","Breaststroke","11","55.08"," Regina R San Diego","F40","WCM","3862-0727V","07-14-2026","Pacific Masters LCM Championships"
"Women ","40-44","50","Breaststroke","12","59.13"," Nicole C Klopp","F44","TVM","3863-166DW","07-14-2026","Pacific Masters LCM Championships"
"Women ","40-44","100","Breaststroke","1","1:21.44"," Gina M Marek","F42","TOC","386K-03X3B","08-08-2026","2026 U.S. Masters Swimming Summer National Championship"
"Women ","40-44","100","Breaststroke","2","1:22.55"," Sarah M Hernandez","F42","UC38","386W-064WN","08-08-2026","2026 U.S. Masters Swimming Summer National Championship"
"Women ","40-44","100","Breaststroke","3","1:27.38"," Lauren Brinkmeyer","F42","MAM","386F-03RD5","08-08-2026","2026 U.S. Masters Swimming Summer National Championship"
"Women ","40-44","100","Breaststroke","4","1:30.33"," Barbara K Gluvers","F41","RWR","386U-05SCM","08-08-2026","2026 U.S. Masters Swimming Summer National Championship"
"Women ","40-44","100","Breaststroke","5","1:31.89"," Marcela Rueda","F44","SRM","3862-03YSX","08-08-2026","2026 U.S. Masters Swimming Summer National Championship"
"Women ","40-44","100","Breaststroke","6","1:36.53"," Kelly H Radimer","F44","SRVM","386W-046PC","05-31-2026","BAC Long Course Meters Meet"
"Women ","40-44","100","Breaststroke","7","1:43.16"," Mary A Buford","F42","SACMA","386Y-05NV0","08-08-2026","2026 U.S. Masters Swimming Summer National Championship"
"Women ","40-44","100","Breaststroke","8","2:10.28"," Sharra Grow","F44","MEMO","3869-86CB4","07-13-2026","Pacific Masters LCM Championships"
"Women ","40-44","100","Breaststroke","9","2:16.47"," Elif Dede","F40","USF","3861-UKD5J","07-13-2026","Pacific Masters LCM Championships"
"Women ","40-44","200","Breaststroke","1","3:01.63"," Gina M Marek","F42","TOC","386K-03X3B","08-06-2026","2026 U.S. Masters Swimming Summer National Championship"
"Women ","40-44","200","Breaststroke","2","3:12.59"," Lauren Brinkmeyer","F42","MAM","386F-03RD5","08-06-2026","2026 U.S. Masters Swimming Summer National Championship"
"Women ","40-44","200","Breaststroke","3","3:30.11"," Marcela Rueda","F44","SRM","3862-03YSX","08-06-2026","2026 U.S. Masters Swimming Summer National Championship"
"Women ","40-44","50","Butterfly","1","29.79"," Sarah M Hernandez","F42","UC38","386W-064WN","08-09-2026","2026 U.S. Masters Swimming Summer National Championship"
"Women ","40-44","50","Butterfly","2","31.85"," Gina M Marek","F42","TOC","386K-03X3B","08-09-2026","2026 U.S. Masters Swimming Summer National Championship"
"Women ","40-44","50","Butterfly","3","31.85"," Jennifer D Radecke-Noble","F42","TVM","386Y-08F5P","07-14-2026","Pacific Masters LCM Championships"
"Women ","40-44","50","Butterfly","4","32.28"," Althea Lim","F44","UC38","3862-09R1K","06-28-2026","SILVER STATE MASTERS LCM"
"Women ","40-44","50","Butterfly","5","33.6"," Chelsea Schiano","F41","DAM","386E-E9TJF","08-09-2026","2026 U.S. Masters Swimming Summer National Championship"
"Women ","40-44","50","Butterfly","6","34.65"," Marie A Ballenger","F40","TOC","386U-06ECE","05-31-2026","BAC Long Course Meters Meet"
"Women ","40-44","50","Butterfly","7","36.29"," Nicole C Klopp","F44","TVM","3863-166DW","08-09-2026","2026 U.S. Masters Swimming Summer National Championship"
"Women ","40-44","50","Butterfly","8","36.68"," Kelly H Radimer","F44","SRVM","386W-046PC","08-09-2026","2026 U.S. Masters Swimming Summer National Championship"
"Women ","40-44","50","Butterfly","9","37.43"," Samantha Mockford","F40","SACMA","3863-071K7","08-09-2026","2026 U.S. Masters Swimming Summer National Championship"
"Women ","40-44","50","Butterfly","10","38.35"," Tori Murray","F44","RHMS","386E-JY6CD","07-14-2026","Pacific Masters LCM Championships"
"Women ","40-44","50","Butterfly","11","39.18"," Peggy Vargas","F42","SACMA","386K-JWCMM","08-09-2026","2026 U.S. Masters Swimming Summer National Championship"
"Women ","40-44","50","Butterfly","12","41.57"," Marcela Rueda","F44","SRM","3862-03YSX","05-31-2026","BAC Long Course Meters Meet"
"Women ","40-44","50","Butterfly","13","45.35"," Regina R San Diego","F40","WCM","3862-0727V","07-14-2026","Pacific Masters LCM Championships"
"Women ","40-44","100","Butterfly","1","1:10.46"," Sarah M Hernandez","F42","UC38","386W-064WN","08-06-2026","2026 U.S. Masters Swimming Summer National Championship"
"Women ","40-44","100","Butterfly","2","1:12.42"," Jennifer D Radecke-Noble","F42","TVM","386Y-08F5P","08-06-2026","2026 U.S. Masters Swimming Summer National Championship"
"Women ","40-44","100","Butterfly","3","1:16.86"," Althea Lim","F44","UC38","3862-09R1K","06-28-2026","SILVER STATE MASTERS LCM"
"Women ","40-44","100","Butterfly","4","1:20.48"," Gina M Marek","F42","TOC","386K-03X3B","05-31-2026","BAC Long Course Meters Meet"
"Women ","40-44","100","Butterfly","5","1:39.74"," Marcela Rueda","F44","SRM","3862-03YSX","07-26-2026","2026 Southwest Zone and SPMS Summer Championships"
"Women ","40-44","200","Butterfly","1","2:59.24"," Jennifer D Radecke-Noble","F42","TVM","386Y-08F5P","07-14-2026","Pacific Masters LCM Championships"
"Women ","40-44","200","Butterfly","2","3:18.39"," Marcela Rueda","F44","SRM","3862-03YSX","08-07-2026","2026 U.S. Masters Swimming Summer National Championship"
"Women ","40-44","200","Individual Medley","1","2:45.96"," Gina M Marek","F42","TOC","386K-03X3B","08-08-2026","2026 U.S. Masters Swimming Summer National Championship"
"Women ","40-44","200","Individual Medley","2","2:57.03"," Althea Lim","F44","UC38","3862-09R1K","06-28-2026","SILVER STATE MASTERS LCM"
"Women ","40-44","200","Individual Medley","3","3:06.20"," Mary A Buford","F42","SACMA","386Y-05NV0","08-08-2026","2026 U.S. Masters Swimming Summer National Championship"
"Women ","40-44","200","Individual Medley","4","3:15.81"," Marcela Rueda","F44","SRM","3862-03YSX","05-31-2026","BAC Long Course Meters Meet"
"Women ","40-44","200","Individual Medley","5","3:17.26"," Tori Murray","F44","RHMS","386E-JY6CD","07-14-2026","Pacific Masters LCM Championships"
"Women ","40-44","200","Individual Medley","6","3:38.14"," Regina R San Diego","F40","WCM","3862-0727V","07-14-2026","Pacific Masters LCM Championships"
"Women ","40-44","400","Individual Medley","1","5:52.93"," Gina M Marek","F42","TOC","386K-03X3B","08-07-2026","2026 U.S. Masters Swimming Summer National Championship"
"Women ","40-44","400","Individual Medley","2","6:56.67"," Marcela Rueda","F44","SRM","3862-03YSX","07-24-2026","2026 Southwest Zone and SPMS Summer Championships"
"Women ","45-49","50","Freestyle","1","29.82"," Lauren E Hooper","F47","WCM","386R-03WD3","08-08-2026","2026 U.S. Masters Swimming Summer National Championship"
"Women ","45-49","50","Freestyle","2","30.15"," Helene Nehrebecki","F46","DAM","386A-06JFA","","2026 U.S. Masters Swimming Summer National Championship"
"Women ","45-49","50","Freestyle","3","30.39"," Ericka L Richards","F48","SRM","386J-05P68","08-08-2026","2026 U.S. Masters Swimming Summer National Championship"
"Women ","45-49","50","Freestyle","4","30.47"," Christy Droubay","F45","TVAM","386R-040RR","08-08-2026","2026 U.S. Masters Swimming Summer National Championship"
"Women ","45-49","50","Freestyle","5","30.95"," Alzina Cua","F46","UC38","386U-09SHX","06-28-2026","SILVER STATE MASTERS LCM"
"Women ","45-49","50","Freestyle","6","31.3"," Jennifer L McIntyre","F46","SNM","386N-9XK12","06-28-2026","SILVER STATE MASTERS LCM"
"Women ","45-49","50","Freestyle","7","31.53"," Lorissa Rocha","F45","WCM","386Y-SYCTT","08-08-2026","2026 U.S. Masters Swimming Summer National Championship"
"Women ","45-49","50","Freestyle","8","32.23"," Carrie Hahnel","F48","MEMO","3861-GXNY5","","2026 U.S. Masters Swimming Summer National Championship"
"Women ","45-49","50","Freestyle","9","32.34"," Allee Schneider","F45","FGST","386C-51GDJ","08-08-2026","2026 U.S. Masters Swimming Summer National Championship"
"Women ","45-49","50","Freestyle","10","32.84"," Rebecca M Benas","F47","FDM","3861-06D9F","08-08-2026","2026 U.S. Masters Swimming Summer National Championship"
"Women ","45-49","50","Freestyle","11","32.86"," Kristin A Duby","F47","DAM","3867-01N6R","08-08-2026","2026 U.S. Masters Swimming Summer National Championship"
"Women ","45-49","50","Freestyle","12","32.89"," Colette Smirniotis","F45","SACMA","386H-09C9U","08-08-2026","2026 U.S. Masters Swimming Summer National Championship"
"Women ","45-49","50","Freestyle","13","33.6"," Kendra A Zanotto","F45","WGM","3867-TV2J5","08-08-2026","2026 U.S. Masters Swimming Summer National Championship"
"Women ","45-49","50","Freestyle","14","33.94"," Katie Burch","F49","TVM","3869-03BCW","","2026 U.S. Masters Swimming Summer National Championship"
"Women ","45-49","50","Freestyle","15","34.87"," Melanie C Belluomini","F49","DAM","386D-05PKW","08-08-2026","2026 U.S. Masters Swimming Summer National Championship"
"Women ","45-49","50","Freestyle","16","39.76"," Krishna Feeney","F47","RPM","3867-YAH02","07-13-2026","Pacific Masters LCM Championships"
"Women ","45-49","50","Freestyle","17","39.82"," Amie D Prichard","F46","USF","386Y-0016V","08-08-2026","2026 U.S. Masters Swimming Summer National Championship"
"Women ","45-49","50","Freestyle","18","45.46"," Ruth Cheung","F47","QSS","386D-9Y87F","07-13-2026","Pacific Masters LCM Championships"
"Women ","45-49","50","Freestyle","19","51.74"," Julie E Hardt","F45","SNM","386H-0AGPM","06-28-2026","SILVER STATE MASTERS LCM"
"Women ","45-49","50","Freestyle","20","1:01.09"," laddawan depattarakul","F49","SACMA","3861-M1HC7","08-08-2026","2026 U.S. Masters Swimming Summer National Championship"
"Women ","45-49","100","Freestyle","1","1:04.97"," Jennifer L McIntyre","F46","SNM","386N-9XK12","08-07-2026","2026 U.S. Masters Swimming Summer National Championship"
"Women ","45-49","100","Freestyle","2","1:06.27"," Christy Droubay","F45","TVAM","386R-040RR","08-07-2026","2026 U.S. Masters Swimming Summer National Championship"
"Women ","45-49","100","Freestyle","3","1:06.82"," Helene Nehrebecki","F46","DAM","386A-06JFA","08-07-2026","2026 U.S. Masters Swimming Summer National Championship"
"Women ","45-49","100","Freestyle","4","1:07.74"," Ericka L Richards","F48","SRM","386J-05P68","08-07-2026","2026 U.S. Masters Swimming Summer National Championship"
"Women ","45-49","100","Freestyle","5","1:07.76"," Laura A O’Mara","F46","WCM","3861-040G1","08-07-2026","2026 U.S. Masters Swimming Summer National Championship"
"Women ","45-49","100","Freestyle","6","1:07.87"," Lorissa Rocha","F45","WCM","386Y-SYCTT","08-07-2026","2026 U.S. Masters Swimming Summer National Championship"
"Women ","45-49","100","Freestyle","7","1:13.70"," Allee Schneider","F45","FGST","386C-51GDJ","08-07-2026","2026 U.S. Masters Swimming Summer National Championship"
"Women ","45-49","100","Freestyle","8","1:16.78"," Mercy H Tolve","F47","USF","3869-9FKRH","08-07-2026","2026 U.S. Masters Swimming Summer National Championship"
"Women ","45-49","100","Freestyle","9","1:17.16"," Katie Burch","F49","TVM","3869-03BCW","08-07-2026","2026 U.S. Masters Swimming Summer National Championship"
"Women ","45-49","100","Freestyle","10","1:17.60"," Colette Smirniotis","F45","SACMA","386H-09C9U","07-13-2026","Pacific Masters LCM Championships"
"Women ","45-49","100","Freestyle","11","1:22.90"," Laura Bruner","F46","PSWIM","3868-HB5V3","08-07-2026","2026 U.S. Masters Swimming Summer National Championship"
"Women ","45-49","100","Freestyle","12","1:26.45"," Michelle E Murphy","F49","USF","386Z-0027V","07-13-2026","Pacific Masters LCM Championships"
"Women ","45-49","100","Freestyle","13","1:31.60"," Krishna Feeney","F47","RPM","3867-YAH02","07-13-2026","Pacific Masters LCM Championships"
"Women ","45-49","100","Freestyle","14","1:36.66"," Ruth Cheung","F47","QSS","386D-9Y87F","07-13-2026","Pacific Masters LCM Championships"
"Women ","45-49","100","Freestyle","15","1:43.41"," Julie E Hardt","F45","SNM","386H-0AGPM","06-28-2026","SILVER STATE MASTERS LCM"
"Women ","45-49","200","Freestyle","1","2:21.61"," Jennifer L McIntyre","F46","SNM","386N-9XK12","08-08-2026","2026 U.S. Masters Swimming Summer National Championship"
"Women ","45-49","200","Freestyle","2","2:25.47"," Zivit G Meiri","F48","WCM","386H-ZG346","08-08-2026","2026 U.S. Masters Swimming Summer National Championship"
"Women ","45-49","200","Freestyle","3","2:34.45"," Carrie Hahnel","F48","MEMO","3861-GXNY5","08-08-2026","2026 U.S. Masters Swimming Summer National Championship"
"Women ","45-49","200","Freestyle","4","2:36.10"," Rebecca M Benas","F47","FDM","3861-06D9F","08-08-2026","2026 U.S. Masters Swimming Summer National Championship"
"Women ","45-49","200","Freestyle","5","2:36.79"," Helene Nehrebecki","F46","DAM","386A-06JFA","06-21-2026","2026 Bumpy Jones Classic Long Course Meet"
"Women ","45-49","200","Freestyle","6","2:37.73"," Ericka L Richards","F48","SRM","386J-05P68","07-12-2026","Pacific Masters LCM Championships"
"Women ","45-49","200","Freestyle","7","2:39.28"," Colette Smirniotis","F45","SACMA","386H-09C9U","08-08-2026","2026 U.S. Masters Swimming Summer National Championship"
"Women ","45-49","200","Freestyle","8","3:27.16"," Krishna Feeney","F47","RPM","3867-YAH02","05-31-2026","BAC Long Course Meters Meet"
"Women ","45-49","400","Freestyle","1","4:59.85"," Jennifer L McIntyre","F46","SNM","386N-9XK12","08-06-2026","2026 U.S. Masters Swimming Summer National Championship"
"Women ","45-49","400","Freestyle","2","5:03.92"," Zivit G Meiri","F48","WCM","386H-ZG346","08-06-2026","2026 U.S. Masters Swimming Summer National Championship"
"Women ","45-49","400","Freestyle","3","5:27.27"," Ericka L Richards","F48","SRM","386J-05P68","07-14-2026","Pacific Masters LCM Championships"
"Women ","45-49","400","Freestyle","4","5:30.58"," Carrie Hahnel","F48","MEMO","3861-GXNY5","","2026 U.S. Masters Swimming Summer National Championship"
"Women ","45-49","400","Freestyle","5","5:34.76"," Rebecca M Benas","F47","FDM","3861-06D9F","08-06-2026","2026 U.S. Masters Swimming Summer National Championship"
"Women ","45-49","400","Freestyle","6","5:42.46"," Colette Smirniotis","F45","SACMA","386H-09C9U","08-06-2026","2026 U.S. Masters Swimming Summer National Championship"
"Women ","45-49","400","Freestyle","7","6:03.37"," Katie Burch","F49","TVM","3869-03BCW","08-06-2026","2026 U.S. Masters Swimming Summer National Championship"
"Women ","45-49","800","Freestyle","1","10:16.70"," Jennifer L McIntyre","F46","SNM","386N-9XK12","07-13-2026","Pacific Masters LCM Championships"
"Women ","45-49","800","Freestyle","2","10:35.95"," Zivit G Meiri","F48","WCM","386H-ZG346","07-13-2026","Pacific Masters LCM Championships"
"Women ","45-49","800","Freestyle","3","11:03.85"," Carrie Hahnel","F48","MEMO","3861-GXNY5","08-09-2026","2026 U.S. Masters Swimming Summer National Championship"
"Women ","45-49","800","Freestyle","4","12:25.68"," Colette Smirniotis","F45","SACMA","386H-09C9U","07-13-2026","Pacific Masters LCM Championships"
"Women ","45-49","1500","Freestyle","1","19:40.29"," Tesla E Profumo","F49","CRUZ","386A-068K7","08-05-2026","2026 U.S. Masters Swimming Summer National Championship"
"Women ","45-49","1500","Freestyle","2","19:40.46"," Jennifer L McIntyre","F46","SNM","386N-9XK12","08-05-2026","2026 U.S. Masters Swimming Summer National Championship"
"Women ","45-49","1500","Freestyle","3","20:08.14"," Zivit G Meiri","F48","WCM","386H-ZG346","08-05-2026","2026 U.S. Masters Swimming Summer National Championship"
"Women ","45-49","1500","Freestyle","4","21:42.30"," Lorissa Rocha","F45","WCM","386Y-SYCTT","08-05-2026","2026 U.S. Masters Swimming Summer National Championship"
"Women ","45-49","1500","Freestyle","5","22:04.85"," Rebecca M Benas","F47","FDM","3861-06D9F","08-05-2026","2026 U.S. Masters Swimming Summer National Championship"
"Women ","45-49","1500","Freestyle","6","22:28.71"," Laura A O’Mara","F46","WCM","3861-040G1","07-12-2026","Pacific Masters LCM Championships"
"Women ","45-49","50","Backstroke","1","32.72"," Lauren E Hooper","F47","WCM","386R-03WD3","08-08-2026","2026 U.S. Masters Swimming Summer National Championship"
"Women ","45-49","50","Backstroke","2","35.79"," Helene Nehrebecki","F46","DAM","386A-06JFA","08-08-2026","2026 U.S. Masters Swimming Summer National Championship"
"Women ","45-49","50","Backstroke","3","36.53"," Ericka L Richards","F48","SRM","386J-05P68","08-08-2026","2026 U.S. Masters Swimming Summer National Championship"
"Women ","45-49","50","Backstroke","4","38.12"," Alzina Cua","F46","UC38","386U-09SHX","06-28-2026","SILVER STATE MASTERS LCM"
"Women ","45-49","50","Backstroke","5","38.32"," Lorissa Rocha","F45","WCM","386Y-SYCTT","08-08-2026","2026 U.S. Masters Swimming Summer National Championship"
"Women ","45-49","50","Backstroke","6","38.58"," Jennifer L McIntyre","F46","SNM","386N-9XK12","06-28-2026","SILVER STATE MASTERS LCM"
"Women ","45-49","50","Backstroke","7","39.19"," Allee Schneider","F45","FGST","386C-51GDJ","08-08-2026","2026 U.S. Masters Swimming Summer National Championship"
"Women ","45-49","50","Backstroke","8","41.1"," Colette Smirniotis","F45","SACMA","386H-09C9U","","2026 U.S. Masters Swimming Summer National Championship"
"Women ","45-49","50","Backstroke","9","41.65"," Jackie I Chow","F48","DAM","3868-03GGS","07-13-2026","Pacific Masters LCM Championships"
"Women ","45-49","50","Backstroke","10","44.69"," Amie D Prichard","F46","USF","386Y-0016V","08-08-2026","2026 U.S. Masters Swimming Summer National Championship"
"Women ","45-49","50","Backstroke","11","44.76"," Michelle E Murphy","F49","USF","386Z-0027V","07-13-2026","Pacific Masters LCM Championships"
"Women ","45-49","50","Backstroke","12","46.27"," Krishna Feeney","F47","RPM","3867-YAH02","07-13-2026","Pacific Masters LCM Championships"
"Women ","45-49","50","Backstroke","13","59.72"," Julie E Hardt","F45","SNM","386H-0AGPM","06-28-2026","SILVER STATE MASTERS LCM"
"Women ","45-49","100","Backstroke","1","1:22.58"," Ericka L Richards","F48","SRM","386J-05P68","07-14-2026","Pacific Masters LCM Championships"
"Women ","45-49","100","Backstroke","2","1:24.06"," Alzina Cua","F46","UC38","386U-09SHX","06-28-2026","SILVER STATE MASTERS LCM"
"Women ","45-49","100","Backstroke","3","1:25.66"," Helene Nehrebecki","F46","DAM","386A-06JFA","06-21-2026","2026 Bumpy Jones Classic Long Course Meet"
"Women ","45-49","100","Backstroke","4","1:30.66"," Jackie I Chow","F48","DAM","3868-03GGS","08-06-2026","2026 U.S. Masters Swimming Summer National Championship"
"Women ","45-49","100","Backstroke","5","1:30.82"," Colette Smirniotis","F45","SACMA","386H-09C9U","08-06-2026","2026 U.S. Masters Swimming Summer National Championship"
"Women ","45-49","100","Backstroke","6","1:31.12"," Katie Burch","F49","TVM","3869-03BCW","08-06-2026","2026 U.S. Masters Swimming Summer National Championship"
"Women ","45-49","200","Backstroke","1","2:41.63"," Lauren E Hooper","F47","WCM","386R-03WD3","08-09-2026","2026 U.S. Masters Swimming Summer National Championship"
"Women ","45-49","200","Backstroke","2","2:55.37"," Jennifer L McIntyre","F46","SNM","386N-9XK12","08-09-2026","2026 U.S. Masters Swimming Summer National Championship"
"Women ","45-49","200","Backstroke","3","3:23.78"," Jackie I Chow","F48","DAM","3868-03GGS","08-09-2026","2026 U.S. Masters Swimming Summer National Championship"
"Women ","45-49","200","Backstroke","4","3:36.84"," Michelle E Murphy","F49","USF","386Z-0027V","07-13-2026","Pacific Masters LCM Championships"
"Women ","45-49","200","Backstroke","5","3:37.14"," Amie D Prichard","F46","USF","386Y-0016V","08-09-2026","2026 U.S. Masters Swimming Summer National Championship"
"Women ","45-49","200","Backstroke","6","4:15.01"," Ruth Cheung","F47","QSS","386D-9Y87F","07-13-2026","Pacific Masters LCM Championships"
"Women ","45-49","50","Breaststroke","1","39.42"," Helene Nehrebecki","F46","DAM","386A-06JFA","08-07-2026","2026 U.S. Masters Swimming Summer National Championship"
"Women ","45-49","50","Breaststroke","2","40.44"," Ericka L Richards","F48","SRM","386J-05P68","08-07-2026","2026 U.S. Masters Swimming Summer National Championship"
"Women ","45-49","50","Breaststroke","3","41.98"," Laura A O’Mara","F46","WCM","3861-040G1","08-07-2026","2026 U.S. Masters Swimming Summer National Championship"
"Women ","45-49","50","Breaststroke","4","42.2"," Jennifer L McIntyre","F46","SNM","386N-9XK12","06-28-2026","SILVER STATE MASTERS LCM"
"Women ","45-49","50","Breaststroke","5","45.4"," Mercy H Tolve","F47","USF","3869-9FKRH","08-07-2026","2026 U.S. Masters Swimming Summer National Championship"
"Women ","45-49","50","Breaststroke","6","47.26"," Colette Smirniotis","F45","SACMA","386H-09C9U","07-14-2026","Pacific Masters LCM Championships"
"Women ","45-49","50","Breaststroke","7","47.42"," Erin E Green","F48","HTUB","3863-VMYZX","07-14-2026","Pacific Masters LCM Championships"
"Women ","45-49","50","Breaststroke","8","50.76"," Krishna Feeney","F47","RPM","3867-YAH02","05-31-2026","BAC Long Course Meters Meet"
"Women ","45-49","50","Breaststroke","9","1:02.28"," Julie E Hardt","F45","SNM","386H-0AGPM","06-28-2026","SILVER STATE MASTERS LCM"
"Women ","45-49","100","Breaststroke","1","1:26.31"," Christy Droubay","F45","TVAM","386R-040RR","08-08-2026","2026 U.S. Masters Swimming Summer National Championship"
"Women ","45-49","100","Breaststroke","2","1:28.52"," Kristin A Duby","F47","DAM","3867-01N6R","08-08-2026","2026 U.S. Masters Swimming Summer National Championship"
"Women ","45-49","100","Breaststroke","3","1:28.72"," Jennifer L McIntyre","F46","SNM","386N-9XK12","07-13-2026","Pacific Masters LCM Championships"
"Women ","45-49","100","Breaststroke","4","1:28.91"," Helene Nehrebecki","F46","DAM","386A-06JFA","05-31-2026","BAC Long Course Meters Meet"
"Women ","45-49","100","Breaststroke","5","1:31.50"," Ericka L Richards","F48","SRM","386J-05P68","08-08-2026","2026 U.S. Masters Swimming Summer National Championship"
"Women ","45-49","100","Breaststroke","6","1:37.52"," Carrie Hahnel","F48","MEMO","3861-GXNY5","08-08-2026","2026 U.S. Masters Swimming Summer National Championship"
"Women ","45-49","100","Breaststroke","7","1:38.80"," Kendra A Zanotto","F45","WGM","3867-TV2J5","08-08-2026","2026 U.S. Masters Swimming Summer National Championship"
"Women ","45-49","100","Breaststroke","8","1:39.41"," Veronique Borges","F47","RPM","386W-3H6XF","08-08-2026","2026 U.S. Masters Swimming Summer National Championship"
"Women ","45-49","100","Breaststroke","9","1:54.49"," Krishna Feeney","F47","RPM","3867-YAH02","07-13-2026","Pacific Masters LCM Championships"
"Women ","45-49","200","Breaststroke","1","3:22.00"," Ericka L Richards","F48","SRM","386J-05P68","07-14-2026","Pacific Masters LCM Championships"
"Women ","45-49","50","Butterfly","1","32.28"," Lauren E Hooper","F47","WCM","386R-03WD3","08-09-2026","2026 U.S. Masters Swimming Summer National Championship"
"Women ","45-49","50","Butterfly","2","32.81"," Helene Nehrebecki","F46","DAM","386A-06JFA","07-25-2026","2026 Southwest Zone and SPMS Summer Championships"
"Women ","45-49","50","Butterfly","3","33.78"," Lorissa Rocha","F45","WCM","386Y-SYCTT","08-09-2026","2026 U.S. Masters Swimming Summer National Championship"
"Women ","45-49","50","Butterfly","4","33.86"," Alzina Cua","F46","UC38","386U-09SHX","06-28-2026","SILVER STATE MASTERS LCM"
"Women ","45-49","50","Butterfly","5","34.74"," Zivit G Meiri","F48","WCM","386H-ZG346","07-14-2026","Pacific Masters LCM Championships"
"Women ","45-49","50","Butterfly","6","35.48"," Colette Smirniotis","F45","SACMA","386H-09C9U","08-09-2026","2026 U.S. Masters Swimming Summer National Championship"
"Women ","45-49","50","Butterfly","7","36.25"," Jennifer L McIntyre","F46","SNM","386N-9XK12","06-28-2026","SILVER STATE MASTERS LCM"
"Women ","45-49","50","Butterfly","8","37.09"," Kendra A Zanotto","F45","WGM","3867-TV2J5","08-09-2026","2026 U.S. Masters Swimming Summer National Championship"
"Women ","45-49","50","Butterfly","9","37.09"," Melanie C Belluomini","F49","DAM","386D-05PKW","08-09-2026","2026 U.S. Masters Swimming Summer National Championship"
"Women ","45-49","50","Butterfly","10","37.62"," Erin E Green","F48","HTUB","3863-VMYZX","07-14-2026","Pacific Masters LCM Championships"
"Women ","45-49","50","Butterfly","11","37.91"," Carrie Hahnel","F48","MEMO","3861-GXNY5","08-09-2026","2026 U.S. Masters Swimming Summer National Championship"
"Women ","45-49","100","Butterfly","1","1:17.48"," Zivit G Meiri","F48","WCM","386H-ZG346","07-13-2026","Pacific Masters LCM Championships"
"Women ","45-49","100","Butterfly","2","1:17.63"," Helene Nehrebecki","F46","DAM","386A-06JFA","07-26-2026","2026 Southwest Zone and SPMS Summer Championships"
"Women ","45-49","100","Butterfly","3","1:21.46"," Rebecca M Benas","F47","FDM","3861-06D9F","08-06-2026","2026 U.S. Masters Swimming Summer National Championship"
"Women ","45-49","100","Butterfly","4","1:32.27"," Melanie C Belluomini","F49","DAM","386D-05PKW","08-06-2026","2026 U.S. Masters Swimming Summer National Championship"
"Women ","45-49","200","Butterfly","1","2:51.07"," Zivit G Meiri","F48","WCM","386H-ZG346","08-07-2026","2026 U.S. Masters Swimming Summer National Championship"
"Women ","45-49","200","Butterfly","2","3:04.50"," Rebecca M Benas","F47","FDM","3861-06D9F","08-07-2026","2026 U.S. Masters Swimming Summer National Championship"
"Women ","45-49","200","Individual Medley","1","2:47.15"," Jennifer L McIntyre","F46","SNM","386N-9XK12","08-08-2026","2026 U.S. Masters Swimming Summer National Championship"
"Women ","45-49","200","Individual Medley","2","2:57.49"," Helene Nehrebecki","F46","DAM","386A-06JFA","07-26-2026","2026 Southwest Zone and SPMS Summer Championships"
"Women ","45-49","200","Individual Medley","3","3:07.80"," Colette Smirniotis","F45","SACMA","386H-09C9U","08-08-2026","2026 U.S. Masters Swimming Summer National Championship"
"Women ","45-49","200","Individual Medley","4","3:13.23"," Erin E Green","F48","HTUB","3863-VMYZX","07-14-2026","Pacific Masters LCM Championships"
"Women ","45-49","200","Individual Medley","5","3:29.79"," Melanie C Belluomini","F49","DAM","386D-05PKW","08-08-2026","2026 U.S. Masters Swimming Summer National Championship"
"Women ","45-49","400","Individual Medley","1","6:10.77"," Zivit G Meiri","F48","WCM","386H-ZG346","07-12-2026","Pacific Masters LCM Championships"
"Women ","45-49","400","Individual Medley","2","7:25.16"," Melanie C Belluomini","F49","DAM","386D-05PKW","08-07-2026","2026 U.S. Masters Swimming Summer National Championship"
"Women ","50-54","50","Freestyle","1","29.44"," Niki L Woodard","F50","SACMA","3868-07U68","","2026 U.S. Masters Swimming Summer National Championship"
"Women ","50-54","50","Freestyle","2","31.05"," Kelli A Broussard","F54","SRM","386X-01T55","05-09-2026","2026 Cyrus Blakney Memorial A-May-Zing Meet"
"Women ","50-54","50","Freestyle","3","33.38"," Rachel G Towey","F52","RHMS","386M-1XSD0","08-08-2026","2026 U.S. Masters Swimming Summer National Championship"
"Women ","50-54","50","Freestyle","4","35.48"," Margaret E Reece","F54","WOOD","386K-03JFJ","08-08-2026","2026 U.S. Masters Swimming Summer National Championship"
"Women ","50-54","50","Freestyle","5","36.04"," Maureen E Burns-Vermette","F51","USF","3866-Y9Z2M","05-31-2026","BAC Long Course Meters Meet"
"Women ","50-54","50","Freestyle","6","36.39"," Yuki Kozuma","F54","SACMA","386Y-2GC81","08-08-2026","2026 U.S. Masters Swimming Summer National Championship"
"Women ","50-54","50","Freestyle","7","36.72"," Taylor H Davis","F50","USF","386Z-739B3","08-08-2026","2026 U.S. Masters Swimming Summer National Championship"
"Women ","50-54","50","Freestyle","8","39.13"," Marina Stepanova","F53","SACMA","386V-FT7N2","08-08-2026","2026 U.S. Masters Swimming Summer National Championship"
"Women ","50-54","50","Freestyle","9","40.55"," Edith Gillet","F54","DAM","386U-6D3CU","08-08-2026","2026 U.S. Masters Swimming Summer National Championship"
"Women ","50-54","50","Freestyle","10","40.79"," Ann Michelle Ongerth","F52","WCM","3860-MB511","07-13-2026","Pacific Masters LCM Championships"
"Women ","50-54","50","Freestyle","11","42.74"," Roberta Vassallo","F52","WCM","386E-8DUKU","08-08-2026","2026 U.S. Masters Swimming Summer National Championship"
"Women ","50-54","50","Freestyle","12","43.47"," Jennifer Kercher","F53","LOM","386K-800XR","05-31-2026","BAC Long Course Meters Meet"
"Women ","50-54","100","Freestyle","1","1:04.31"," Annette E Salmeen","F52","STAN","386D-03W0K","08-07-2026","2026 U.S. Masters Swimming Summer National Championship"
"Women ","50-54","100","Freestyle","2","1:04.95"," Niki L Woodard","F50","SACMA","3868-07U68","08-07-2026","2026 U.S. Masters Swimming Summer National Championship"
"Women ","50-54","100","Freestyle","3","1:07.47"," Abby B Pledger","F52","NBA","386T-03X25","08-07-2026","2026 U.S. Masters Swimming Summer National Championship"
"Women ","50-54","100","Freestyle","4","1:10.57"," Suzanne H Needham","F52","WCM","3868-09P6F","08-07-2026","2026 U.S. Masters Swimming Summer National Championship"
"Women ","50-54","100","Freestyle","5","1:17.59"," Rachel G Towey","F52","RHMS","386M-1XSD0","08-07-2026","2026 U.S. Masters Swimming Summer National Championship"
"Women ","50-54","100","Freestyle","6","1:17.77"," Masako K Nagaoka","F52","QSS","3866-3H8RF","07-13-2026","Pacific Masters LCM Championships"
"Women ","50-54","100","Freestyle","7","1:19.68"," Maureen E Burns-Vermette","F51","USF","3866-Y9Z2M","07-13-2026","Pacific Masters LCM Championships"
"Women ","50-54","100","Freestyle","8","1:20.41"," Taylor H Davis","F50","USF","386Z-739B3","08-07-2026","2026 U.S. Masters Swimming Summer National Championship"
"Women ","50-54","100","Freestyle","9","1:30.32"," Ghislaine Maze","F52","RPM","386H-092YS","05-31-2026","BAC Long Course Meters Meet"
"Women ","50-54","100","Freestyle","10","1:30.76"," Jennifer Kercher","F53","LOM","386K-800XR","05-31-2026","BAC Long Course Meters Meet"
"Women ","50-54","100","Freestyle","11","1:34.82"," Louise A Berben","F50","DAM","386D-S1G9E","08-07-2026","2026 U.S. Masters Swimming Summer National Championship"
"Women ","50-54","200","Freestyle","1","2:15.60"," Heidi S George","F50","UC38","3867-03KD2","05-31-2026","BAC Long Course Meters Meet"
"Women ","50-54","200","Freestyle","2","2:25.49"," Niki L Woodard","F50","SACMA","3868-07U68","08-08-2026","2026 U.S. Masters Swimming Summer National Championship"
"Women ","50-54","200","Freestyle","3","2:33.68"," Suzanne H Needham","F52","WCM","3868-09P6F","08-08-2026","2026 U.S. Masters Swimming Summer National Championship"
"Women ","50-54","200","Freestyle","4","2:50.15"," Mary Romero","F50","BAMF","386P-09B9R","08-08-2026","2026 U.S. Masters Swimming Summer National Championship"
"Women ","50-54","200","Freestyle","5","2:52.34"," Masako K Nagaoka","F52","QSS","3866-3H8RF","08-08-2026","2026 U.S. Masters Swimming Summer National Championship"
"Women ","50-54","200","Freestyle","6","2:52.56"," Maureen E Burns-Vermette","F51","USF","3866-Y9Z2M","07-14-2026","Pacific Masters LCM Championships"
"Women ","50-54","200","Freestyle","7","2:55.96"," Taylor H Davis","F50","USF","386Z-739B3","08-08-2026","2026 U.S. Masters Swimming Summer National Championship"
"Women ","50-54","200","Freestyle","8","3:18.46"," Ghislaine Maze","F52","RPM","386H-092YS","05-31-2026","BAC Long Course Meters Meet"
"Women ","50-54","200","Freestyle","9","3:27.51"," Jennifer Kercher","F53","LOM","386K-800XR","05-31-2026","BAC Long Course Meters Meet"
"Women ","50-54","400","Freestyle","1","4:39.45"," Heidi S George","F50","UC38","3867-03KD2","05-31-2026","BAC Long Course Meters Meet"
"Women ","50-54","400","Freestyle","2","5:23.56"," Suzanne H Needham","F52","WCM","3868-09P6F","08-06-2026","2026 U.S. Masters Swimming Summer National Championship"
"Women ","50-54","400","Freestyle","3","5:56.46"," Sara A Randolph","F50","WCM","386N-PZJG6","08-06-2026","2026 U.S. Masters Swimming Summer National Championship"
"Women ","50-54","400","Freestyle","4","6:06.30"," Maureen E Burns-Vermette","F51","USF","3866-Y9Z2M","07-14-2026","Pacific Masters LCM Championships"
"Women ","50-54","400","Freestyle","5","6:31.94"," Jo Singh","F54","MELO","3862-4PWA1","08-06-2026","2026 U.S. Masters Swimming Summer National Championship"
"Women ","50-54","400","Freestyle","6","6:54.22"," Ghislaine Maze","F52","RPM","386H-092YS","05-31-2026","BAC Long Course Meters Meet"
"Women ","50-54","800","Freestyle","1","9:29.48"," Heidi S George","F50","UC38","3867-03KD2","07-12-2026","Pacific Masters LCM Championships"
"Women ","50-54","800","Freestyle","2","12:10.36"," Mary Romero","F50","BAMF","386P-09B9R","08-09-2026","2026 U.S. Masters Swimming Summer National Championship"
"Women ","50-54","800","Freestyle","3","13:42.28"," Jo Singh","F54","MELO","3862-4PWA1","08-09-2026","2026 U.S. Masters Swimming Summer National Championship"
"Women ","50-54","800","Freestyle","4","14:41.35"," Diana H Peroni","F54","MAQ","386Z-03FKD","08-09-2026","2026 U.S. Masters Swimming Summer National Championship"
"Women ","50-54","1500","Freestyle","1","17:33.76"," Heidi S George","F50","UC38","3867-03KD2","08-05-2026","2026 U.S. Masters Swimming Summer National Championship"
"Women ","50-54","1500","Freestyle","2","20:52.80"," Suzanne H Needham","F52","WCM","3868-09P6F","08-05-2026","2026 U.S. Masters Swimming Summer National Championship"
"Women ","50-54","1500","Freestyle","3","22:46.54"," Kristina M Maroudis","F51","SYSM","386J-06PM8","08-05-2026","2026 U.S. Masters Swimming Summer National Championship"
"Women ","50-54","1500","Freestyle","4","23:02.01"," Sara A Randolph","F50","WCM","386N-PZJG6","07-12-2026","Pacific Masters LCM Championships"
"Women ","50-54","1500","Freestyle","5","23:34.46"," Heather J Martinez","F50","CHICO","386B-03K6F","08-05-2026","2026 U.S. Masters Swimming Summer National Championship"
"Women ","50-54","1500","Freestyle","6","25:19.26"," Taylor H Davis","F50","USF","386Z-739B3","08-05-2026","2026 U.S. Masters Swimming Summer National Championship"
"Women ","50-54","1500","Freestyle","7","26:41.65"," Ghislaine Maze","F52","RPM","386H-092YS","07-12-2026","Pacific Masters LCM Championships"
"Women ","50-54","1500","Freestyle","8","27:43.18"," Marina Stepanova","F53","SACMA","386V-FT7N2","08-05-2026","2026 U.S. Masters Swimming Summer National Championship"
"Women ","50-54","50","Backstroke","1","36.37"," Taylor H Davis","F50","USF","386Z-739B3","","2026 U.S. Masters Swimming Summer National Championship"
"Women ","50-54","50","Backstroke","2","37.89"," Kelli A Broussard","F54","SRM","386X-01T55","05-09-2026","2026 Cyrus Blakney Memorial A-May-Zing Meet"
"Women ","50-54","50","Backstroke","3","40.49"," Carrie L Smith","F50","SACMA","3869-03PVX","07-26-2026","2026 Southwest Zone and SPMS Summer Championships"
"Women ","50-54","50","Backstroke","4","45.67"," Rachel G Towey","F52","RHMS","386M-1XSD0","05-31-2026","BAC Long Course Meters Meet"
"Women ","50-54","50","Backstroke","5","48.99"," Yuki Kozuma","F54","SACMA","386Y-2GC81","","2026 U.S. Masters Swimming Summer National Championship"
"Women ","50-54","50","Backstroke","6","49.3"," Edith Gillet","F54","DAM","386U-6D3CU","08-08-2026","2026 U.S. Masters Swimming Summer National Championship"
"Women ","50-54","50","Backstroke","7","50.83"," Roberta Vassallo","F52","WCM","386E-8DUKU","08-08-2026","2026 U.S. Masters Swimming Summer National Championship"
"Women ","50-54","50","Backstroke","8","57.58"," Kimberly A Bolich","F53","MEMO","386F-BS9XB","07-13-2026","Pacific Masters LCM Championships"
"Women ","50-54","100","Backstroke","1","1:23.19"," Kelli A Broussard","F54","SRM","386X-01T55","05-08-2026","2026 Cyrus Blakney Memorial A-May-Zing Meet"
"Women ","50-54","100","Backstroke","2","1:28.96"," Carrie L Smith","F50","SACMA","3869-03PVX","07-25-2026","2026 Southwest Zone and SPMS Summer Championships"
"Women ","50-54","100","Backstroke","3","1:33.62"," Heather J Martinez","F50","CHICO","386B-03K6F","08-06-2026","2026 U.S. Masters Swimming Summer National Championship"
"Women ","50-54","200","Backstroke","1","3:03.96"," Kelli A Broussard","F54","SRM","386X-01T55","05-09-2026","2026 Cyrus Blakney Memorial A-May-Zing Meet"
"Women ","50-54","200","Backstroke","2","3:14.44"," Mary Romero","F50","BAMF","386P-09B9R","08-09-2026","2026 U.S. Masters Swimming Summer National Championship"
"Women ","50-54","200","Backstroke","3","3:20.07"," Masako K Nagaoka","F52","QSS","3866-3H8RF","08-09-2026","2026 U.S. Masters Swimming Summer National Championship"
"Women ","50-54","50","Breaststroke","1","38.47"," Carrie L Smith","F50","SACMA","3869-03PVX","07-14-2026","Pacific Masters LCM Championships"
"Women ","50-54","50","Breaststroke","2","39.53"," Masako K Nagaoka","F52","QSS","3866-3H8RF","07-14-2026","Pacific Masters LCM Championships"
"Women ","50-54","50","Breaststroke","3","42.98"," Abby B Pledger","F52","NBA","386T-03X25","08-07-2026","2026 U.S. Masters Swimming Summer National Championship"
"Women ","50-54","50","Breaststroke","4","44.15"," Kelli A Broussard","F54","SRM","386X-01T55","05-09-2026","2026 Cyrus Blakney Memorial A-May-Zing Meet"
"Women ","50-54","50","Breaststroke","5","45.51"," Marina Stepanova","F53","SACMA","386V-FT7N2","08-07-2026","2026 U.S. Masters Swimming Summer National Championship"
"Women ","50-54","50","Breaststroke","6","45.87"," Rachel G Towey","F52","RHMS","386M-1XSD0","07-14-2026","Pacific Masters LCM Championships"
"Women ","50-54","50","Breaststroke","7","48.6"," Louise A Berben","F50","DAM","386D-S1G9E","08-07-2026","2026 U.S. Masters Swimming Summer National Championship"
"Women ","50-54","50","Breaststroke","8","52.25"," Ann Michelle Ongerth","F52","WCM","3860-MB511","07-14-2026","Pacific Masters LCM Championships"
"Women ","50-54","100","Breaststroke","1","1:25.97"," Masako K Nagaoka","F52","QSS","3866-3H8RF","08-08-2026","2026 U.S. Masters Swimming Summer National Championship"
"Women ","50-54","100","Breaststroke","2","1:27.15"," Carrie L Smith","F50","SACMA","3869-03PVX","07-13-2026","Pacific Masters LCM Championships"
"Women ","50-54","100","Breaststroke","3","1:31.25"," Suzanne H Needham","F52","WCM","3868-09P6F","08-08-2026","2026 U.S. Masters Swimming Summer National Championship"
"Women ","50-54","100","Breaststroke","4","1:35.38"," Kelli A Broussard","F54","SRM","386X-01T55","05-09-2026","2026 Cyrus Blakney Memorial A-May-Zing Meet"
"Women ","50-54","100","Breaststroke","5","1:40.54"," Mary Romero","F50","BAMF","386P-09B9R","08-08-2026","2026 U.S. Masters Swimming Summer National Championship"
"Women ","50-54","100","Breaststroke","6","1:43.88"," Rachel G Towey","F52","RHMS","386M-1XSD0","08-08-2026","2026 U.S. Masters Swimming Summer National Championship"
"Women ","50-54","100","Breaststroke","7","1:44.66"," Marina Stepanova","F53","SACMA","386V-FT7N2","08-08-2026","2026 U.S. Masters Swimming Summer National Championship"
"Women ","50-54","100","Breaststroke","8","1:45.86"," Louise A Berben","F50","DAM","386D-S1G9E","08-08-2026","2026 U.S. Masters Swimming Summer National Championship"
"Women ","50-54","100","Breaststroke","9","1:54.11"," Ghislaine Maze","F52","RPM","386H-092YS","05-31-2026","BAC Long Course Meters Meet"
"Women ","50-54","100","Breaststroke","10","1:56.23"," Ann Michelle Ongerth","F52","WCM","3860-MB511","07-13-2026","Pacific Masters LCM Championships"
"Women ","50-54","200","Breaststroke","1","3:09.55"," Masako K Nagaoka","F52","QSS","3866-3H8RF","08-06-2026","2026 U.S. Masters Swimming Summer National Championship"
"Women ","50-54","200","Breaststroke","2","3:19.88"," Suzanne H Needham","F52","WCM","3868-09P6F","08-06-2026","2026 U.S. Masters Swimming Summer National Championship"
"Women ","50-54","200","Breaststroke","3","3:21.66"," Carrie L Smith","F50","SACMA","3869-03PVX","08-06-2026","2026 U.S. Masters Swimming Summer National Championship"
"Women ","50-54","200","Breaststroke","4","3:41.46"," Rachel G Towey","F52","RHMS","386M-1XSD0","07-14-2026","Pacific Masters LCM Championships"
"Women ","50-54","200","Breaststroke","5","4:15.67"," Ann Michelle Ongerth","F52","WCM","3860-MB511","07-14-2026","Pacific Masters LCM Championships"
"Women ","50-54","50","Butterfly","1","31.59"," Carrie L Smith","F50","SACMA","3869-03PVX","08-09-2026","2026 U.S. Masters Swimming Summer National Championship"
"Women ","50-54","50","Butterfly","2","31.9"," Niki L Woodard","F50","SACMA","3868-07U68","08-09-2026","2026 U.S. Masters Swimming Summer National Championship"
"Women ","50-54","50","Butterfly","3","33.62"," Kelli A Broussard","F54","SRM","386X-01T55","05-08-2026","2026 Cyrus Blakney Memorial A-May-Zing Meet"
"Women ","50-54","50","Butterfly","4","36.04"," Masako K Nagaoka","F52","QSS","3866-3H8RF","08-09-2026","2026 U.S. Masters Swimming Summer National Championship"
"Women ","50-54","50","Butterfly","5","38.36"," Maureen E Burns-Vermette","F51","USF","3866-Y9Z2M","05-31-2026","BAC Long Course Meters Meet"
"Women ","50-54","50","Butterfly","6","43.99"," Diana H Peroni","F54","MAQ","386Z-03FKD","08-09-2026","2026 U.S. Masters Swimming Summer National Championship"
"Women ","50-54","50","Butterfly","7","48.95"," Marina Stepanova","F53","SACMA","386V-FT7N2","08-09-2026","2026 U.S. Masters Swimming Summer National Championship"
"Women ","50-54","100","Butterfly","1","1:14.64"," Carrie L Smith","F50","SACMA","3869-03PVX","08-06-2026","2026 U.S. Masters Swimming Summer National Championship"
"Women ","50-54","100","Butterfly","2","1:15.60"," Niki L Woodard","F50","SACMA","3868-07U68","08-06-2026","2026 U.S. Masters Swimming Summer National Championship"
"Women ","50-54","100","Butterfly","3","1:21.82"," Margaret E Reece","F54","WOOD","386K-03JFJ","08-06-2026","2026 U.S. Masters Swimming Summer National Championship"
"Women ","50-54","100","Butterfly","4","1:29.31"," Maureen E Burns-Vermette","F51","USF","3866-Y9Z2M","05-31-2026","BAC Long Course Meters Meet"
"Women ","50-54","100","Butterfly","5","1:30.86"," Heather J Martinez","F50","CHICO","386B-03K6F","08-06-2026","2026 U.S. Masters Swimming Summer National Championship"
"Women ","50-54","100","Butterfly","6","1:34.79"," Kristina M Maroudis","F51","SYSM","386J-06PM8","08-06-2026","2026 U.S. Masters Swimming Summer National Championship"
"Women ","50-54","100","Butterfly","7","1:42.82"," Colleen M Darling","F52","WCM","386T-03WVE","08-06-2026","2026 U.S. Masters Swimming Summer National Championship"
"Women ","50-54","100","Butterfly","8","1:43.18"," Diana H Peroni","F54","MAQ","386Z-03FKD","08-06-2026","2026 U.S. Masters Swimming Summer National Championship"
"Women ","50-54","100","Butterfly","9","1:48.02"," Ghislaine Maze","F52","RPM","386H-092YS","05-31-2026","BAC Long Course Meters Meet"
"Women ","50-54","100","Butterfly","10","1:56.96"," Ann Michelle Ongerth","F52","WCM","3860-MB511","07-13-2026","Pacific Masters LCM Championships"
"Women ","50-54","200","Butterfly","1","2:46.66"," Annette E Salmeen","F52","STAN","386D-03W0K","08-07-2026","2026 U.S. Masters Swimming Summer National Championship"
"Women ","50-54","200","Butterfly","2","3:49.17"," Colleen M Darling","F52","WCM","386T-03WVE","08-07-2026","2026 U.S. Masters Swimming Summer National Championship"
"Women ","50-54","200","Butterfly","3","4:16.36"," Ann Michelle Ongerth","F52","WCM","3860-MB511","07-14-2026","Pacific Masters LCM Championships"
"Women ","50-54","200","Individual Medley","1","2:53.55"," Niki L Woodard","F50","SACMA","3868-07U68","08-08-2026","2026 U.S. Masters Swimming Summer National Championship"
"Women ","50-54","200","Individual Medley","2","2:58.52"," Carrie L Smith","F50","SACMA","3869-03PVX","07-14-2026","Pacific Masters LCM Championships"
"Women ","50-54","200","Individual Medley","3","3:04.46"," Suzanne H Needham","F52","WCM","3868-09P6F","07-14-2026","Pacific Masters LCM Championships"
"Women ","50-54","200","Individual Medley","4","3:06.15"," Kristina M Maroudis","F51","SYSM","386J-06PM8","08-08-2026","2026 U.S. Masters Swimming Summer National Championship"
"Women ","50-54","200","Individual Medley","5","3:08.52"," Margaret E Reece","F54","WOOD","386K-03JFJ","08-08-2026","2026 U.S. Masters Swimming Summer National Championship"
"Women ","50-54","200","Individual Medley","6","3:10.33"," Masako K Nagaoka","F52","QSS","3866-3H8RF","07-14-2026","Pacific Masters LCM Championships"
"Women ","50-54","200","Individual Medley","7","3:11.61"," Mary Romero","F50","BAMF","386P-09B9R","08-08-2026","2026 U.S. Masters Swimming Summer National Championship"
"Women ","50-54","200","Individual Medley","8","3:36.70"," Colleen M Darling","F52","WCM","386T-03WVE","08-08-2026","2026 U.S. Masters Swimming Summer National Championship"
"Women ","50-54","400","Individual Medley","1","6:25.61"," Carrie L Smith","F50","SACMA","3869-03PVX","07-12-2026","Pacific Masters LCM Championships"
"Women ","50-54","400","Individual Medley","2","7:01.68"," Kristina M Maroudis","F51","SYSM","386J-06PM8","08-07-2026","2026 U.S. Masters Swimming Summer National Championship"
"Women ","55-59","50","Freestyle","1","30.04"," Alison Zamanian","F56","WCM","386X-03FP1","","2026 U.S. Masters Swimming Summer National Championship"
"Women ","55-59","50","Freestyle","2","31.59"," Susanne P Rublein","F56","MAM","386R-03GAV","08-08-2026","2026 U.S. Masters Swimming Summer National Championship"
"Women ","55-59","50","Freestyle","3","32.21"," Carrie Attwell","F56","TOC","386S-03N0W","08-08-2026","2026 U.S. Masters Swimming Summer National Championship"
"Women ","55-59","50","Freestyle","4","33.73"," Christine M O'Hanlon","F56","RHMS","3862-03X8F","08-08-2026","2026 U.S. Masters Swimming Summer National Championship"
"Women ","55-59","50","Freestyle","5","34.5"," Caren C Schatz","F58","SNM","386T-03NES","06-28-2026","SILVER STATE MASTERS LCM"
"Women ","55-59","50","Freestyle","6","35.85"," Justine Juson","F58","USF","3860-0B27C","","2026 U.S. Masters Swimming Summer National Championship"
"Women ","55-59","50","Freestyle","7","36.38"," Cynthia J Hertzer","F57","CRUZ","386U-CHSWM","05-31-2026","BAC Long Course Meters Meet"
"Women ","55-59","50","Freestyle","8","38.89"," Tina M Voight","F57","MEMO","386N-06T52","07-13-2026","Pacific Masters LCM Championships"
"Women ","55-59","50","Freestyle","9","39.82"," Tammy Freeman","F58","WCM","3868-06KGS","08-08-2026","2026 U.S. Masters Swimming Summer National Championship"
"Women ","55-59","50","Freestyle","10","39.87"," Sarah B Anderson","F56","CHICO","3867-041D2","08-08-2026","2026 U.S. Masters Swimming Summer National Championship"
"Women ","55-59","50","Freestyle","11","40.93"," Christina Cavalli","F58","MEMO","386C-008G0","","2026 U.S. Masters Swimming Summer National Championship"
"Women ","55-59","50","Freestyle","12","41.45"," Carla Cooper","F59","USF","3860-09RCX","07-13-2026","Pacific Masters LCM Championships"
"Women ","55-59","100","Freestyle","1","1:04.87"," Alison Zamanian","F56","WCM","386X-03FP1","08-07-2026","2026 U.S. Masters Swimming Summer National Championship"
"Women ","55-59","100","Freestyle","2","1:12.66"," Carrie Attwell","F56","TOC","386S-03N0W","08-07-2026","2026 U.S. Masters Swimming Summer National Championship"
"Women ","55-59","100","Freestyle","3","1:14.97"," Emma Garforth","F58","DAM","386T-06SFT","","Pacific Masters LCM Championships"
"Women ","55-59","100","Freestyle","4","1:16.78"," Karin Rodriguez","F55","WOOD","386X-07D9U","08-07-2026","2026 U.S. Masters Swimming Summer National Championship"
"Women ","55-59","100","Freestyle","5","1:16.84"," Christine M O'Hanlon","F56","RHMS","3862-03X8F","08-07-2026","2026 U.S. Masters Swimming Summer National Championship"
"Women ","55-59","100","Freestyle","6","1:16.99"," Cynthia J Hertzer","F57","CRUZ","386U-CHSWM","08-07-2026","2026 U.S. Masters Swimming Summer National Championship"
"Women ","55-59","100","Freestyle","7","1:19.42"," Karen Simontacchi Brisson","F58","TAM","386M-03H68","08-07-2026","2026 U.S. Masters Swimming Summer National Championship"
"Women ","55-59","100","Freestyle","8","1:19.58"," Julie A Ask","F58","TOC","386N-03M9U","08-07-2026","2026 U.S. Masters Swimming Summer National Championship"
"Women ","55-59","100","Freestyle","9","1:20.52"," Juliet E Cox","F58","MAM","3865-03FWJ","05-31-2026","BAC Long Course Meters Meet"
"Women ","55-59","100","Freestyle","10","1:21.50"," Caren C Schatz","F58","SNM","386T-03NES","06-28-2026","SILVER STATE MASTERS LCM"
"Women ","55-59","100","Freestyle","11","1:23.42"," Justine Juson","F58","USF","3860-0B27C","07-13-2026","Pacific Masters LCM Championships"
"Women ","55-59","100","Freestyle","12","1:28.03"," Carla Cooper","F59","USF","3860-09RCX","07-13-2026","Pacific Masters LCM Championships"
"Women ","55-59","100","Freestyle","13","1:28.43"," Tina M Voight","F57","MEMO","386N-06T52","07-13-2026","Pacific Masters LCM Championships"
"Women ","55-59","100","Freestyle","14","1:28.95"," Patricia Brady","F56","LAC","386U-VP0SX","08-07-2026","2026 U.S. Masters Swimming Summer National Championship"
"Women ","55-59","100","Freestyle","15","1:32.67"," Sarah B Anderson","F56","CHICO","3867-041D2","08-07-2026","2026 U.S. Masters Swimming Summer National Championship"
"Women ","55-59","200","Freestyle","1","2:19.99"," Alison Zamanian","F56","WCM","386X-03FP1","08-08-2026","2026 U.S. Masters Swimming Summer National Championship"
"Women ","55-59","200","Freestyle","2","2:49.55"," Juliet E Cox","F58","MAM","3865-03FWJ","08-08-2026","2026 U.S. Masters Swimming Summer National Championship"
"Women ","55-59","200","Freestyle","3","2:54.25"," Christine M O'Hanlon","F56","RHMS","3862-03X8F","07-14-2026","Pacific Masters LCM Championships"
"Women ","55-59","200","Freestyle","4","3:14.84"," Patricia Brady","F56","LAC","386U-VP0SX","08-08-2026","2026 U.S. Masters Swimming Summer National Championship"
"Women ","55-59","200","Freestyle","5","3:23.16"," Cynthia J Hertzer","F57","CRUZ","386U-CHSWM","05-31-2026","BAC Long Course Meters Meet"
"Women ","55-59","400","Freestyle","1","4:49.66"," Alison Zamanian","F56","WCM","386X-03FP1","08-06-2026","2026 U.S. Masters Swimming Summer National Championship"
"Women ","55-59","400","Freestyle","2","5:43.84"," Cynthia J Hertzer","F57","CRUZ","386U-CHSWM","07-14-2026","Pacific Masters LCM Championships"
"Women ","55-59","400","Freestyle","3","5:46.65"," Emma Garforth","F58","DAM","386T-06SFT","07-14-2026","Pacific Masters LCM Championships"
"Women ","55-59","400","Freestyle","4","5:49.02"," Juliet E Cox","F58","MAM","3865-03FWJ","05-31-2026","BAC Long Course Meters Meet"
"Women ","55-59","400","Freestyle","5","5:52.83"," Julie A Ask","F58","TOC","386N-03M9U","08-06-2026","2026 U.S. Masters Swimming Summer National Championship"
"Women ","55-59","400","Freestyle","6","6:20.85"," Yasuko de la Torre","F56","MEMO","386D-03JJY","07-14-2026","Pacific Masters LCM Championships"
"Women ","55-59","400","Freestyle","7","6:22.05"," Christina Cavalli","F58","MEMO","386C-008G0","08-06-2026","2026 U.S. Masters Swimming Summer National Championship"
"Women ","55-59","400","Freestyle","8","8:35.42"," Jennifer L Shih","F56","USF","3863-03PUR","07-14-2026","Pacific Masters LCM Championships"
"Women ","55-59","400","Freestyle","9","9:23.59"," Sherri L Eng","F57","USF","3864-0A86V","07-14-2026","Pacific Masters LCM Championships"
"Women ","55-59","800","Freestyle","1","10:00.39"," Alison Zamanian","F56","WCM","386X-03FP1","07-13-2026","Pacific Masters LCM Championships"
"Women ","55-59","800","Freestyle","2","11:38.02"," Wendy L Bjerknes","F57","UC38","3864-05SKJ","08-09-2026","2026 U.S. Masters Swimming Summer National Championship"
"Women ","55-59","800","Freestyle","3","12:01.32"," Juliet E Cox","F58","MAM","3865-03FWJ","07-13-2026","Pacific Masters LCM Championships"
"Women ","55-59","800","Freestyle","4","12:07.35"," Emma Garforth","F58","DAM","386T-06SFT","07-12-2026","Pacific Masters LCM Championships"
"Women ","55-59","800","Freestyle","5","12:35.43"," Clare P Burger","F59","MEMO","3862-06F06","08-09-2026","2026 U.S. Masters Swimming Summer National Championship"
"Women ","55-59","800","Freestyle","6","12:47.06"," Yasuko de la Torre","F56","MEMO","386D-03JJY","07-13-2026","Pacific Masters LCM Championships"
"Women ","55-59","800","Freestyle","7","15:13.35"," Tina M Voight","F57","MEMO","386N-06T52","07-13-2026","Pacific Masters LCM Championships"
"Women ","55-59","1500","Freestyle","1","18:59.76"," Alison Zamanian","F56","WCM","386X-03FP1","07-12-2026","Pacific Masters LCM Championships"
"Women ","55-59","1500","Freestyle","2","22:05.37"," Wendy L Bjerknes","F57","UC38","3864-05SKJ","07-12-2026","Pacific Masters LCM Championships"
"Women ","55-59","1500","Freestyle","3","22:28.99"," Juliet E Cox","F58","MAM","3865-03FWJ","08-05-2026","2026 U.S. Masters Swimming Summer National Championship"
"Women ","55-59","1500","Freestyle","4","22:39.61"," Emma Garforth","F58","DAM","386T-06SFT","07-12-2026","Pacific Masters LCM Championships"
"Women ","55-59","1500","Freestyle","5","23:11.92"," Julie A Ask","F58","TOC","386N-03M9U","08-05-2026","2026 U.S. Masters Swimming Summer National Championship"
"Women ","55-59","1500","Freestyle","6","24:39.24"," Clare P Burger","F59","MEMO","3862-06F06","07-12-2026","Pacific Masters LCM Championships"
"Women ","55-59","1500","Freestyle","7","26:04.48"," Justine Juson","F58","USF","3860-0B27C","07-12-2026","Pacific Masters LCM Championships"
"Women ","55-59","50","Backstroke","1","34.23"," Tanya N Lane","F55","FDM","386C-006Z1","08-08-2026","2026 U.S. Masters Swimming Summer National Championship"
"Women ","55-59","50","Backstroke","2","38.09"," Susanne P Rublein","F56","MAM","386R-03GAV","08-08-2026","2026 U.S. Masters Swimming Summer National Championship"
"Women ","55-59","50","Backstroke","3","38.32"," Juliet E Cox","F58","MAM","3865-03FWJ","08-08-2026","2026 U.S. Masters Swimming Summer National Championship"
"Women ","55-59","50","Backstroke","4","38.89"," Emma Garforth","F58","DAM","386T-06SFT","","2026 U.S. Masters Swimming Summer National Championship"
"Women ","55-59","50","Backstroke","5","40.77"," Sara Jones","F58","SRM","386F-041EC","08-08-2026","2026 U.S. Masters Swimming Summer National Championship"
"Women ","55-59","50","Backstroke","6","43.54"," Clare P Burger","F59","MEMO","3862-06F06","","2026 U.S. Masters Swimming Summer National Championship"
"Women ","55-59","50","Backstroke","7","43.87"," Christine M O'Hanlon","F56","RHMS","3862-03X8F","07-13-2026","Pacific Masters LCM Championships"
"Women ","55-59","50","Backstroke","8","46.61"," Christina Cavalli","F58","MEMO","386C-008G0","","2026 U.S. Masters Swimming Summer National Championship"
"Women ","55-59","50","Backstroke","9","51.94"," Carla Cooper","F59","USF","3860-09RCX","07-13-2026","Pacific Masters LCM Championships"
"Women ","55-59","100","Backstroke","1","1:23.80"," Emma Garforth","F58","DAM","386T-06SFT","08-06-2026","2026 U.S. Masters Swimming Summer National Championship"
"Women ","55-59","100","Backstroke","2","1:28.32"," Sara Jones","F58","SRM","386F-041EC","08-06-2026","2026 U.S. Masters Swimming Summer National Championship"
"Women ","55-59","100","Backstroke","3","1:28.46"," Juliet E Cox","F58","MAM","3865-03FWJ","08-06-2026","2026 U.S. Masters Swimming Summer National Championship"
"Women ","55-59","100","Backstroke","4","1:35.65"," Caren C Schatz","F58","SNM","386T-03NES","06-28-2026","SILVER STATE MASTERS LCM"
"Women ","55-59","100","Backstroke","5","1:38.40"," Christine M O'Hanlon","F56","RHMS","3862-03X8F","07-14-2026","Pacific Masters LCM Championships"
"Women ","55-59","100","Backstroke","6","1:40.19"," Christina Cavalli","F58","MEMO","386C-008G0","08-06-2026","2026 U.S. Masters Swimming Summer National Championship"
"Women ","55-59","200","Backstroke","1","2:41.45"," Alison Zamanian","F56","WCM","386X-03FP1","07-13-2026","Pacific Masters LCM Championships"
"Women ","55-59","200","Backstroke","2","2:58.18"," Emma Garforth","F58","DAM","386T-06SFT","08-09-2026","2026 U.S. Masters Swimming Summer National Championship"
"Women ","55-59","200","Backstroke","3","3:05.26"," Sara Jones","F58","SRM","386F-041EC","08-09-2026","2026 U.S. Masters Swimming Summer National Championship"
"Women ","55-59","200","Backstroke","4","3:16.30"," Juliet E Cox","F58","MAM","3865-03FWJ","08-09-2026","2026 U.S. Masters Swimming Summer National Championship"
"Women ","55-59","200","Backstroke","5","3:31.93"," Clare P Burger","F59","MEMO","3862-06F06","08-09-2026","2026 U.S. Masters Swimming Summer National Championship"
"Women ","55-59","200","Backstroke","6","3:39.01"," Christine M O'Hanlon","F56","RHMS","3862-03X8F","07-13-2026","Pacific Masters LCM Championships"
"Women ","55-59","50","Breaststroke","1","37.97"," Tanya N Lane","F55","FDM","386C-006Z1","08-07-2026","2026 U.S. Masters Swimming Summer National Championship"
"Women ","55-59","50","Breaststroke","2","41.59"," Carrie Attwell","F56","TOC","386S-03N0W","08-07-2026","2026 U.S. Masters Swimming Summer National Championship"
"Women ","55-59","50","Breaststroke","3","41.81"," Susanne P Rublein","F56","MAM","386R-03GAV","08-07-2026","2026 U.S. Masters Swimming Summer National Championship"
"Women ","55-59","50","Breaststroke","4","43.22"," Karin Rodriguez","F55","WOOD","386X-07D9U","08-07-2026","2026 U.S. Masters Swimming Summer National Championship"
"Women ","55-59","50","Breaststroke","5","44.36"," Emma Garforth","F58","DAM","386T-06SFT","07-14-2026","Pacific Masters LCM Championships"
"Women ","55-59","50","Breaststroke","6","44.89"," Justine Juson","F58","USF","3860-0B27C","08-07-2026","2026 U.S. Masters Swimming Summer National Championship"
"Women ","55-59","50","Breaststroke","7","46.09"," Patricia Brady","F56","LAC","386U-VP0SX","08-07-2026","2026 U.S. Masters Swimming Summer National Championship"
"Women ","55-59","50","Breaststroke","8","46.69"," Yvonne F Lo","F56","SACMA","386U-03FRN","08-07-2026","2026 U.S. Masters Swimming Summer National Championship"
"Women ","55-59","50","Breaststroke","9","48.35"," Sara Jones","F58","SRM","386F-041EC","07-14-2026","Pacific Masters LCM Championships"
"Women ","55-59","50","Breaststroke","10","50.01"," Andrea E Kelly Smethurst","F59","WCM","3867-06DFV","08-07-2026","2026 U.S. Masters Swimming Summer National Championship"
"Women ","55-59","50","Breaststroke","11","51.13"," Christine M O'Hanlon","F56","RHMS","3862-03X8F","05-31-2026","BAC Long Course Meters Meet"
"Women ","55-59","50","Breaststroke","12","55.97"," Sarah B Anderson","F56","CHICO","3867-041D2","08-07-2026","2026 U.S. Masters Swimming Summer National Championship"
"Women ","55-59","50","Breaststroke","13","1:01.81"," Jennifer L Shih","F56","USF","3863-03PUR","07-14-2026","Pacific Masters LCM Championships"
"Women ","55-59","50","Breaststroke","14","1:07.74"," Sherri L Eng","F57","USF","3864-0A86V","07-14-2026","Pacific Masters LCM Championships"
"Women ","55-59","100","Breaststroke","1","1:25.56"," Tanya N Lane","F55","FDM","386C-006Z1","08-08-2026","2026 U.S. Masters Swimming Summer National Championship"
"Women ","55-59","100","Breaststroke","2","1:30.53"," Susanne P Rublein","F56","MAM","386R-03GAV","08-08-2026","2026 U.S. Masters Swimming Summer National Championship"
"Women ","55-59","100","Breaststroke","3","1:33.13"," Carrie Attwell","F56","TOC","386S-03N0W","08-08-2026","2026 U.S. Masters Swimming Summer National Championship"
"Women ","55-59","100","Breaststroke","4","1:35.82"," Cynthia J Hertzer","F57","CRUZ","386U-CHSWM","05-31-2026","BAC Long Course Meters Meet"
"Women ","55-59","100","Breaststroke","5","1:35.82"," Emma Garforth","F58","DAM","386T-06SFT","08-08-2026","2026 U.S. Masters Swimming Summer National Championship"
"Women ","55-59","100","Breaststroke","6","1:38.68"," Patricia Brady","F56","LAC","386U-VP0SX","08-08-2026","2026 U.S. Masters Swimming Summer National Championship"
"Women ","55-59","100","Breaststroke","7","1:40.84"," Justine Juson","F58","USF","3860-0B27C","05-31-2026","BAC Long Course Meters Meet"
"Women ","55-59","100","Breaststroke","8","1:43.03"," Yvonne F Lo","F56","SACMA","386U-03FRN","08-08-2026","2026 U.S. Masters Swimming Summer National Championship"
"Women ","55-59","100","Breaststroke","9","1:50.17"," Tammy Freeman","F58","WCM","3868-06KGS","08-08-2026","2026 U.S. Masters Swimming Summer National Championship"
"Women ","55-59","100","Breaststroke","10","1:51.81"," Carla Cooper","F59","USF","3860-09RCX","07-13-2026","Pacific Masters LCM Championships"
"Women ","55-59","100","Breaststroke","11","2:08.33"," Olga Tsyvinsky","F58","USF","3866-UD22S","07-13-2026","Pacific Masters LCM Championships"
"Women ","55-59","200","Breaststroke","1","3:05.39"," Tanya N Lane","F55","FDM","386C-006Z1","08-06-2026","2026 U.S. Masters Swimming Summer National Championship"
"Women ","55-59","200","Breaststroke","2","3:22.29"," Cynthia J Hertzer","F57","CRUZ","386U-CHSWM","07-14-2026","Pacific Masters LCM Championships"
"Women ","55-59","200","Breaststroke","3","3:25.58"," Emma Garforth","F58","DAM","386T-06SFT","08-06-2026","2026 U.S. Masters Swimming Summer National Championship"
"Women ","55-59","200","Breaststroke","4","3:27.65"," Susanne P Rublein","F56","MAM","386R-03GAV","08-06-2026","2026 U.S. Masters Swimming Summer National Championship"
"Women ","55-59","200","Breaststroke","5","3:30.11"," Justine Juson","F58","USF","3860-0B27C","08-06-2026","2026 U.S. Masters Swimming Summer National Championship"
"Women ","55-59","200","Breaststroke","6","3:39.38"," Patricia Brady","F56","LAC","386U-VP0SX","08-06-2026","2026 U.S. Masters Swimming Summer National Championship"
"Women ","55-59","200","Breaststroke","7","3:57.19"," Christina Cavalli","F58","MEMO","386C-008G0","08-06-2026","2026 U.S. Masters Swimming Summer National Championship"
"Women ","55-59","200","Breaststroke","8","4:44.77"," Jennifer L Shih","F56","USF","3863-03PUR","07-14-2026","Pacific Masters LCM Championships"
"Women ","55-59","200","Breaststroke","9","5:28.07"," Sherri L Eng","F57","USF","3864-0A86V","07-14-2026","Pacific Masters LCM Championships"
"Women ","55-59","50","Butterfly","1","32.44"," Tanya N Lane","F55","FDM","386C-006Z1","08-09-2026","2026 U.S. Masters Swimming Summer National Championship"
"Women ","55-59","50","Butterfly","2","36.06"," Carrie Attwell","F56","TOC","386S-03N0W","08-09-2026","2026 U.S. Masters Swimming Summer National Championship"
"Women ","55-59","50","Butterfly","3","37.59"," Karin Rodriguez","F55","WOOD","386X-07D9U","08-09-2026","2026 U.S. Masters Swimming Summer National Championship"
"Women ","55-59","50","Butterfly","4","37.69"," Wendy L Bjerknes","F57","UC38","3864-05SKJ","08-09-2026","2026 U.S. Masters Swimming Summer National Championship"
"Women ","55-59","50","Butterfly","5","42.67"," Caren C Schatz","F58","SNM","386T-03NES","06-28-2026","SILVER STATE MASTERS LCM"
"Women ","55-59","50","Butterfly","6","1:00.08"," Jennifer L Shih","F56","USF","3863-03PUR","07-14-2026","Pacific Masters LCM Championships"
"Women ","55-59","100","Butterfly","1","1:14.42"," Alison Zamanian","F56","WCM","386X-03FP1","","2026 U.S. Masters Swimming Summer National Championship"
"Women ","55-59","100","Butterfly","2","1:26.04"," Carrie Attwell","F56","TOC","386S-03N0W","08-06-2026","2026 U.S. Masters Swimming Summer National Championship"
"Women ","55-59","100","Butterfly","3","1:27.17"," Yasuko de la Torre","F56","MEMO","386D-03JJY","07-13-2026","Pacific Masters LCM Championships"
"Women ","55-59","100","Butterfly","4","1:29.23"," Wendy L Bjerknes","F57","UC38","3864-05SKJ","08-06-2026","2026 U.S. Masters Swimming Summer National Championship"
"Women ","55-59","200","Butterfly","1","3:39.63"," Karen Simontacchi Brisson","F58","TAM","386M-03H68","08-07-2026","2026 U.S. Masters Swimming Summer National Championship"
"Women ","55-59","200","Butterfly","2","3:43.08"," Cynthia J Hertzer","F57","CRUZ","386U-CHSWM","07-14-2026","Pacific Masters LCM Championships"
"Women ","55-59","200","Individual Medley","1","2:45.20"," Alison Zamanian","F56","WCM","386X-03FP1","05-31-2026","BAC Long Course Meters Meet"
"Women ","55-59","200","Individual Medley","2","3:04.22"," Emma Garforth","F58","DAM","386T-06SFT","08-08-2026","2026 U.S. Masters Swimming Summer National Championship"
"Women ","55-59","200","Individual Medley","3","3:10.27"," Sara Jones","F58","SRM","386F-041EC","07-14-2026","Pacific Masters LCM Championships"
"Women ","55-59","200","Individual Medley","4","3:10.71"," Cynthia J Hertzer","F57","CRUZ","386U-CHSWM","05-31-2026","BAC Long Course Meters Meet"
"Women ","55-59","200","Individual Medley","5","3:12.14"," Yasuko de la Torre","F56","MEMO","386D-03JJY","07-14-2026","Pacific Masters LCM Championships"
"Women ","55-59","200","Individual Medley","6","3:31.22"," Caren C Schatz","F58","SNM","386T-03NES","06-28-2026","SILVER STATE MASTERS LCM"
"Women ","55-59","200","Individual Medley","7","3:36.91"," Tammy Freeman","F58","WCM","3868-06KGS","08-08-2026","2026 U.S. Masters Swimming Summer National Championship"
"Women ","55-59","200","Individual Medley","8","3:41.70"," Yvonne F Lo","F56","SACMA","386U-03FRN","08-08-2026","2026 U.S. Masters Swimming Summer National Championship"
"Women ","55-59","400","Individual Medley","1","5:45.85"," Alison Zamanian","F56","WCM","386X-03FP1","08-07-2026","2026 U.S. Masters Swimming Summer National Championship"
"Women ","55-59","400","Individual Medley","2","6:24.58"," Emma Garforth","F58","DAM","386T-06SFT","08-07-2026","2026 U.S. Masters Swimming Summer National Championship"
"Women ","55-59","400","Individual Medley","3","6:39.80"," Sara Jones","F58","SRM","386F-041EC","08-07-2026","2026 U.S. Masters Swimming Summer National Championship"
"Women ","55-59","400","Individual Medley","4","6:40.01"," Cynthia J Hertzer","F57","CRUZ","386U-CHSWM","08-07-2026","2026 U.S. Masters Swimming Summer National Championship"
"Women ","55-59","400","Individual Medley","5","7:37.02"," Julie A Ask","F58","TOC","386N-03M9U","08-07-2026","2026 U.S. Masters Swimming Summer National Championship"
"Women ","55-59","400","Individual Medley","6","8:12.26"," yoriko fukushi","F57","USF","386V-UG792","07-12-2026","Pacific Masters LCM Championships"
"Women ","60-64","50","Freestyle","1","29.99"," Sarah E Quick","F62","NBA","386U-094JH","08-08-2026","2026 U.S. Masters Swimming Summer National Championship"
"Women ","60-64","50","Freestyle","2","33.09"," Danielle Boone","F61","WCM","386E-06S8H","08-08-2026","2026 U.S. Masters Swimming Summer National Championship"
"Women ","60-64","50","Freestyle","3","33.75"," Laureen K Welting","F61","TOC","3866-03J3S","08-08-2026","2026 U.S. Masters Swimming Summer National Championship"
"Women ","60-64","50","Freestyle","4","33.8"," Myla J Houlihan","F63","PSWIM","386E-03186","","2026 U.S. Masters Swimming Summer National Championship"
"Women ","60-64","50","Freestyle","5","33.91"," Elizabeth A Schenk","F61","RWR","386S-4XGSW","","2026 U.S. Masters Swimming Summer National Championship"
"Women ","60-64","50","Freestyle","6","34.6"," Tasha Capen","F60","MELO","386Y-03G60","08-08-2026","2026 U.S. Masters Swimming Summer National Championship"
"Women ","60-64","50","Freestyle","7","34.74"," Amy M Cook","F62","WCM","386W-07K63","08-08-2026","2026 U.S. Masters Swimming Summer National Championship"
"Women ","60-64","50","Freestyle","8","34.99"," Anne E Tweedy","F63","RWR","386S-03R6F","08-08-2026","2026 U.S. Masters Swimming Summer National Championship"
"Women ","60-64","50","Freestyle","9","35.27"," Valerie Knight-Williams","F63","SACMA","386M-1E9WH","08-08-2026","2026 U.S. Masters Swimming Summer National Championship"
"Women ","60-64","50","Freestyle","10","35.4"," Carrie L Dolan","F61","OAK","3867-A4VUE","08-08-2026","2026 U.S. Masters Swimming Summer National Championship"
"Women ","60-64","50","Freestyle","11","35.86"," Jane E Russell","F63","DAM","386T-074TS","","2026 U.S. Masters Swimming Summer National Championship"
"Women ","60-64","50","Freestyle","12","36.93"," Robin A Bulman","F61","SRM","386U-07MHY","05-31-2026","BAC Long Course Meters Meet"
"Women ","60-64","50","Freestyle","13","37.77"," Allyson M Farnan","F62","RWR","386A-BU9C8","08-08-2026","2026 U.S. Masters Swimming Summer National Championship"
"Women ","60-64","50","Freestyle","14","37.8"," Ann E Nikolai","F62","CHICO","3863-2PUT4","08-08-2026","2026 U.S. Masters Swimming Summer National Championship"
"Women ","60-64","50","Freestyle","15","38.13"," Shelly M Taylor","F64","USF","3869-03MJ8","07-13-2026","Pacific Masters LCM Championships"
"Women ","60-64","50","Freestyle","16","38.18"," Anne Maroon","F60","MEMO","386R-BFUH8","07-13-2026","Pacific Masters LCM Championships"
"Women ","60-64","50","Freestyle","17","38.34"," Josie A Viscardi","F62","RHMS","386N-03PT4","07-13-2026","Pacific Masters LCM Championships"
"Women ","60-64","50","Freestyle","18","38.54"," Karen Widden","F64","BAMF","3868-JNW1Y","08-08-2026","2026 U.S. Masters Swimming Summer National Championship"
"Women ","60-64","50","Freestyle","19","40.11"," Christine A Tyler","F64","QSS","386N-09CSP","07-13-2026","Pacific Masters LCM Championships"
"Women ","60-64","50","Freestyle","20","40.26"," N Elizabeth Dearstyne","F62","UC38","386K-01M6N","08-08-2026","2026 U.S. Masters Swimming Summer National Championship"
"Women ","60-64","50","Freestyle","21","42.12"," Kara L Gray","F61","WCM","386M-03FC0","07-13-2026","Pacific Masters LCM Championships"
"Women ","60-64","50","Freestyle","22","42.72"," Carol Bronzan","F62","UC38","386E-T4TFD","06-28-2026","SILVER STATE MASTERS LCM"
"Women ","60-64","50","Freestyle","23","46.32"," Bernie K Warford","F64","UC38","386K-3HJPK","06-28-2026","SILVER STATE MASTERS LCM"
"Women ","60-64","50","Freestyle","24","54.3"," Janet M Meredith","F64","RWR","3869-Y9ECH","08-08-2026","2026 U.S. Masters Swimming Summer National Championship"
"Women ","60-64","100","Freestyle","1","1:05.55"," Sarah E Quick","F62","NBA","386U-094JH","08-07-2026","2026 U.S. Masters Swimming Summer National Championship"
"Women ","60-64","100","Freestyle","2","1:09.13"," Andrea L Salmi","F62","NBA","386W-0704M","08-07-2026","2026 U.S. Masters Swimming Summer National Championship"
"Women ","60-64","100","Freestyle","3","1:14.94"," Laureen K Welting","F61","TOC","3866-03J3S","08-07-2026","2026 U.S. Masters Swimming Summer National Championship"
"Women ","60-64","100","Freestyle","4","1:15.44"," Danielle Boone","F61","WCM","386E-06S8H","07-13-2026","Pacific Masters LCM Championships"
"Women ","60-64","100","Freestyle","5","1:15.73"," Amy M Cook","F62","WCM","386W-07K63","08-07-2026","2026 U.S. Masters Swimming Summer National Championship"
"Women ","60-64","100","Freestyle","6","1:17.73"," Carrie L Dolan","F61","OAK","3867-A4VUE","08-07-2026","2026 U.S. Masters Swimming Summer National Championship"
"Women ","60-64","100","Freestyle","7","1:17.84"," Elizabeth A Schenk","F61","RWR","386S-4XGSW","08-07-2026","2026 U.S. Masters Swimming Summer National Championship"
"Women ","60-64","100","Freestyle","8","1:20.00"," Stephanie D Couch","F62","MELO","3862-03UKW","05-31-2026","BAC Long Course Meters Meet"
"Women ","60-64","100","Freestyle","9","1:20.28"," Anne E Tweedy","F63","RWR","386S-03R6F","08-07-2026","2026 U.S. Masters Swimming Summer National Championship"
"Women ","60-64","100","Freestyle","10","1:21.31"," Robin A Bulman","F61","SRM","386U-07MHY","07-13-2026","Pacific Masters LCM Championships"
"Women ","60-64","100","Freestyle","11","1:21.70"," Tasha Capen","F60","MELO","386Y-03G60","07-13-2026","Pacific Masters LCM Championships"
"Women ","60-64","100","Freestyle","12","1:25.73"," Susan L Fackert","F60","WOOD","386H-062KW","08-07-2026","2026 U.S. Masters Swimming Summer National Championship"
"Women ","60-64","100","Freestyle","13","1:27.44"," Ann E Nikolai","F62","CHICO","3863-2PUT4","08-07-2026","2026 U.S. Masters Swimming Summer National Championship"
"Women ","60-64","100","Freestyle","14","1:28.30"," Carliane D Johnson","F61","MEMO","386S-0392A","08-07-2026","2026 U.S. Masters Swimming Summer National Championship"
"Women ","60-64","100","Freestyle","15","1:28.74"," Christine A Tyler","F64","QSS","386N-09CSP","07-13-2026","Pacific Masters LCM Championships"
"Women ","60-64","100","Freestyle","16","1:31.16"," Josie A Viscardi","F62","RHMS","386N-03PT4","07-13-2026","Pacific Masters LCM Championships"
"Women ","60-64","100","Freestyle","17","1:31.43"," Carol S McHale","F62","SRM","3869-03P7A","08-07-2026","2026 U.S. Masters Swimming Summer National Championship"
"Women ","60-64","100","Freestyle","18","1:33.88"," Beth P Flynn","F64","RHMS","386Y-03N9X","07-13-2026","Pacific Masters LCM Championships"
"Women ","60-64","100","Freestyle","19","1:36.05"," Carol Bronzan","F62","UC38","386E-T4TFD","06-28-2026","SILVER STATE MASTERS LCM"
"Women ","60-64","100","Freestyle","20","1:45.96"," Rocio Haskell","F63","MAM","3864-V1U52","07-13-2026","Pacific Masters LCM Championships"
"Women ","60-64","100","Freestyle","21","1:46.15"," Allison M Dibley","F64","WCM","386G-071HA","07-13-2026","Pacific Masters LCM Championships"
"Women ","60-64","100","Freestyle","22","1:51.98"," Bernie K Warford","F64","UC38","386K-3HJPK","06-28-2026","SILVER STATE MASTERS LCM"
"Women ","60-64","100","Freestyle","23","2:01.03"," Gwendolynne Barr","F60","MEMO","386Y-040DP","05-31-2026","BAC Long Course Meters Meet"
"Women ","60-64","100","Freestyle","24","2:20.14"," Brid F Power","F60","CHICO","3868-0AW6A","08-07-2026","2026 U.S. Masters Swimming Summer National Championship"
"Women ","60-64","100","Freestyle","25","2:22.62"," Qing Hu","F60","WCM","386Z-P6YRG","05-31-2026","BAC Long Course Meters Meet"
"Women ","60-64","200","Freestyle","1","2:26.39"," Sarah E Quick","F62","NBA","386U-094JH","08-08-2026","2026 U.S. Masters Swimming Summer National Championship"
"Women ","60-64","200","Freestyle","2","2:29.97"," Andrea L Salmi","F62","NBA","386W-0704M","08-08-2026","2026 U.S. Masters Swimming Summer National Championship"
"Women ","60-64","200","Freestyle","3","2:43.93"," Patricia L Sepulvado","F62","DAM","3861-03F02","05-31-2026","BAC Long Course Meters Meet"
"Women ","60-64","200","Freestyle","4","2:44.02"," Stephanie D Couch","F62","MELO","3862-03UKW","05-31-2026","BAC Long Course Meters Meet"
"Women ","60-64","200","Freestyle","5","2:45.30"," Danielle Boone","F61","WCM","386E-06S8H","08-08-2026","2026 U.S. Masters Swimming Summer National Championship"
"Women ","60-64","200","Freestyle","6","2:46.56"," Laureen K Welting","F61","TOC","3866-03J3S","08-08-2026","2026 U.S. Masters Swimming Summer National Championship"
"Women ","60-64","200","Freestyle","7","2:47.77"," Amy M Cook","F62","WCM","386W-07K63","08-08-2026","2026 U.S. Masters Swimming Summer National Championship"
"Women ","60-64","200","Freestyle","8","2:49.00"," Jane E Russell","F63","DAM","386T-074TS","07-12-2026","Pacific Masters LCM Championships"
"Women ","60-64","200","Freestyle","9","2:52.81"," Elizabeth B Tiedemann","F63","BAMF","386E-03JC8","08-08-2026","2026 U.S. Masters Swimming Summer National Championship"
"Women ","60-64","200","Freestyle","10","2:54.80"," Robin A Bulman","F61","SRM","386U-07MHY","05-31-2026","BAC Long Course Meters Meet"
"Women ","60-64","200","Freestyle","11","3:00.32"," Carrie L Dolan","F61","OAK","3867-A4VUE","07-14-2026","Pacific Masters LCM Championships"
"Women ","60-64","200","Freestyle","12","3:14.59"," Ann E Nikolai","F62","CHICO","3863-2PUT4","08-08-2026","2026 U.S. Masters Swimming Summer National Championship"
"Women ","60-64","200","Freestyle","13","3:17.01"," Christine A Tyler","F64","QSS","386N-09CSP","05-31-2026","BAC Long Course Meters Meet"
"Women ","60-64","200","Freestyle","14","3:31.37"," Josie A Viscardi","F62","RHMS","386N-03PT4","07-14-2026","Pacific Masters LCM Championships"
"Women ","60-64","200","Freestyle","15","3:37.75"," N Elizabeth Dearstyne","F62","UC38","386K-01M6N","06-28-2026","SILVER STATE MASTERS LCM"
"Women ","60-64","200","Freestyle","16","3:52.03"," Allison M Dibley","F64","WCM","386G-071HA","08-08-2026","2026 U.S. Masters Swimming Summer National Championship"
"Women ","60-64","200","Freestyle","17","4:20.50"," Gwendolynne Barr","F60","MEMO","386Y-040DP","05-31-2026","BAC Long Course Meters Meet"
"Women ","60-64","200","Freestyle","18","5:08.87"," Qing Hu","F60","WCM","386Z-P6YRG","07-14-2026","Pacific Masters LCM Championships"
"Women ","60-64","400","Freestyle","1","5:34.51"," Stephanie D Couch","F62","MELO","3862-03UKW","05-31-2026","BAC Long Course Meters Meet"
"Women ","60-64","400","Freestyle","2","5:34.70"," Myla J Houlihan","F63","PSWIM","386E-03186","08-06-2026","2026 U.S. Masters Swimming Summer National Championship"
"Women ","60-64","400","Freestyle","3","5:40.24"," Patricia L Sepulvado","F62","DAM","3861-03F02","05-31-2026","BAC Long Course Meters Meet"
"Women ","60-64","400","Freestyle","4","5:47.04"," Jana Matena","F64","MELO","386S-03JGZ","07-14-2026","Pacific Masters LCM Championships"
"Women ","60-64","400","Freestyle","5","5:57.67"," Jayne E Riley","F63","HTUB","386N-07ZZP","08-06-2026","2026 U.S. Masters Swimming Summer National Championship"
"Women ","60-64","400","Freestyle","6","5:58.11"," Elizabeth B Tiedemann","F63","BAMF","386E-03JC8","08-06-2026","2026 U.S. Masters Swimming Summer National Championship"
"Women ","60-64","400","Freestyle","7","6:06.17"," Tasha Capen","F60","MELO","386Y-03G60","08-06-2026","2026 U.S. Masters Swimming Summer National Championship"
"Women ","60-64","400","Freestyle","8","6:09.43"," Robin A Bulman","F61","SRM","386U-07MHY","07-26-2026","2026 Southwest Zone and SPMS Summer Championships"
"Women ","60-64","400","Freestyle","9","6:20.16"," Catherine W Taylor","F63","WCM","386J-081Y6","08-06-2026","2026 U.S. Masters Swimming Summer National Championship"
"Women ","60-64","400","Freestyle","10","6:35.92"," Carol S McHale","F62","SRM","3869-03P7A","07-14-2026","Pacific Masters LCM Championships"
"Women ","60-64","400","Freestyle","11","6:38.17"," Kara L Gray","F61","WCM","386M-03FC0","07-12-2026","Pacific Masters LCM Championships"
"Women ","60-64","400","Freestyle","12","6:44.61"," Christine A Tyler","F64","QSS","386N-09CSP","07-14-2026","Pacific Masters LCM Championships"
"Women ","60-64","400","Freestyle","13","6:45.93"," Jennifer Phalen","F62","DAM","386K-JENNY","08-06-2026","2026 U.S. Masters Swimming Summer National Championship"
"Women ","60-64","400","Freestyle","14","10:40.61"," Qing Hu","F60","WCM","386Z-P6YRG","07-14-2026","Pacific Masters LCM Championships"
"Women ","60-64","800","Freestyle","1","11:28.05"," Stephanie D Couch","F62","MELO","3862-03UKW","07-13-2026","Pacific Masters LCM Championships"
"Women ","60-64","800","Freestyle","2","12:03.15"," Jayne E Riley","F63","HTUB","386N-07ZZP","08-09-2026","2026 U.S. Masters Swimming Summer National Championship"
"Women ","60-64","800","Freestyle","3","12:10.91"," Elizabeth B Tiedemann","F63","BAMF","386E-03JC8","08-09-2026","2026 U.S. Masters Swimming Summer National Championship"
"Women ","60-64","800","Freestyle","4","12:25.79"," Robin A Bulman","F61","SRM","386U-07MHY","07-13-2026","Pacific Masters LCM Championships"
"Women ","60-64","800","Freestyle","5","12:48.93"," Shelly M Taylor","F64","USF","3869-03MJ8","07-13-2026","Pacific Masters LCM Championships"
"Women ","60-64","800","Freestyle","6","13:24.79"," Kara L Gray","F61","WCM","386M-03FC0","07-13-2026","Pacific Masters LCM Championships"
"Women ","60-64","800","Freestyle","7","14:02.21"," Jennifer Phalen","F62","DAM","386K-JENNY","07-12-2026","Pacific Masters LCM Championships"
"Women ","60-64","1500","Freestyle","1","21:19.95"," Stephanie D Couch","F62","MELO","3862-03UKW","08-05-2026","2026 U.S. Masters Swimming Summer National Championship"
"Women ","60-64","1500","Freestyle","2","21:45.88"," Myla J Houlihan","F63","PSWIM","386E-03186","08-05-2026","2026 U.S. Masters Swimming Summer National Championship"
"Women ","60-64","1500","Freestyle","3","21:54.99"," Patricia L Sepulvado","F62","SACMA","3861-03F02","08-05-2026","2026 U.S. Masters Swimming Summer National Championship"
"Women ","60-64","1500","Freestyle","4","22:23.72"," Laureen K Welting","F61","TOC","3866-03J3S","08-05-2026","2026 U.S. Masters Swimming Summer National Championship"
"Women ","60-64","1500","Freestyle","5","23:50.22"," Robin A Bulman","F61","SRM","386U-07MHY","08-05-2026","2026 U.S. Masters Swimming Summer National Championship"
"Women ","60-64","1500","Freestyle","6","24:05.51"," Danielle Boone","F61","WCM","386E-06S8H","07-12-2026","Pacific Masters LCM Championships"
"Women ","60-64","1500","Freestyle","7","25:01.91"," Anne Maroon","F60","MEMO","386R-BFUH8","07-12-2026","Pacific Masters LCM Championships"
"Women ","60-64","1500","Freestyle","8","25:04.93"," Catherine W Taylor","F63","WCM","386J-081Y6","08-05-2026","2026 U.S. Masters Swimming Summer National Championship"
"Women ","60-64","1500","Freestyle","9","25:24.04"," Kara L Gray","F61","WCM","386M-03FC0","07-12-2026","Pacific Masters LCM Championships"
"Women ","60-64","1500","Freestyle","10","25:38.91"," Jacqueline Tonge","F64","MEMO","3863-KCYT6","07-12-2026","Pacific Masters LCM Championships"
"Women ","60-64","1500","Freestyle","11","26:25.38"," Jennifer Phalen","F62","DAM","386K-JENNY","07-12-2026","Pacific Masters LCM Championships"
"Women ","60-64","50","Backstroke","1","39.53"," Laureen K Welting","F61","TOC","3866-03J3S","","2026 U.S. Masters Swimming Summer National Championship"
"Women ","60-64","50","Backstroke","2","40.55"," Rebecca R Perry","F62","MAM","3864-03U8J","08-08-2026","2026 U.S. Masters Swimming Summer National Championship"
"Women ","60-64","50","Backstroke","3","41.34"," Elizabeth B Tiedemann","F63","BAMF","386E-03JC8","08-08-2026","2026 U.S. Masters Swimming Summer National Championship"
"Women ","60-64","50","Backstroke","4","41.71"," Lucille Glassman","F63","FREM","386T-03GM2","08-08-2026","2026 U.S. Masters Swimming Summer National Championship"
"Women ","60-64","50","Backstroke","5","42.25"," Jane E Russell","F63","DAM","386T-074TS","05-31-2026","BAC Long Course Meters Meet"
"Women ","60-64","50","Backstroke","6","42.48"," Carrie L Dolan","F61","OAK","3867-A4VUE","08-08-2026","2026 U.S. Masters Swimming Summer National Championship"
"Women ","60-64","50","Backstroke","7","42.62"," Stephanie D Couch","F62","MELO","3862-03UKW","","2026 U.S. Masters Swimming Summer National Championship"
"Women ","60-64","50","Backstroke","8","43.55"," Amy M Cook","F62","WCM","386W-07K63","08-08-2026","2026 U.S. Masters Swimming Summer National Championship"
"Women ","60-64","50","Backstroke","9","44.1"," Susan L Fackert","F60","WOOD","386H-062KW","","2026 U.S. Masters Swimming Summer National Championship"
"Women ","60-64","50","Backstroke","10","45.19"," Anne E Tweedy","F63","RWR","386S-03R6F","","2026 U.S. Masters Swimming Summer National Championship"
"Women ","60-64","50","Backstroke","11","45.24"," Valerie Knight-Williams","F63","SACMA","386M-1E9WH","08-08-2026","2026 U.S. Masters Swimming Summer National Championship"
"Women ","60-64","50","Backstroke","12","46.02"," Allison Reid","F64","SACMA","386X-0203X","","2026 U.S. Masters Swimming Summer National Championship"
"Women ","60-64","50","Backstroke","13","46.48"," Elizabeth A Schenk","F61","RWR","386S-4XGSW","08-08-2026","2026 U.S. Masters Swimming Summer National Championship"
"Women ","60-64","50","Backstroke","14","46.7"," Carliane D Johnson","F61","MEMO","386S-0392A","","2026 U.S. Masters Swimming Summer National Championship"
"Women ","60-64","50","Backstroke","15","48.09"," Robin A Bulman","F61","SRM","386U-07MHY","05-31-2026","BAC Long Course Meters Meet"
"Women ","60-64","50","Backstroke","16","48.3"," Catherine W Taylor","F63","WCM","386J-081Y6","05-31-2026","BAC Long Course Meters Meet"
"Women ","60-64","50","Backstroke","17","50.11"," Tasha Capen","F60","MELO","386Y-03G60","05-31-2026","BAC Long Course Meters Meet"
"Women ","60-64","50","Backstroke","18","52.04"," Kara L Gray","F61","WCM","386M-03FC0","07-13-2026","Pacific Masters LCM Championships"
"Women ","60-64","50","Backstroke","19","52.9"," Christine A Tyler","F64","QSS","386N-09CSP","05-31-2026","BAC Long Course Meters Meet"
"Women ","60-64","50","Backstroke","20","53.16"," Josie A Viscardi","F62","RHMS","386N-03PT4","07-13-2026","Pacific Masters LCM Championships"
"Women ","60-64","50","Backstroke","21","53.51"," Carol Bronzan","F62","UC38","386E-T4TFD","06-28-2026","SILVER STATE MASTERS LCM"
"Women ","60-64","50","Backstroke","22","53.61"," Beth P Flynn","F64","RHMS","386Y-03N9X","07-13-2026","Pacific Masters LCM Championships"
"Women ","60-64","50","Backstroke","23","59.21"," Jennifer Phalen","F62","DAM","386K-JENNY","05-31-2026","BAC Long Course Meters Meet"
"Women ","60-64","50","Backstroke","24","1:10.00"," Janet M Meredith","F64","RWR","3869-Y9ECH","08-08-2026","2026 U.S. Masters Swimming Summer National Championship"
"Women ","60-64","50","Backstroke","25","1:22.72"," Qing Hu","F60","WCM","386Z-P6YRG","08-08-2026","2026 U.S. Masters Swimming Summer National Championship"
"Women ","60-64","100","Backstroke","1","1:29.14"," Stephanie D Couch","F62","MELO","3862-03UKW","08-06-2026","2026 U.S. Masters Swimming Summer National Championship"
"Women ","60-64","100","Backstroke","2","1:30.54"," Rebecca R Perry","F62","MAM","3864-03U8J","08-06-2026","2026 U.S. Masters Swimming Summer National Championship"
"Women ","60-64","100","Backstroke","3","1:30.95"," Patricia L Sepulvado","F62","DAM","3861-03F02","05-31-2026","BAC Long Course Meters Meet"
"Women ","60-64","100","Backstroke","4","1:31.03"," Jane E Russell","F63","DAM","386T-074TS","07-14-2026","Pacific Masters LCM Championships"
"Women ","60-64","100","Backstroke","5","1:31.51"," Elizabeth B Tiedemann","F63","BAMF","386E-03JC8","08-06-2026","2026 U.S. Masters Swimming Summer National Championship"
"Women ","60-64","100","Backstroke","6","1:35.55"," Carrie L Dolan","F61","OAK","3867-A4VUE","08-06-2026","2026 U.S. Masters Swimming Summer National Championship"
"Women ","60-64","100","Backstroke","7","1:38.09"," Allison Reid","F64","SACMA","386X-0203X","08-06-2026","2026 U.S. Masters Swimming Summer National Championship"
"Women ","60-64","100","Backstroke","8","1:41.02"," Robin A Bulman","F61","SRM","386U-07MHY","08-06-2026","2026 U.S. Masters Swimming Summer National Championship"
"Women ","60-64","100","Backstroke","9","1:51.68"," Christine A Tyler","F64","QSS","386N-09CSP","05-31-2026","BAC Long Course Meters Meet"
"Women ","60-64","100","Backstroke","10","2:07.44"," Jennifer Phalen","F62","DAM","386K-JENNY","05-31-2026","BAC Long Course Meters Meet"
"Women ","60-64","100","Backstroke","11","2:22.98"," Gwendolynne Barr","F60","MEMO","386Y-040DP","05-31-2026","BAC Long Course Meters Meet"
"Women ","60-64","100","Backstroke","12","3:09.67"," Qing Hu","F60","WCM","386Z-P6YRG","05-31-2026","BAC Long Course Meters Meet"
"Women ","60-64","200","Backstroke","1","3:08.28"," Stephanie D Couch","F62","MELO","3862-03UKW","08-09-2026","2026 U.S. Masters Swimming Summer National Championship"
"Women ","60-64","200","Backstroke","2","3:14.29"," Rebecca R Perry","F62","MAM","3864-03U8J","08-09-2026","2026 U.S. Masters Swimming Summer National Championship"
"Women ","60-64","200","Backstroke","3","3:19.37"," Elizabeth B Tiedemann","F63","BAMF","386E-03JC8","08-09-2026","2026 U.S. Masters Swimming Summer National Championship"
"Women ","60-64","200","Backstroke","4","3:19.93"," Jane E Russell","F63","DAM","386T-074TS","08-09-2026","2026 U.S. Masters Swimming Summer National Championship"
"Women ","60-64","200","Backstroke","5","3:33.94"," Robin A Bulman","F61","SRM","386U-07MHY","07-13-2026","Pacific Masters LCM Championships"
"Women ","60-64","200","Backstroke","6","3:52.03"," Christine A Tyler","F64","QSS","386N-09CSP","07-13-2026","Pacific Masters LCM Championships"
"Women ","60-64","200","Backstroke","7","4:04.44"," Jennifer Phalen","F62","DAM","386K-JENNY","07-13-2026","Pacific Masters LCM Championships"
"Women ","60-64","200","Backstroke","8","4:40.67"," Gwendolynne Barr","F60","MEMO","386Y-040DP","08-09-2026","2026 U.S. Masters Swimming Summer National Championship"
"Women ","60-64","50","Breaststroke","1","42.26"," Andrea L Salmi","F62","NBA","386W-0704M","08-07-2026","2026 U.S. Masters Swimming Summer National Championship"
"Women ","60-64","50","Breaststroke","2","42.69"," Michal Sue Weinman","F63","DAM","386H-03F6E","08-07-2026","2026 U.S. Masters Swimming Summer National Championship"
"Women ","60-64","50","Breaststroke","3","44.25"," Robin A Bulman","F61","SRM","386U-07MHY","07-25-2026","2026 Southwest Zone and SPMS Summer Championships"
"Women ","60-64","50","Breaststroke","4","45.97"," Anne Maroon","F60","MEMO","386R-BFUH8","07-14-2026","Pacific Masters LCM Championships"
"Women ","60-64","50","Breaststroke","5","46.23"," Rebecca R Perry","F62","MAM","3864-03U8J","07-14-2026","Pacific Masters LCM Championships"
"Women ","60-64","50","Breaststroke","6","46.37"," Tasha Capen","F60","MELO","386Y-03G60","07-14-2026","Pacific Masters LCM Championships"
"Women ","60-64","50","Breaststroke","7","48.36"," Valerie Knight-Williams","F63","SACMA","386M-1E9WH","08-07-2026","2026 U.S. Masters Swimming Summer National Championship"
"Women ","60-64","50","Breaststroke","8","48.77"," Jane E Russell","F63","DAM","386T-074TS","07-14-2026","Pacific Masters LCM Championships"
"Women ","60-64","50","Breaststroke","9","50.58"," Ann E Nikolai","F62","CHICO","3863-2PUT4","08-07-2026","2026 U.S. Masters Swimming Summer National Championship"
"Women ","60-64","50","Breaststroke","10","51.26"," Kathy Glatter","F60","SACMA","3865-07XDU","08-07-2026","2026 U.S. Masters Swimming Summer National Championship"
"Women ","60-64","50","Breaststroke","11","52.24"," Christine A Tyler","F64","QSS","386N-09CSP","05-31-2026","BAC Long Course Meters Meet"
"Women ","60-64","50","Breaststroke","12","52.33"," Carol S McHale","F62","SRM","3869-03P7A","08-07-2026","2026 U.S. Masters Swimming Summer National Championship"
"Women ","60-64","50","Breaststroke","13","52.43"," Jennifer Phalen","F62","DAM","386K-JENNY","05-31-2026","BAC Long Course Meters Meet"
"Women ","60-64","50","Breaststroke","14","55.03"," Bernie K Warford","F64","UC38","386K-3HJPK","06-28-2026","SILVER STATE MASTERS LCM"
"Women ","60-64","50","Breaststroke","15","56.68"," Carol Bronzan","F62","UC38","386E-T4TFD","06-28-2026","SILVER STATE MASTERS LCM"
"Women ","60-64","50","Breaststroke","16","56.76"," Margo J Mata","F63","DAM","3869-041T1","08-07-2026","2026 U.S. Masters Swimming Summer National Championship"
"Women ","60-64","50","Breaststroke","17","1:01.63"," Gail Harder","F61","DAM","386Z-0A3FV","08-07-2026","2026 U.S. Masters Swimming Summer National Championship"
"Women ","60-64","50","Breaststroke","18","1:02.66"," Gwendolynne Barr","F60","MEMO","386Y-040DP","07-14-2026","Pacific Masters LCM Championships"
"Women ","60-64","50","Breaststroke","19","1:15.84"," Brid F Power","F60","CHICO","3868-0AW6A","08-07-2026","2026 U.S. Masters Swimming Summer National Championship"
"Women ","60-64","50","Breaststroke","20","1:19.64"," Qing Hu","F60","WCM","386Z-P6YRG","08-07-2026","2026 U.S. Masters Swimming Summer National Championship"
"Women ","60-64","100","Breaststroke","1","1:32.81"," Andrea L Salmi","F62","NBA","386W-0704M","08-08-2026","2026 U.S. Masters Swimming Summer National Championship"
"Women ","60-64","100","Breaststroke","2","1:37.05"," Robin A Bulman","F61","SRM","386U-07MHY","07-13-2026","Pacific Masters LCM Championships"
"Women ","60-64","100","Breaststroke","3","1:41.05"," Lucille Glassman","F63","FREM","386T-03GM2","08-08-2026","2026 U.S. Masters Swimming Summer National Championship"
"Women ","60-64","100","Breaststroke","4","1:43.32"," Tasha Capen","F60","MELO","386Y-03G60","08-08-2026","2026 U.S. Masters Swimming Summer National Championship"
"Women ","60-64","100","Breaststroke","5","1:43.35"," Rebecca R Perry","F62","MAM","3864-03U8J","08-08-2026","2026 U.S. Masters Swimming Summer National Championship"
"Women ","60-64","100","Breaststroke","6","1:46.28"," Jane E Russell","F63","DAM","386T-074TS","07-13-2026","Pacific Masters LCM Championships"
"Women ","60-64","100","Breaststroke","7","1:46.34"," Anne Maroon","F60","MEMO","386R-BFUH8","07-13-2026","Pacific Masters LCM Championships"
"Women ","60-64","100","Breaststroke","8","1:46.40"," Jennifer Phalen","F62","DAM","386K-JENNY","07-13-2026","Pacific Masters LCM Championships"
"Women ","60-64","100","Breaststroke","9","1:52.95"," Kathy Glatter","F60","SACMA","3865-07XDU","07-13-2026","Pacific Masters LCM Championships"
"Women ","60-64","100","Breaststroke","10","1:59.60"," Catherine W Taylor","F63","WCM","386J-081Y6","05-31-2026","BAC Long Course Meters Meet"
"Women ","60-64","100","Breaststroke","11","2:01.10"," Beth P Flynn","F64","RHMS","386Y-03N9X","07-13-2026","Pacific Masters LCM Championships"
"Women ","60-64","100","Breaststroke","12","2:09.59"," Bernie K Warford","F64","UC38","386K-3HJPK","06-28-2026","SILVER STATE MASTERS LCM"
"Women ","60-64","100","Breaststroke","13","2:11.06"," Shelly M Taylor","F64","USF","3869-03MJ8","07-13-2026","Pacific Masters LCM Championships"
"Women ","60-64","100","Breaststroke","14","2:18.56"," Gwendolynne Barr","F60","MEMO","386Y-040DP","05-31-2026","BAC Long Course Meters Meet"
"Women ","60-64","100","Breaststroke","15","2:48.32"," Brid F Power","F60","CHICO","3868-0AW6A","08-08-2026","2026 U.S. Masters Swimming Summer National Championship"
"Women ","60-64","100","Breaststroke","16","3:00.13"," Qing Hu","F60","WCM","386Z-P6YRG","08-08-2026","2026 U.S. Masters Swimming Summer National Championship"
"Women ","60-64","200","Breaststroke","1","3:36.80"," Robin A Bulman","F61","SRM","386U-07MHY","07-25-2026","2026 Southwest Zone and SPMS Summer Championships"
"Women ","60-64","200","Breaststroke","2","3:42.83"," Jana Matena","F64","MELO","386S-03JGZ","07-14-2026","Pacific Masters LCM Championships"
"Women ","60-64","200","Breaststroke","3","3:45.19"," Anne Maroon","F60","MEMO","386R-BFUH8","07-14-2026","Pacific Masters LCM Championships"
"Women ","60-64","200","Breaststroke","4","3:46.85"," Jennifer Phalen","F62","DAM","386K-JENNY","07-14-2026","Pacific Masters LCM Championships"
"Women ","60-64","200","Breaststroke","5","3:51.51"," Jane E Russell","F63","DAM","386T-074TS","08-06-2026","2026 U.S. Masters Swimming Summer National Championship"
"Women ","60-64","200","Breaststroke","6","3:53.95"," Christine A Tyler","F64","QSS","386N-09CSP","07-14-2026","Pacific Masters LCM Championships"
"Women ","60-64","200","Breaststroke","7","3:56.63"," Carol S McHale","F62","SRM","3869-03P7A","08-06-2026","2026 U.S. Masters Swimming Summer National Championship"
"Women ","60-64","200","Breaststroke","8","3:58.58"," Kathy Glatter","F60","SACMA","3865-07XDU","08-06-2026","2026 U.S. Masters Swimming Summer National Championship"
"Women ","60-64","200","Breaststroke","9","4:06.70"," Jacqueline Tonge","F64","MEMO","3863-KCYT6","07-14-2026","Pacific Masters LCM Championships"
"Women ","60-64","200","Breaststroke","10","4:31.13"," Josie A Viscardi","F62","RHMS","386N-03PT4","07-14-2026","Pacific Masters LCM Championships"
"Women ","60-64","200","Breaststroke","11","4:53.30"," Gwendolynne Barr","F60","MEMO","386Y-040DP","07-14-2026","Pacific Masters LCM Championships"
"Women ","60-64","200","Breaststroke","12","6:15.64"," Qing Hu","F60","WCM","386Z-P6YRG","07-14-2026","Pacific Masters LCM Championships"
"Women ","60-64","50","Butterfly","1","33.02"," Sarah E Quick","F62","NBA","386U-094JH","07-14-2026","Pacific Masters LCM Championships"
"Women ","60-64","50","Butterfly","2","34.94"," Rebecca R Perry","F62","MAM","3864-03U8J","08-09-2026","2026 U.S. Masters Swimming Summer National Championship"
"Women ","60-64","50","Butterfly","3","35.5"," Laureen K Welting","F61","TOC","3866-03J3S","08-09-2026","2026 U.S. Masters Swimming Summer National Championship"
"Women ","60-64","50","Butterfly","4","36.03"," Danielle Boone","F61","WCM","386E-06S8H","08-09-2026","2026 U.S. Masters Swimming Summer National Championship"
"Women ","60-64","50","Butterfly","5","37.9"," Michal Sue Weinman","F63","DAM","386H-03F6E","08-09-2026","2026 U.S. Masters Swimming Summer National Championship"
"Women ","60-64","50","Butterfly","6","38.33"," Jane E Russell","F63","DAM","386T-074TS","07-14-2026","Pacific Masters LCM Championships"
"Women ","60-64","50","Butterfly","7","41.36"," Carrie L Dolan","F61","OAK","3867-A4VUE","07-14-2026","Pacific Masters LCM Championships"
"Women ","60-64","50","Butterfly","8","43.08"," Karen Widden","F64","BAMF","3868-JNW1Y","08-09-2026","2026 U.S. Masters Swimming Summer National Championship"
"Women ","60-64","50","Butterfly","9","44.83"," Christine A Tyler","F64","QSS","386N-09CSP","05-31-2026","BAC Long Course Meters Meet"
"Women ","60-64","50","Butterfly","10","46.11"," Carliane D Johnson","F61","MEMO","386S-0392A","08-09-2026","2026 U.S. Masters Swimming Summer National Championship"
"Women ","60-64","50","Butterfly","11","46.9"," Josie A Viscardi","F62","RHMS","386N-03PT4","07-14-2026","Pacific Masters LCM Championships"
"Women ","60-64","50","Butterfly","12","47.69"," N Elizabeth Dearstyne","F62","UC38","386K-01M6N","08-09-2026","2026 U.S. Masters Swimming Summer National Championship"
"Women ","60-64","50","Butterfly","13","48.64"," Catherine W Taylor","F63","WCM","386J-081Y6","05-31-2026","BAC Long Course Meters Meet"
"Women ","60-64","50","Butterfly","14","48.87"," Allyson M Farnan","F62","RWR","386A-BU9C8","08-09-2026","2026 U.S. Masters Swimming Summer National Championship"
"Women ","60-64","50","Butterfly","15","50.9"," Kathy Glatter","F60","SACMA","3865-07XDU","07-14-2026","Pacific Masters LCM Championships"
"Women ","60-64","50","Butterfly","16","52.94"," Gwendolynne Barr","F60","MEMO","386Y-040DP","08-09-2026","2026 U.S. Masters Swimming Summer National Championship"
"Women ","60-64","50","Butterfly","17","55.71"," Lisa Blatt","F64","USF","386K-0719Z","08-09-2026","2026 U.S. Masters Swimming Summer National Championship"
"Women ","60-64","50","Butterfly","18","59.78"," Jennifer Phalen","F62","DAM","386K-JENNY","05-31-2026","BAC Long Course Meters Meet"
"Women ","60-64","50","Butterfly","19","1:03.29"," Allison M Dibley","F64","WCM","386G-071HA","08-09-2026","2026 U.S. Masters Swimming Summer National Championship"
"Women ","60-64","100","Butterfly","1","1:27.91"," Danielle Boone","F61","WCM","386E-06S8H","07-13-2026","Pacific Masters LCM Championships"
"Women ","60-64","100","Butterfly","2","1:29.87"," Jane E Russell","F63","DAM","386T-074TS","08-06-2026","2026 U.S. Masters Swimming Summer National Championship"
"Women ","60-64","100","Butterfly","3","1:30.44"," Rebecca R Perry","F62","MAM","3864-03U8J","08-06-2026","2026 U.S. Masters Swimming Summer National Championship"
"Women ","60-64","100","Butterfly","4","1:31.70"," Patricia L Sepulvado","F62","DAM","3861-03F02","05-31-2026","BAC Long Course Meters Meet"
"Women ","60-64","100","Butterfly","5","1:32.85"," Laureen K Welting","F61","TOC","3866-03J3S","08-06-2026","2026 U.S. Masters Swimming Summer National Championship"
"Women ","60-64","100","Butterfly","6","1:38.47"," Shelly M Taylor","F64","USF","3869-03MJ8","07-13-2026","Pacific Masters LCM Championships"
"Women ","60-64","100","Butterfly","7","1:41.90"," Robin A Bulman","F61","SRM","386U-07MHY","05-31-2026","BAC Long Course Meters Meet"
"Women ","60-64","100","Butterfly","8","1:53.28"," Kathy Glatter","F60","SACMA","3865-07XDU","08-06-2026","2026 U.S. Masters Swimming Summer National Championship"
"Women ","60-64","100","Butterfly","9","1:56.26"," Catherine W Taylor","F63","WCM","386J-081Y6","05-31-2026","BAC Long Course Meters Meet"
"Women ","60-64","100","Butterfly","10","2:00.05"," Jennifer Phalen","F62","DAM","386K-JENNY","08-06-2026","2026 U.S. Masters Swimming Summer National Championship"
"Women ","60-64","100","Butterfly","11","2:12.13"," Gwendolynne Barr","F60","MEMO","386Y-040DP","05-31-2026","BAC Long Course Meters Meet"
"Women ","60-64","100","Butterfly","12","2:20.50"," Lisa Blatt","F64","USF","386K-0719Z","08-06-2026","2026 U.S. Masters Swimming Summer National Championship"
"Women ","60-64","200","Butterfly","1","3:31.87"," Jane E Russell","F63","DAM","386T-074TS","08-07-2026","2026 U.S. Masters Swimming Summer National Championship"
"Women ","60-64","200","Butterfly","2","3:36.89"," Stephanie D Couch","F62","MELO","3862-03UKW","08-07-2026","2026 U.S. Masters Swimming Summer National Championship"
"Women ","60-64","200","Butterfly","3","3:48.32"," Robin A Bulman","F61","SRM","386U-07MHY","07-25-2026","2026 Southwest Zone and SPMS Summer Championships"
"Women ","60-64","200","Butterfly","4","4:14.08"," Kathy Glatter","F60","SACMA","3865-07XDU","08-07-2026","2026 U.S. Masters Swimming Summer National Championship"
"Women ","60-64","200","Butterfly","5","4:27.16"," Carol S McHale","F62","SRM","3869-03P7A","08-07-2026","2026 U.S. Masters Swimming Summer National Championship"
"Women ","60-64","200","Butterfly","6","4:42.85"," Gwendolynne Barr","F60","MEMO","386Y-040DP","07-14-2026","Pacific Masters LCM Championships"
"Women ","60-64","200","Individual Medley","1","3:15.67"," Jane E Russell","F63","DAM","386T-074TS","08-08-2026","2026 U.S. Masters Swimming Summer National Championship"
"Women ","60-64","200","Individual Medley","2","3:16.98"," Stephanie D Couch","F62","MELO","3862-03UKW","05-31-2026","BAC Long Course Meters Meet"
"Women ","60-64","200","Individual Medley","3","3:18.22"," Rebecca R Perry","F62","MAM","3864-03U8J","07-14-2026","Pacific Masters LCM Championships"
"Women ","60-64","200","Individual Medley","4","3:18.33"," Jana Matena","F64","MELO","386S-03JGZ","07-14-2026","Pacific Masters LCM Championships"
"Women ","60-64","200","Individual Medley","5","3:25.31"," Robin A Bulman","F61","SRM","386U-07MHY","07-26-2026","2026 Southwest Zone and SPMS Summer Championships"
"Women ","60-64","200","Individual Medley","6","3:33.39"," Christine A Tyler","F64","QSS","386N-09CSP","07-14-2026","Pacific Masters LCM Championships"
"Women ","60-64","200","Individual Medley","7","3:33.62"," Catherine W Taylor","F63","WCM","386J-081Y6","08-08-2026","2026 U.S. Masters Swimming Summer National Championship"
"Women ","60-64","200","Individual Medley","8","3:36.79"," Susan L Fackert","F60","WOOD","386H-062KW","08-08-2026","2026 U.S. Masters Swimming Summer National Championship"
"Women ","60-64","200","Individual Medley","9","3:58.93"," Jennifer Phalen","F62","DAM","386K-JENNY","05-31-2026","BAC Long Course Meters Meet"
"Women ","60-64","200","Individual Medley","10","4:36.07"," Lisa Blatt","F64","USF","386K-0719Z","07-14-2026","Pacific Masters LCM Championships"
"Women ","60-64","200","Individual Medley","11","4:46.68"," Gwendolynne Barr","F60","MEMO","386Y-040DP","05-31-2026","BAC Long Course Meters Meet"
"Women ","60-64","400","Individual Medley","1","6:34.80"," Myla J Houlihan","F63","PSWIM","386E-03186","08-07-2026","2026 U.S. Masters Swimming Summer National Championship"
"Women ","60-64","400","Individual Medley","2","6:48.24"," Stephanie D Couch","F62","MELO","3862-03UKW","08-07-2026","2026 U.S. Masters Swimming Summer National Championship"
"Women ","60-64","400","Individual Medley","3","6:53.91"," Jane E Russell","F63","DAM","386T-074TS","08-07-2026","2026 U.S. Masters Swimming Summer National Championship"
"Women ","60-64","400","Individual Medley","4","7:09.08"," Robin A Bulman","F61","SRM","386U-07MHY","07-12-2026","Pacific Masters LCM Championships"
"Women ","60-64","400","Individual Medley","5","7:48.20"," Catherine W Taylor","F63","WCM","386J-081Y6","08-07-2026","2026 U.S. Masters Swimming Summer National Championship"
"Women ","60-64","400","Individual Medley","6","8:13.49"," Jennifer Phalen","F62","DAM","386K-JENNY","08-07-2026","2026 U.S. Masters Swimming Summer National Championship"
"Women ","65-69","50","Freestyle","1","32.44"," Martha O Joyce","F66","TAM","386A-03NAZ","08-08-2026","2026 U.S. Masters Swimming Summer National Championship"
"Women ","65-69","50","Freestyle","2","32.84"," Caren A Mc Namara","F66","SNM","386F-03H3H","06-28-2026","SILVER STATE MASTERS LCM"
"Women ","65-69","50","Freestyle","3","32.89"," Monica A Carter","F65","SACMA","3861-ZDAUD","","2026 U.S. Masters Swimming Summer National Championship"
"Women ","65-69","50","Freestyle","4","33.61"," April A Oliver","F65","NBA","3867-0370H","08-08-2026","2026 U.S. Masters Swimming Summer National Championship"
"Women ","65-69","50","Freestyle","5","33.76"," Suzanne M Heim-Bowen","F68","WCM","3864-03F3T","","2026 U.S. Masters Swimming Summer National Championship"
"Women ","65-69","50","Freestyle","6","34.72"," Marguerite Meyer","F67","TOC","386N-03FG4","","2026 U.S. Masters Swimming Summer National Championship"
"Women ","65-69","50","Freestyle","7","34.82"," Sherri Nichelman","F66","WCM","386V-0AW7Z","07-13-2026","Pacific Masters LCM Championships"
"Women ","65-69","50","Freestyle","8","34.87"," Kim A Berrios","F66","RWR","386B-FF4K7","08-08-2026","2026 U.S. Masters Swimming Summer National Championship"
"Women ","65-69","50","Freestyle","9","34.89"," Linda A Buchanan","F69","DAM","3861-03H77","08-08-2026","2026 U.S. Masters Swimming Summer National Championship"
"Women ","65-69","50","Freestyle","10","35.78"," Louise S Feeley","F67","MELO","386J-12U5Y","08-08-2026","2026 U.S. Masters Swimming Summer National Championship"
"Women ","65-69","50","Freestyle","11","37.68"," Anietta R Kelley","F65","VACA","3861-03GF0","08-08-2026","2026 U.S. Masters Swimming Summer National Championship"
"Women ","65-69","50","Freestyle","12","39.57"," Patricia Cericola","F69","USF","3869-XV5PR","07-13-2026","Pacific Masters LCM Championships"
"Women ","65-69","50","Freestyle","13","44.56"," Sarah J Deon","F66","RWR","386E-AYKEV","08-08-2026","2026 U.S. Masters Swimming Summer National Championship"
"Women ","65-69","50","Freestyle","14","50.47"," Leah A Carroll","F65","ALB","386K-09H3C","06-28-2026","SILVER STATE MASTERS LCM"
"Women ","65-69","50","Freestyle","15","51.1"," Teresa M Focha","F65","ALB","386U-03NDN","06-28-2026","SILVER STATE MASTERS LCM"
"Women ","65-69","50","Freestyle","16","55.59"," Julie Dunkle","F65","TVM","3862-MFN7E","07-13-2026","Pacific Masters LCM Championships"
"Women ","65-69","100","Freestyle","1","1:11.80"," Merrie E Walts","F66","SRM","386J-00CPW","07-13-2026","Pacific Masters LCM Championships"
"Women ","65-69","100","Freestyle","2","1:14.09"," Monica A Carter","F65","SACMA","3861-ZDAUD","07-13-2026","Pacific Masters LCM Championships"
"Women ","65-69","100","Freestyle","3","1:15.70"," Caren A Mc Namara","F66","SNM","386F-03H3H","06-28-2026","SILVER STATE MASTERS LCM"
"Women ","65-69","100","Freestyle","4","1:15.95"," Martha O Joyce","F66","TAM","386A-03NAZ","08-07-2026","2026 U.S. Masters Swimming Summer National Championship"
"Women ","65-69","100","Freestyle","5","1:16.26"," Marguerite Meyer","F67","TOC","386N-03FG4","08-07-2026","2026 U.S. Masters Swimming Summer National Championship"
"Women ","65-69","100","Freestyle","6","1:16.27"," April A Oliver","F65","NBA","3867-0370H","07-25-2026","2026 Southwest Zone and SPMS Summer Championships"
"Women ","65-69","100","Freestyle","7","1:18.52"," Sherri Nichelman","F66","WCM","386V-0AW7Z","05-31-2026","BAC Long Course Meters Meet"
"Women ","65-69","100","Freestyle","8","1:19.46"," Louise S Feeley","F67","MELO","386J-12U5Y","07-13-2026","Pacific Masters LCM Championships"
"Women ","65-69","100","Freestyle","9","1:26.46"," Anietta R Kelley","F65","VACA","3861-03GF0","08-07-2026","2026 U.S. Masters Swimming Summer National Championship"
"Women ","65-69","100","Freestyle","10","1:28.09"," Jessie J Hickel","F68","EBAT","386F-03FVA","07-13-2026","Pacific Masters LCM Championships"
"Women ","65-69","100","Freestyle","11","1:29.79"," Ann Durst","F65","WOOD","386M-03XJT","08-07-2026","2026 U.S. Masters Swimming Summer National Championship"
"Women ","65-69","100","Freestyle","12","1:35.79"," Sharon M Roller","F66","LAC","3862-Z0T2B","08-07-2026","2026 U.S. Masters Swimming Summer National Championship"
"Women ","65-69","100","Freestyle","13","1:53.13"," Teresa M Focha","F65","ALB","386U-03NDN","","Pacific Masters LCM Championships"
"Women ","65-69","100","Freestyle","14","1:54.83"," Leah A Carroll","F65","ALB","386K-09H3C","06-28-2026","SILVER STATE MASTERS LCM"
"Women ","65-69","100","Freestyle","15","2:07.08"," Julie Dunkle","F65","TVM","3862-MFN7E","07-13-2026","Pacific Masters LCM Championships"
"Women ","65-69","200","Freestyle","1","2:38.83"," Bonnie M Bilich","F68","SRVM","386B-03T0J","08-08-2026","2026 U.S. Masters Swimming Summer National Championship"
"Women ","65-69","200","Freestyle","2","2:40.51"," Monica A Carter","F65","SACMA","3861-ZDAUD","08-08-2026","2026 U.S. Masters Swimming Summer National Championship"
"Women ","65-69","200","Freestyle","3","2:41.58"," Marguerite Meyer","F67","TOC","386N-03FG4","08-08-2026","2026 U.S. Masters Swimming Summer National Championship"
"Women ","65-69","200","Freestyle","4","2:53.88"," Sherri Nichelman","F66","WCM","386V-0AW7Z","05-31-2026","BAC Long Course Meters Meet"
"Women ","65-69","200","Freestyle","5","2:57.15"," Louise S Feeley","F67","MELO","386J-12U5Y","08-08-2026","2026 U.S. Masters Swimming Summer National Championship"
"Women ","65-69","200","Freestyle","6","2:59.52"," Martha O Joyce","F66","TAM","386A-03NAZ","07-14-2026","Pacific Masters LCM Championships"
"Women ","65-69","200","Freestyle","7","3:20.04"," Jessie J Hickel","F68","EBAT","386F-03FVA","05-31-2026","BAC Long Course Meters Meet"
"Women ","65-69","200","Freestyle","8","3:22.37"," Laurie J Lewis","F65","BAC","3861-03YD1","05-31-2026","BAC Long Course Meters Meet"
"Women ","65-69","200","Freestyle","9","3:50.38"," Teresa M Focha","F65","ALB","386U-03NDN","07-12-2026","Pacific Masters LCM Championships"
"Women ","65-69","200","Freestyle","10","4:07.49"," Lisa Carboni","F65","MEMO","386P-0AMMT","07-14-2026","Pacific Masters LCM Championships"
"Women ","65-69","200","Freestyle","11","4:14.21"," Leah A Carroll","F65","ALB","386K-09H3C","05-31-2026","BAC Long Course Meters Meet"
"Women ","65-69","200","Freestyle","12","4:33.42"," Julie Dunkle","F65","TVM","3862-MFN7E","07-14-2026","Pacific Masters LCM Championships"
"Women ","65-69","400","Freestyle","1","5:40.25"," Merrie E Walts","F66","SRM","386J-00CPW","08-06-2026","2026 U.S. Masters Swimming Summer National Championship"
"Women ","65-69","400","Freestyle","2","5:42.50"," Monica A Carter","F65","SACMA","3861-ZDAUD","08-06-2026","2026 U.S. Masters Swimming Summer National Championship"
"Women ","65-69","400","Freestyle","3","5:45.63"," Marguerite Meyer","F67","TOC","386N-03FG4","08-06-2026","2026 U.S. Masters Swimming Summer National Championship"
"Women ","65-69","400","Freestyle","4","6:02.74"," Linda A Buchanan","F69","DAM","3861-03H77","08-06-2026","2026 U.S. Masters Swimming Summer National Championship"
"Women ","65-69","400","Freestyle","5","6:07.23"," Sherri Nichelman","F66","WCM","386V-0AW7Z","08-06-2026","2026 U.S. Masters Swimming Summer National Championship"
"Women ","65-69","400","Freestyle","6","6:10.85"," Louise S Feeley","F67","MELO","386J-12U5Y","08-06-2026","2026 U.S. Masters Swimming Summer National Championship"
"Women ","65-69","400","Freestyle","7","6:47.82"," Jessie J Hickel","F68","EBAT","386F-03FVA","05-31-2026","BAC Long Course Meters Meet"
"Women ","65-69","400","Freestyle","8","7:46.06"," Teresa M Focha","F65","ALB","386U-03NDN","07-12-2026","Pacific Masters LCM Championships"
"Women ","65-69","400","Freestyle","9","7:47.18"," Laurie J Lewis","F65","BAC","3861-03YD1","05-31-2026","BAC Long Course Meters Meet"
"Women ","65-69","400","Freestyle","10","8:34.35"," Lisa Carboni","F65","MEMO","386P-0AMMT","07-14-2026","Pacific Masters LCM Championships"
"Women ","65-69","400","Freestyle","11","8:38.51"," Leah A Carroll","F65","ALB","386K-09H3C","05-31-2026","BAC Long Course Meters Meet"
"Women ","65-69","800","Freestyle","1","11:49.36"," Monica A Carter","F65","SACMA","3861-ZDAUD","07-13-2026","Pacific Masters LCM Championships"
"Women ","65-69","800","Freestyle","2","11:57.17"," Marguerite Meyer","F67","TOC","386N-03FG4","07-13-2026","Pacific Masters LCM Championships"
"Women ","65-69","800","Freestyle","3","14:05.96"," Jessie J Hickel","F68","EBAT","386F-03FVA","07-13-2026","Pacific Masters LCM Championships"
"Women ","65-69","800","Freestyle","4","15:42.65"," Teresa M Focha","F65","ALB","386U-03NDN","07-12-2026","Pacific Masters LCM Championships"
"Women ","65-69","800","Freestyle","5","17:37.12"," Lisa Carboni","F65","MEMO","386P-0AMMT","07-13-2026","Pacific Masters LCM Championships"
"Women ","65-69","800","Freestyle","6","18:01.96"," Leah A Carroll","F65","ALB","386K-09H3C","07-12-2026","Pacific Masters LCM Championships"
"Women ","65-69","1500","Freestyle","1","22:29.85"," Monica A Carter","F65","SACMA","3861-ZDAUD","07-12-2026","Pacific Masters LCM Championships"
"Women ","65-69","1500","Freestyle","2","22:52.80"," Marguerite Meyer","F67","TOC","386N-03FG4","07-12-2026","Pacific Masters LCM Championships"
"Women ","65-69","1500","Freestyle","3","23:40.22"," Sherri Nichelman","F66","WCM","386V-0AW7Z","08-05-2026","2026 U.S. Masters Swimming Summer National Championship"
"Women ","65-69","1500","Freestyle","4","26:08.93"," Jessie J Hickel","F68","SRM","386F-03FVA","08-05-2026","2026 U.S. Masters Swimming Summer National Championship"
"Women ","65-69","1500","Freestyle","5","26:35.68"," Martha Gerhan","F65","USF","3865-03NVV","07-12-2026","Pacific Masters LCM Championships"
"Women ","65-69","1500","Freestyle","6","29:54.61"," Teresa M Focha","F65","ALB","386U-03NDN","07-12-2026","Pacific Masters LCM Championships"
"Women ","65-69","1500","Freestyle","7","33:27.99"," Lisa Carboni","F65","MEMO","386P-0AMMT","07-12-2026","Pacific Masters LCM Championships"
"Women ","65-69","1500","Freestyle","8","33:48.69"," Leah A Carroll","F65","ALB","386K-09H3C","07-12-2026","Pacific Masters LCM Championships"
"Women ","65-69","50","Backstroke","1","36.91"," Bonnie M Bilich","F68","SRVM","386B-03T0J","","2026 U.S. Masters Swimming Summer National Championship"
"Women ","65-69","50","Backstroke","2","37.97"," Merrie E Walts","F66","SRM","386J-00CPW","08-08-2026","2026 U.S. Masters Swimming Summer National Championship"
"Women ","65-69","50","Backstroke","3","39.47"," Suzanne M Heim-Bowen","F68","WCM","3864-03F3T","08-09-2026","2026 U.S. Masters Swimming Summer National Championship"
"Women ","65-69","50","Backstroke","4","40.81"," April A Oliver","F65","NBA","3867-0370H","07-26-2026","2026 Southwest Zone and SPMS Summer Championships"
"Women ","65-69","50","Backstroke","5","41.37"," Marguerite Meyer","F67","TOC","386N-03FG4","","2026 U.S. Masters Swimming Summer National Championship"
"Women ","65-69","50","Backstroke","6","42.1"," Martha O Joyce","F66","TAM","386A-03NAZ","08-08-2026","2026 U.S. Masters Swimming Summer National Championship"
"Women ","65-69","50","Backstroke","7","42.86"," Caren A Mc Namara","F66","SNM","386F-03H3H","06-28-2026","SILVER STATE MASTERS LCM"
"Women ","65-69","50","Backstroke","8","44.05"," Kim A Berrios","F66","RWR","386B-FF4K7","08-08-2026","2026 U.S. Masters Swimming Summer National Championship"
"Women ","65-69","50","Backstroke","9","44.29"," Monica A Carter","F65","SACMA","3861-ZDAUD","06-28-2026","SILVER STATE MASTERS LCM"
"Women ","65-69","50","Backstroke","10","47.18"," Sherri Nichelman","F66","WCM","386V-0AW7Z","","2026 U.S. Masters Swimming Summer National Championship"
"Women ","65-69","50","Backstroke","11","49.63"," Laurie J Lewis","F65","BAC","3861-03YD1","05-31-2026","BAC Long Course Meters Meet"
"Women ","65-69","50","Backstroke","12","50.46"," Anietta R Kelley","F65","VACA","3861-03GF0","06-28-2026","SILVER STATE MASTERS LCM"
"Women ","65-69","50","Backstroke","13","52.27"," Jessie J Hickel","F68","EBAT","386F-03FVA","07-13-2026","Pacific Masters LCM Championships"
"Women ","65-69","50","Backstroke","14","55.14"," Teresa M Focha","F65","ALB","386U-03NDN","06-28-2026","SILVER STATE MASTERS LCM"
"Women ","65-69","50","Backstroke","15","55.58"," Leah A Carroll","F65","ALB","386K-09H3C","06-28-2026","SILVER STATE MASTERS LCM"
"Women ","65-69","100","Backstroke","1","1:21.90"," Bonnie M Bilich","F68","SRVM","386B-03T0J","07-14-2026","Pacific Masters LCM Championships"
"Women ","65-69","100","Backstroke","2","1:24.66"," Merrie E Walts","F66","SRM","386J-00CPW","08-06-2026","2026 U.S. Masters Swimming Summer National Championship"
"Women ","65-69","100","Backstroke","3","1:30.52"," Marguerite Meyer","F67","TOC","386N-03FG4","08-06-2026","2026 U.S. Masters Swimming Summer National Championship"
"Women ","65-69","100","Backstroke","4","1:31.54"," April A Oliver","F65","NBA","3867-0370H","07-14-2026","Pacific Masters LCM Championships"
"Women ","65-69","100","Backstroke","5","1:33.59"," Monica A Carter","F65","SACMA","3861-ZDAUD","06-28-2026","SILVER STATE MASTERS LCM"
"Women ","65-69","100","Backstroke","6","1:43.99"," Jessie J Hickel","F68","SRM","386F-03FVA","08-06-2026","2026 U.S. Masters Swimming Summer National Championship"
"Women ","65-69","100","Backstroke","7","1:46.95"," Laurie J Lewis","F65","BAC","3861-03YD1","05-31-2026","BAC Long Course Meters Meet"
"Women ","65-69","100","Backstroke","8","1:54.32"," Sharon M Roller","F66","LAC","3862-Z0T2B","08-06-2026","2026 U.S. Masters Swimming Summer National Championship"
"Women ","65-69","100","Backstroke","9","1:55.40"," Teresa M Focha","F65","ALB","386U-03NDN","07-14-2026","Pacific Masters LCM Championships"
"Women ","65-69","100","Backstroke","10","1:58.64"," Leah A Carroll","F65","ALB","386K-09H3C","06-28-2026","SILVER STATE MASTERS LCM"
"Women ","65-69","100","Backstroke","11","2:10.35"," Lisa Carboni","F65","MEMO","386P-0AMMT","07-14-2026","Pacific Masters LCM Championships"
"Women ","65-69","200","Backstroke","1","2:54.65"," Bonnie M Bilich","F68","SRVM","386B-03T0J","08-09-2026","2026 U.S. Masters Swimming Summer National Championship"
"Women ","65-69","200","Backstroke","2","2:57.83"," Merrie E Walts","F66","SRM","386J-00CPW","08-09-2026","2026 U.S. Masters Swimming Summer National Championship"
"Women ","65-69","200","Backstroke","3","3:14.18"," Marguerite Meyer","F67","TOC","386N-03FG4","07-13-2026","Pacific Masters LCM Championships"
"Women ","65-69","200","Backstroke","4","3:21.53"," April A Oliver","F65","NBA","3867-0370H","07-13-2026","Pacific Masters LCM Championships"
"Women ","65-69","200","Backstroke","5","3:27.45"," Monica A Carter","F65","SACMA","3861-ZDAUD","06-28-2026","SILVER STATE MASTERS LCM"
"Women ","65-69","200","Backstroke","6","3:40.83"," Jessie J Hickel","F68","EBAT","386F-03FVA","07-13-2026","Pacific Masters LCM Championships"
"Women ","65-69","200","Backstroke","7","3:57.56"," Teresa M Focha","F65","ALB","386U-03NDN","07-13-2026","Pacific Masters LCM Championships"
"Women ","65-69","200","Backstroke","8","4:16.03"," Leah A Carroll","F65","ALB","386K-09H3C","07-13-2026","Pacific Masters LCM Championships"
"Women ","65-69","200","Backstroke","9","4:41.03"," Lisa Carboni","F65","MEMO","386P-0AMMT","07-13-2026","Pacific Masters LCM Championships"
"Women ","65-69","50","Breaststroke","1","44.5"," Merrie E Walts","F66","SRM","386J-00CPW","07-14-2026","Pacific Masters LCM Championships"
"Women ","65-69","50","Breaststroke","2","46.27"," Martha O Joyce","F66","TAM","386A-03NAZ","08-07-2026","2026 U.S. Masters Swimming Summer National Championship"
"Women ","65-69","50","Breaststroke","3","49.18"," Anietta R Kelley","F65","VACA","3861-03GF0","08-07-2026","2026 U.S. Masters Swimming Summer National Championship"
"Women ","65-69","50","Breaststroke","4","50.06"," Kim A Berrios","F66","RWR","386B-FF4K7","08-07-2026","2026 U.S. Masters Swimming Summer National Championship"
"Women ","65-69","50","Breaststroke","5","51.45"," Patricia Cericola","F69","USF","3869-XV5PR","07-14-2026","Pacific Masters LCM Championships"
"Women ","65-69","50","Breaststroke","6","54.18"," Jessie J Hickel","F68","SRM","386F-03FVA","08-07-2026","2026 U.S. Masters Swimming Summer National Championship"
"Women ","65-69","50","Breaststroke","7","58.86"," Sharon M Roller","F66","LAC","3862-Z0T2B","08-07-2026","2026 U.S. Masters Swimming Summer National Championship"
"Women ","65-69","50","Breaststroke","8","59.07"," Leah A Carroll","F65","ALB","386K-09H3C","06-28-2026","SILVER STATE MASTERS LCM"
"Women ","65-69","50","Breaststroke","9","1:13.21"," Julie Dunkle","F65","TVM","3862-MFN7E","07-14-2026","Pacific Masters LCM Championships"
"Women ","65-69","100","Breaststroke","1","1:34.93"," Merrie E Walts","F66","SRM","386J-00CPW","08-08-2026","2026 U.S. Masters Swimming Summer National Championship"
"Women ","65-69","100","Breaststroke","2","1:55.61"," Patricia Cericola","F69","USF","3869-XV5PR","07-13-2026","Pacific Masters LCM Championships"
"Women ","65-69","100","Breaststroke","3","2:02.20"," Jessie J Hickel","F68","EBAT","386F-03FVA","07-13-2026","Pacific Masters LCM Championships"
"Women ","65-69","100","Breaststroke","4","2:05.35"," Leah A Carroll","F65","ALB","386K-09H3C","05-31-2026","BAC Long Course Meters Meet"
"Women ","65-69","100","Breaststroke","5","2:11.19"," Sarah J Deon","F66","RWR","386E-AYKEV","08-08-2026","2026 U.S. Masters Swimming Summer National Championship"
"Women ","65-69","100","Breaststroke","6","2:21.52"," Teresa M Focha","F65","ALB","386U-03NDN","06-28-2026","SILVER STATE MASTERS LCM"
"Women ","65-69","100","Breaststroke","7","2:39.75"," Julie Dunkle","F65","TVM","3862-MFN7E","07-13-2026","Pacific Masters LCM Championships"
"Women ","65-69","200","Breaststroke","1","3:34.20"," Merrie E Walts","F66","SRM","386J-00CPW","07-14-2026","Pacific Masters LCM Championships"
"Women ","65-69","200","Breaststroke","2","4:16.47"," Jessie J Hickel","F68","SRM","386F-03FVA","08-06-2026","2026 U.S. Masters Swimming Summer National Championship"
"Women ","65-69","200","Breaststroke","3","4:23.11"," Leah A Carroll","F65","ALB","386K-09H3C","07-14-2026","Pacific Masters LCM Championships"
"Women ","65-69","200","Breaststroke","4","4:54.29"," Teresa M Focha","F65","ALB","386U-03NDN","06-28-2026","SILVER STATE MASTERS LCM"
"Women ","65-69","200","Breaststroke","5","5:51.25"," Julie Dunkle","F65","TVM","3862-MFN7E","07-14-2026","Pacific Masters LCM Championships"
"Women ","65-69","50","Butterfly","1","34.8"," April A Oliver","F65","NBA","3867-0370H","07-25-2026","2026 Southwest Zone and SPMS Summer Championships"
"Women ","65-69","50","Butterfly","2","36.65"," Martha O Joyce","F66","TAM","386A-03NAZ","08-09-2026","2026 U.S. Masters Swimming Summer National Championship"
"Women ","65-69","50","Butterfly","3","37"," Caren A Mc Namara","F66","SNM","386F-03H3H","06-28-2026","SILVER STATE MASTERS LCM"
"Women ","65-69","50","Butterfly","4","37.11"," Monica A Carter","F65","SACMA","3861-ZDAUD","07-14-2026","Pacific Masters LCM Championships"
"Women ","65-69","50","Butterfly","5","40.62"," Sherri Nichelman","F66","WCM","386V-0AW7Z","07-14-2026","Pacific Masters LCM Championships"
"Women ","65-69","50","Butterfly","6","41.03"," Kim A Berrios","F66","RWR","386B-FF4K7","08-09-2026","2026 U.S. Masters Swimming Summer National Championship"
"Women ","65-69","50","Butterfly","7","46.84"," Anietta R Kelley","F65","VACA","3861-03GF0","06-28-2026","SILVER STATE MASTERS LCM"
"Women ","65-69","50","Butterfly","8","47.02"," Patricia Cericola","F69","USF","3869-XV5PR","07-14-2026","Pacific Masters LCM Championships"
"Women ","65-69","50","Butterfly","9","51.24"," Laurie J Lewis","F65","BAC","3861-03YD1","05-31-2026","BAC Long Course Meters Meet"
"Women ","65-69","50","Butterfly","10","54.77"," Jessie J Hickel","F68","EBAT","386F-03FVA","05-31-2026","BAC Long Course Meters Meet"
"Women ","65-69","50","Butterfly","11","54.87"," Teresa M Focha","F65","ALB","386U-03NDN","06-28-2026","SILVER STATE MASTERS LCM"
"Women ","65-69","50","Butterfly","12","54.93"," Leah A Carroll","F65","ALB","386K-09H3C","06-28-2026","SILVER STATE MASTERS LCM"
"Women ","65-69","100","Butterfly","1","1:24.95"," Monica A Carter","F65","SACMA","3861-ZDAUD","08-06-2026","2026 U.S. Masters Swimming Summer National Championship"
"Women ","65-69","100","Butterfly","2","1:27.83"," April A Oliver","F65","NBA","3867-0370H","08-06-2026","2026 U.S. Masters Swimming Summer National Championship"
"Women ","65-69","100","Butterfly","3","1:37.89"," Martha O Joyce","F66","TAM","386A-03NAZ","07-13-2026","Pacific Masters LCM Championships"
"Women ","65-69","100","Butterfly","4","1:53.90"," Leah A Carroll","F65","ALB","386K-09H3C","07-13-2026","Pacific Masters LCM Championships"
"Women ","65-69","100","Butterfly","5","1:56.81"," Teresa M Focha","F65","ALB","386U-03NDN","07-13-2026","Pacific Masters LCM Championships"
"Women ","65-69","100","Butterfly","6","1:58.60"," Jessie J Hickel","F68","EBAT","386F-03FVA","07-13-2026","Pacific Masters LCM Championships"
"Women ","65-69","200","Butterfly","1","3:26.52"," Monica A Carter","F65","SACMA","3861-ZDAUD","08-07-2026","2026 U.S. Masters Swimming Summer National Championship"
"Women ","65-69","200","Butterfly","2","4:10.23"," Leah A Carroll","F65","ALB","386K-09H3C","07-14-2026","Pacific Masters LCM Championships"
"Women ","65-69","200","Butterfly","3","4:36.55"," Teresa M Focha","F65","ALB","386U-03NDN","08-07-2026","2026 U.S. Masters Swimming Summer National Championship"
"Women ","65-69","200","Individual Medley","1","3:05.56"," Merrie E Walts","F66","SRM","386J-00CPW","07-14-2026","Pacific Masters LCM Championships"
"Women ","65-69","200","Individual Medley","2","3:11.70"," Martha O Joyce","F66","TAM","386A-03NAZ","07-14-2026","Pacific Masters LCM Championships"
"Women ","65-69","200","Individual Medley","3","3:15.30"," Monica A Carter","F65","SACMA","3861-ZDAUD","08-08-2026","2026 U.S. Masters Swimming Summer National Championship"
"Women ","65-69","200","Individual Medley","4","3:24.77"," Sherri Nichelman","F66","WCM","386V-0AW7Z","08-08-2026","2026 U.S. Masters Swimming Summer National Championship"
"Women ","65-69","200","Individual Medley","5","3:29.78"," Linda A Buchanan","F69","DAM","3861-03H77","08-08-2026","2026 U.S. Masters Swimming Summer National Championship"
"Women ","65-69","200","Individual Medley","6","3:54.94"," Laurie J Lewis","F65","BAC","3861-03YD1","05-31-2026","BAC Long Course Meters Meet"
"Women ","65-69","200","Individual Medley","7","4:07.36"," Teresa M Focha","F65","ALB","386U-03NDN","08-08-2026","2026 U.S. Masters Swimming Summer National Championship"
"Women ","65-69","200","Individual Medley","8","4:17.54"," Leah A Carroll","F65","ALB","386K-09H3C","05-31-2026","BAC Long Course Meters Meet"
"Women ","65-69","400","Individual Medley","1","6:30.18"," Merrie E Walts","F66","SRM","386J-00CPW","08-07-2026","2026 U.S. Masters Swimming Summer National Championship"
"Women ","65-69","400","Individual Medley","2","7:00.29"," Monica A Carter","F65","SACMA","3861-ZDAUD","08-07-2026","2026 U.S. Masters Swimming Summer National Championship"
"Women ","65-69","400","Individual Medley","3","7:19.48"," Sherri Nichelman","F66","WCM","386V-0AW7Z","07-12-2026","Pacific Masters LCM Championships"
"Women ","65-69","400","Individual Medley","4","8:43.86"," Leah A Carroll","F65","ALB","386K-09H3C","08-07-2026","2026 U.S. Masters Swimming Summer National Championship"
"Women ","65-69","400","Individual Medley","5","9:01.35"," Teresa M Focha","F65","ALB","386U-03NDN","07-12-2026","Pacific Masters LCM Championships"
"Women ","70-74","50","Freestyle","1","35.98"," Susan P Helmrich","F71","LNRS","386X-03ND1","08-08-2026","2026 U.S. Masters Swimming Summer National Championship"
"Women ","70-74","50","Freestyle","2","36.99"," Marcia Benjamin","F70","MEMO","386U-MEM01","05-31-2026","BAC Long Course Meters Meet"
"Women ","70-74","50","Freestyle","3","40.46"," Linda Hepworth","F73","RHMS","3869-068JR","05-31-2026","BAC Long Course Meters Meet"
"Women ","70-74","50","Freestyle","4","41.15"," Karen Boyer","F70","PCCM","386G-03JWJ","05-31-2026","BAC Long Course Meters Meet"
"Women ","70-74","50","Freestyle","5","41.19"," Debra A Roth","F74","CHICO","3867-03J7Y","08-08-2026","2026 U.S. Masters Swimming Summer National Championship"
"Women ","70-74","50","Freestyle","6","42.31"," Tawny M Cleveland","F71","CHICO","3869-03MSZ","08-08-2026","2026 U.S. Masters Swimming Summer National Championship"
"Women ","70-74","50","Freestyle","7","42.39"," Victoria E Igel","F70","FREM","386Z-03M7X","08-08-2026","2026 U.S. Masters Swimming Summer National Championship"
"Women ","70-74","50","Freestyle","8","43.17"," Cecily Sprouse","F70","DAM","3867-0822C","08-08-2026","2026 U.S. Masters Swimming Summer National Championship"
"Women ","70-74","50","Freestyle","9","45.91"," Susan E McMahon","F71","RWR","386P-0609X","08-08-2026","2026 U.S. Masters Swimming Summer National Championship"
"Women ","70-74","50","Freestyle","10","46.08"," Mara J Zlotoff","F74","QSS","3860-064S6","08-08-2026","2026 U.S. Masters Swimming Summer National Championship"
"Women ","70-74","50","Freestyle","11","49.09"," LINDA AKAMINE","F71","TSUN","386C-5GEX2","06-30-2026","Gay Games Valencia 2026"
"Women ","70-74","50","Freestyle","12","54.66"," Teresa L Wright","F72","TOC","3860-09798","08-08-2026","2026 U.S. Masters Swimming Summer National Championship"
"Women ","70-74","50","Freestyle","13","58.49"," Elizabeth A Dobisz","F73","QSS","386U-03KW7","08-08-2026","2026 U.S. Masters Swimming Summer National Championship"
"Women ","70-74","50","Freestyle","14","1:06.81"," Rebecca M Loback","F71","TOC","386J-79UBP","07-13-2026","Pacific Masters LCM Championships"
"Women ","70-74","50","Freestyle","15","1:14.23"," Catherine J Daubert","F74","DAM","386B-07YVW","08-08-2026","2026 U.S. Masters Swimming Summer National Championship"
"Women ","70-74","100","Freestyle","1","1:26.64"," Marcia Benjamin","F70","MEMO","386U-MEM01","08-07-2026","2026 U.S. Masters Swimming Summer National Championship"
"Women ","70-74","100","Freestyle","2","1:31.87"," Linda Hepworth","F73","RHMS","3869-068JR","07-13-2026","Pacific Masters LCM Championships"
"Women ","70-74","100","Freestyle","3","1:33.66"," Debra A Roth","F74","CHICO","3867-03J7Y","08-07-2026","2026 U.S. Masters Swimming Summer National Championship"
"Women ","70-74","100","Freestyle","4","1:35.66"," Phyllis E Quinn","F71","TOC","386H-03F7Y","07-13-2026","Pacific Masters LCM Championships"
"Women ","70-74","100","Freestyle","5","1:40.03"," Cecily Sprouse","F70","DAM","3867-0822C","08-07-2026","2026 U.S. Masters Swimming Summer National Championship"
"Women ","70-74","100","Freestyle","6","1:46.23"," Mara J Zlotoff","F74","QSS","3860-064S6","08-07-2026","2026 U.S. Masters Swimming Summer National Championship"
"Women ","70-74","100","Freestyle","7","2:02.23"," LINDA AKAMINE","F71","TSUN","386C-5GEX2","05-31-2026","BAC Long Course Meters Meet"
"Women ","70-74","100","Freestyle","8","2:11.83"," Dorothy J Niccolls","F73","USF","386P-03KWW","07-13-2026","Pacific Masters LCM Championships"
"Women ","70-74","100","Freestyle","9","2:38.66"," Catherine J Daubert","F74","DAM","386B-07YVW","08-07-2026","2026 U.S. Masters Swimming Summer National Championship"
"Women ","70-74","200","Freestyle","1","3:08.02"," Carol M Ogilvie","F71","USF","386V-03GA6","07-14-2026","Pacific Masters LCM Championships"
"Women ","70-74","200","Freestyle","2","3:11.40"," Marcia Benjamin","F70","MEMO","386U-MEM01","08-08-2026","2026 U.S. Masters Swimming Summer National Championship"
"Women ","70-74","200","Freestyle","3","3:17.27"," Linda Hepworth","F73","RHMS","3869-068JR","08-08-2026","2026 U.S. Masters Swimming Summer National Championship"
"Women ","70-74","200","Freestyle","4","3:18.35"," Nanette S Stringer","F74","USF","386T-008J6","07-14-2026","Pacific Masters LCM Championships"
"Women ","70-74","200","Freestyle","5","3:21.86"," Karen Boyer","F70","PCCM","386G-03JWJ","07-14-2026","Pacific Masters LCM Championships"
"Women ","70-74","200","Freestyle","6","3:28.02"," Phyllis E Quinn","F71","TOC","386H-03F7Y","07-14-2026","Pacific Masters LCM Championships"
"Women ","70-74","200","Freestyle","7","3:30.74"," Victoria E Igel","F70","FREM","386Z-03M7X","08-08-2026","2026 U.S. Masters Swimming Summer National Championship"
"Women ","70-74","200","Freestyle","8","3:54.26"," Mara J Zlotoff","F74","QSS","3860-064S6","07-14-2026","Pacific Masters LCM Championships"
"Women ","70-74","200","Freestyle","9","4:49.92"," Dorothy J Niccolls","F73","USF","386P-03KWW","07-14-2026","Pacific Masters LCM Championships"
"Women ","70-74","400","Freestyle","1","6:08.48"," Susan P Helmrich","F71","LNRS","386X-03ND1","08-06-2026","2026 U.S. Masters Swimming Summer National Championship"
"Women ","70-74","400","Freestyle","2","6:46.30"," Marcia Benjamin","F70","MEMO","386U-MEM01","08-06-2026","2026 U.S. Masters Swimming Summer National Championship"
"Women ","70-74","400","Freestyle","3","6:55.32"," Phyllis E Quinn","F71","TOC","386H-03F7Y","05-31-2026","BAC Long Course Meters Meet"
"Women ","70-74","400","Freestyle","4","7:13.49"," Karen Boyer","F70","PCCM","386G-03JWJ","07-14-2026","Pacific Masters LCM Championships"
"Women ","70-74","400","Freestyle","5","7:47.98"," Mara J Zlotoff","F74","QSS","3860-064S6","07-14-2026","Pacific Masters LCM Championships"
"Women ","70-74","400","Freestyle","6","8:22.05"," Elaine S Thomas","F72","UC38","386B-00FNZ","05-31-2026","BAC Long Course Meters Meet"
"Women ","70-74","800","Freestyle","1","12:37.01"," Susan P Helmrich","F71","LNRS","386X-03ND1","08-09-2026","2026 U.S. Masters Swimming Summer National Championship"
"Women ","70-74","800","Freestyle","2","14:18.81"," Marcia Benjamin","F70","MEMO","386U-MEM01","08-09-2026","2026 U.S. Masters Swimming Summer National Championship"
"Women ","70-74","800","Freestyle","3","14:37.75"," Phyllis E Quinn","F71","TOC","386H-03F7Y","07-13-2026","Pacific Masters LCM Championships"
"Women ","70-74","800","Freestyle","4","16:00.55"," Mara J Zlotoff","F74","QSS","3860-064S6","07-13-2026","Pacific Masters LCM Championships"
"Women ","70-74","800","Freestyle","5","20:12.77"," Dorothy J Niccolls","F73","USF","386P-03KWW","07-13-2026","Pacific Masters LCM Championships"
"Women ","70-74","1500","Freestyle","1","27:58.84"," Phyllis E Quinn","F71","TOC","386H-03F7Y","08-05-2026","2026 U.S. Masters Swimming Summer National Championship"
"Women ","70-74","1500","Freestyle","2","29:59.44"," Mara J Zlotoff","F74","QSS","3860-064S6","07-12-2026","Pacific Masters LCM Championships"
"Women ","70-74","1500","Freestyle","3","37:49.65"," Dorothy J Niccolls","F73","USF","386P-03KWW","07-12-2026","Pacific Masters LCM Championships"
"Women ","70-74","50","Backstroke","1","40.45"," Patty Landers","F70","WCM","386T-03FXB","08-08-2026","2026 U.S. Masters Swimming Summer National Championship"
"Women ","70-74","50","Backstroke","2","43.02"," Susan P Helmrich","F71","LNRS","386X-03ND1","08-08-2026","2026 U.S. Masters Swimming Summer National Championship"
"Women ","70-74","50","Backstroke","3","47.58"," Debra A Roth","F74","CHICO","3867-03J7Y","08-08-2026","2026 U.S. Masters Swimming Summer National Championship"
"Women ","70-74","50","Backstroke","4","49.23"," Karen Boyer","F70","PCCM","386G-03JWJ","05-31-2026","BAC Long Course Meters Meet"
"Women ","70-74","50","Backstroke","5","49.94"," Linda Hepworth","F73","RHMS","3869-068JR","08-08-2026","2026 U.S. Masters Swimming Summer National Championship"
"Women ","70-74","50","Backstroke","6","54.78"," Victoria E Igel","F70","FREM","386Z-03M7X","08-08-2026","2026 U.S. Masters Swimming Summer National Championship"
"Women ","70-74","50","Backstroke","7","56.25"," Barbara Byrnes","F70","USF","386P-03GAB","07-13-2026","Pacific Masters LCM Championships"
"Women ","70-74","50","Backstroke","8","56.49"," Cecily Sprouse","F70","DAM","3867-0822C","","2026 U.S. Masters Swimming Summer National Championship"
"Women ","70-74","50","Backstroke","9","1:01.43"," Tawny M Cleveland","F71","CHICO","3869-03MSZ","08-08-2026","2026 U.S. Masters Swimming Summer National Championship"
"Women ","70-74","50","Backstroke","10","1:03.55"," Dorothy J Niccolls","F73","USF","386P-03KWW","07-13-2026","Pacific Masters LCM Championships"
"Women ","70-74","50","Backstroke","11","1:04.71"," LINDA AKAMINE","F71","TSUN","386C-5GEX2","06-29-2026","Gay Games Valencia 2026"
"Women ","70-74","50","Backstroke","12","1:08.07"," Sibyl Baldwin","F74","SACMA","386C-03FGE","","2026 U.S. Masters Swimming Summer National Championship"
"Women ","70-74","50","Backstroke","13","1:09.69"," Rebecca M Loback","F71","TOC","386J-79UBP","07-13-2026","Pacific Masters LCM Championships"
"Women ","70-74","50","Backstroke","14","1:11.44"," Elizabeth A Dobisz","F73","QSS","386U-03KW7","07-13-2026","Pacific Masters LCM Championships"
"Women ","70-74","50","Backstroke","15","1:48.98"," Catherine J Daubert","F74","DAM","386B-07YVW","08-08-2026","2026 U.S. Masters Swimming Summer National Championship"
"Women ","70-74","100","Backstroke","1","1:31.67"," Patty Landers","F70","WCM","386T-03FXB","08-06-2026","2026 U.S. Masters Swimming Summer National Championship"
"Women ","70-74","100","Backstroke","2","1:37.67"," Susan P Helmrich","F71","LNRS","386X-03ND1","08-06-2026","2026 U.S. Masters Swimming Summer National Championship"
"Women ","70-74","100","Backstroke","3","1:45.49"," Carol M Ogilvie","F71","USF","386V-03GA6","07-14-2026","Pacific Masters LCM Championships"
"Women ","70-74","100","Backstroke","4","1:48.25"," Linda Hepworth","F73","RHMS","3869-068JR","08-06-2026","2026 U.S. Masters Swimming Summer National Championship"
"Women ","70-74","100","Backstroke","5","1:51.08"," Karen Boyer","F70","PCCM","386G-03JWJ","05-31-2026","BAC Long Course Meters Meet"
"Women ","70-74","100","Backstroke","6","2:02.24"," Phyllis E Quinn","F71","TOC","386H-03F7Y","05-31-2026","BAC Long Course Meters Meet"
"Women ","70-74","100","Backstroke","7","2:09.86"," Elaine S Thomas","F72","UC38","386B-00FNZ","05-31-2026","BAC Long Course Meters Meet"
"Women ","70-74","100","Backstroke","8","2:16.40"," Dorothy J Niccolls","F73","USF","386P-03KWW","07-14-2026","Pacific Masters LCM Championships"
"Women ","70-74","200","Backstroke","1","3:29.74"," Susan P Helmrich","F71","LNRS","386X-03ND1","08-09-2026","2026 U.S. Masters Swimming Summer National Championship"
"Women ","70-74","200","Backstroke","2","3:49.67"," Linda Hepworth","F73","RHMS","3869-068JR","07-13-2026","Pacific Masters LCM Championships"
"Women ","70-74","200","Backstroke","3","3:52.83"," Phyllis E Quinn","F71","TOC","386H-03F7Y","07-13-2026","Pacific Masters LCM Championships"
"Women ","70-74","200","Backstroke","4","4:11.44"," Barbara Byrnes","F70","USF","386P-03GAB","07-13-2026","Pacific Masters LCM Championships"
"Women ","70-74","50","Breaststroke","1","50.11"," Cathy Huang","F71","NBA","3864-03FPW","08-07-2026","2026 U.S. Masters Swimming Summer National Championship"
"Women ","70-74","50","Breaststroke","2","55.31"," Karen Boyer","F70","PCCM","386G-03JWJ","05-31-2026","BAC Long Course Meters Meet"
"Women ","70-74","50","Breaststroke","3","55.76"," Nanette S Stringer","F74","USF","386T-008J6","07-14-2026","Pacific Masters LCM Championships"
"Women ","70-74","50","Breaststroke","4","56.45"," Cecily Sprouse","F70","DAM","3867-0822C","08-07-2026","2026 U.S. Masters Swimming Summer National Championship"
"Women ","70-74","50","Breaststroke","5","58.92"," LINDA AKAMINE","F71","TSUN","386C-5GEX2","06-30-2026","Gay Games Valencia 2026"
"Women ","70-74","50","Breaststroke","6","1:03.39"," Linda Hepworth","F73","RHMS","3869-068JR","05-31-2026","BAC Long Course Meters Meet"
"Women ","70-74","50","Breaststroke","7","1:04.20"," Teresa L Wright","F72","TOC","3860-09798","08-07-2026","2026 U.S. Masters Swimming Summer National Championship"
"Women ","70-74","50","Breaststroke","8","1:07.91"," Mara J Zlotoff","F74","QSS","3860-064S6","05-31-2026","BAC Long Course Meters Meet"
"Women ","70-74","50","Breaststroke","9","1:10.68"," Barbara C Landt","F71","USF","386U-GP2ZY","07-14-2026","Pacific Masters LCM Championships"
"Women ","70-74","100","Breaststroke","1","1:50.05"," Cathy Huang","F71","NBA","3864-03FPW","08-08-2026","2026 U.S. Masters Swimming Summer National Championship"
"Women ","70-74","100","Breaststroke","2","2:00.52"," Karen Boyer","F70","PCCM","386G-03JWJ","05-31-2026","BAC Long Course Meters Meet"
"Women ","70-74","100","Breaststroke","3","2:06.20"," Cecily Sprouse","F70","DAM","3867-0822C","08-08-2026","2026 U.S. Masters Swimming Summer National Championship"
"Women ","70-74","100","Breaststroke","4","2:06.55"," Marcia Benjamin","F70","MEMO","386U-MEM01","05-31-2026","BAC Long Course Meters Meet"
"Women ","70-74","100","Breaststroke","5","2:07.19"," Tawny M Cleveland","F71","CHICO","3869-03MSZ","08-08-2026","2026 U.S. Masters Swimming Summer National Championship"
"Women ","70-74","100","Breaststroke","6","2:25.75"," Mara J Zlotoff","F74","QSS","3860-064S6","08-08-2026","2026 U.S. Masters Swimming Summer National Championship"
"Women ","70-74","200","Breaststroke","1","4:10.15"," Carol M Ogilvie","F71","USF","386V-03GA6","07-14-2026","Pacific Masters LCM Championships"
"Women ","70-74","200","Breaststroke","2","4:19.31"," Karen Boyer","F70","PCCM","386G-03JWJ","07-14-2026","Pacific Masters LCM Championships"
"Women ","70-74","200","Breaststroke","3","4:40.82"," Phyllis E Quinn","F71","TOC","386H-03F7Y","08-06-2026","2026 U.S. Masters Swimming Summer National Championship"
"Women ","70-74","200","Breaststroke","4","4:41.64"," Linda Hepworth","F73","RHMS","3869-068JR","08-06-2026","2026 U.S. Masters Swimming Summer National Championship"
"Women ","70-74","200","Breaststroke","5","4:46.81"," Marcia Benjamin","F70","MEMO","386U-MEM01","08-06-2026","2026 U.S. Masters Swimming Summer National Championship"
"Women ","70-74","50","Butterfly","1","41.15"," Patty Landers","F70","WCM","386T-03FXB","08-09-2026","2026 U.S. Masters Swimming Summer National Championship"
"Women ","70-74","50","Butterfly","2","44.62"," Carol M Ogilvie","F71","USF","386V-03GA6","07-14-2026","Pacific Masters LCM Championships"
"Women ","70-74","50","Butterfly","3","48.68"," Karen Boyer","F70","PCCM","386G-03JWJ","05-31-2026","BAC Long Course Meters Meet"
"Women ","70-74","50","Butterfly","4","59.02"," Teddy C Palmer","F72","WCM","386C-DRAFT","08-09-2026","2026 U.S. Masters Swimming Summer National Championship"
"Women ","70-74","50","Butterfly","5","59.3"," LINDA AKAMINE","F71","TSUN","386C-5GEX2","05-31-2026","BAC Long Course Meters Meet"
"Women ","70-74","200","Butterfly","1","5:32.63"," Phyllis E Quinn","F71","TOC","386H-03F7Y","08-07-2026","2026 U.S. Masters Swimming Summer National Championship"
"Women ","70-74","200","Individual Medley","1","3:38.63"," Carol M Ogilvie","F71","USF","386V-03GA6","07-14-2026","Pacific Masters LCM Championships"
"Women ","70-74","200","Individual Medley","2","3:58.48"," Cathy Huang","F71","NBA","3864-03FPW","08-08-2026","2026 U.S. Masters Swimming Summer National Championship"
"Women ","70-74","200","Individual Medley","3","3:58.58"," Karen Boyer","F70","PCCM","386G-03JWJ","07-14-2026","Pacific Masters LCM Championships"
"Women ","70-74","200","Individual Medley","4","4:03.46"," Phyllis E Quinn","F71","TOC","386H-03F7Y","07-14-2026","Pacific Masters LCM Championships"
"Women ","70-74","400","Individual Medley","1","8:38.28"," Phyllis E Quinn","F71","TOC","386H-03F7Y","08-07-2026","2026 U.S. Masters Swimming Summer National Championship"
"Women ","70-74","400","Individual Medley","2","8:53.70"," Barbara Byrnes","F70","USF","386P-03GAB","07-12-2026","Pacific Masters LCM Championships"
"Women ","75-79","50","Freestyle","1","35.87"," ruth Y shaps","F79","MAM","386W-03GFW","","2026 U.S. Masters Swimming Summer National Championship"
"Women ","75-79","50","Freestyle","2","38.99"," Sally K Guthrie","F76","SACMA","3865-028TM","","2026 U.S. Masters Swimming Summer National Championship"
"Women ","75-79","50","Freestyle","3","41.67"," Jane V Lee","F77","PSWIM","386J-03FG7","08-08-2026","2026 U.S. Masters Swimming Summer National Championship"
"Women ","75-79","50","Freestyle","4","42.51"," Celeste Miller","F76","SNM","386K-MERRY","08-08-2026","2026 U.S. Masters Swimming Summer National Championship"
"Women ","75-79","50","Freestyle","5","46.53"," Martha Lysle","F76","RWR","3860-24H21","08-08-2026","2026 U.S. Masters Swimming Summer National Championship"
"Women ","75-79","50","Freestyle","6","52.1"," Annette M Coholan","F78","RHMS","3860-092YH","05-31-2026","BAC Long Course Meters Meet"
"Women ","75-79","50","Freestyle","7","54.95"," Erin L Pashelinsky","F79","USF","3861-03FP8","07-13-2026","Pacific Masters LCM Championships"
"Women ","75-79","50","Freestyle","8","57.06"," Nancy H Ewing","F79","ALB","386C-0B23M","07-13-2026","Pacific Masters LCM Championships"
"Women ","75-79","50","Freestyle","9","1:02.59"," Gretchen A Rothrock","F77","WCM","3869-074RF","08-08-2026","2026 U.S. Masters Swimming Summer National Championship"
"Women ","75-79","100","Freestyle","1","1:24.07"," ruth Y shaps","F79","MAM","386W-03GFW","08-07-2026","2026 U.S. Masters Swimming Summer National Championship"
"Women ","75-79","100","Freestyle","2","1:27.49"," Sally K Guthrie","F76","SACMA","3865-028TM","08-07-2026","2026 U.S. Masters Swimming Summer National Championship"
"Women ","75-79","100","Freestyle","3","1:33.15"," Celeste Miller","F76","SNM","386K-MERRY","08-07-2026","2026 U.S. Masters Swimming Summer National Championship"
"Women ","75-79","100","Freestyle","4","2:01.78"," Annette M Coholan","F78","RHMS","3860-092YH","07-13-2026","Pacific Masters LCM Championships"
"Women ","75-79","100","Freestyle","5","2:03.38"," Darcy C Cohn","F75","USF","3868-09YUW","07-13-2026","Pacific Masters LCM Championships"
"Women ","75-79","100","Freestyle","6","2:05.44"," Erin L Pashelinsky","F79","USF","3861-03FP8","07-13-2026","Pacific Masters LCM Championships"
"Women ","75-79","100","Freestyle","7","2:07.89"," Nancy H Ewing","F79","ALB","386C-0B23M","07-13-2026","Pacific Masters LCM Championships"
"Women ","75-79","100","Freestyle","8","2:22.59"," Gretchen A Rothrock","F77","WCM","3869-074RF","08-07-2026","2026 U.S. Masters Swimming Summer National Championship"
"Women ","75-79","200","Freestyle","1","3:13.29"," Sally K Guthrie","F76","SACMA","3865-028TM","07-14-2026","Pacific Masters LCM Championships"
"Women ","75-79","200","Freestyle","2","3:19.81"," ruth Y shaps","F79","MAM","386W-03GFW","06-28-2026","SILVER STATE MASTERS LCM"
"Women ","75-79","200","Freestyle","3","3:22.40"," Celeste Miller","F76","SNM","386K-MERRY","08-08-2026","2026 U.S. Masters Swimming Summer National Championship"
"Women ","75-79","200","Freestyle","4","3:50.72"," Stephanie I Scott","F79","WCM","386T-03K0Y","08-08-2026","2026 U.S. Masters Swimming Summer National Championship"
"Women ","75-79","200","Freestyle","5","4:06.61"," Annette M Coholan","F78","RHMS","3860-092YH","08-08-2026","2026 U.S. Masters Swimming Summer National Championship"
"Women ","75-79","400","Freestyle","1","6:48.60"," Sally K Guthrie","F76","SACMA","3865-028TM","07-14-2026","Pacific Masters LCM Championships"
"Women ","75-79","400","Freestyle","2","7:12.38"," Celeste Miller","F76","SNM","386K-MERRY","08-06-2026","2026 U.S. Masters Swimming Summer National Championship"
"Women ","75-79","400","Freestyle","3","7:55.56"," Stephanie I Scott","F79","WCM","386T-03K0Y","08-06-2026","2026 U.S. Masters Swimming Summer National Championship"
"Women ","75-79","400","Freestyle","4","8:40.90"," Annette M Coholan","F78","RHMS","3860-092YH","08-06-2026","2026 U.S. Masters Swimming Summer National Championship"
"Women ","75-79","800","Freestyle","1","13:37.49"," ruth Y shaps","F79","MAM","386W-03GFW","07-12-2026","Pacific Masters LCM Championships"
"Women ","75-79","800","Freestyle","2","15:43.67"," Cynthia L Dutro","F78","MELO","3865-03G5A","08-09-2026","2026 U.S. Masters Swimming Summer National Championship"
"Women ","75-79","800","Freestyle","3","17:52.13"," Annette M Coholan","F78","RHMS","3860-092YH","08-09-2026","2026 U.S. Masters Swimming Summer National Championship"
"Women ","75-79","1500","Freestyle","1","25:47.35"," ruth Y shaps","F79","MAM","386W-03GFW","07-12-2026","Pacific Masters LCM Championships"
"Women ","75-79","1500","Freestyle","2","26:41.32"," Sally K Guthrie","F76","SACMA","3865-028TM","08-05-2026","2026 U.S. Masters Swimming Summer National Championship"
"Women ","75-79","1500","Freestyle","3","30:25.41"," Stephanie I Scott","F79","WCM","386T-03K0Y","08-05-2026","2026 U.S. Masters Swimming Summer National Championship"
"Women ","75-79","1500","Freestyle","4","34:19.33"," Annette M Coholan","F78","RHMS","3860-092YH","07-12-2026","Pacific Masters LCM Championships"
"Women ","75-79","50","Backstroke","1","45.66"," ruth Y shaps","F79","MAM","386W-03GFW","","2026 U.S. Masters Swimming Summer National Championship"
"Women ","75-79","50","Backstroke","2","46.19"," Sally K Guthrie","F76","SACMA","3865-028TM","07-13-2026","Pacific Masters LCM Championships"
"Women ","75-79","50","Backstroke","3","48.57"," Jane V Lee","F77","PSWIM","386J-03FG7","","2026 U.S. Masters Swimming Summer National Championship"
"Women ","75-79","50","Backstroke","4","1:01.69"," Nancy H Ewing","F79","ALB","386C-0B23M","08-08-2026","2026 U.S. Masters Swimming Summer National Championship"
"Women ","75-79","50","Backstroke","5","1:03.82"," Darcy C Cohn","F75","USF","3868-09YUW","07-13-2026","Pacific Masters LCM Championships"
"Women ","75-79","50","Backstroke","6","1:14.41"," Erin L Pashelinsky","F79","USF","3861-03FP8","07-13-2026","Pacific Masters LCM Championships"
"Women ","75-79","50","Backstroke","7","1:20.90"," Gretchen A Rothrock","F77","WCM","3869-074RF","08-08-2026","2026 U.S. Masters Swimming Summer National Championship"
"Women ","75-79","100","Backstroke","1","1:43.30"," ruth Y shaps","F79","MAM","386W-03GFW","08-06-2026","2026 U.S. Masters Swimming Summer National Championship"
"Women ","75-79","100","Backstroke","2","1:46.01"," Sally K Guthrie","F76","SACMA","3865-028TM","06-28-2026","SILVER STATE MASTERS LCM"
"Women ","75-79","100","Backstroke","3","2:25.60"," Nancy H Ewing","F79","ALB","386C-0B23M","08-06-2026","2026 U.S. Masters Swimming Summer National Championship"
"Women ","75-79","100","Backstroke","4","2:43.31"," Erin L Pashelinsky","F79","USF","3861-03FP8","07-14-2026","Pacific Masters LCM Championships"
"Women ","75-79","200","Backstroke","1","4:01.59"," ruth Y shaps","F79","MAM","386W-03GFW","06-28-2026","SILVER STATE MASTERS LCM"
"Women ","75-79","200","Backstroke","2","4:25.09"," Cynthia L Dutro","F78","MELO","3865-03G5A","08-09-2026","2026 U.S. Masters Swimming Summer National Championship"
"Women ","75-79","50","Breaststroke","1","1:05.69"," Nancy H Ewing","F79","ALB","386C-0B23M","05-31-2026","BAC Long Course Meters Meet"
"Women ","75-79","50","Breaststroke","2","1:06.61"," Darcy C Cohn","F75","USF","3868-09YUW","07-14-2026","Pacific Masters LCM Championships"
"Women ","75-79","50","Breaststroke","3","1:09.88"," Martha Lysle","F76","RWR","3860-24H21","08-07-2026","2026 U.S. Masters Swimming Summer National Championship"
"Women ","75-79","50","Breaststroke","4","1:11.92"," Annette M Coholan","F78","RHMS","3860-092YH","07-14-2026","Pacific Masters LCM Championships"
"Women ","75-79","50","Breaststroke","5","1:18.69"," Doris Florig","F77","MEMO","3865-0NXA6","08-07-2026","2026 U.S. Masters Swimming Summer National Championship"
"Women ","75-79","100","Breaststroke","1","2:05.26"," Cynthia L Dutro","F78","MELO","3865-03G5A","08-08-2026","2026 U.S. Masters Swimming Summer National Championship"
"Women ","75-79","100","Breaststroke","2","2:21.77"," Nancy H Ewing","F79","ALB","386C-0B23M","05-31-2026","BAC Long Course Meters Meet"
"Women ","75-79","100","Breaststroke","3","2:28.09"," Annette M Coholan","F78","RHMS","3860-092YH","08-08-2026","2026 U.S. Masters Swimming Summer National Championship"
"Women ","75-79","100","Breaststroke","4","2:29.18"," Darcy C Cohn","F75","USF","3868-09YUW","07-13-2026","Pacific Masters LCM Championships"
"Women ","75-79","100","Breaststroke","5","2:58.00"," Doris Florig","F77","MEMO","3865-0NXA6","08-08-2026","2026 U.S. Masters Swimming Summer National Championship"
"Women ","75-79","200","Breaststroke","1","5:03.28"," Stephanie I Scott","F79","WCM","386T-03K0Y","08-06-2026","2026 U.S. Masters Swimming Summer National Championship"
"Women ","75-79","200","Breaststroke","2","5:09.94"," Nancy H Ewing","F79","ALB","386C-0B23M","08-06-2026","2026 U.S. Masters Swimming Summer National Championship"
"Women ","75-79","200","Breaststroke","3","5:17.52"," Darcy C Cohn","F75","USF","3868-09YUW","07-14-2026","Pacific Masters LCM Championships"
"Women ","75-79","200","Breaststroke","4","5:41.88"," Annette M Coholan","F78","RHMS","3860-092YH","08-06-2026","2026 U.S. Masters Swimming Summer National Championship"
"Women ","75-79","200","Breaststroke","5","6:04.72"," Doris Florig","F77","MEMO","3865-0NXA6","08-06-2026","2026 U.S. Masters Swimming Summer National Championship"
"Women ","75-79","50","Butterfly","1","47.56"," ruth Y shaps","F79","MAM","386W-03GFW","08-09-2026","2026 U.S. Masters Swimming Summer National Championship"
"Women ","75-79","50","Butterfly","2","49.48"," Sally K Guthrie","F76","SACMA","3865-028TM","06-28-2026","SILVER STATE MASTERS LCM"
"Women ","75-79","50","Butterfly","3","1:17.37"," Nancy H Ewing","F79","ALB","386C-0B23M","05-31-2026","BAC Long Course Meters Meet"
"Women ","75-79","200","Individual Medley","1","4:46.18"," Stephanie I Scott","F79","WCM","386T-03K0Y","08-08-2026","2026 U.S. Masters Swimming Summer National Championship"
"Women ","75-79","200","Individual Medley","2","5:15.32"," Darcy C Cohn","F75","USF","3868-09YUW","07-14-2026","Pacific Masters LCM Championships"
"Women ","75-79","400","Individual Medley","1","8:29.65"," Sally K Guthrie","F76","SACMA","3865-028TM","07-12-2026","Pacific Masters LCM Championships"
"Women ","75-79","400","Individual Medley","2","10:35.53"," Stephanie I Scott","F79","WCM","386T-03K0Y","08-07-2026","2026 U.S. Masters Swimming Summer National Championship"
"Women ","80-84","50","Freestyle","1","48.05"," Daniela Barnea","F82","MELO","3862-03JTU","","2026 U.S. Masters Swimming Summer National Championship"
"Women ","80-84","50","Freestyle","2","48.83"," Peggy Reedy","F80","DAM","3864-0B5J9","08-08-2026","2026 U.S. Masters Swimming Summer National Championship"
"Women ","80-84","50","Freestyle","3","54.25"," Susan J Allen","F82","USF","386S-03G33","08-08-2026","2026 U.S. Masters Swimming Summer National Championship"
"Women ","80-84","50","Freestyle","4","55.33"," Nancy J Ridout","F84","TAM","386P-NANCY","08-08-2026","2026 U.S. Masters Swimming Summer National Championship"
"Women ","80-84","50","Freestyle","5","1:04.47"," Leslie Westergaard","F83","DAM","3860-03GEZ","08-08-2026","2026 U.S. Masters Swimming Summer National Championship"
"Women ","80-84","50","Freestyle","6","1:20.42"," Roswita D Norris","F84","DAM","386J-03GE3","08-08-2026","2026 U.S. Masters Swimming Summer National Championship"
"Women ","80-84","50","Freestyle","7","1:26.84"," Carol L Palmer","F82","MEMO","386S-03R8G","08-08-2026","2026 U.S. Masters Swimming Summer National Championship"
"Women ","80-84","100","Freestyle","1","2:15.52"," Leslie Westergaard","F83","DAM","3860-03GEZ","08-07-2026","2026 U.S. Masters Swimming Summer National Championship"
"Women ","80-84","100","Freestyle","2","2:20.40"," Nancy J Ridout","F84","TAM","386P-NANCY","08-07-2026","2026 U.S. Masters Swimming Summer National Championship"
"Women ","80-84","200","Freestyle","1","4:47.30"," Leslie Westergaard","F83","DAM","3860-03GEZ","07-14-2026","Pacific Masters LCM Championships"
"Women ","80-84","50","Backstroke","1","54.89"," Daniela Barnea","F82","MELO","3862-03JTU","08-08-2026","2026 U.S. Masters Swimming Summer National Championship"
"Women ","80-84","50","Backstroke","2","58.21"," Susan J Allen","F82","USF","386S-03G33","08-08-2026","2026 U.S. Masters Swimming Summer National Championship"
"Women ","80-84","50","Backstroke","3","1:03.61"," Leslie Westergaard","F83","DAM","3860-03GEZ","","2026 U.S. Masters Swimming Summer National Championship"
"Women ","80-84","50","Backstroke","4","1:04.99"," Arlene Waksberg","F81","USF","386D-03FT7","07-13-2026","Pacific Masters LCM Championships"
"Women ","80-84","50","Backstroke","5","1:10.38"," Peggy Reedy","F80","DAM","3864-0B5J9","08-08-2026","2026 U.S. Masters Swimming Summer National Championship"
"Women ","80-84","50","Backstroke","6","1:27.22"," Roswita D Norris","F84","DAM","386J-03GE3","08-08-2026","2026 U.S. Masters Swimming Summer National Championship"
"Women ","80-84","100","Backstroke","1","1:55.84"," Daniela Barnea","F82","MELO","3862-03JTU","08-06-2026","2026 U.S. Masters Swimming Summer National Championship"
"Women ","80-84","100","Backstroke","2","2:13.50"," Leslie Westergaard","F83","DAM","3860-03GEZ","08-06-2026","2026 U.S. Masters Swimming Summer National Championship"
"Women ","80-84","200","Backstroke","1","4:48.99"," Arlene Waksberg","F81","USF","386D-03FT7","07-13-2026","Pacific Masters LCM Championships"
"Women ","80-84","200","Backstroke","2","4:50.69"," Leslie Westergaard","F83","DAM","3860-03GEZ","08-09-2026","2026 U.S. Masters Swimming Summer National Championship"
"Women ","80-84","50","Breaststroke","1","53.69"," Daniela Barnea","F82","MELO","3862-03JTU","08-07-2026","2026 U.S. Masters Swimming Summer National Championship"
"Women ","80-84","50","Breaststroke","2","1:14.55"," Susan J Allen","F82","USF","386S-03G33","07-14-2026","Pacific Masters LCM Championships"
"Women ","80-84","100","Breaststroke","1","2:25.02"," Penny Hackett-Evans","F80","WCM","386M-TZTKH","08-08-2026","2026 U.S. Masters Swimming Summer National Championship"
"Women ","80-84","100","Breaststroke","2","4:11.21"," Roswita D Norris","F84","DAM","386J-03GE3","08-08-2026","2026 U.S. Masters Swimming Summer National Championship"
"Women ","80-84","50","Butterfly","1","2:03.26"," Carol L Palmer","F82","MEMO","386S-03R8G","08-09-2026","2026 U.S. Masters Swimming Summer National Championship"
"Women ","85-89","50","Freestyle","1","1:00.01"," Betty L Dugan","F85","DAM","3861-03GFH","08-08-2026","2026 U.S. Masters Swimming Summer National Championship"
"Women ","85-89","50","Freestyle","2","1:12.95"," Pat Remmert","F89","WCM","386J-0BA9C","08-08-2026","2026 U.S. Masters Swimming Summer National Championship"
"Women ","85-89","100","Freestyle","1","2:44.23"," Betty L Dugan","F85","DAM","3861-03GFH","08-07-2026","2026 U.S. Masters Swimming Summer National Championship"
"Women ","85-89","100","Freestyle","2","3:15.10"," Judith L Morton","F87","WCM","3867-07B2H","05-31-2026","BAC Long Course Meters Meet"
"Women ","85-89","200","Freestyle","1","6:03.36"," Betty L Dugan","F85","DAM","3861-03GFH","08-08-2026","2026 U.S. Masters Swimming Summer National Championship"
"Women ","85-89","200","Freestyle","2","6:48.83"," Judith L Morton","F87","WCM","3867-07B2H","05-31-2026","BAC Long Course Meters Meet"
"Women ","85-89","50","Backstroke","1","1:08.23"," Nancy Stretch","F86","TOC","3862-03GCF","08-08-2026","2026 U.S. Masters Swimming Summer National Championship"
"Women ","85-89","50","Backstroke","2","1:25.24"," Betty L Dugan","F85","DAM","3861-03GFH","08-08-2026","2026 U.S. Masters Swimming Summer National Championship"
"Women ","85-89","50","Backstroke","3","1:31.08"," Judith L Morton","F87","WCM","3867-07B2H","05-31-2026","BAC Long Course Meters Meet"
"Women ","85-89","100","Backstroke","1","2:30.33"," Nancy Stretch","F86","TOC","3862-03GCF","08-06-2026","2026 U.S. Masters Swimming Summer National Championship"
"Women ","85-89","100","Backstroke","2","3:03.33"," Judith L Morton","F87","WCM","3867-07B2H","05-31-2026","BAC Long Course Meters Meet"
"Women ","85-89","50","Breaststroke","1","1:18.04"," Nancy Stretch","F86","TOC","3862-03GCF","08-07-2026","2026 U.S. Masters Swimming Summer National Championship"
"Women ","85-89","100","Breaststroke","1","2:48.72"," Nancy Stretch","F86","TOC","3862-03GCF","08-08-2026","2026 U.S. Masters Swimming Summer National Championship"
"Women ","85-89","200","Breaststroke","1","5:54.49"," Nancy Stretch","F86","TOC","3862-03GCF","08-06-2026","2026 U.S. Masters Swimming Summer National Championship"
"Women ","85-89","50","Butterfly","1","2:11.47"," Judith L Morton","F87","WCM","3867-07B2H","05-31-2026","BAC Long Course Meters Meet"
"Women ","85-89","100","Butterfly","1","4:43.13"," Judith L Morton","F87","WCM","3867-07B2H","05-31-2026","BAC Long Course Meters Meet"
"Women ","85-89","200","Individual Medley","1","5:28.12"," Nancy Stretch","F86","TOC","3862-03GCF","07-14-2026","Pacific Masters LCM Championships"
"Women ","90-94","50","Freestyle","1","1:11.24"," Thyra Tegner","F91","QSS","3868-03NEH","07-13-2026","Pacific Masters LCM Championships"
"Women ","90-94","50","Freestyle","2","1:26.09"," Caroline W Wood","F91","WCM","386Z-092PK","08-08-2026","2026 U.S. Masters Swimming Summer National Championship"
"Women ","90-94","100","Freestyle","1","2:47.10"," Thyra Tegner","F91","QSS","3868-03NEH","08-07-2026","2026 U.S. Masters Swimming Summer National Championship"
"Women ","90-94","100","Freestyle","2","4:14.43"," Caroline W Wood","F91","WCM","386Z-092PK","08-07-2026","2026 U.S. Masters Swimming Summer National Championship"
"Women ","90-94","200","Freestyle","1","6:25.57"," Thyra Tegner","F91","QSS","3868-03NEH","08-08-2026","2026 U.S. Masters Swimming Summer National Championship"
"Women ","90-94","50","Backstroke","1","1:31.00"," Thyra Tegner","F91","QSS","3868-03NEH","07-13-2026","Pacific Masters LCM Championships"
"Women ","90-94","50","Backstroke","2","1:36.66"," Caroline W Wood","F91","WCM","386Z-092PK","","2026 U.S. Masters Swimming Summer National Championship"
"Women ","90-94","100","Backstroke","1","3:21.36"," Thyra Tegner","F91","QSS","3868-03NEH","08-06-2026","2026 U.S. Masters Swimming Summer National Championship"
"Women ","90-94","200","Backstroke","1","7:28.24"," Thyra Tegner","F91","QSS","3868-03NEH","08-09-2026","2026 U.S. Masters Swimming Summer National Championship"
"Men ","18-24","50","Freestyle","1","22.37"," Bryson A Huey","M23","HTUB","386Z-CAYMB","","2026 U.S. Masters Swimming Summer National Championship"
"Men ","18-24","50","Freestyle","2","23.68"," Maximillian R Cory","M22","HTUB","386B-AJE6R","08-08-2026","2026 U.S. Masters Swimming Summer National Championship"
"Men ","18-24","50","Freestyle","3","24.04"," Ethan V Dang","M24","TOC","3867-UME0K","","2026 U.S. Masters Swimming Summer National Championship"
"Men ","18-24","50","Freestyle","4","24.62"," Mike A Scornavacca","M24","TOC","3867-FKJYK","08-08-2026","2026 U.S. Masters Swimming Summer National Championship"
"Men ","18-24","50","Freestyle","5","24.95"," Nathanael Ridosko","M21","TVAM","386J-P4330","08-08-2026","2026 U.S. Masters Swimming Summer National Championship"
"Men ","18-24","50","Freestyle","6","25.05"," Jonathan J Affeld","M24","TOC","3866-6BG1V","","2026 U.S. Masters Swimming Summer National Championship"
"Men ","18-24","50","Freestyle","7","25.09"," Brock D Zamanian","M23","WCM","3866-YWMN2","","2026 U.S. Masters Swimming Summer National Championship"
"Men ","18-24","50","Freestyle","8","25.13"," Nate P Wendling","M21","WCM","3860-9SF6N","","2026 U.S. Masters Swimming Summer National Championship"
"Men ","18-24","50","Freestyle","9","26.18"," Ethan M Santiago","M22","TVAM","386A-Z5BF2","08-08-2026","2026 U.S. Masters Swimming Summer National Championship"
"Men ","18-24","50","Freestyle","10","26.51"," Alex M Yuan","M23","UC38","386X-AJBPV","08-08-2026","2026 U.S. Masters Swimming Summer National Championship"
"Men ","18-24","50","Freestyle","11","26.55"," Ian E Veress","M20","DAM","386J-K3C8E","08-08-2026","2026 U.S. Masters Swimming Summer National Championship"
"Men ","18-24","50","Freestyle","12","26.82"," Joseph C Chiu","M24","QSS","386T-4CA2X","08-08-2026","2026 U.S. Masters Swimming Summer National Championship"
"Men ","18-24","50","Freestyle","13","27.01"," Jack T Egan","M20","SNM","386B-K1T8S","08-08-2026","2026 U.S. Masters Swimming Summer National Championship"
"Men ","18-24","50","Freestyle","14","27.14"," Jack D Stevenson","M23","CVM","3864-4CTAB","06-28-2026","SILVER STATE MASTERS LCM"
"Men ","18-24","50","Freestyle","15","27.25"," Gabriel Arteaga","M23","RPM","386V-G59Z5","08-08-2026","2026 U.S. Masters Swimming Summer National Championship"
"Men ","18-24","50","Freestyle","16","27.27"," Jackson M Boyle","M22","SACMA","386C-KE3K5","","2026 U.S. Masters Swimming Summer National Championship"
"Men ","18-24","50","Freestyle","17","27.28"," Petros X Lewis","M20","WCM","386X-9250D","08-08-2026","2026 U.S. Masters Swimming Summer National Championship"
"Men ","18-24","50","Freestyle","18","27.4"," Robert C Grisso","M23","USF","386C-MNPMT","07-13-2026","Pacific Masters LCM Championships"
"Men ","18-24","50","Freestyle","19","28.31"," Ethan J Daniels","M22","SNM","386F-3ZFH9","08-08-2026","2026 U.S. Masters Swimming Summer National Championship"
"Men ","18-24","50","Freestyle","20","28.83"," Presley W Golling","M23","UC38","386A-5AF1F","08-08-2026","2026 U.S. Masters Swimming Summer National Championship"
"Men ","18-24","50","Freestyle","21","29.22"," Justin Milushev","M24","UC38","386B-S7YY9","07-13-2026","Pacific Masters LCM Championships"
"Men ","18-24","50","Freestyle","22","33.82"," Hunter Gardner","M20","SNM","3860-PACW2","08-08-2026","2026 U.S. Masters Swimming Summer National Championship"
"Men ","18-24","50","Freestyle","23","44.92"," Sean F Vorhis","M19","WCM","386M-MK7D5","07-13-2026","Pacific Masters LCM Championships"
"Men ","18-24","100","Freestyle","1","54.47"," William R McCall","M18","UC38","386V-MJ41R","08-07-2026","2026 U.S. Masters Swimming Summer National Championship"
"Men ","18-24","100","Freestyle","2","54.52"," Mike A Scornavacca","M24","TOC","3867-FKJYK","08-07-2026","2026 U.S. Masters Swimming Summer National Championship"
"Men ","18-24","100","Freestyle","3","54.74"," Nathanael Ridosko","M21","TVAM","386J-P4330","08-07-2026","2026 U.S. Masters Swimming Summer National Championship"
"Men ","18-24","100","Freestyle","4","55.31"," Brock D Zamanian","M23","WCM","3866-YWMN2","08-07-2026","2026 U.S. Masters Swimming Summer National Championship"
"Men ","18-24","100","Freestyle","5","55.97"," Jonathan J Affeld","M24","TOC","3866-6BG1V","08-07-2026","2026 U.S. Masters Swimming Summer National Championship"
"Men ","18-24","100","Freestyle","6","56.64"," Ethan M Santiago","M22","TVAM","386A-Z5BF2","08-07-2026","2026 U.S. Masters Swimming Summer National Championship"
"Men ","18-24","100","Freestyle","7","58.81"," Petros X Lewis","M20","WCM","386X-9250D","08-07-2026","2026 U.S. Masters Swimming Summer National Championship"
"Men ","18-24","100","Freestyle","8","59.62"," Ian E Veress","M20","DAM","386J-K3C8E","08-07-2026","2026 U.S. Masters Swimming Summer National Championship"
"Men ","18-24","100","Freestyle","9","59.89"," Jack T Egan","M20","SNM","386B-K1T8S","08-07-2026","2026 U.S. Masters Swimming Summer National Championship"
"Men ","18-24","100","Freestyle","10","1:01.25"," Robert C Grisso","M23","USF","386C-MNPMT","07-13-2026","Pacific Masters LCM Championships"
"Men ","18-24","100","Freestyle","11","1:01.36"," Joseph C Chiu","M24","QSS","386T-4CA2X","08-07-2026","2026 U.S. Masters Swimming Summer National Championship"
"Men ","18-24","100","Freestyle","12","1:01.85"," Ethan J Daniels","M22","SNM","386F-3ZFH9","08-07-2026","2026 U.S. Masters Swimming Summer National Championship"
"Men ","18-24","100","Freestyle","13","1:02.65"," Presley W Golling","M23","UC38","386A-5AF1F","08-07-2026","2026 U.S. Masters Swimming Summer National Championship"
"Men ","18-24","100","Freestyle","14","1:03.38"," Gordon Xu","M23","STAN","3860-BG0MR","08-07-2026","2026 U.S. Masters Swimming Summer National Championship"
"Men ","18-24","100","Freestyle","15","1:07.46"," Justin Milushev","M24","UC38","386B-S7YY9","05-31-2026","BAC Long Course Meters Meet"
"Men ","18-24","100","Freestyle","16","1:35.30"," Sean F Vorhis","M19","WCM","386M-MK7D5","07-13-2026","Pacific Masters LCM Championships"
"Men ","18-24","200","Freestyle","1","1:54.80"," Nathanael Ridosko","M21","TVAM","386J-P4330","08-09-2026","2026 U.S. Masters Swimming Summer National Championship"
"Men ","18-24","200","Freestyle","2","2:03.08"," Mike A Scornavacca","M24","TOC","3867-FKJYK","08-09-2026","2026 U.S. Masters Swimming Summer National Championship"
"Men ","18-24","200","Freestyle","3","2:07.25"," Brock D Zamanian","M23","WCM","3866-YWMN2","07-14-2026","Pacific Masters LCM Championships"
"Men ","18-24","200","Freestyle","4","2:10.32"," Matthew J Swida","M24","SRVM","386G-FN2NY","08-09-2026","2026 U.S. Masters Swimming Summer National Championship"
"Men ","18-24","200","Freestyle","5","2:25.98"," Joseph C Chiu","M24","QSS","386T-4CA2X","08-09-2026","2026 U.S. Masters Swimming Summer National Championship"
"Men ","18-24","200","Freestyle","6","2:52.88"," Hunter Gardner","M20","SNM","3860-PACW2","08-09-2026","2026 U.S. Masters Swimming Summer National Championship"
"Men ","18-24","800","Freestyle","1","9:21.99"," Zach N Zauhar-Kurr","M24","HTUB","386C-GAGXF","07-13-2026","Pacific Masters LCM Championships"
"Men ","18-24","800","Freestyle","2","9:46.56"," Matthew J Swida","M24","SRVM","386G-FN2NY","08-08-2026","2026 U.S. Masters Swimming Summer National Championship"
"Men ","18-24","50","Backstroke","1","27.77"," Bryson A Huey","M23","HTUB","386Z-CAYMB","08-08-2026","2026 U.S. Masters Swimming Summer National Championship"
"Men ","18-24","50","Backstroke","2","28.74"," Mike A Scornavacca","M24","TOC","3867-FKJYK","","2026 U.S. Masters Swimming Summer National Championship"
"Men ","18-24","50","Backstroke","3","31.32"," Joseph C Chiu","M24","QSS","386T-4CA2X","","2026 U.S. Masters Swimming Summer National Championship"
"Men ","18-24","50","Backstroke","4","31.81"," Christian J Markey","M24","TOC","386M-81Z4G","05-31-2026","BAC Long Course Meters Meet"
"Men ","18-24","50","Backstroke","5","31.87"," Nate P Wendling","M21","WCM","3860-9SF6N","","2026 U.S. Masters Swimming Summer National Championship"
"Men ","18-24","50","Backstroke","6","32.23"," Jack T Egan","M20","SNM","386B-K1T8S","08-08-2026","2026 U.S. Masters Swimming Summer National Championship"
"Men ","18-24","50","Backstroke","7","36.06"," Ethan J Daniels","M22","SNM","386F-3ZFH9","06-28-2026","SILVER STATE MASTERS LCM"
"Men ","18-24","100","Backstroke","1","1:04.05"," Jonathan J Affeld","M24","TOC","3866-6BG1V","08-06-2026","2026 U.S. Masters Swimming Summer National Championship"
"Men ","18-24","100","Backstroke","2","1:13.70"," Christian J Markey","M24","TOC","386M-81Z4G","05-31-2026","BAC Long Course Meters Meet"
"Men ","18-24","100","Backstroke","3","1:21.56"," Ethan J Daniels","M22","SNM","386F-3ZFH9","06-28-2026","SILVER STATE MASTERS LCM"
"Men ","18-24","200","Backstroke","1","2:32.99"," Ethan V Dang","M24","TOC","3867-UME0K","08-09-2026","2026 U.S. Masters Swimming Summer National Championship"
"Men ","18-24","200","Backstroke","2","2:41.20"," Joseph C Chiu","M24","QSS","386T-4CA2X","08-09-2026","2026 U.S. Masters Swimming Summer National Championship"
"Men ","18-24","200","Backstroke","3","4:00.68"," Sean F Vorhis","M19","WCM","386M-MK7D5","07-13-2026","Pacific Masters LCM Championships"
"Men ","18-24","50","Breaststroke","1","29.47"," Ethan V Dang","M24","TOC","3867-UME0K","08-07-2026","2026 U.S. Masters Swimming Summer National Championship"
"Men ","18-24","50","Breaststroke","2","30.29"," Jonathan J Affeld","M24","TOC","3866-6BG1V","08-07-2026","2026 U.S. Masters Swimming Summer National Championship"
"Men ","18-24","50","Breaststroke","3","31.52"," Max Keifer","M23","WCM","386T-2H0FA","08-07-2026","2026 U.S. Masters Swimming Summer National Championship"
"Men ","18-24","50","Breaststroke","4","32.62"," Nate P Wendling","M21","WCM","3860-9SF6N","08-07-2026","2026 U.S. Masters Swimming Summer National Championship"
"Men ","18-24","50","Breaststroke","5","32.65"," Jack D Stevenson","M23","CVM","3864-4CTAB","06-28-2026","SILVER STATE MASTERS LCM"
"Men ","18-24","50","Breaststroke","6","32.74"," Ethan J Daniels","M22","SNM","386F-3ZFH9","08-07-2026","2026 U.S. Masters Swimming Summer National Championship"
"Men ","18-24","50","Breaststroke","7","33.39"," Muntazir A Osani-Schilling","M24","UC38","386F-RE9W6","05-31-2026","BAC Long Course Meters Meet"
"Men ","18-24","50","Breaststroke","8","33.51"," Mike A Scornavacca","M24","TOC","3867-FKJYK","08-07-2026","2026 U.S. Masters Swimming Summer National Championship"
"Men ","18-24","50","Breaststroke","9","35.66"," Presley W Golling","M23","UC38","386A-5AF1F","08-07-2026","2026 U.S. Masters Swimming Summer National Championship"
"Men ","18-24","50","Breaststroke","10","36.57"," Jack T Egan","M20","SNM","386B-K1T8S","08-07-2026","2026 U.S. Masters Swimming Summer National Championship"
"Men ","18-24","100","Breaststroke","1","1:04.39"," Ethan V Dang","M24","TOC","3867-UME0K","08-08-2026","2026 U.S. Masters Swimming Summer National Championship"
"Men ","18-24","100","Breaststroke","2","1:10.92"," Max Keifer","M23","WCM","386T-2H0FA","08-08-2026","2026 U.S. Masters Swimming Summer National Championship"
"Men ","18-24","100","Breaststroke","3","1:12.98"," Ethan J Daniels","M22","SNM","386F-3ZFH9","08-08-2026","2026 U.S. Masters Swimming Summer National Championship"
"Men ","18-24","100","Breaststroke","4","1:18.81"," Nate P Wendling","M21","WCM","3860-9SF6N","08-08-2026","2026 U.S. Masters Swimming Summer National Championship"
"Men ","18-24","100","Breaststroke","5","1:19.13"," Muntazir A Osani-Schilling","M24","UC38","386F-RE9W6","05-31-2026","BAC Long Course Meters Meet"
"Men ","18-24","200","Breaststroke","1","2:56.65"," Jack D Stevenson","M23","CVM","3864-4CTAB","06-28-2026","SILVER STATE MASTERS LCM"
"Men ","18-24","50","Butterfly","1","24.44"," Bryson A Huey","M23","HTUB","386Z-CAYMB","08-09-2026","2026 U.S. Masters Swimming Summer National Championship"
"Men ","18-24","50","Butterfly","2","25.65"," Ethan V Dang","M24","TOC","3867-UME0K","08-09-2026","2026 U.S. Masters Swimming Summer National Championship"
"Men ","18-24","50","Butterfly","3","26.19"," Mike A Scornavacca","M24","TOC","3867-FKJYK","08-09-2026","2026 U.S. Masters Swimming Summer National Championship"
"Men ","18-24","50","Butterfly","4","27.2"," Owen Bohi","M20","UC38","386B-WWRGH","08-09-2026","2026 U.S. Masters Swimming Summer National Championship"
"Men ","18-24","50","Butterfly","5","27.59"," Alex M Yuan","M23","UC38","386X-AJBPV","08-09-2026","2026 U.S. Masters Swimming Summer National Championship"
"Men ","18-24","50","Butterfly","6","27.63"," Nate P Wendling","M21","WCM","3860-9SF6N","08-09-2026","2026 U.S. Masters Swimming Summer National Championship"
"Men ","18-24","50","Butterfly","7","27.91"," Ethan M Santiago","M22","TVAM","386A-Z5BF2","08-09-2026","2026 U.S. Masters Swimming Summer National Championship"
"Men ","18-24","50","Butterfly","8","27.96"," Christian J Markey","M24","TOC","386M-81Z4G","05-31-2026","BAC Long Course Meters Meet"
"Men ","18-24","50","Butterfly","9","28.89"," Matthew J Swida","M24","SRVM","386G-FN2NY","08-09-2026","2026 U.S. Masters Swimming Summer National Championship"
"Men ","18-24","50","Butterfly","10","28.95"," Ian E Veress","M20","DAM","386J-K3C8E","08-09-2026","2026 U.S. Masters Swimming Summer National Championship"
"Men ","18-24","50","Butterfly","11","29.92"," Ethan J Daniels","M22","SNM","386F-3ZFH9","08-09-2026","2026 U.S. Masters Swimming Summer National Championship"
"Men ","18-24","50","Butterfly","12","30.01"," Jack T Egan","M20","SNM","386B-K1T8S","08-09-2026","2026 U.S. Masters Swimming Summer National Championship"
"Men ","18-24","100","Butterfly","1","56.97"," Bryson A Huey","M23","HTUB","386Z-CAYMB","08-06-2026","2026 U.S. Masters Swimming Summer National Championship"
"Men ","18-24","100","Butterfly","2","58.9"," Jonathan J Affeld","M24","TOC","3866-6BG1V","08-06-2026","2026 U.S. Masters Swimming Summer National Championship"
"Men ","18-24","100","Butterfly","3","1:00.36"," William R McCall","M18","UC38","386V-MJ41R","08-06-2026","2026 U.S. Masters Swimming Summer National Championship"
"Men ","18-24","100","Butterfly","4","1:00.81"," Ethan M Santiago","M22","TVAM","386A-Z5BF2","08-06-2026","2026 U.S. Masters Swimming Summer National Championship"
"Men ","18-24","100","Butterfly","5","1:03.81"," Christian J Markey","M24","TOC","386M-81Z4G","05-31-2026","BAC Long Course Meters Meet"
"Men ","18-24","100","Butterfly","6","1:05.24"," Ian E Veress","M20","DAM","386J-K3C8E","08-06-2026","2026 U.S. Masters Swimming Summer National Championship"
"Men ","18-24","100","Butterfly","7","1:08.34"," Jack T Egan","M20","SNM","386B-K1T8S","08-06-2026","2026 U.S. Masters Swimming Summer National Championship"
"Men ","18-24","200","Butterfly","1","2:15.65"," Ethan V Dang","M24","TOC","3867-UME0K","08-07-2026","2026 U.S. Masters Swimming Summer National Championship"
"Men ","18-24","200","Individual Medley","1","2:21.81"," Jonathan J Affeld","M24","TOC","3866-6BG1V","08-08-2026","2026 U.S. Masters Swimming Summer National Championship"
"Men ","18-24","200","Individual Medley","2","2:37.07"," Presley W Golling","M23","UC38","386A-5AF1F","08-08-2026","2026 U.S. Masters Swimming Summer National Championship"
"Men ","18-24","200","Individual Medley","3","2:44.19"," Gabriel Arteaga","M23","RPM","386V-G59Z5","08-08-2026","2026 U.S. Masters Swimming Summer National Championship"
"Men ","18-24","200","Individual Medley","4","3:25.82"," Hunter Gardner","M20","SNM","3860-PACW2","08-08-2026","2026 U.S. Masters Swimming Summer National Championship"
"Men ","25-29","50","Freestyle","1","23.14"," Marcus Holmquist","M26","TOC","386B-502DE","","2026 U.S. Masters Swimming Summer National Championship"
"Men ","25-29","50","Freestyle","2","23.2"," Mark W Andrew","M29","TOC","386D-8N4WX","","2026 U.S. Masters Swimming Summer National Championship"
"Men ","25-29","50","Freestyle","3","23.35"," Ryan O Linnihan","M26","TOC","386Y-J6U3M","","2026 U.S. Masters Swimming Summer National Championship"
"Men ","25-29","50","Freestyle","4","23.88"," Ian D Mackey","M26","STAN","386D-DFX2J","08-08-2026","2026 U.S. Masters Swimming Summer National Championship"
"Men ","25-29","50","Freestyle","5","23.91"," Ziad K Mosalam","M26","ALB","386X-TSFF7","05-31-2026","BAC Long Course Meters Meet"
"Men ","25-29","50","Freestyle","6","24.14"," Andy Song","M28","TOC","386P-Z3RFY","","2026 U.S. Masters Swimming Summer National Championship"
"Men ","25-29","50","Freestyle","7","24.23"," Rick C Mihm","M25","TOC","386A-ARM7R","08-08-2026","2026 U.S. Masters Swimming Summer National Championship"
"Men ","25-29","50","Freestyle","8","24.48"," Tom Higdon","M28","SACMA","386U-0YMYJ","","2026 U.S. Masters Swimming Summer National Championship"
"Men ","25-29","50","Freestyle","9","24.51"," Shane W Forker","M28","TOC","3866-J7XTN","08-08-2026","2026 U.S. Masters Swimming Summer National Championship"
"Men ","25-29","50","Freestyle","10","24.69"," Esteban Perez Del Rio","M27","TVAM","386C-C68MH","","2026 U.S. Masters Swimming Summer National Championship"
"Men ","25-29","50","Freestyle","11","24.77"," Taito P daCosta","M25","TVAM","3860-538RT","","2026 U.S. Masters Swimming Summer National Championship"
"Men ","25-29","50","Freestyle","12","24.87"," Murphy J McQuet","M29","TOC","3866-GT4CK","","2026 U.S. Masters Swimming Summer National Championship"
"Men ","25-29","50","Freestyle","13","24.89"," Colin P Reilly","M26","TOC","386K-H9ZZ9","08-08-2026","2026 U.S. Masters Swimming Summer National Championship"
"Men ","25-29","50","Freestyle","14","24.91"," Kevin Dang","M28","TOC","386M-2XUXE","08-08-2026","2026 U.S. Masters Swimming Summer National Championship"
"Men ","25-29","50","Freestyle","15","25.16"," Evan T Schott","M26","TOC","386B-XPUKW","08-08-2026","2026 U.S. Masters Swimming Summer National Championship"
"Men ","25-29","50","Freestyle","16","25.23"," Carter O Jacobsen","M29","TOC","3863-3D6RV","08-08-2026","2026 U.S. Masters Swimming Summer National Championship"
"Men ","25-29","50","Freestyle","17","25.23"," Logan M Mclaughlin","M25","STAN","3865-U06CF","05-31-2026","BAC Long Course Meters Meet"
"Men ","25-29","50","Freestyle","18","25.24"," Matthew E Lashua","M25","VACA","386Z-2C4BP","07-13-2026","Pacific Masters LCM Championships"
"Men ","25-29","50","Freestyle","19","25.25"," Kyle Wu","M26","USF","386Y-5H2VB","08-08-2026","2026 U.S. Masters Swimming Summer National Championship"
"Men ","25-29","50","Freestyle","20","25.29"," Michael Petrides","M26","TOC","386X-VS59S","08-08-2026","2026 U.S. Masters Swimming Summer National Championship"
"Men ","25-29","50","Freestyle","21","25.35"," Jack E Herron","M29","SACMA","386W-WP531","08-08-2026","2026 U.S. Masters Swimming Summer National Championship"
"Men ","25-29","50","Freestyle","22","25.52"," Alexander D Gilchrist","M29","TVM","386W-548H0","08-08-2026","2026 U.S. Masters Swimming Summer National Championship"
"Men ","25-29","50","Freestyle","23","25.53"," Lance Freiman","M25","TSUN","386B-S8DPH","06-30-2026","Gay Games Valencia 2026"
"Men ","25-29","50","Freestyle","24","25.56"," Ethan S Porter","M26","SACMA","386A-3RG84","08-08-2026","2026 U.S. Masters Swimming Summer National Championship"
"Men ","25-29","50","Freestyle","25","25.67"," Cole Welsh","M26","WCM","386X-R6S6R","08-08-2026","2026 U.S. Masters Swimming Summer National Championship"
"Men ","25-29","50","Freestyle","26","25.78"," Kyle C Millis","M27","TOC","386M-1JS70","08-08-2026","2026 U.S. Masters Swimming Summer National Championship"
"Men ","25-29","50","Freestyle","27","25.88"," Karl Arvidsson","M28","TOC","3865-RGKZR","08-08-2026","2026 U.S. Masters Swimming Summer National Championship"
"Men ","25-29","50","Freestyle","28","26.34"," Hank Poppe","M28","TOC","386E-PRRZ6","08-08-2026","2026 U.S. Masters Swimming Summer National Championship"
"Men ","25-29","50","Freestyle","29","26.53"," Thayer B Breazeale","M26","SJCF","386U-889PS","05-31-2026","BAC Long Course Meters Meet"
"Men ","25-29","50","Freestyle","30","26.9"," Joaquin S Jamieson","M25","ALB","386E-FYJPY","05-31-2026","BAC Long Course Meters Meet"
"Men ","25-29","50","Freestyle","31","27.23"," Nikolas F Cory","M28","HTUB","386Z-PACR7","08-08-2026","2026 U.S. Masters Swimming Summer National Championship"
"Men ","25-29","50","Freestyle","32","27.29"," Robbie A Daugherty","M26","SNM","3861-NCTRP","08-08-2026","2026 U.S. Masters Swimming Summer National Championship"
"Men ","25-29","50","Freestyle","33","27.41"," Peter Lee","M26","TSUN","386B-EU324","07-13-2026","Pacific Masters LCM Championships"
"Men ","25-29","50","Freestyle","34","27.51"," Connor Flanery","M27","STAN","3862-J4088","08-08-2026","2026 U.S. Masters Swimming Summer National Championship"
"Men ","25-29","50","Freestyle","35","27.51"," Preston Vander Vos","M28","USF","386J-87BNX","07-13-2026","Pacific Masters LCM Championships"
"Men ","25-29","50","Freestyle","36","27.58"," Sean Kos","M27","DAM","386D-3SEKN","08-08-2026","2026 U.S. Masters Swimming Summer National Championship"
"Men ","25-29","50","Freestyle","37","27.65"," Christian A Znidarsic","M28","USF","386E-A1PXA","07-13-2026","Pacific Masters LCM Championships"
"Men ","25-29","50","Freestyle","38","27.74"," Aric M Lang","M29","TSUN","3862-55088","08-08-2026","2026 U.S. Masters Swimming Summer National Championship"
"Men ","25-29","50","Freestyle","39","27.97"," Joseph Dehoney","M29","STAN","386Y-5AWBW","08-08-2026","2026 U.S. Masters Swimming Summer National Championship"
"Men ","25-29","50","Freestyle","40","28.38"," Muazzam Khan Noorpuri","M26","UC38","386H-PM6HX","08-08-2026","2026 U.S. Masters Swimming Summer National Championship"
"Men ","25-29","50","Freestyle","41","28.61"," Corbin S Farias","M25","RWR","386Z-7PED3","","2026 U.S. Masters Swimming Summer National Championship"
"Men ","25-29","50","Freestyle","42","28.81"," Jacob M Burch-Konda","M29","TSUN","386E-87FWS","06-30-2026","Gay Games Valencia 2026"
"Men ","25-29","50","Freestyle","43","32.92"," Surya Dwarakanath","M29","SMM","3863-MRBD7","05-31-2026","BAC Long Course Meters Meet"
"Men ","25-29","50","Freestyle","44","34.36"," Chien Q Ho","M29","SACMA","386X-7YZBB","08-08-2026","2026 U.S. Masters Swimming Summer National Championship"
"Men ","25-29","100","Freestyle","1","51.13"," Marcus Holmquist","M26","TOC","386B-502DE","08-07-2026","2026 U.S. Masters Swimming Summer National Championship"
"Men ","25-29","100","Freestyle","2","51.56"," Ryan O Linnihan","M26","TOC","386Y-J6U3M","08-07-2026","2026 U.S. Masters Swimming Summer National Championship"
"Men ","25-29","100","Freestyle","3","51.64"," Maxime P Rooney","M28","TVAM","386U-DBB5K","07-12-2026","Pegasus Aquatic Masters LCM Meet"
"Men ","25-29","100","Freestyle","4","51.86"," Mark W Andrew","M29","TOC","386D-8N4WX","08-07-2026","2026 U.S. Masters Swimming Summer National Championship"
"Men ","25-29","100","Freestyle","5","53.16"," Shane W Forker","M28","TOC","3866-J7XTN","08-07-2026","2026 U.S. Masters Swimming Summer National Championship"
"Men ","25-29","100","Freestyle","6","53.17"," Murphy J McQuet","M29","TOC","3866-GT4CK","08-07-2026","2026 U.S. Masters Swimming Summer National Championship"
"Men ","25-29","100","Freestyle","7","53.24"," Taito P daCosta","M25","TVAM","3860-538RT","08-07-2026","2026 U.S. Masters Swimming Summer National Championship"
"Men ","25-29","100","Freestyle","8","53.48"," Rick C Mihm","M25","TOC","386A-ARM7R","08-07-2026","2026 U.S. Masters Swimming Summer National Championship"
"Men ","25-29","100","Freestyle","9","53.83"," Andy Song","M28","TOC","386P-Z3RFY","08-07-2026","2026 U.S. Masters Swimming Summer National Championship"
"Men ","25-29","100","Freestyle","10","53.93"," Esteban Perez Del Rio","M27","TVAM","386C-C68MH","08-07-2026","2026 U.S. Masters Swimming Summer National Championship"
"Men ","25-29","100","Freestyle","11","54.23"," Peter Lee","M26","TSUN","386B-EU324","07-13-2026","Pacific Masters LCM Championships"
"Men ","25-29","100","Freestyle","12","54.32"," Colin P Reilly","M26","TOC","386K-H9ZZ9","08-07-2026","2026 U.S. Masters Swimming Summer National Championship"
"Men ","25-29","100","Freestyle","13","54.96"," Logan M Mclaughlin","M25","STAN","3865-U06CF","05-31-2026","BAC Long Course Meters Meet"
"Men ","25-29","100","Freestyle","14","55.16"," Ethan S Porter","M26","SACMA","386A-3RG84","08-07-2026","2026 U.S. Masters Swimming Summer National Championship"
"Men ","25-29","100","Freestyle","15","55.37"," Carter O Jacobsen","M29","TOC","3863-3D6RV","08-07-2026","2026 U.S. Masters Swimming Summer National Championship"
"Men ","25-29","100","Freestyle","16","55.68"," Michael Petrides","M26","TOC","386X-VS59S","08-07-2026","2026 U.S. Masters Swimming Summer National Championship"
"Men ","25-29","100","Freestyle","17","56.03"," Kevin Dang","M28","TOC","386M-2XUXE","08-07-2026","2026 U.S. Masters Swimming Summer National Championship"
"Men ","25-29","100","Freestyle","18","56.47"," Kyle C Millis","M27","TOC","386M-1JS70","08-07-2026","2026 U.S. Masters Swimming Summer National Championship"
"Men ","25-29","100","Freestyle","19","56.55"," Jack E Herron","M29","SACMA","386W-WP531","08-07-2026","2026 U.S. Masters Swimming Summer National Championship"
"Men ","25-29","100","Freestyle","20","56.75"," Evan T Schott","M26","TOC","386B-XPUKW","08-07-2026","2026 U.S. Masters Swimming Summer National Championship"
"Men ","25-29","100","Freestyle","21","57.16"," Cole Welsh","M26","WCM","386X-R6S6R","08-07-2026","2026 U.S. Masters Swimming Summer National Championship"
"Men ","25-29","100","Freestyle","22","57.6"," Thayer B Breazeale","M26","SJCF","386U-889PS","05-31-2026","BAC Long Course Meters Meet"
"Men ","25-29","100","Freestyle","23","57.71"," Hank Poppe","M28","TOC","386E-PRRZ6","08-07-2026","2026 U.S. Masters Swimming Summer National Championship"
"Men ","25-29","100","Freestyle","24","58.27"," Karl Arvidsson","M28","TOC","3865-RGKZR","08-07-2026","2026 U.S. Masters Swimming Summer National Championship"
"Men ","25-29","100","Freestyle","25","58.54"," Calvin David","M25","TSUN","3869-50KA8","05-31-2026","BAC Long Course Meters Meet"
"Men ","25-29","100","Freestyle","26","1:01.38"," Connor Flanery","M27","STAN","3862-J4088","08-07-2026","2026 U.S. Masters Swimming Summer National Championship"
"Men ","25-29","100","Freestyle","27","1:02.79"," Matt Proctor","M27","MEMO","3864-FC581","","Pacific Masters LCM Championships"
"Men ","25-29","100","Freestyle","28","1:03.24"," DANIEL CHOY","M28","UC38","386G-ATF5A","05-31-2026","BAC Long Course Meters Meet"
"Men ","25-29","100","Freestyle","29","1:03.61"," Nikolas F Cory","M28","HTUB","386Z-PACR7","08-07-2026","2026 U.S. Masters Swimming Summer National Championship"
"Men ","25-29","100","Freestyle","30","1:04.68"," Preston Vander Vos","M28","USF","386J-87BNX","07-13-2026","Pacific Masters LCM Championships"
"Men ","25-29","100","Freestyle","31","1:04.77"," Corbin S Farias","M25","RWR","386Z-7PED3","08-07-2026","2026 U.S. Masters Swimming Summer National Championship"
"Men ","25-29","100","Freestyle","32","1:06.72"," Lance Freiman","M25","TSUN","386B-S8DPH","05-31-2026","BAC Long Course Meters Meet"
"Men ","25-29","100","Freestyle","33","1:07.47"," Justin Yue","M29","TSUN","386N-4RXYN","05-31-2026","BAC Long Course Meters Meet"
"Men ","25-29","100","Freestyle","34","1:12.04"," Jordan R Valenzuela","M26","UCSF","386V-J56V0","05-31-2026","BAC Long Course Meters Meet"
"Men ","25-29","100","Freestyle","35","1:13.85"," Surya Dwarakanath","M29","SMM","3863-MRBD7","05-31-2026","BAC Long Course Meters Meet"
"Men ","25-29","100","Freestyle","36","1:21.66"," Chien Q Ho","M29","SACMA","386X-7YZBB","08-07-2026","2026 U.S. Masters Swimming Summer National Championship"
"Men ","25-29","200","Freestyle","1","2:02.77"," Peter Lee","M26","TSUN","386B-EU324","07-14-2026","Pacific Masters LCM Championships"
"Men ","25-29","200","Freestyle","2","2:10.09"," Calvin David","M25","TSUN","3869-50KA8","05-31-2026","BAC Long Course Meters Meet"
"Men ","25-29","200","Freestyle","3","2:11.36"," Carter O Jacobsen","M29","TOC","3863-3D6RV","05-31-2026","BAC Long Course Meters Meet"
"Men ","25-29","200","Freestyle","4","2:34.89"," Justin Yue","M29","TSUN","386N-4RXYN","06-29-2026","Gay Games Valencia 2026"
"Men ","25-29","200","Freestyle","5","2:40.98"," Jackson S Kenyon","M29","USF","3862-4XWW7","07-14-2026","Pacific Masters LCM Championships"
"Men ","25-29","400","Freestyle","1","4:36.64"," Matthew E Lashua","M25","VACA","386Z-2C4BP","07-14-2026","Pacific Masters LCM Championships"
"Men ","25-29","400","Freestyle","2","4:58.45"," Atharva Deshmukh","M28","STAN","386H-S3GN4","08-06-2026","2026 U.S. Masters Swimming Summer National Championship"
"Men ","25-29","400","Freestyle","3","5:03.21"," Andreas Roeseler","M28","USF","3868-5XWRS","05-31-2026","BAC Long Course Meters Meet"
"Men ","25-29","400","Freestyle","4","5:53.30"," D Michael Xu","M25","STAN","386D-4AS5E","06-20-2026","2026 Wis LCM State Champs at Schroeder"
"Men ","25-29","800","Freestyle","1","10:18.07"," Matt Proctor","M27","MEMO","3864-FC581","07-13-2026","Pacific Masters LCM Championships"
"Men ","25-29","800","Freestyle","2","11:47.48"," D Michael Xu","M25","STAN","386D-4AS5E","06-20-2026","2026 Wis LCM State Champs at Schroeder"
"Men ","25-29","1500","Freestyle","1","18:36.98"," Logan M Mclaughlin","M25","STAN","3865-U06CF","07-12-2026","Pacific Masters LCM Championships"
"Men ","25-29","1500","Freestyle","2","22:05.37"," D Michael Xu","M25","STAN","386D-4AS5E","06-20-2026","2026 Wis LCM State Champs at Schroeder"
"Men ","25-29","50","Backstroke","1","26.79"," Andy Song","M28","TOC","386P-Z3RFY","","2026 U.S. Masters Swimming Summer National Championship"
"Men ","25-29","50","Backstroke","2","27.49"," Mark W Andrew","M29","TOC","386D-8N4WX","08-08-2026","2026 U.S. Masters Swimming Summer National Championship"
"Men ","25-29","50","Backstroke","3","27.51"," Kyle C Millis","M27","TOC","386M-1JS70","","2026 U.S. Masters Swimming Summer National Championship"
"Men ","25-29","50","Backstroke","4","27.56"," Ryan O Linnihan","M26","TOC","386Y-J6U3M","08-08-2026","2026 U.S. Masters Swimming Summer National Championship"
"Men ","25-29","50","Backstroke","5","27.67"," Taito P daCosta","M25","TVAM","3860-538RT","","2026 U.S. Masters Swimming Summer National Championship"
"Men ","25-29","50","Backstroke","6","28.38"," Ethan S Porter","M26","SACMA","386A-3RG84","","2026 U.S. Masters Swimming Summer National Championship"
"Men ","25-29","50","Backstroke","7","28.43"," Rick C Mihm","M25","TOC","386A-ARM7R","","2026 U.S. Masters Swimming Summer National Championship"
"Men ","25-29","50","Backstroke","8","29.09"," Kevin Dang","M28","TOC","386M-2XUXE","08-08-2026","2026 U.S. Masters Swimming Summer National Championship"
"Men ","25-29","50","Backstroke","9","29.13"," Logan M Mclaughlin","M25","STAN","3865-U06CF","","2026 U.S. Masters Swimming Summer National Championship"
"Men ","25-29","50","Backstroke","10","29.3"," Lance Freiman","M25","TSUN","386B-S8DPH","06-29-2026","Gay Games Valencia 2026"
"Men ","25-29","50","Backstroke","11","29.36"," Michael Petrides","M26","TOC","386X-VS59S","08-08-2026","2026 U.S. Masters Swimming Summer National Championship"
"Men ","25-29","50","Backstroke","12","29.52"," Marcus Holmquist","M26","TOC","386B-502DE","08-08-2026","2026 U.S. Masters Swimming Summer National Championship"
"Men ","25-29","50","Backstroke","13","29.57"," Houfu Yan","M29","SJCF","386H-2RJ2A","08-08-2026","2026 U.S. Masters Swimming Summer National Championship"
"Men ","25-29","50","Backstroke","14","29.6"," Carter O Jacobsen","M29","TOC","3863-3D6RV","08-08-2026","2026 U.S. Masters Swimming Summer National Championship"
"Men ","25-29","50","Backstroke","15","29.84"," Alexander D Gilchrist","M29","TVM","386W-548H0","08-08-2026","2026 U.S. Masters Swimming Summer National Championship"
"Men ","25-29","50","Backstroke","16","29.87"," Murphy J McQuet","M29","TOC","3866-GT4CK","08-08-2026","2026 U.S. Masters Swimming Summer National Championship"
"Men ","25-29","50","Backstroke","17","30.14"," Colin P Reilly","M26","TOC","386K-H9ZZ9","08-08-2026","2026 U.S. Masters Swimming Summer National Championship"
"Men ","25-29","50","Backstroke","18","30.19"," Karl Arvidsson","M28","TOC","3865-RGKZR","08-08-2026","2026 U.S. Masters Swimming Summer National Championship"
"Men ","25-29","50","Backstroke","19","31.35"," Matt Proctor","M27","MEMO","3864-FC581","07-13-2026","Pacific Masters LCM Championships"
"Men ","25-29","50","Backstroke","20","31.61"," Calvin David","M25","TSUN","3869-50KA8","05-31-2026","BAC Long Course Meters Meet"
"Men ","25-29","50","Backstroke","21","33.17"," Hank Poppe","M28","TOC","386E-PRRZ6","06-28-2026","SILVER STATE MASTERS LCM"
"Men ","25-29","50","Backstroke","22","33.42"," Thomas Q Frye","M28","USF","386H-9SU3W","07-13-2026","Pacific Masters LCM Championships"
"Men ","25-29","50","Backstroke","23","36.31"," Corbin S Farias","M25","RWR","386Z-7PED3","","2026 U.S. Masters Swimming Summer National Championship"
"Men ","25-29","50","Backstroke","24","40.56"," Jordan R Valenzuela","M26","UCSF","386V-J56V0","05-31-2026","BAC Long Course Meters Meet"
"Men ","25-29","100","Backstroke","1","58.87"," Andy Song","M28","TOC","386P-Z3RFY","08-06-2026","2026 U.S. Masters Swimming Summer National Championship"
"Men ","25-29","100","Backstroke","2","59.31"," Taito P daCosta","M25","TVAM","3860-538RT","08-06-2026","2026 U.S. Masters Swimming Summer National Championship"
"Men ","25-29","100","Backstroke","3","1:00.63"," Ryan O Linnihan","M26","TOC","386Y-J6U3M","08-06-2026","2026 U.S. Masters Swimming Summer National Championship"
"Men ","25-29","100","Backstroke","4","1:01.18"," Kyle C Millis","M27","TOC","386M-1JS70","08-06-2026","2026 U.S. Masters Swimming Summer National Championship"
"Men ","25-29","100","Backstroke","5","1:01.39"," Ethan S Porter","M26","SACMA","386A-3RG84","08-06-2026","2026 U.S. Masters Swimming Summer National Championship"
"Men ","25-29","100","Backstroke","6","1:04.51"," Carter O Jacobsen","M29","TOC","3863-3D6RV","08-06-2026","2026 U.S. Masters Swimming Summer National Championship"
"Men ","25-29","100","Backstroke","7","1:05.23"," Michael Petrides","M26","TOC","386X-VS59S","08-06-2026","2026 U.S. Masters Swimming Summer National Championship"
"Men ","25-29","100","Backstroke","8","1:05.46"," Shane W Forker","M28","TOC","3866-J7XTN","08-06-2026","2026 U.S. Masters Swimming Summer National Championship"
"Men ","25-29","100","Backstroke","9","1:05.61"," Murphy J McQuet","M29","TOC","3866-GT4CK","08-06-2026","2026 U.S. Masters Swimming Summer National Championship"
"Men ","25-29","100","Backstroke","10","1:10.12"," Jack E Herron","M29","SACMA","386W-WP531","08-06-2026","2026 U.S. Masters Swimming Summer National Championship"
"Men ","25-29","100","Backstroke","11","1:31.33"," Justin Yue","M29","TSUN","386N-4RXYN","06-28-2026","Gay Games Valencia 2026"
"Men ","25-29","200","Backstroke","1","2:16.84"," Kyle C Millis","M27","TOC","386M-1JS70","08-09-2026","2026 U.S. Masters Swimming Summer National Championship"
"Men ","25-29","200","Backstroke","2","2:17.02"," Ethan S Porter","M26","SACMA","386A-3RG84","08-09-2026","2026 U.S. Masters Swimming Summer National Championship"
"Men ","25-29","200","Backstroke","3","2:21.35"," Kevin Dang","M28","TOC","386M-2XUXE","08-09-2026","2026 U.S. Masters Swimming Summer National Championship"
"Men ","25-29","200","Backstroke","4","2:34.49"," Matt Proctor","M27","MEMO","3864-FC581","07-13-2026","Pacific Masters LCM Championships"
"Men ","25-29","200","Backstroke","5","3:11.49"," D Michael Xu","M25","STAN","386D-4AS5E","06-20-2026","2026 Wis LCM State Champs at Schroeder"
"Men ","25-29","50","Breaststroke","1","28.04"," Tom Higdon","M28","SACMA","386U-0YMYJ","08-07-2026","2026 U.S. Masters Swimming Summer National Championship"
"Men ","25-29","50","Breaststroke","2","28.38"," Mark W Andrew","M29","TOC","386D-8N4WX","08-07-2026","2026 U.S. Masters Swimming Summer National Championship"
"Men ","25-29","50","Breaststroke","3","29.97"," Hank Poppe","M28","TOC","386E-PRRZ6","08-07-2026","2026 U.S. Masters Swimming Summer National Championship"
"Men ","25-29","50","Breaststroke","4","30.66"," Cole Welsh","M26","WCM","386X-R6S6R","08-07-2026","2026 U.S. Masters Swimming Summer National Championship"
"Men ","25-29","50","Breaststroke","5","30.72"," Ryan O Linnihan","M26","TOC","386Y-J6U3M","08-07-2026","2026 U.S. Masters Swimming Summer National Championship"
"Men ","25-29","50","Breaststroke","6","30.77"," Karl Arvidsson","M28","TOC","3865-RGKZR","08-07-2026","2026 U.S. Masters Swimming Summer National Championship"
"Men ","25-29","50","Breaststroke","7","31.05"," Rick C Mihm","M25","TOC","386A-ARM7R","08-07-2026","2026 U.S. Masters Swimming Summer National Championship"
"Men ","25-29","50","Breaststroke","8","31.21"," Joaquin S Jamieson","M25","ALB","386E-FYJPY","05-31-2026","BAC Long Course Meters Meet"
"Men ","25-29","50","Breaststroke","9","31.23"," Ziad K Mosalam","M26","ALB","386X-TSFF7","07-25-2026","2026 Southwest Zone and SPMS Summer Championships"
"Men ","25-29","50","Breaststroke","10","31.53"," Alexander D Gilchrist","M29","TVM","386W-548H0","08-07-2026","2026 U.S. Masters Swimming Summer National Championship"
"Men ","25-29","50","Breaststroke","11","31.83"," Shane W Forker","M28","TOC","3866-J7XTN","08-07-2026","2026 U.S. Masters Swimming Summer National Championship"
"Men ","25-29","50","Breaststroke","12","32.21"," Marcus Holmquist","M26","TOC","386B-502DE","08-07-2026","2026 U.S. Masters Swimming Summer National Championship"
"Men ","25-29","50","Breaststroke","13","32.33"," Colin P Reilly","M26","TOC","386K-H9ZZ9","08-07-2026","2026 U.S. Masters Swimming Summer National Championship"
"Men ","25-29","50","Breaststroke","14","32.35"," Nikolas F Cory","M28","HTUB","386Z-PACR7","08-07-2026","2026 U.S. Masters Swimming Summer National Championship"
"Men ","25-29","50","Breaststroke","15","32.41"," Pieter M Cory","M26","HTUB","386H-NGZ8T","07-14-2026","Pacific Masters LCM Championships"
"Men ","25-29","50","Breaststroke","16","32.87"," Kevin Dang","M28","TOC","386M-2XUXE","08-07-2026","2026 U.S. Masters Swimming Summer National Championship"
"Men ","25-29","50","Breaststroke","17","33.91"," Lance Freiman","M25","TSUN","386B-S8DPH","06-30-2026","Gay Games Valencia 2026"
"Men ","25-29","50","Breaststroke","18","34.15"," Michael Petrides","M26","TOC","386X-VS59S","08-07-2026","2026 U.S. Masters Swimming Summer National Championship"
"Men ","25-29","50","Breaststroke","19","35"," Atharva Deshmukh","M28","STAN","386H-S3GN4","08-07-2026","2026 U.S. Masters Swimming Summer National Championship"
"Men ","25-29","50","Breaststroke","20","35.14"," Connor Flanery","M27","STAN","3862-J4088","08-07-2026","2026 U.S. Masters Swimming Summer National Championship"
"Men ","25-29","50","Breaststroke","21","36.32"," DANIEL CHOY","M28","UC38","386G-ATF5A","05-31-2026","BAC Long Course Meters Meet"
"Men ","25-29","50","Breaststroke","22","40.05"," Justin Yue","M29","TSUN","386N-4RXYN","06-30-2026","Gay Games Valencia 2026"
"Men ","25-29","50","Breaststroke","23","47.41"," Surya Dwarakanath","M29","SMM","3863-MRBD7","05-31-2026","BAC Long Course Meters Meet"
"Men ","25-29","100","Breaststroke","1","1:08.06"," Hank Poppe","M28","TOC","386E-PRRZ6","08-08-2026","2026 U.S. Masters Swimming Summer National Championship"
"Men ","25-29","100","Breaststroke","2","1:08.30"," Karl Arvidsson","M28","TOC","3865-RGKZR","08-08-2026","2026 U.S. Masters Swimming Summer National Championship"
"Men ","25-29","100","Breaststroke","3","1:10.45"," Kyle Wu","M26","USF","386Y-5H2VB","08-08-2026","2026 U.S. Masters Swimming Summer National Championship"
"Men ","25-29","100","Breaststroke","4","1:10.60"," Cole Welsh","M26","WCM","386X-R6S6R","08-08-2026","2026 U.S. Masters Swimming Summer National Championship"
"Men ","25-29","100","Breaststroke","5","1:10.78"," Shane W Forker","M28","TOC","3866-J7XTN","08-08-2026","2026 U.S. Masters Swimming Summer National Championship"
"Men ","25-29","100","Breaststroke","6","1:10.79"," Henry Limm","M29","UC38","386C-MRDVX","07-26-2026","2026 Southwest Zone and SPMS Summer Championships"
"Men ","25-29","100","Breaststroke","7","1:12.76"," Marcus Holmquist","M26","TOC","386B-502DE","08-08-2026","2026 U.S. Masters Swimming Summer National Championship"
"Men ","25-29","100","Breaststroke","8","1:15.93"," Logan M Mclaughlin","M25","STAN","3865-U06CF","08-08-2026","2026 U.S. Masters Swimming Summer National Championship"
"Men ","25-29","100","Breaststroke","9","1:17.02"," Nikolas F Cory","M28","HTUB","386Z-PACR7","08-08-2026","2026 U.S. Masters Swimming Summer National Championship"
"Men ","25-29","100","Breaststroke","10","1:18.77"," Atharva Deshmukh","M28","STAN","386H-S3GN4","08-08-2026","2026 U.S. Masters Swimming Summer National Championship"
"Men ","25-29","100","Breaststroke","11","1:19.13"," Aric M Lang","M29","TSUN","3862-55088","07-01-2026","Gay Games Valencia 2026"
"Men ","25-29","100","Breaststroke","12","1:19.67"," Lance Freiman","M25","TSUN","386B-S8DPH","05-31-2026","BAC Long Course Meters Meet"
"Men ","25-29","100","Breaststroke","13","1:20.23"," Robbie A Daugherty","M26","SNM","3861-NCTRP","08-08-2026","2026 U.S. Masters Swimming Summer National Championship"
"Men ","25-29","100","Breaststroke","14","1:20.81"," DANIEL CHOY","M28","UC38","386G-ATF5A","05-31-2026","BAC Long Course Meters Meet"
"Men ","25-29","100","Breaststroke","15","1:21.07"," Connor Flanery","M27","STAN","3862-J4088","08-08-2026","2026 U.S. Masters Swimming Summer National Championship"
"Men ","25-29","100","Breaststroke","16","1:21.83"," Preston Vander Vos","M28","USF","386J-87BNX","07-13-2026","Pacific Masters LCM Championships"
"Men ","25-29","100","Breaststroke","17","1:25.51"," Corbin S Farias","M25","RWR","386Z-7PED3","08-08-2026","2026 U.S. Masters Swimming Summer National Championship"
"Men ","25-29","100","Breaststroke","18","1:36.40"," D Michael Xu","M25","STAN","386D-4AS5E","06-20-2026","2026 Wis LCM State Champs at Schroeder"
"Men ","25-29","200","Breaststroke","1","2:33.61"," Henry Limm","M29","UC38","386C-MRDVX","07-25-2026","2026 Southwest Zone and SPMS Summer Championships"
"Men ","25-29","200","Breaststroke","2","2:39.09"," Matthew E Lashua","M25","VACA","386Z-2C4BP","07-14-2026","Pacific Masters LCM Championships"
"Men ","25-29","200","Breaststroke","3","2:51.55"," Logan M Mclaughlin","M25","STAN","3865-U06CF","08-06-2026","2026 U.S. Masters Swimming Summer National Championship"
"Men ","25-29","200","Breaststroke","4","2:52.23"," Lance Freiman","M25","TSUN","386B-S8DPH","06-28-2026","Gay Games Valencia 2026"
"Men ","25-29","200","Breaststroke","5","2:54.48"," Atharva Deshmukh","M28","STAN","386H-S3GN4","08-06-2026","2026 U.S. Masters Swimming Summer National Championship"
"Men ","25-29","200","Breaststroke","6","3:01.02"," Aric M Lang","M29","TSUN","3862-55088","06-28-2026","Gay Games Valencia 2026"
"Men ","25-29","200","Breaststroke","7","3:20.41"," D Michael Xu","M25","STAN","386D-4AS5E","06-20-2026","2026 Wis LCM State Champs at Schroeder"
"Men ","25-29","50","Butterfly","1","24.83"," Marcus Holmquist","M26","TOC","386B-502DE","08-09-2026","2026 U.S. Masters Swimming Summer National Championship"
"Men ","25-29","50","Butterfly","2","25.13"," Mark W Andrew","M29","TOC","386D-8N4WX","08-09-2026","2026 U.S. Masters Swimming Summer National Championship"
"Men ","25-29","50","Butterfly","3","25.38"," Ryan O Linnihan","M26","TOC","386Y-J6U3M","08-09-2026","2026 U.S. Masters Swimming Summer National Championship"
"Men ","25-29","50","Butterfly","4","25.63"," Rick C Mihm","M25","TOC","386A-ARM7R","08-09-2026","2026 U.S. Masters Swimming Summer National Championship"
"Men ","25-29","50","Butterfly","5","25.73"," Marco C Conati","M27","USF","386J-31PWP","07-14-2026","Pacific Masters LCM Championships"
"Men ","25-29","50","Butterfly","6","25.83"," Evan T Schott","M26","TOC","386B-XPUKW","07-14-2026","Pacific Masters LCM Championships"
"Men ","25-29","50","Butterfly","7","26.33"," Colin P Reilly","M26","TOC","386K-H9ZZ9","08-09-2026","2026 U.S. Masters Swimming Summer National Championship"
"Men ","25-29","50","Butterfly","8","26.41"," Lance Freiman","M25","TSUN","386B-S8DPH","05-31-2026","BAC Long Course Meters Meet"
"Men ","25-29","50","Butterfly","9","26.54"," Jack E Herron","M29","SACMA","386W-WP531","08-09-2026","2026 U.S. Masters Swimming Summer National Championship"
"Men ","25-29","50","Butterfly","10","26.57"," Hank Poppe","M28","TOC","386E-PRRZ6","08-09-2026","2026 U.S. Masters Swimming Summer National Championship"
"Men ","25-29","50","Butterfly","11","26.59"," Peter Lee","M26","TSUN","386B-EU324","07-14-2026","Pacific Masters LCM Championships"
"Men ","25-29","50","Butterfly","12","26.86"," Thayer B Breazeale","M26","SJCF","386U-889PS","05-31-2026","BAC Long Course Meters Meet"
"Men ","25-29","50","Butterfly","13","26.89"," Alexander D Gilchrist","M29","TVM","386W-548H0","08-09-2026","2026 U.S. Masters Swimming Summer National Championship"
"Men ","25-29","50","Butterfly","14","26.93"," Karl Arvidsson","M28","TOC","3865-RGKZR","08-09-2026","2026 U.S. Masters Swimming Summer National Championship"
"Men ","25-29","50","Butterfly","15","26.95"," Carter O Jacobsen","M29","TOC","3863-3D6RV","08-09-2026","2026 U.S. Masters Swimming Summer National Championship"
"Men ","25-29","50","Butterfly","16","26.98"," Esteban Perez Del Rio","M27","TVAM","386C-C68MH","08-09-2026","2026 U.S. Masters Swimming Summer National Championship"
"Men ","25-29","50","Butterfly","17","27.08"," Pieter M Cory","M26","HTUB","386H-NGZ8T","08-09-2026","2026 U.S. Masters Swimming Summer National Championship"
"Men ","25-29","50","Butterfly","18","27.2"," Kevin Dang","M28","TOC","386M-2XUXE","08-09-2026","2026 U.S. Masters Swimming Summer National Championship"
"Men ","25-29","50","Butterfly","19","27.27"," Michael Petrides","M26","TOC","386X-VS59S","08-09-2026","2026 U.S. Masters Swimming Summer National Championship"
"Men ","25-29","50","Butterfly","20","27.39"," Houfu Yan","M29","SJCF","386H-2RJ2A","08-09-2026","2026 U.S. Masters Swimming Summer National Championship"
"Men ","25-29","50","Butterfly","21","27.56"," Ziad K Mosalam","M26","ALB","386X-TSFF7","05-31-2026","BAC Long Course Meters Meet"
"Men ","25-29","50","Butterfly","22","27.62"," Joaquin S Jamieson","M25","ALB","386E-FYJPY","05-31-2026","BAC Long Course Meters Meet"
"Men ","25-29","50","Butterfly","23","28.81"," Andreas Roeseler","M28","USF","3868-5XWRS","05-31-2026","BAC Long Course Meters Meet"
"Men ","25-29","50","Butterfly","24","29.01"," Joseph Dehoney","M29","STAN","386Y-5AWBW","08-09-2026","2026 U.S. Masters Swimming Summer National Championship"
"Men ","25-29","50","Butterfly","25","29.75"," DANIEL CHOY","M28","UC38","386G-ATF5A","05-31-2026","BAC Long Course Meters Meet"
"Men ","25-29","50","Butterfly","26","31.26"," Atharva Deshmukh","M28","STAN","386H-S3GN4","05-31-2026","BAC Long Course Meters Meet"
"Men ","25-29","50","Butterfly","27","31.8"," Jackson S Kenyon","M29","USF","3862-4XWW7","07-14-2026","Pacific Masters LCM Championships"
"Men ","25-29","50","Butterfly","28","32.19"," Jordan R Valenzuela","M26","UCSF","386V-J56V0","05-31-2026","BAC Long Course Meters Meet"
"Men ","25-29","50","Butterfly","29","32.43"," Robbie A Daugherty","M26","SNM","3861-NCTRP","08-09-2026","2026 U.S. Masters Swimming Summer National Championship"
"Men ","25-29","50","Butterfly","30","33.15"," Jacob M Burch-Konda","M29","TSUN","386E-87FWS","06-28-2026","Gay Games Valencia 2026"
"Men ","25-29","50","Butterfly","31","34.02"," Justin Yue","M29","TSUN","386N-4RXYN","06-28-2026","Gay Games Valencia 2026"
"Men ","25-29","50","Butterfly","32","41.43"," Surya Dwarakanath","M29","SMM","3863-MRBD7","05-31-2026","BAC Long Course Meters Meet"
"Men ","25-29","100","Butterfly","1","56.63"," Maxime P Rooney","M28","TVAM","386U-DBB5K","07-12-2026","Pegasus Aquatic Masters LCM Meet"
"Men ","25-29","100","Butterfly","2","57.14"," Evan T Schott","M26","TOC","386B-XPUKW","08-06-2026","2026 U.S. Masters Swimming Summer National Championship"
"Men ","25-29","100","Butterfly","3","58.26"," Thayer B Breazeale","M26","SJCF","386U-889PS","05-31-2026","BAC Long Course Meters Meet"
"Men ","25-29","100","Butterfly","4","58.77"," Andy Song","M28","TOC","386P-Z3RFY","08-06-2026","2026 U.S. Masters Swimming Summer National Championship"
"Men ","25-29","100","Butterfly","5","58.82"," Peter Lee","M26","TSUN","386B-EU324","07-13-2026","Pacific Masters LCM Championships"
"Men ","25-29","100","Butterfly","6","59.16"," Murphy J McQuet","M29","TOC","3866-GT4CK","08-06-2026","2026 U.S. Masters Swimming Summer National Championship"
"Men ","25-29","100","Butterfly","7","59.51"," Shane W Forker","M28","TOC","3866-J7XTN","08-06-2026","2026 U.S. Masters Swimming Summer National Championship"
"Men ","25-29","100","Butterfly","8","59.7"," Matthew E Lashua","M25","VACA","386Z-2C4BP","07-13-2026","Pacific Masters LCM Championships"
"Men ","25-29","100","Butterfly","9","1:00.37"," Jack E Herron","M29","SACMA","386W-WP531","08-06-2026","2026 U.S. Masters Swimming Summer National Championship"
"Men ","25-29","100","Butterfly","10","1:00.75"," Logan M Mclaughlin","M25","STAN","3865-U06CF","05-31-2026","BAC Long Course Meters Meet"
"Men ","25-29","100","Butterfly","11","1:00.97"," Esteban Perez Del Rio","M27","TVAM","386C-C68MH","08-06-2026","2026 U.S. Masters Swimming Summer National Championship"
"Men ","25-29","100","Butterfly","12","1:01.98"," Kyle C Millis","M27","TOC","386M-1JS70","08-06-2026","2026 U.S. Masters Swimming Summer National Championship"
"Men ","25-29","100","Butterfly","13","1:02.12"," Houfu Yan","M29","SJCF","386H-2RJ2A","08-06-2026","2026 U.S. Masters Swimming Summer National Championship"
"Men ","25-29","100","Butterfly","14","1:03.50"," Carter O Jacobsen","M29","TOC","3863-3D6RV","08-06-2026","2026 U.S. Masters Swimming Summer National Championship"
"Men ","25-29","100","Butterfly","15","1:08.15"," Sean Kos","M27","DAM","386D-3SEKN","08-06-2026","2026 U.S. Masters Swimming Summer National Championship"
"Men ","25-29","100","Butterfly","16","1:08.49"," DANIEL CHOY","M28","UC38","386G-ATF5A","05-31-2026","BAC Long Course Meters Meet"
"Men ","25-29","100","Butterfly","17","1:11.55"," Preston Vander Vos","M28","USF","386J-87BNX","07-13-2026","Pacific Masters LCM Championships"
"Men ","25-29","100","Butterfly","18","1:14.58"," Jacob M Burch-Konda","M29","TSUN","386E-87FWS","07-01-2026","Gay Games Valencia 2026"
"Men ","25-29","100","Butterfly","19","1:18.69"," Jordan R Valenzuela","M26","UCSF","386V-J56V0","05-31-2026","BAC Long Course Meters Meet"
"Men ","25-29","100","Butterfly","20","1:24.40"," Justin Yue","M29","TSUN","386N-4RXYN","05-31-2026","BAC Long Course Meters Meet"
"Men ","25-29","200","Butterfly","1","2:18.82"," Andy Song","M28","TOC","386P-Z3RFY","08-07-2026","2026 U.S. Masters Swimming Summer National Championship"
"Men ","25-29","200","Butterfly","2","2:23.94"," Evan T Schott","M26","TOC","386B-XPUKW","08-07-2026","2026 U.S. Masters Swimming Summer National Championship"
"Men ","25-29","200","Butterfly","3","3:06.18"," Jacob M Burch-Konda","M29","TSUN","386E-87FWS","06-30-2026","Gay Games Valencia 2026"
"Men ","25-29","200","Butterfly","4","3:20.38"," D Michael Xu","M25","STAN","386D-4AS5E","06-20-2026","2026 Wis LCM State Champs at Schroeder"
"Men ","25-29","200","Individual Medley","1","2:14.47"," Taito P daCosta","M25","TVAM","3860-538RT","08-08-2026","2026 U.S. Masters Swimming Summer National Championship"
"Men ","25-29","200","Individual Medley","2","2:15.47"," Rick C Mihm","M25","TOC","386A-ARM7R","08-08-2026","2026 U.S. Masters Swimming Summer National Championship"
"Men ","25-29","200","Individual Medley","3","2:20.03"," Henry Limm","M29","UC38","386C-MRDVX","07-26-2026","2026 Southwest Zone and SPMS Summer Championships"
"Men ","25-29","200","Individual Medley","4","2:20.53"," Peter Lee","M26","TSUN","386B-EU324","07-14-2026","Pacific Masters LCM Championships"
"Men ","25-29","200","Individual Medley","5","2:21.88"," Ethan S Porter","M26","SACMA","386A-3RG84","08-08-2026","2026 U.S. Masters Swimming Summer National Championship"
"Men ","25-29","200","Individual Medley","6","2:22.84"," Thayer B Breazeale","M26","SJCF","386U-889PS","05-31-2026","BAC Long Course Meters Meet"
"Men ","25-29","200","Individual Medley","7","2:23.13"," Colin P Reilly","M26","TOC","386K-H9ZZ9","08-08-2026","2026 U.S. Masters Swimming Summer National Championship"
"Men ","25-29","200","Individual Medley","8","2:23.56"," Logan M Mclaughlin","M25","STAN","3865-U06CF","08-08-2026","2026 U.S. Masters Swimming Summer National Championship"
"Men ","25-29","200","Individual Medley","9","2:36.50"," Atharva Deshmukh","M28","STAN","386H-S3GN4","08-08-2026","2026 U.S. Masters Swimming Summer National Championship"
"Men ","25-29","200","Individual Medley","10","2:42.92"," Aric M Lang","M29","TSUN","3862-55088","08-08-2026","2026 U.S. Masters Swimming Summer National Championship"
"Men ","25-29","200","Individual Medley","11","2:57.87"," DANIEL CHOY","M28","UC38","386G-ATF5A","05-31-2026","BAC Long Course Meters Meet"
"Men ","25-29","200","Individual Medley","12","3:01.53"," Justin Yue","M29","TSUN","386N-4RXYN","05-31-2026","BAC Long Course Meters Meet"
"Men ","25-29","400","Individual Medley","1","4:58.63"," Mark W Andrew","M29","TOC","386D-8N4WX","08-07-2026","2026 U.S. Masters Swimming Summer National Championship"
"Men ","25-29","400","Individual Medley","2","5:02.93"," Henry Limm","M29","UC38","386C-MRDVX","07-24-2026","2026 Southwest Zone and SPMS Summer Championships"
"Men ","25-29","400","Individual Medley","3","5:30.65"," Matt Proctor","M27","MEMO","3864-FC581","07-12-2026","Pacific Masters LCM Championships"
"Men ","25-29","400","Individual Medley","4","6:06.57"," Aric M Lang","M29","TSUN","3862-55088","06-29-2026","Gay Games Valencia 2026"
"Men ","25-29","400","Individual Medley","5","6:28.19"," D Michael Xu","M25","STAN","386D-4AS5E","06-20-2026","2026 Wis LCM State Champs at Schroeder"
"Men ","30-34","50","Freestyle","1","23.85"," Julian Mackrel","M31","TOC","386Y-BA1NU","08-08-2026","2026 U.S. Masters Swimming Summer National Championship"
"Men ","30-34","50","Freestyle","2","24.53"," Kevin J Mendoza","M30","STAN","386H-XC3M5","","2026 U.S. Masters Swimming Summer National Championship"
"Men ","30-34","50","Freestyle","3","24.74"," Vladimir Ladygin","M30","USF","386P-0KU6F","08-08-2026","2026 U.S. Masters Swimming Summer National Championship"
"Men ","30-34","50","Freestyle","4","24.74"," Weston Carpenter","M30","USF","386A-2F3VA","07-13-2026","Pacific Masters LCM Championships"
"Men ","30-34","50","Freestyle","5","24.81"," Dylan Kubick","M31","USF","3861-FF9Z3","07-13-2026","Pacific Masters LCM Championships"
"Men ","30-34","50","Freestyle","6","25.05"," Alex Schultz","M32","TOC","386E-27YJ4","08-08-2026","2026 U.S. Masters Swimming Summer National Championship"
"Men ","30-34","50","Freestyle","7","25.21"," Abrahm DeVine","M30","TOC","386Y-HDMUS","08-08-2026","2026 U.S. Masters Swimming Summer National Championship"
"Men ","30-34","50","Freestyle","8","25.32"," Nicholas Yiu","M33","SACMA","3868-07N5C","","2026 U.S. Masters Swimming Summer National Championship"
"Men ","30-34","50","Freestyle","9","25.46"," Benjamin J Cono","M30","TOC","3864-NZSVD","08-08-2026","2026 U.S. Masters Swimming Summer National Championship"
"Men ","30-34","50","Freestyle","10","25.51"," Davide Cinat","M33","STAN","386A-R8YF9","","2026 U.S. Masters Swimming Summer National Championship"
"Men ","30-34","50","Freestyle","11","25.53"," Patrick J Ransford","M30","TOC","3869-GTS7Z","08-08-2026","2026 U.S. Masters Swimming Summer National Championship"
"Men ","30-34","50","Freestyle","12","25.89"," Richard Chen","M31","UC38","386U-WSBXU","07-13-2026","Pacific Masters LCM Championships"
"Men ","30-34","50","Freestyle","13","25.91"," Pieter Derdeyn","M33","TSUN","386W-HDF4B","08-08-2026","2026 U.S. Masters Swimming Summer National Championship"
"Men ","30-34","50","Freestyle","14","25.92"," Brian L Fedorov","M31","WCM","386G-091U6","08-08-2026","2026 U.S. Masters Swimming Summer National Championship"
"Men ","30-34","50","Freestyle","15","26.35"," Stephen M Shilling","M32","UC38","386Z-SZ85B","08-08-2026","2026 U.S. Masters Swimming Summer National Championship"
"Men ","30-34","50","Freestyle","16","26.67"," Tanner Nagy","M33","NBA","386G-863ZG","05-31-2026","BAC Long Course Meters Meet"
"Men ","30-34","50","Freestyle","17","26.68"," Armon Keshmiri","M33","SACMA","386Z-0V23K","08-08-2026","2026 U.S. Masters Swimming Summer National Championship"
"Men ","30-34","50","Freestyle","18","26.82"," Kevin Baumann","M30","SRVM","3860-J5U3U","05-31-2026","BAC Long Course Meters Meet"
"Men ","30-34","50","Freestyle","19","26.86"," LAWRENCE K LI","M33","TVAM","3864-0B3GT","08-08-2026","2026 U.S. Masters Swimming Summer National Championship"
"Men ","30-34","50","Freestyle","20","27.05"," Edward S Ahn","M31","USF","386Y-GWPSP","08-08-2026","2026 U.S. Masters Swimming Summer National Championship"
"Men ","30-34","50","Freestyle","21","27.09"," Chinhao Chang","M33","SJCF","386H-MK862","05-31-2026","BAC Long Course Meters Meet"
"Men ","30-34","50","Freestyle","22","27.18"," Aaron A Athanas","M32","TOC","3865-0ATTD","08-08-2026","2026 U.S. Masters Swimming Summer National Championship"
"Men ","30-34","50","Freestyle","23","27.28"," Sina Riahi","M32","TOC","3867-08B4N","08-08-2026","2026 U.S. Masters Swimming Summer National Championship"
"Men ","30-34","50","Freestyle","24","27.32"," Alexander T Borowsky","M30","STAN","386W-09M4J","08-08-2026","2026 U.S. Masters Swimming Summer National Championship"
"Men ","30-34","50","Freestyle","25","27.47"," Kevin Dorn","M33","SJCF","386E-1AVAM","08-08-2026","2026 U.S. Masters Swimming Summer National Championship"
"Men ","30-34","50","Freestyle","26","27.93"," Kyle N Remmert","M30","WCM","386G-09ZS7","08-08-2026","2026 U.S. Masters Swimming Summer National Championship"
"Men ","30-34","50","Freestyle","27","27.99"," Matthew Godar","M32","UC38","3867-N3KUU","08-08-2026","2026 U.S. Masters Swimming Summer National Championship"
"Men ","30-34","50","Freestyle","28","28.11"," Tobias Gibis","M34","STAN","386Z-0ANJZ","","2026 U.S. Masters Swimming Summer National Championship"
"Men ","30-34","50","Freestyle","29","28.43"," Jacky R Chen","M33","MEMO","386T-09AAP","08-08-2026","2026 U.S. Masters Swimming Summer National Championship"
"Men ","30-34","50","Freestyle","30","28.43"," Daniel Hobbs","M30","SNM","386S-0BAYV","08-08-2026","2026 U.S. Masters Swimming Summer National Championship"
"Men ","30-34","50","Freestyle","31","28.6"," Sam Giacometti","M31","USF","3869-24E3D","07-13-2026","Pacific Masters LCM Championships"
"Men ","30-34","50","Freestyle","32","28.7"," Kevin Crooks","M33","TSUN","386C-ASY6F","05-31-2026","BAC Long Course Meters Meet"
"Men ","30-34","50","Freestyle","33","28.96"," Yue Shen Gu","M33","WCM","386J-A8APZ","08-08-2026","2026 U.S. Masters Swimming Summer National Championship"
"Men ","30-34","50","Freestyle","34","29.43"," David Schmidt","M34","DERM","386E-NB4TR","08-08-2026","2026 U.S. Masters Swimming Summer National Championship"
"Men ","30-34","50","Freestyle","35","29.55"," Aaron Pluemer","M30","MVM","386V-0B499","05-31-2026","BAC Long Course Meters Meet"
"Men ","30-34","50","Freestyle","36","29.55"," Sam Gold","M30","WCM","386Z-GWZNU","","2026 U.S. Masters Swimming Summer National Championship"
"Men ","30-34","50","Freestyle","37","29.98"," Shane T Blundell","M32","SJCF","386X-1D4H0","08-08-2026","2026 U.S. Masters Swimming Summer National Championship"
"Men ","30-34","50","Freestyle","38","30.07"," Aditya Jalihal","M31","MEMO","3869-ERHT6","","2026 U.S. Masters Swimming Summer National Championship"
"Men ","30-34","50","Freestyle","39","30.15"," chris D schroeder","M32","TVAM","386M-YMWJC","08-08-2026","2026 U.S. Masters Swimming Summer National Championship"
"Men ","30-34","50","Freestyle","40","30.41"," Thomas Rieber","M31","SJCF","386S-1XUKJ","05-31-2026","BAC Long Course Meters Meet"
"Men ","30-34","50","Freestyle","41","30.97"," Brandon Yan","M32","TOC","386A-HC5GY","08-08-2026","2026 U.S. Masters Swimming Summer National Championship"
"Men ","30-34","50","Freestyle","42","31.31"," Nick W Nuñez","M32","QSS","386K-0B6G6","07-13-2026","Pacific Masters LCM Championships"
"Men ","30-34","50","Freestyle","43","33.08"," Mark Ofosu","M34","USF","3868-M0T1Y","08-08-2026","2026 U.S. Masters Swimming Summer National Championship"
"Men ","30-34","50","Freestyle","44","36.62"," Taylor Burks","M30","SJCF","386N-C7EBA","07-13-2026","Pacific Masters LCM Championships"
"Men ","30-34","50","Freestyle","45","37.3"," Spyros Diakakis","M34","TSUN","386V-UG0UV","05-31-2026","BAC Long Course Meters Meet"
"Men ","30-34","50","Freestyle","46","40.05"," Dylan D Kiselbach","M32","USF","386N-WASRE","07-13-2026","Pacific Masters LCM Championships"
"Men ","30-34","100","Freestyle","1","52.97"," Dylan Kubick","M31","USF","3861-FF9Z3","07-13-2026","Pacific Masters LCM Championships"
"Men ","30-34","100","Freestyle","2","53.01"," Kevin J Mendoza","M30","STAN","386H-XC3M5","08-07-2026","2026 U.S. Masters Swimming Summer National Championship"
"Men ","30-34","100","Freestyle","3","53.22"," Julian Mackrel","M31","TOC","386Y-BA1NU","08-07-2026","2026 U.S. Masters Swimming Summer National Championship"
"Men ","30-34","100","Freestyle","4","53.93"," Vladimir Ladygin","M30","USF","386P-0KU6F","08-07-2026","2026 U.S. Masters Swimming Summer National Championship"
"Men ","30-34","100","Freestyle","5","53.98"," Alex Schultz","M32","TOC","386E-27YJ4","08-07-2026","2026 U.S. Masters Swimming Summer National Championship"
"Men ","30-34","100","Freestyle","6","55.51"," Davide Cinat","M33","STAN","386A-R8YF9","08-07-2026","2026 U.S. Masters Swimming Summer National Championship"
"Men ","30-34","100","Freestyle","7","55.62"," Lee D Ward","M33","WCM","386M-09966","08-07-2026","2026 U.S. Masters Swimming Summer National Championship"
"Men ","30-34","100","Freestyle","8","55.81"," Weston Carpenter","M30","USF","386A-2F3VA","07-13-2026","Pacific Masters LCM Championships"
"Men ","30-34","100","Freestyle","9","57.07"," Chinhao Chang","M33","SJCF","386H-MK862","08-07-2026","2026 U.S. Masters Swimming Summer National Championship"
"Men ","30-34","100","Freestyle","10","57.13"," Bryan A Hughes","M31","TOC","386U-12HYR","08-07-2026","2026 U.S. Masters Swimming Summer National Championship"
"Men ","30-34","100","Freestyle","11","57.15"," Kevin Baumann","M30","SRVM","3860-J5U3U","08-07-2026","2026 U.S. Masters Swimming Summer National Championship"
"Men ","30-34","100","Freestyle","12","58.72"," Armon Keshmiri","M33","SACMA","386Z-0V23K","08-07-2026","2026 U.S. Masters Swimming Summer National Championship"
"Men ","30-34","100","Freestyle","13","58.97"," Brian L Fedorov","M31","WCM","386G-091U6","08-07-2026","2026 U.S. Masters Swimming Summer National Championship"
"Men ","30-34","100","Freestyle","14","59.15"," Sina Riahi","M32","TOC","3867-08B4N","08-07-2026","2026 U.S. Masters Swimming Summer National Championship"
"Men ","30-34","100","Freestyle","15","59.64"," Pieter Derdeyn","M33","TSUN","386W-HDF4B","08-07-2026","2026 U.S. Masters Swimming Summer National Championship"
"Men ","30-34","100","Freestyle","16","59.73"," Tanner Nagy","M33","NBA","386G-863ZG","05-31-2026","BAC Long Course Meters Meet"
"Men ","30-34","100","Freestyle","17","59.87"," Stephen M Shilling","M32","UC38","386Z-SZ85B","08-07-2026","2026 U.S. Masters Swimming Summer National Championship"
"Men ","30-34","100","Freestyle","18","1:00.71"," Kevin Dorn","M33","SJCF","386E-1AVAM","08-07-2026","2026 U.S. Masters Swimming Summer National Championship"
"Men ","30-34","100","Freestyle","19","1:00.88"," Aaron A Athanas","M32","TOC","3865-0ATTD","08-07-2026","2026 U.S. Masters Swimming Summer National Championship"
"Men ","30-34","100","Freestyle","20","1:00.96"," Richard Chen","M31","UC38","386U-WSBXU","07-13-2026","Pacific Masters LCM Championships"
"Men ","30-34","100","Freestyle","21","1:01.92"," Matthew Godar","M32","UC38","3867-N3KUU","08-07-2026","2026 U.S. Masters Swimming Summer National Championship"
"Men ","30-34","100","Freestyle","22","1:02.65"," Edward S Ahn","M31","USF","386Y-GWPSP","07-13-2026","Pacific Masters LCM Championships"
"Men ","30-34","100","Freestyle","23","1:02.85"," Kevin Kreher","M32","CRUZ","3869-CGT2M","05-31-2026","BAC Long Course Meters Meet"
"Men ","30-34","100","Freestyle","24","1:02.90"," Aaron Pluemer","M30","MVM","386V-0B499","05-31-2026","BAC Long Course Meters Meet"
"Men ","30-34","100","Freestyle","25","1:03.44"," Michael Rizzo","M33","MELO","3866-0XUUH","08-07-2026","2026 U.S. Masters Swimming Summer National Championship"
"Men ","30-34","100","Freestyle","26","1:03.59"," Sam Giacometti","M31","USF","3869-24E3D","07-13-2026","Pacific Masters LCM Championships"
"Men ","30-34","100","Freestyle","27","1:04.33"," chris D schroeder","M32","TVAM","386M-YMWJC","08-07-2026","2026 U.S. Masters Swimming Summer National Championship"
"Men ","30-34","100","Freestyle","28","1:04.58"," Mitchell A Victoria","M32","CRUZ","3860-0AJ9E","08-07-2026","2026 U.S. Masters Swimming Summer National Championship"
"Men ","30-34","100","Freestyle","29","1:04.76"," William Glomstad","M32","WCM","386X-07XPS","08-07-2026","2026 U.S. Masters Swimming Summer National Championship"
"Men ","30-34","100","Freestyle","30","1:05.05"," Patrick O MacDonald","M31","TSUN","386F-B7811","05-31-2026","BAC Long Course Meters Meet"
"Men ","30-34","100","Freestyle","31","1:05.20"," Daniel Hobbs","M30","SNM","386S-0BAYV","08-07-2026","2026 U.S. Masters Swimming Summer National Championship"
"Men ","30-34","100","Freestyle","32","1:05.31"," Jacky R Chen","M33","MEMO","386T-09AAP","08-07-2026","2026 U.S. Masters Swimming Summer National Championship"
"Men ","30-34","100","Freestyle","33","1:05.76"," Sam Gold","M30","WCM","386Z-GWZNU","08-07-2026","2026 U.S. Masters Swimming Summer National Championship"
"Men ","30-34","100","Freestyle","34","1:07.17"," Felton H Weller","M31","TOC","386A-2SAUD","08-07-2026","2026 U.S. Masters Swimming Summer National Championship"
"Men ","30-34","100","Freestyle","35","1:09.07"," Thomas Rieber","M31","SJCF","386S-1XUKJ","05-31-2026","BAC Long Course Meters Meet"
"Men ","30-34","100","Freestyle","36","1:10.45"," Nick W Nuñez","M32","QSS","386K-0B6G6","07-13-2026","Pacific Masters LCM Championships"
"Men ","30-34","100","Freestyle","37","1:15.04"," Jair Bautista","M34","SACMA","386T-TWM70","08-07-2026","2026 U.S. Masters Swimming Summer National Championship"
"Men ","30-34","100","Freestyle","38","1:19.25"," Pulak Goyal","M33","CSTS","386B-MM1NX","05-31-2026","BAC Long Course Meters Meet"
"Men ","30-34","100","Freestyle","39","1:29.90"," Dylan D Kiselbach","M32","USF","386N-WASRE","07-13-2026","Pacific Masters LCM Championships"
"Men ","30-34","100","Freestyle","40","1:34.95"," Taylor Burks","M30","SJCF","386N-C7EBA","07-13-2026","Pacific Masters LCM Championships"
"Men ","30-34","200","Freestyle","1","1:56.35"," Kevin J Mendoza","M30","STAN","386H-XC3M5","08-09-2026","2026 U.S. Masters Swimming Summer National Championship"
"Men ","30-34","200","Freestyle","2","1:57.83"," Patrick J Ransford","M30","TOC","3869-GTS7Z","08-09-2026","2026 U.S. Masters Swimming Summer National Championship"
"Men ","30-34","200","Freestyle","3","2:00.80"," Daniel A Thomson","M33","TSUN","3867-DPNWK","06-29-2026","Gay Games Valencia 2026"
"Men ","30-34","200","Freestyle","4","2:02.78"," Davide Cinat","M33","STAN","386A-R8YF9","08-09-2026","2026 U.S. Masters Swimming Summer National Championship"
"Men ","30-34","200","Freestyle","5","2:06.52"," Chinhao Chang","M33","SJCF","386H-MK862","08-09-2026","2026 U.S. Masters Swimming Summer National Championship"
"Men ","30-34","200","Freestyle","6","2:14.46"," Kevin Dorn","M33","SJCF","386E-1AVAM","08-09-2026","2026 U.S. Masters Swimming Summer National Championship"
"Men ","30-34","200","Freestyle","7","2:15.49"," Tanner Nagy","M33","NBA","386G-863ZG","05-31-2026","BAC Long Course Meters Meet"
"Men ","30-34","200","Freestyle","8","2:18.16"," Armon Keshmiri","M33","SACMA","386Z-0V23K","08-09-2026","2026 U.S. Masters Swimming Summer National Championship"
"Men ","30-34","200","Freestyle","9","2:21.85"," Pieter Derdeyn","M33","TSUN","386W-HDF4B","06-29-2026","Gay Games Valencia 2026"
"Men ","30-34","200","Freestyle","10","2:25.36"," Kevin Baumann","M30","SRVM","3860-J5U3U","07-14-2026","Pacific Masters LCM Championships"
"Men ","30-34","200","Freestyle","11","2:32.69"," Thomas Rieber","M31","SJCF","386S-1XUKJ","05-31-2026","BAC Long Course Meters Meet"
"Men ","30-34","200","Freestyle","12","2:33.50"," Nick W Nuñez","M32","QSS","386K-0B6G6","07-14-2026","Pacific Masters LCM Championships"
"Men ","30-34","200","Freestyle","13","2:36.67"," Shane T Blundell","M32","SJCF","386X-1D4H0","05-31-2026","BAC Long Course Meters Meet"
"Men ","30-34","200","Freestyle","14","2:43.21"," Jair Bautista","M34","SACMA","386T-TWM70","05-31-2026","BAC Long Course Meters Meet"
"Men ","30-34","200","Freestyle","15","2:49.11"," Connor N Anderson","M31","UC38","3868-VB4EH","05-31-2026","BAC Long Course Meters Meet"
"Men ","30-34","200","Freestyle","16","3:01.51"," Michael R Thomas","M34","UC38","386A-07X03","07-14-2026","Pacific Masters LCM Championships"
"Men ","30-34","200","Freestyle","17","3:16.95"," Spyros Diakakis","M34","TSUN","386V-UG0UV","05-31-2026","BAC Long Course Meters Meet"
"Men ","30-34","400","Freestyle","1","4:24.69"," Daniel A Thomson","M33","TSUN","3867-DPNWK","06-30-2026","Gay Games Valencia 2026"
"Men ","30-34","400","Freestyle","2","4:31.69"," Chinhao Chang","M33","SJCF","386H-MK862","08-06-2026","2026 U.S. Masters Swimming Summer National Championship"
"Men ","30-34","400","Freestyle","3","4:35.95"," Bryan A Hughes","M31","TOC","386U-12HYR","08-06-2026","2026 U.S. Masters Swimming Summer National Championship"
"Men ","30-34","400","Freestyle","4","4:53.71"," Michael Rizzo","M33","MELO","3866-0XUUH","08-06-2026","2026 U.S. Masters Swimming Summer National Championship"
"Men ","30-34","400","Freestyle","5","4:57.11"," Armon Keshmiri","M33","SACMA","386Z-0V23K","08-06-2026","2026 U.S. Masters Swimming Summer National Championship"
"Men ","30-34","400","Freestyle","6","5:01.86"," Kevin Dorn","M33","SJCF","386E-1AVAM","05-31-2026","BAC Long Course Meters Meet"
"Men ","30-34","400","Freestyle","7","5:05.08"," Kevin Kreher","M32","CRUZ","3869-CGT2M","05-31-2026","BAC Long Course Meters Meet"
"Men ","30-34","400","Freestyle","8","5:12.56"," William Glomstad","M32","WCM","386X-07XPS","08-06-2026","2026 U.S. Masters Swimming Summer National Championship"
"Men ","30-34","400","Freestyle","9","5:18.29"," Patrick O MacDonald","M31","TSUN","386F-B7811","05-31-2026","BAC Long Course Meters Meet"
"Men ","30-34","400","Freestyle","10","5:29.63"," chris D schroeder","M32","TVAM","386M-YMWJC","08-06-2026","2026 U.S. Masters Swimming Summer National Championship"
"Men ","30-34","400","Freestyle","11","5:31.66"," Felton H Weller","M31","TOC","386A-2SAUD","08-06-2026","2026 U.S. Masters Swimming Summer National Championship"
"Men ","30-34","400","Freestyle","12","5:32.91"," Nick W Nuñez","M32","QSS","386K-0B6G6","07-14-2026","Pacific Masters LCM Championships"
"Men ","30-34","400","Freestyle","13","5:36.36"," Edward S Ahn","M31","USF","386Y-GWPSP","07-14-2026","Pacific Masters LCM Championships"
"Men ","30-34","400","Freestyle","14","5:37.50"," Thomas Rieber","M31","SJCF","386S-1XUKJ","05-31-2026","BAC Long Course Meters Meet"
"Men ","30-34","400","Freestyle","15","5:40.07"," Jair Bautista","M34","SACMA","386T-TWM70","05-31-2026","BAC Long Course Meters Meet"
"Men ","30-34","400","Freestyle","16","5:46.40"," Shane T Blundell","M32","SJCF","386X-1D4H0","05-31-2026","BAC Long Course Meters Meet"
"Men ","30-34","400","Freestyle","17","5:54.95"," Yue Shen Gu","M33","WCM","386J-A8APZ","05-31-2026","BAC Long Course Meters Meet"
"Men ","30-34","400","Freestyle","18","6:05.61"," Allan Flores","M34","TSUN","3868-XZA97","06-30-2026","Gay Games Valencia 2026"
"Men ","30-34","400","Freestyle","19","6:07.87"," Connor N Anderson","M31","UC38","3868-VB4EH","05-31-2026","BAC Long Course Meters Meet"
"Men ","30-34","400","Freestyle","20","6:40.54"," Michael R Thomas","M34","UC38","386A-07X03","07-14-2026","Pacific Masters LCM Championships"
"Men ","30-34","800","Freestyle","1","9:39.74"," Bryan A Hughes","M31","TOC","386U-12HYR","08-08-2026","2026 U.S. Masters Swimming Summer National Championship"
"Men ","30-34","800","Freestyle","2","10:16.11"," Alexander T Borowsky","M30","STAN","386W-09M4J","08-08-2026","2026 U.S. Masters Swimming Summer National Championship"
"Men ","30-34","800","Freestyle","3","10:40.01"," Kevin Dorn","M33","SJCF","386E-1AVAM","07-13-2026","Pacific Masters LCM Championships"
"Men ","30-34","800","Freestyle","4","12:02.16"," Shane T Blundell","M32","SJCF","386X-1D4H0","08-08-2026","2026 U.S. Masters Swimming Summer National Championship"
"Men ","30-34","800","Freestyle","5","12:35.65"," Allan Flores","M34","TSUN","3868-XZA97","07-01-2026","Gay Games Valencia 2026"
"Men ","30-34","800","Freestyle","6","17:26.21"," Taylor Burks","M30","SJCF","386N-C7EBA","07-13-2026","Pacific Masters LCM Championships"
"Men ","30-34","1500","Freestyle","1","17:18.91"," Aleksei Averchenko","M33","MELO","386P-W94W3","08-05-2026","2026 U.S. Masters Swimming Summer National Championship"
"Men ","30-34","1500","Freestyle","2","20:04.69"," Chinhao Chang","M33","SJCF","386H-MK862","07-12-2026","Pacific Masters LCM Championships"
"Men ","30-34","1500","Freestyle","3","21:07.33"," Kevin Dorn","M33","SJCF","386E-1AVAM","07-12-2026","Pacific Masters LCM Championships"
"Men ","30-34","1500","Freestyle","4","21:37.50"," Matthew Godar","M32","UC38","3867-N3KUU","08-05-2026","2026 U.S. Masters Swimming Summer National Championship"
"Men ","30-34","1500","Freestyle","5","21:39.18"," William Glomstad","M32","WCM","386X-07XPS","08-05-2026","2026 U.S. Masters Swimming Summer National Championship"
"Men ","30-34","1500","Freestyle","6","22:30.62"," Jair Bautista","M34","SACMA","386T-TWM70","07-12-2026","Pacific Masters LCM Championships"
"Men ","30-34","1500","Freestyle","7","22:55.78"," David J Moll","M30","USF","386N-VV3UN","07-12-2026","Pacific Masters LCM Championships"
"Men ","30-34","1500","Freestyle","8","23:37.20"," Yue Shen Gu","M33","WCM","386J-A8APZ","07-12-2026","Pacific Masters LCM Championships"
"Men ","30-34","1500","Freestyle","9","24:06.00"," Allan Flores","M34","TSUN","3868-XZA97","07-03-2026","Gay Games Valencia 2026"
"Men ","30-34","1500","Freestyle","10","31:03.23"," Vatsal Aggarwal","M31","USF","386K-AZR2J","07-12-2026","Pacific Masters LCM Championships"
"Men ","30-34","50","Backstroke","1","27.5"," Connor G Green","M30","UC38","3869-5955B","05-31-2026","BAC Long Course Meters Meet"
"Men ","30-34","50","Backstroke","2","27.71"," Dylan Kubick","M31","USF","3861-FF9Z3","07-13-2026","Pacific Masters LCM Championships"
"Men ","30-34","50","Backstroke","3","28.05"," Alex Schultz","M32","TOC","386E-27YJ4","08-08-2026","2026 U.S. Masters Swimming Summer National Championship"
"Men ","30-34","50","Backstroke","4","28.32"," Abrahm DeVine","M30","TOC","386Y-HDMUS","08-08-2026","2026 U.S. Masters Swimming Summer National Championship"
"Men ","30-34","50","Backstroke","5","28.43"," Kevin J Mendoza","M30","STAN","386H-XC3M5","","2026 U.S. Masters Swimming Summer National Championship"
"Men ","30-34","50","Backstroke","6","28.73"," Charlie Putnam","M34","USF","386F-0A0DK","08-08-2026","2026 U.S. Masters Swimming Summer National Championship"
"Men ","30-34","50","Backstroke","7","28.83"," Patrick J Ransford","M30","TOC","3869-GTS7Z","08-08-2026","2026 U.S. Masters Swimming Summer National Championship"
"Men ","30-34","50","Backstroke","8","29.83"," LAWRENCE K LI","M33","TVAM","3864-0B3GT","","2026 U.S. Masters Swimming Summer National Championship"
"Men ","30-34","50","Backstroke","9","30.36"," Aaron A Athanas","M32","TOC","3865-0ATTD","08-08-2026","2026 U.S. Masters Swimming Summer National Championship"
"Men ","30-34","50","Backstroke","10","30.41"," Kevin Baumann","M30","SRVM","3860-J5U3U","08-08-2026","2026 U.S. Masters Swimming Summer National Championship"
"Men ","30-34","50","Backstroke","11","30.8"," Benjamin J Cono","M30","TOC","3864-NZSVD","08-08-2026","2026 U.S. Masters Swimming Summer National Championship"
"Men ","30-34","50","Backstroke","12","31.39"," Daniel Hobbs","M30","SNM","386S-0BAYV","08-08-2026","2026 U.S. Masters Swimming Summer National Championship"
"Men ","30-34","50","Backstroke","13","31.55"," Weston Carpenter","M30","USF","386A-2F3VA","07-13-2026","Pacific Masters LCM Championships"
"Men ","30-34","50","Backstroke","14","32.09"," Vladimir Ladygin","M30","USF","386P-0KU6F","","2026 U.S. Masters Swimming Summer National Championship"
"Men ","30-34","50","Backstroke","15","32.72"," Alexander T Borowsky","M30","STAN","386W-09M4J","","2026 U.S. Masters Swimming Summer National Championship"
"Men ","30-34","50","Backstroke","16","33.33"," Kevin Crooks","M33","TSUN","386C-ASY6F","05-31-2026","BAC Long Course Meters Meet"
"Men ","30-34","50","Backstroke","17","33.93"," Kyle N Remmert","M30","WCM","386G-09ZS7","08-08-2026","2026 U.S. Masters Swimming Summer National Championship"
"Men ","30-34","50","Backstroke","18","34.17"," Jacky R Chen","M33","MEMO","386T-09AAP","08-08-2026","2026 U.S. Masters Swimming Summer National Championship"
"Men ","30-34","50","Backstroke","19","35.49"," William Glomstad","M32","WCM","386X-07XPS","","2026 U.S. Masters Swimming Summer National Championship"
"Men ","30-34","50","Backstroke","20","38.95"," Chase L Hopkins","M33","SACMA","386K-RPYCJ","","2026 U.S. Masters Swimming Summer National Championship"
"Men ","30-34","50","Backstroke","21","40.7"," Michael R Thomas","M34","UC38","386A-07X03","05-31-2026","BAC Long Course Meters Meet"
"Men ","30-34","50","Backstroke","22","41.07"," Brandon Yan","M32","TOC","386A-HC5GY","08-08-2026","2026 U.S. Masters Swimming Summer National Championship"
"Men ","30-34","50","Backstroke","23","41.91"," Jair Bautista","M34","SACMA","386T-TWM70","05-31-2026","BAC Long Course Meters Meet"
"Men ","30-34","50","Backstroke","24","46.21"," Pulak Goyal","M33","CSTS","386B-MM1NX","05-31-2026","BAC Long Course Meters Meet"
"Men ","30-34","50","Backstroke","25","48.98"," Spyros Diakakis","M34","TSUN","386V-UG0UV","06-29-2026","Gay Games Valencia 2026"
"Men ","30-34","100","Backstroke","1","58.8"," Connor G Green","M30","UC38","3869-5955B","05-31-2026","BAC Long Course Meters Meet"
"Men ","30-34","100","Backstroke","2","1:00.57"," Alex Schultz","M32","TOC","386E-27YJ4","08-06-2026","2026 U.S. Masters Swimming Summer National Championship"
"Men ","30-34","100","Backstroke","3","1:04.50"," Kevin Baumann","M30","SRVM","3860-J5U3U","08-06-2026","2026 U.S. Masters Swimming Summer National Championship"
"Men ","30-34","100","Backstroke","4","1:05.06"," LAWRENCE K LI","M33","TVAM","3864-0B3GT","08-06-2026","2026 U.S. Masters Swimming Summer National Championship"
"Men ","30-34","100","Backstroke","5","1:05.94"," Stephen M Shilling","M32","UC38","386Z-SZ85B","08-06-2026","2026 U.S. Masters Swimming Summer National Championship"
"Men ","30-34","100","Backstroke","6","1:06.88"," Weston Carpenter","M30","USF","386A-2F3VA","07-14-2026","Pacific Masters LCM Championships"
"Men ","30-34","100","Backstroke","7","1:11.32"," Kevin Kreher","M32","CRUZ","3869-CGT2M","05-31-2026","BAC Long Course Meters Meet"
"Men ","30-34","100","Backstroke","8","1:17.94"," Patrick O MacDonald","M31","TSUN","386F-B7811","05-31-2026","BAC Long Course Meters Meet"
"Men ","30-34","100","Backstroke","9","1:18.56"," Aaron Pluemer","M30","MVM","386V-0B499","07-14-2026","Pacific Masters LCM Championships"
"Men ","30-34","100","Backstroke","10","1:30.90"," Jair Bautista","M34","SACMA","386T-TWM70","05-31-2026","BAC Long Course Meters Meet"
"Men ","30-34","100","Backstroke","11","1:32.22"," Yue Shen Gu","M33","WCM","386J-A8APZ","05-31-2026","BAC Long Course Meters Meet"
"Men ","30-34","100","Backstroke","12","1:32.41"," Michael R Thomas","M34","UC38","386A-07X03","05-31-2026","BAC Long Course Meters Meet"
"Men ","30-34","200","Backstroke","1","2:14.77"," Patrick J Ransford","M30","TOC","3869-GTS7Z","08-09-2026","2026 U.S. Masters Swimming Summer National Championship"
"Men ","30-34","200","Backstroke","2","2:22.16"," Charlie Putnam","M34","USF","386F-0A0DK","08-09-2026","2026 U.S. Masters Swimming Summer National Championship"
"Men ","30-34","200","Backstroke","3","2:24.37"," Kevin Baumann","M30","SRVM","3860-J5U3U","08-09-2026","2026 U.S. Masters Swimming Summer National Championship"
"Men ","30-34","200","Backstroke","4","2:28.98"," Justin J Lomas","M34","SACMA","3866-W1AFE","08-09-2026","2026 U.S. Masters Swimming Summer National Championship"
"Men ","30-34","200","Backstroke","5","2:39.59"," Kevin Crooks","M33","TSUN","386C-ASY6F","06-30-2026","Gay Games Valencia 2026"
"Men ","30-34","200","Backstroke","6","2:48.01"," Lee D Ward","M33","WCM","386M-09966","07-13-2026","Pacific Masters LCM Championships"
"Men ","30-34","50","Breaststroke","1","28.06"," Benjamin J Cono","M30","TOC","3864-NZSVD","08-07-2026","2026 U.S. Masters Swimming Summer National Championship"
"Men ","30-34","50","Breaststroke","2","30.53"," Julian Mackrel","M31","TOC","386Y-BA1NU","08-07-2026","2026 U.S. Masters Swimming Summer National Championship"
"Men ","30-34","50","Breaststroke","3","30.83"," Joseph I Kmak","M30","BAC","386N-PYE0V","05-31-2026","BAC Long Course Meters Meet"
"Men ","30-34","50","Breaststroke","4","31.24"," Dylan Kubick","M31","USF","3861-FF9Z3","07-14-2026","Pacific Masters LCM Championships"
"Men ","30-34","50","Breaststroke","5","31.5"," Lee D Ward","M33","WCM","386M-09966","08-07-2026","2026 U.S. Masters Swimming Summer National Championship"
"Men ","30-34","50","Breaststroke","6","31.94"," Daniel A Thomson","M33","TSUN","3867-DPNWK","06-30-2026","Gay Games Valencia 2026"
"Men ","30-34","50","Breaststroke","7","32.99"," Nicholas Yiu","M33","SACMA","3868-07N5C","08-07-2026","2026 U.S. Masters Swimming Summer National Championship"
"Men ","30-34","50","Breaststroke","8","33.75"," Aaron A Athanas","M32","TOC","3865-0ATTD","08-07-2026","2026 U.S. Masters Swimming Summer National Championship"
"Men ","30-34","50","Breaststroke","9","34.02"," Brian L Fedorov","M31","WCM","386G-091U6","08-07-2026","2026 U.S. Masters Swimming Summer National Championship"
"Men ","30-34","50","Breaststroke","10","34.15"," Kevin Baumann","M30","SRVM","3860-J5U3U","07-14-2026","Pacific Masters LCM Championships"
"Men ","30-34","50","Breaststroke","11","34.6"," Weston Carpenter","M30","USF","386A-2F3VA","07-14-2026","Pacific Masters LCM Championships"
"Men ","30-34","50","Breaststroke","12","34.7"," Daniel Hobbs","M30","SNM","386S-0BAYV","08-07-2026","2026 U.S. Masters Swimming Summer National Championship"
"Men ","30-34","50","Breaststroke","13","35.13"," Sam Gold","M30","WCM","386Z-GWZNU","08-07-2026","2026 U.S. Masters Swimming Summer National Championship"
"Men ","30-34","50","Breaststroke","14","35.14"," Tobias Gibis","M34","STAN","386Z-0ANJZ","08-07-2026","2026 U.S. Masters Swimming Summer National Championship"
"Men ","30-34","50","Breaststroke","15","35.17"," Edward S Ahn","M31","USF","386Y-GWPSP","07-14-2026","Pacific Masters LCM Championships"
"Men ","30-34","50","Breaststroke","16","35.92"," Kevin Dorn","M33","SJCF","386E-1AVAM","08-07-2026","2026 U.S. Masters Swimming Summer National Championship"
"Men ","30-34","50","Breaststroke","17","35.94"," Kevin Crooks","M33","TSUN","386C-ASY6F","06-30-2026","Gay Games Valencia 2026"
"Men ","30-34","50","Breaststroke","18","35.94"," LAWRENCE K LI","M33","HTUB","3864-0B3GT","07-14-2026","Pacific Masters LCM Championships"
"Men ","30-34","50","Breaststroke","19","36.93"," Daniel Rico","M30","WCM","386V-965GK","08-07-2026","2026 U.S. Masters Swimming Summer National Championship"
"Men ","30-34","50","Breaststroke","20","36.96"," Yue Shen Gu","M33","WCM","386J-A8APZ","08-07-2026","2026 U.S. Masters Swimming Summer National Championship"
"Men ","30-34","50","Breaststroke","21","37.2"," Jacky R Chen","M33","MEMO","386T-09AAP","08-07-2026","2026 U.S. Masters Swimming Summer National Championship"
"Men ","30-34","50","Breaststroke","22","38.5"," Aaron Pluemer","M30","MVM","386V-0B499","07-14-2026","Pacific Masters LCM Championships"
"Men ","30-34","50","Breaststroke","23","39.3"," Shane T Blundell","M32","SJCF","386X-1D4H0","05-31-2026","BAC Long Course Meters Meet"
"Men ","30-34","50","Breaststroke","24","39.77"," Brandon Yan","M32","TOC","386A-HC5GY","08-07-2026","2026 U.S. Masters Swimming Summer National Championship"
"Men ","30-34","50","Breaststroke","25","40.26"," Michael R Thomas","M34","UC38","386A-07X03","05-31-2026","BAC Long Course Meters Meet"
"Men ","30-34","50","Breaststroke","26","40.97"," Mitchell A Victoria","M32","CRUZ","3860-0AJ9E","08-07-2026","2026 U.S. Masters Swimming Summer National Championship"
"Men ","30-34","50","Breaststroke","27","41.81"," Aditya Jalihal","M31","MEMO","3869-ERHT6","08-07-2026","2026 U.S. Masters Swimming Summer National Championship"
"Men ","30-34","50","Breaststroke","28","42.25"," Thomas Rieber","M31","SJCF","386S-1XUKJ","05-31-2026","BAC Long Course Meters Meet"
"Men ","30-34","50","Breaststroke","29","49.13"," Jair Bautista","M34","SACMA","386T-TWM70","05-31-2026","BAC Long Course Meters Meet"
"Men ","30-34","50","Breaststroke","30","50.49"," Spyros Diakakis","M34","TSUN","386V-UG0UV","06-30-2026","Gay Games Valencia 2026"
"Men ","30-34","50","Breaststroke","31","1:01.79"," Pulak Goyal","M33","CSTS","386B-MM1NX","05-31-2026","BAC Long Course Meters Meet"
"Men ","30-34","100","Breaststroke","1","1:03.12"," Benjamin J Cono","M30","TOC","3864-NZSVD","08-08-2026","2026 U.S. Masters Swimming Summer National Championship"
"Men ","30-34","100","Breaststroke","2","1:07.21"," Joseph I Kmak","M30","BAC","386N-PYE0V","05-31-2026","BAC Long Course Meters Meet"
"Men ","30-34","100","Breaststroke","3","1:09.41"," Julian Mackrel","M31","TOC","386Y-BA1NU","08-08-2026","2026 U.S. Masters Swimming Summer National Championship"
"Men ","30-34","100","Breaststroke","4","1:10.59"," Patrick J Ransford","M30","TOC","3869-GTS7Z","08-08-2026","2026 U.S. Masters Swimming Summer National Championship"
"Men ","30-34","100","Breaststroke","5","1:11.06"," Abrahm DeVine","M30","TOC","386Y-HDMUS","08-08-2026","2026 U.S. Masters Swimming Summer National Championship"
"Men ","30-34","100","Breaststroke","6","1:12.17"," Kevin Baumann","M30","SRVM","3860-J5U3U","08-08-2026","2026 U.S. Masters Swimming Summer National Championship"
"Men ","30-34","100","Breaststroke","7","1:12.29"," Lee D Ward","M33","WCM","386M-09966","08-08-2026","2026 U.S. Masters Swimming Summer National Championship"
"Men ","30-34","100","Breaststroke","8","1:14.73"," Nicholas Yiu","M33","SACMA","3868-07N5C","08-08-2026","2026 U.S. Masters Swimming Summer National Championship"
"Men ","30-34","100","Breaststroke","9","1:15.47"," Daniel Hobbs","M30","SNM","386S-0BAYV","08-08-2026","2026 U.S. Masters Swimming Summer National Championship"
"Men ","30-34","100","Breaststroke","10","1:16.48"," Brian L Fedorov","M31","WCM","386G-091U6","08-08-2026","2026 U.S. Masters Swimming Summer National Championship"
"Men ","30-34","100","Breaststroke","11","1:17.36"," Michael Rizzo","M33","MELO","3866-0XUUH","08-08-2026","2026 U.S. Masters Swimming Summer National Championship"
"Men ","30-34","100","Breaststroke","12","1:17.97"," Tobias Gibis","M34","STAN","386Z-0ANJZ","08-08-2026","2026 U.S. Masters Swimming Summer National Championship"
"Men ","30-34","100","Breaststroke","13","1:18.09"," Sam Gold","M30","WCM","386Z-GWZNU","08-08-2026","2026 U.S. Masters Swimming Summer National Championship"
"Men ","30-34","100","Breaststroke","14","1:21.39"," Kevin Dorn","M33","SJCF","386E-1AVAM","08-08-2026","2026 U.S. Masters Swimming Summer National Championship"
"Men ","30-34","100","Breaststroke","15","1:23.82"," Yue Shen Gu","M33","WCM","386J-A8APZ","08-08-2026","2026 U.S. Masters Swimming Summer National Championship"
"Men ","30-34","100","Breaststroke","16","1:24.95"," Shane T Blundell","M32","SJCF","386X-1D4H0","08-08-2026","2026 U.S. Masters Swimming Summer National Championship"
"Men ","30-34","100","Breaststroke","17","1:25.08"," Daniel Rico","M30","WCM","386V-965GK","08-08-2026","2026 U.S. Masters Swimming Summer National Championship"
"Men ","30-34","100","Breaststroke","18","1:25.62"," Jacky R Chen","M33","MEMO","386T-09AAP","08-08-2026","2026 U.S. Masters Swimming Summer National Championship"
"Men ","30-34","100","Breaststroke","19","1:26.56"," Brandon Yan","M32","TOC","386A-HC5GY","08-08-2026","2026 U.S. Masters Swimming Summer National Championship"
"Men ","30-34","100","Breaststroke","20","1:30.28"," Mark Ofosu","M34","USF","3868-M0T1Y","08-08-2026","2026 U.S. Masters Swimming Summer National Championship"
"Men ","30-34","100","Breaststroke","21","1:30.82"," Thomas Rieber","M31","SJCF","386S-1XUKJ","05-31-2026","BAC Long Course Meters Meet"
"Men ","30-34","100","Breaststroke","22","1:30.95"," Aaron Pluemer","M30","MVM","386V-0B499","05-31-2026","BAC Long Course Meters Meet"
"Men ","30-34","100","Breaststroke","23","1:37.33"," Michael R Thomas","M34","UC38","386A-07X03","05-31-2026","BAC Long Course Meters Meet"
"Men ","30-34","100","Breaststroke","24","1:45.86"," Jair Bautista","M34","SACMA","386T-TWM70","05-31-2026","BAC Long Course Meters Meet"
"Men ","30-34","100","Breaststroke","25","1:48.29"," Dylan D Kiselbach","M32","USF","386N-WASRE","07-13-2026","Pacific Masters LCM Championships"
"Men ","30-34","200","Breaststroke","1","2:31.41"," Benjamin J Cono","M30","TOC","3864-NZSVD","08-06-2026","2026 U.S. Masters Swimming Summer National Championship"
"Men ","30-34","200","Breaststroke","2","2:38.15"," Justin J Lomas","M34","SACMA","3866-W1AFE","08-06-2026","2026 U.S. Masters Swimming Summer National Championship"
"Men ","30-34","200","Breaststroke","3","2:47.84"," Tobias Gibis","M34","STAN","386Z-0ANJZ","08-06-2026","2026 U.S. Masters Swimming Summer National Championship"
"Men ","30-34","200","Breaststroke","4","2:48.12"," Michael Rizzo","M33","MELO","3866-0XUUH","08-06-2026","2026 U.S. Masters Swimming Summer National Championship"
"Men ","30-34","200","Breaststroke","5","2:53.20"," Kevin Baumann","M30","SRVM","3860-J5U3U","07-14-2026","Pacific Masters LCM Championships"
"Men ","30-34","200","Breaststroke","6","3:00.02"," Nicholas Yiu","M33","SACMA","3868-07N5C","08-06-2026","2026 U.S. Masters Swimming Summer National Championship"
"Men ","30-34","200","Breaststroke","7","3:08.29"," Kevin Dorn","M33","SJCF","386E-1AVAM","07-14-2026","Pacific Masters LCM Championships"
"Men ","30-34","200","Breaststroke","8","3:09.80"," Felton H Weller","M31","TOC","386A-2SAUD","08-06-2026","2026 U.S. Masters Swimming Summer National Championship"
"Men ","30-34","200","Breaststroke","9","3:19.19"," Yue Shen Gu","M33","WCM","386J-A8APZ","07-14-2026","Pacific Masters LCM Championships"
"Men ","30-34","200","Breaststroke","10","3:40.17"," Michael R Thomas","M34","UC38","386A-07X03","07-14-2026","Pacific Masters LCM Championships"
"Men ","30-34","50","Butterfly","1","25.4"," Julian Mackrel","M31","TOC","386Y-BA1NU","08-09-2026","2026 U.S. Masters Swimming Summer National Championship"
"Men ","30-34","50","Butterfly","2","25.66"," Kevin J Mendoza","M30","STAN","386H-XC3M5","08-09-2026","2026 U.S. Masters Swimming Summer National Championship"
"Men ","30-34","50","Butterfly","3","26.89"," Dylan Kubick","M31","USF","3861-FF9Z3","07-14-2026","Pacific Masters LCM Championships"
"Men ","30-34","50","Butterfly","4","27.16"," Weston Carpenter","M30","USF","386A-2F3VA","07-14-2026","Pacific Masters LCM Championships"
"Men ","30-34","50","Butterfly","5","27.25"," Patrick J Ransford","M30","TOC","3869-GTS7Z","08-09-2026","2026 U.S. Masters Swimming Summer National Championship"
"Men ","30-34","50","Butterfly","6","27.71"," Abrahm DeVine","M30","TOC","386Y-HDMUS","08-09-2026","2026 U.S. Masters Swimming Summer National Championship"
"Men ","30-34","50","Butterfly","7","27.81"," Brian L Fedorov","M31","WCM","386G-091U6","08-09-2026","2026 U.S. Masters Swimming Summer National Championship"
"Men ","30-34","50","Butterfly","8","28.18"," LAWRENCE K LI","M33","TVAM","3864-0B3GT","08-09-2026","2026 U.S. Masters Swimming Summer National Championship"
"Men ","30-34","50","Butterfly","9","28.28"," Nicholas Yiu","M33","SACMA","3868-07N5C","08-09-2026","2026 U.S. Masters Swimming Summer National Championship"
"Men ","30-34","50","Butterfly","10","28.46"," Aaron A Athanas","M32","TOC","3865-0ATTD","08-09-2026","2026 U.S. Masters Swimming Summer National Championship"
"Men ","30-34","50","Butterfly","11","28.66"," Alexander T Borowsky","M30","STAN","386W-09M4J","08-09-2026","2026 U.S. Masters Swimming Summer National Championship"
"Men ","30-34","50","Butterfly","12","29.01"," Chinhao Chang","M33","SJCF","386H-MK862","08-09-2026","2026 U.S. Masters Swimming Summer National Championship"
"Men ","30-34","50","Butterfly","13","29.14"," Sina Riahi","M32","TOC","3867-08B4N","08-09-2026","2026 U.S. Masters Swimming Summer National Championship"
"Men ","30-34","50","Butterfly","14","29.33"," Kevin Baumann","M30","SRVM","3860-J5U3U","05-31-2026","BAC Long Course Meters Meet"
"Men ","30-34","50","Butterfly","15","29.33"," Tobias Gibis","M34","STAN","386Z-0ANJZ","08-09-2026","2026 U.S. Masters Swimming Summer National Championship"
"Men ","30-34","50","Butterfly","16","29.87"," Armon Keshmiri","M33","SACMA","386Z-0V23K","08-09-2026","2026 U.S. Masters Swimming Summer National Championship"
"Men ","30-34","50","Butterfly","17","29.98"," Kyle N Remmert","M30","WCM","386G-09ZS7","08-09-2026","2026 U.S. Masters Swimming Summer National Championship"
"Men ","30-34","50","Butterfly","18","30.33"," Kevin Dorn","M33","SJCF","386E-1AVAM","05-31-2026","BAC Long Course Meters Meet"
"Men ","30-34","50","Butterfly","19","32.3"," Aditya Jalihal","M31","MEMO","3869-ERHT6","08-09-2026","2026 U.S. Masters Swimming Summer National Championship"
"Men ","30-34","50","Butterfly","20","33.33"," Yue Shen Gu","M33","WCM","386J-A8APZ","05-31-2026","BAC Long Course Meters Meet"
"Men ","30-34","50","Butterfly","21","33.91"," Kevin Crooks","M33","TSUN","386C-ASY6F","05-31-2026","BAC Long Course Meters Meet"
"Men ","30-34","50","Butterfly","22","35.14"," Michael R Thomas","M34","UC38","386A-07X03","05-31-2026","BAC Long Course Meters Meet"
"Men ","30-34","50","Butterfly","23","35.41"," Mark Ofosu","M34","USF","3868-M0T1Y","08-09-2026","2026 U.S. Masters Swimming Summer National Championship"
"Men ","30-34","50","Butterfly","24","35.75"," Chase L Hopkins","M33","SACMA","386K-RPYCJ","08-09-2026","2026 U.S. Masters Swimming Summer National Championship"
"Men ","30-34","50","Butterfly","25","35.86"," Shane T Blundell","M32","SJCF","386X-1D4H0","05-31-2026","BAC Long Course Meters Meet"
"Men ","30-34","50","Butterfly","26","47.09"," Spyros Diakakis","M34","TSUN","386V-UG0UV","05-31-2026","BAC Long Course Meters Meet"
"Men ","30-34","100","Butterfly","1","55.85"," Alex Schultz","M32","TOC","386E-27YJ4","08-06-2026","2026 U.S. Masters Swimming Summer National Championship"
"Men ","30-34","100","Butterfly","2","56.73"," Kevin J Mendoza","M30","STAN","386H-XC3M5","08-06-2026","2026 U.S. Masters Swimming Summer National Championship"
"Men ","30-34","100","Butterfly","3","58.94"," Benjamin J Cono","M30","TOC","3864-NZSVD","08-06-2026","2026 U.S. Masters Swimming Summer National Championship"
"Men ","30-34","100","Butterfly","4","59.86"," Julian Mackrel","M31","TOC","386Y-BA1NU","08-06-2026","2026 U.S. Masters Swimming Summer National Championship"
"Men ","30-34","100","Butterfly","5","1:00.64"," Bryan A Hughes","M31","TOC","386U-12HYR","08-06-2026","2026 U.S. Masters Swimming Summer National Championship"
"Men ","30-34","100","Butterfly","6","1:01.52"," Daniel A Thomson","M33","TSUN","3867-DPNWK","07-01-2026","Gay Games Valencia 2026"
"Men ","30-34","100","Butterfly","7","1:01.60"," Brian L Fedorov","M31","WCM","386G-091U6","08-06-2026","2026 U.S. Masters Swimming Summer National Championship"
"Men ","30-34","100","Butterfly","8","1:02.56"," Lee D Ward","M33","WCM","386M-09966","08-06-2026","2026 U.S. Masters Swimming Summer National Championship"
"Men ","30-34","100","Butterfly","9","1:03.23"," Vladimir Ladygin","M30","USF","386P-0KU6F","07-13-2026","Pacific Masters LCM Championships"
"Men ","30-34","100","Butterfly","10","1:03.90"," Sina Riahi","M32","TOC","3867-08B4N","08-06-2026","2026 U.S. Masters Swimming Summer National Championship"
"Men ","30-34","100","Butterfly","11","1:06.38"," Kevin Crooks","M33","TSUN","386C-ASY6F","07-01-2026","Gay Games Valencia 2026"
"Men ","30-34","100","Butterfly","12","1:07.95"," Armon Keshmiri","M33","SACMA","386Z-0V23K","08-06-2026","2026 U.S. Masters Swimming Summer National Championship"
"Men ","30-34","100","Butterfly","13","1:08.20"," Tobias Gibis","M34","STAN","386Z-0ANJZ","08-06-2026","2026 U.S. Masters Swimming Summer National Championship"
"Men ","30-34","100","Butterfly","14","1:08.72"," LAWRENCE K LI","M33","HTUB","3864-0B3GT","07-13-2026","Pacific Masters LCM Championships"
"Men ","30-34","100","Butterfly","15","1:11.91"," Kevin Dorn","M33","SJCF","386E-1AVAM","05-31-2026","BAC Long Course Meters Meet"
"Men ","30-34","100","Butterfly","16","1:22.73"," Nick W Nuñez","M32","QSS","386K-0B6G6","07-13-2026","Pacific Masters LCM Championships"
"Men ","30-34","100","Butterfly","17","1:28.83"," Michael R Thomas","M34","UC38","386A-07X03","05-31-2026","BAC Long Course Meters Meet"
"Men ","30-34","200","Butterfly","1","2:13.69"," Kevin J Mendoza","M30","STAN","386H-XC3M5","08-07-2026","2026 U.S. Masters Swimming Summer National Championship"
"Men ","30-34","200","Butterfly","2","2:16.39"," Alex Schultz","M32","TOC","386E-27YJ4","08-07-2026","2026 U.S. Masters Swimming Summer National Championship"
"Men ","30-34","200","Butterfly","3","2:28.67"," Bryan A Hughes","M31","TOC","386U-12HYR","08-07-2026","2026 U.S. Masters Swimming Summer National Championship"
"Men ","30-34","200","Butterfly","4","2:31.53"," Alexander T Borowsky","M30","STAN","386W-09M4J","08-07-2026","2026 U.S. Masters Swimming Summer National Championship"
"Men ","30-34","200","Butterfly","5","2:52.94"," Amos Chan","M31","WCM","386V-0AF6V","08-07-2026","2026 U.S. Masters Swimming Summer National Championship"
"Men ","30-34","200","Butterfly","6","3:32.65"," Yue Shen Gu","M33","WCM","386J-A8APZ","07-14-2026","Pacific Masters LCM Championships"
"Men ","30-34","200","Butterfly","7","3:34.82"," Michael R Thomas","M34","UC38","386A-07X03","08-07-2026","2026 U.S. Masters Swimming Summer National Championship"
"Men ","30-34","200","Butterfly","8","3:38.60"," Jair Bautista","M34","SACMA","386T-TWM70","08-07-2026","2026 U.S. Masters Swimming Summer National Championship"
"Men ","30-34","200","Individual Medley","1","2:12.62"," Dylan Kubick","M31","USF","3861-FF9Z3","07-14-2026","Pacific Masters LCM Championships"
"Men ","30-34","200","Individual Medley","2","2:16.83"," Daniel A Thomson","M33","TSUN","3867-DPNWK","07-02-2026","Gay Games Valencia 2026"
"Men ","30-34","200","Individual Medley","3","2:22.84"," Lee D Ward","M33","WCM","386M-09966","08-08-2026","2026 U.S. Masters Swimming Summer National Championship"
"Men ","30-34","200","Individual Medley","4","2:24.40"," Kevin Baumann","M30","SRVM","3860-J5U3U","08-08-2026","2026 U.S. Masters Swimming Summer National Championship"
"Men ","30-34","200","Individual Medley","5","2:27.54"," Alexander T Borowsky","M30","STAN","386W-09M4J","08-08-2026","2026 U.S. Masters Swimming Summer National Championship"
"Men ","30-34","200","Individual Medley","6","2:33.65"," Kevin Crooks","M33","TSUN","386C-ASY6F","05-31-2026","BAC Long Course Meters Meet"
"Men ","30-34","200","Individual Medley","7","2:37.07"," Chinhao Chang","M33","SJCF","386H-MK862","07-14-2026","Pacific Masters LCM Championships"
"Men ","30-34","200","Individual Medley","8","2:42.93"," Armon Keshmiri","M33","SACMA","386Z-0V23K","07-14-2026","Pacific Masters LCM Championships"
"Men ","30-34","200","Individual Medley","9","2:43.95"," Patrick O MacDonald","M31","TSUN","386F-B7811","05-31-2026","BAC Long Course Meters Meet"
"Men ","30-34","200","Individual Medley","10","2:48.79"," Aaron Pluemer","M30","MVM","386V-0B499","07-14-2026","Pacific Masters LCM Championships"
"Men ","30-34","200","Individual Medley","11","2:52.84"," Edward S Ahn","M31","USF","386Y-GWPSP","07-14-2026","Pacific Masters LCM Championships"
"Men ","30-34","200","Individual Medley","12","2:55.12"," Daniel Rico","M30","WCM","386V-965GK","08-08-2026","2026 U.S. Masters Swimming Summer National Championship"
"Men ","30-34","200","Individual Medley","13","2:58.15"," Nick W Nuñez","M32","QSS","386K-0B6G6","07-14-2026","Pacific Masters LCM Championships"
"Men ","30-34","200","Individual Medley","14","3:00.17"," Yue Shen Gu","M33","WCM","386J-A8APZ","05-31-2026","BAC Long Course Meters Meet"
"Men ","30-34","200","Individual Medley","15","3:13.89"," Michael R Thomas","M34","UC38","386A-07X03","08-08-2026","2026 U.S. Masters Swimming Summer National Championship"
"Men ","30-34","200","Individual Medley","16","3:29.73"," Connor N Anderson","M31","UC38","3868-VB4EH","05-31-2026","BAC Long Course Meters Meet"
"Men ","30-34","400","Individual Medley","1","5:15.47"," Alexander T Borowsky","M30","STAN","386W-09M4J","08-07-2026","2026 U.S. Masters Swimming Summer National Championship"
"Men ","30-34","400","Individual Medley","2","5:40.36"," Kevin Crooks","M33","TSUN","386C-ASY6F","06-29-2026","Gay Games Valencia 2026"
"Men ","30-34","400","Individual Medley","3","5:50.69"," Chinhao Chang","M33","SJCF","386H-MK862","07-12-2026","Pacific Masters LCM Championships"
"Men ","30-34","400","Individual Medley","4","6:07.56"," Amos Chan","M31","WCM","386V-0AF6V","08-07-2026","2026 U.S. Masters Swimming Summer National Championship"
"Men ","30-34","400","Individual Medley","5","6:09.31"," Kevin Dorn","M33","SJCF","386E-1AVAM","07-12-2026","Pacific Masters LCM Championships"
"Men ","30-34","400","Individual Medley","6","6:35.37"," Yue Shen Gu","M33","WCM","386J-A8APZ","07-12-2026","Pacific Masters LCM Championships"
"Men ","30-34","400","Individual Medley","7","7:14.55"," Michael R Thomas","M34","UC38","386A-07X03","08-07-2026","2026 U.S. Masters Swimming Summer National Championship"
"Men ","35-39","50","Freestyle","1","24.18"," Daniel D Wall","M37","TOC","386D-G7BDN","","2026 U.S. Masters Swimming Summer National Championship"
"Men ","35-39","50","Freestyle","2","24.25"," Rob H Newell","M36","TOC","386H-09H84","08-08-2026","2026 U.S. Masters Swimming Summer National Championship"
"Men ","35-39","50","Freestyle","3","24.63"," Iskender Baslakov","M36","UC38","386V-DU5N7","06-20-2026","2026 Semana Nautica Masters Meet"
"Men ","35-39","50","Freestyle","4","24.91"," Bobby Savulich","M39","TOC","386W-JSXSV","08-08-2026","2026 U.S. Masters Swimming Summer National Championship"
"Men ","35-39","50","Freestyle","5","25.09"," Brandon J Fischer","M37","TVAM","3861-0B8R9","","2026 U.S. Masters Swimming Summer National Championship"
"Men ","35-39","50","Freestyle","6","25.37"," Steven M Cebertowicz","M37","WCM","386K-09H7H","08-08-2026","2026 U.S. Masters Swimming Summer National Championship"
"Men ","35-39","50","Freestyle","7","26.15"," Yijun Liu","M37","BAC","386C-R5GCN","08-08-2026","2026 U.S. Masters Swimming Summer National Championship"
"Men ","35-39","50","Freestyle","8","27"," Adam C Borchard","M38","SACMA","3860-0AD8J","08-08-2026","2026 U.S. Masters Swimming Summer National Championship"
"Men ","35-39","50","Freestyle","9","27.47"," Andrew J Griffeth","M36","UC38","3861-07UGB","08-08-2026","2026 U.S. Masters Swimming Summer National Championship"
"Men ","35-39","50","Freestyle","10","27.61"," Vedran Jovic","M38","VACA","386R-0AJXK","07-13-2026","Pacific Masters LCM Championships"
"Men ","35-39","50","Freestyle","11","27.92"," Chasen J Rogers","M36","MEMO","3868-ASH25","05-31-2026","BAC Long Course Meters Meet"
"Men ","35-39","50","Freestyle","12","28.01"," Gerald A Gee","M36","WCM","386W-8TW6N","","2026 U.S. Masters Swimming Summer National Championship"
"Men ","35-39","50","Freestyle","13","28.14"," Justin LaForge","M37","USF","3867-GSWS9","","2026 U.S. Masters Swimming Summer National Championship"
"Men ","35-39","50","Freestyle","14","28.23"," Mark P Pan","M37","USF","3860-G01PM","05-31-2026","BAC Long Course Meters Meet"
"Men ","35-39","50","Freestyle","15","28.42"," Russ Underwood","M38","UC38","386H-07Y2F","06-20-2026","2026 Semana Nautica Masters Meet"
"Men ","35-39","50","Freestyle","16","28.44"," Kenny Cheng","M37","UC38","3860-PDPHH","07-13-2026","Pacific Masters LCM Championships"
"Men ","35-39","50","Freestyle","17","28.75"," JIAJI QI","M36","QSS","3860-9BP71","07-13-2026","Pacific Masters LCM Championships"
"Men ","35-39","50","Freestyle","18","28.85"," Konstantinos Parasyris","M37","TVM","386U-A8DP1","08-08-2026","2026 U.S. Masters Swimming Summer National Championship"
"Men ","35-39","50","Freestyle","19","28.93"," Brian Rudolph","M35","HTUB","386V-J2STW","08-08-2026","2026 U.S. Masters Swimming Summer National Championship"
"Men ","35-39","50","Freestyle","20","29.29"," Ryan Perkins","M36","SNM","386J-S8VHB","06-28-2026","SILVER STATE MASTERS LCM"
"Men ","35-39","50","Freestyle","21","29.49"," Marc D Lewis","M39","SACMA","386F-TDF7V","08-08-2026","2026 U.S. Masters Swimming Summer National Championship"
"Men ","35-39","50","Freestyle","22","29.58"," Enrique Ortiz","M37","TSUN","386U-0AK47","06-30-2026","Gay Games Valencia 2026"
"Men ","35-39","50","Freestyle","23","29.58"," Mike C Fleming","M37","UC38","386P-09SYD","05-31-2026","BAC Long Course Meters Meet"
"Men ","35-39","50","Freestyle","24","30.54"," Mahmoud Elnaggar","M37","STAN","386W-T30P8","08-08-2026","2026 U.S. Masters Swimming Summer National Championship"
"Men ","35-39","50","Freestyle","25","31.03"," Nathan C Gallagher","M39","USF","386E-YXJ5F","08-08-2026","2026 U.S. Masters Swimming Summer National Championship"
"Men ","35-39","50","Freestyle","26","31.11"," Andrei Vernon","M37","SACMA","386B-7H6W8","","2026 U.S. Masters Swimming Summer National Championship"
"Men ","35-39","50","Freestyle","27","31.27"," Patrick R Knudsen","M39","TSUN","386T-XD9J7","06-30-2026","Gay Games Valencia 2026"
"Men ","35-39","50","Freestyle","28","31.34"," Nuno Miguel da Silva Almeida","M39","SACMA","3865-E63C3","08-08-2026","2026 U.S. Masters Swimming Summer National Championship"
"Men ","35-39","50","Freestyle","29","31.4"," Antonio J Azori","M35","TSUN","3866-0AKBN","06-30-2026","Gay Games Valencia 2026"
"Men ","35-39","50","Freestyle","30","32.2"," Benjamin H Gregori","M36","TSUN","3867-0A1AS","06-30-2026","Gay Games Valencia 2026"
"Men ","35-39","50","Freestyle","31","33.28"," Christopher A Bardales","M36","TSUN","3863-09NAF","06-30-2026","Gay Games Valencia 2026"
"Men ","35-39","50","Freestyle","32","33.95"," Kenneth T Kretz","M37","SJCF","3865-FV6D6","05-31-2026","BAC Long Course Meters Meet"
"Men ","35-39","50","Freestyle","33","34.56"," Armando Arias","M37","SJCF","386V-09VEP","08-08-2026","2026 U.S. Masters Swimming Summer National Championship"
"Men ","35-39","50","Freestyle","34","35.59"," Dong Chen","M37","QSS","386A-H9274","07-13-2026","Pacific Masters LCM Championships"
"Men ","35-39","100","Freestyle","1","55.38"," Bobby Savulich","M39","TOC","386W-JSXSV","08-07-2026","2026 U.S. Masters Swimming Summer National Championship"
"Men ","35-39","100","Freestyle","2","57.94"," Steven M Cebertowicz","M37","WCM","386K-09H7H","08-07-2026","2026 U.S. Masters Swimming Summer National Championship"
"Men ","35-39","100","Freestyle","3","58.78"," Yijun Liu","M37","BAC","386C-R5GCN","08-07-2026","2026 U.S. Masters Swimming Summer National Championship"
"Men ","35-39","100","Freestyle","4","58.8"," Adam C Borchard","M38","SACMA","3860-0AD8J","08-07-2026","2026 U.S. Masters Swimming Summer National Championship"
"Men ","35-39","100","Freestyle","5","59.98"," Vedran Jovic","M38","VACA","386R-0AJXK","07-13-2026","Pacific Masters LCM Championships"
"Men ","35-39","100","Freestyle","6","1:00.93"," Kyle T Leimkuhler","M39","MELO","3867-08408","07-13-2026","Pacific Masters LCM Championships"
"Men ","35-39","100","Freestyle","7","1:01.27"," Gerald A Gee","M36","WCM","386W-8TW6N","08-07-2026","2026 U.S. Masters Swimming Summer National Championship"
"Men ","35-39","100","Freestyle","8","1:01.89"," Kenny Cheng","M37","UC38","3860-PDPHH","07-13-2026","Pacific Masters LCM Championships"
"Men ","35-39","100","Freestyle","9","1:02.68"," Brad Perfect","M36","SRVM","386M-ZZ3KJ","08-07-2026","2026 U.S. Masters Swimming Summer National Championship"
"Men ","35-39","100","Freestyle","10","1:02.80"," Chasen J Rogers","M36","MEMO","3868-ASH25","08-07-2026","2026 U.S. Masters Swimming Summer National Championship"
"Men ","35-39","100","Freestyle","11","1:03.12"," Russ Underwood","M38","UC38","386H-07Y2F","06-20-2026","2026 Semana Nautica Masters Meet"
"Men ","35-39","100","Freestyle","12","1:03.96"," Konstantinos Parasyris","M37","TVM","386U-A8DP1","08-07-2026","2026 U.S. Masters Swimming Summer National Championship"
"Men ","35-39","100","Freestyle","13","1:04.83"," Justin LaForge","M37","USF","3867-GSWS9","08-07-2026","2026 U.S. Masters Swimming Summer National Championship"
"Men ","35-39","100","Freestyle","14","1:05.54"," Mark P Pan","M37","USF","3860-G01PM","08-07-2026","2026 U.S. Masters Swimming Summer National Championship"
"Men ","35-39","100","Freestyle","15","1:06.29"," Martin Chuang","M36","MVM","386G-0AP2B","08-07-2026","2026 U.S. Masters Swimming Summer National Championship"
"Men ","35-39","100","Freestyle","16","1:07.10"," Ryan Perkins","M36","SNM","386J-S8VHB","06-28-2026","SILVER STATE MASTERS LCM"
"Men ","35-39","100","Freestyle","17","1:07.77"," Mike C Fleming","M37","UC38","386P-09SYD","08-07-2026","2026 U.S. Masters Swimming Summer National Championship"
"Men ","35-39","100","Freestyle","18","1:08.57"," Marc D Lewis","M39","SACMA","386F-TDF7V","08-07-2026","2026 U.S. Masters Swimming Summer National Championship"
"Men ","35-39","100","Freestyle","19","1:10.66"," Austin J Lange","M39","SACMA","3866-YVAJ8","08-07-2026","2026 U.S. Masters Swimming Summer National Championship"
"Men ","35-39","100","Freestyle","20","1:11.82"," Nuno Miguel da Silva Almeida","M39","SACMA","3865-E63C3","08-07-2026","2026 U.S. Masters Swimming Summer National Championship"
"Men ","35-39","100","Freestyle","21","1:12.43"," Mahmoud Elnaggar","M37","STAN","386W-T30P8","08-07-2026","2026 U.S. Masters Swimming Summer National Championship"
"Men ","35-39","100","Freestyle","22","1:15.28"," Patrick R Knudsen","M39","TSUN","386T-XD9J7","07-02-2026","Gay Games Valencia 2026"
"Men ","35-39","100","Freestyle","23","1:17.34"," Dong Chen","M37","QSS","386A-H9274","07-13-2026","Pacific Masters LCM Championships"
"Men ","35-39","100","Freestyle","24","1:23.71"," Kenneth T Kretz","M37","SJCF","3865-FV6D6","05-31-2026","BAC Long Course Meters Meet"
"Men ","35-39","200","Freestyle","1","2:06.91"," Bobby Savulich","M39","TOC","386W-JSXSV","08-09-2026","2026 U.S. Masters Swimming Summer National Championship"
"Men ","35-39","200","Freestyle","2","2:09.69"," Adam C Borchard","M38","SACMA","3860-0AD8J","08-09-2026","2026 U.S. Masters Swimming Summer National Championship"
"Men ","35-39","200","Freestyle","3","2:14.47"," Austin W Jones","M35","TSUN","386P-P9B29","08-09-2026","2026 U.S. Masters Swimming Summer National Championship"
"Men ","35-39","200","Freestyle","4","2:18.92"," Kyle T Leimkuhler","M39","MELO","3867-08408","07-14-2026","Pacific Masters LCM Championships"
"Men ","35-39","200","Freestyle","5","2:19.94"," Vedran Jovic","M38","VACA","386R-0AJXK","07-14-2026","Pacific Masters LCM Championships"
"Men ","35-39","200","Freestyle","6","2:20.20"," Brad Perfect","M36","SRVM","386M-ZZ3KJ","08-09-2026","2026 U.S. Masters Swimming Summer National Championship"
"Men ","35-39","200","Freestyle","7","2:21.14"," Cris Loftus","M37","TSUN","386K-07NPS","05-31-2026","BAC Long Course Meters Meet"
"Men ","35-39","200","Freestyle","8","2:23.60"," Justin LaForge","M37","USF","3867-GSWS9","05-31-2026","BAC Long Course Meters Meet"
"Men ","35-39","200","Freestyle","9","2:30.30"," Andrei Vernon","M37","SACMA","386B-7H6W8","08-09-2026","2026 U.S. Masters Swimming Summer National Championship"
"Men ","35-39","200","Freestyle","10","2:33.81"," Enrique Ortiz","M37","TSUN","386U-0AK47","06-29-2026","Gay Games Valencia 2026"
"Men ","35-39","200","Freestyle","11","2:36.72"," Mike C Fleming","M37","UC38","386P-09SYD","05-31-2026","BAC Long Course Meters Meet"
"Men ","35-39","200","Freestyle","12","2:40.24"," Antonio J Azori","M35","TSUN","3866-0AKBN","06-29-2026","Gay Games Valencia 2026"
"Men ","35-39","200","Freestyle","13","3:00.71"," Armando Arias","M37","SJCF","386V-09VEP","08-09-2026","2026 U.S. Masters Swimming Summer National Championship"
"Men ","35-39","200","Freestyle","14","3:14.41"," Kenneth T Kretz","M37","SJCF","3865-FV6D6","05-31-2026","BAC Long Course Meters Meet"
"Men ","35-39","400","Freestyle","1","4:34.05"," Bobby Savulich","M39","TOC","386W-JSXSV","08-06-2026","2026 U.S. Masters Swimming Summer National Championship"
"Men ","35-39","400","Freestyle","2","4:36.36"," Adam C Borchard","M38","SACMA","3860-0AD8J","08-06-2026","2026 U.S. Masters Swimming Summer National Championship"
"Men ","35-39","400","Freestyle","3","4:48.12"," Rodrigo M Paz","M35","TSUN","386Z-N0ZN6","05-31-2026","BAC Long Course Meters Meet"
"Men ","35-39","400","Freestyle","4","4:58.31"," Austin W Jones","M35","TSUN","386P-P9B29","05-31-2026","BAC Long Course Meters Meet"
"Men ","35-39","400","Freestyle","5","5:05.76"," Kyle T Leimkuhler","M39","MELO","3867-08408","07-12-2026","Pacific Masters LCM Championships"
"Men ","35-39","400","Freestyle","6","5:09.26"," Cris Loftus","M37","TSUN","386K-07NPS","05-31-2026","BAC Long Course Meters Meet"
"Men ","35-39","400","Freestyle","7","5:42.86"," Nicholas A DeNezzo","M38","FBSC","386B-08BEK","08-06-2026","2026 U.S. Masters Swimming Summer National Championship"
"Men ","35-39","400","Freestyle","8","7:17.86"," Kenneth T Kretz","M37","SJCF","3865-FV6D6","05-31-2026","BAC Long Course Meters Meet"
"Men ","35-39","800","Freestyle","1","9:36.93"," Jon Christensen","M36","USF","3860-08BTJ","07-01-2026","Gay Games Valencia 2026"
"Men ","35-39","800","Freestyle","2","9:42.12"," Adam C Borchard","M38","SACMA","3860-0AD8J","08-08-2026","2026 U.S. Masters Swimming Summer National Championship"
"Men ","35-39","800","Freestyle","3","10:06.19"," Austin W Jones","M35","TSUN","386P-P9B29","08-08-2026","2026 U.S. Masters Swimming Summer National Championship"
"Men ","35-39","800","Freestyle","4","10:12.28"," Kyle T Leimkuhler","M39","MELO","3867-08408","07-13-2026","Pacific Masters LCM Championships"
"Men ","35-39","800","Freestyle","5","10:32.13"," Cris Loftus","M37","TSUN","386K-07NPS","07-01-2026","Gay Games Valencia 2026"
"Men ","35-39","1500","Freestyle","1","18:43.74"," Adam C Borchard","M38","SACMA","3860-0AD8J","07-12-2026","Pacific Masters LCM Championships"
"Men ","35-39","1500","Freestyle","2","18:50.00"," Bobby Savulich","M39","TOC","386W-JSXSV","08-05-2026","2026 U.S. Masters Swimming Summer National Championship"
"Men ","35-39","1500","Freestyle","3","19:27.87"," Daniel D Wall","M37","TOC","386D-G7BDN","08-05-2026","2026 U.S. Masters Swimming Summer National Championship"
"Men ","35-39","1500","Freestyle","4","21:08.86"," Andrei Vernon","M37","SACMA","386B-7H6W8","08-05-2026","2026 U.S. Masters Swimming Summer National Championship"
"Men ","35-39","1500","Freestyle","5","28:56.96"," Samuel A Wilson","M38","SJCF","386Y-J3ERK","07-12-2026","Pacific Masters LCM Championships"
"Men ","35-39","50","Backstroke","1","26.87"," Rob H Newell","M36","TOC","386H-09H84","","2026 U.S. Masters Swimming Summer National Championship"
"Men ","35-39","50","Backstroke","2","30"," Jon Christensen","M36","USF","3860-08BTJ","08-08-2026","2026 U.S. Masters Swimming Summer National Championship"
"Men ","35-39","50","Backstroke","3","30.6"," Gerald A Gee","M36","WCM","386W-8TW6N","08-08-2026","2026 U.S. Masters Swimming Summer National Championship"
"Men ","35-39","50","Backstroke","4","31.02"," Yijun Liu","M37","BAC","386C-R5GCN","07-13-2026","Pacific Masters LCM Championships"
"Men ","35-39","50","Backstroke","5","31.67"," Nolan R Bethely","M36","RAMS","386R-5UPVS","08-08-2026","2026 U.S. Masters Swimming Summer National Championship"
"Men ","35-39","50","Backstroke","6","32.22"," Andrew J Griffeth","M36","UC38","3861-07UGB","06-28-2026","SILVER STATE MASTERS LCM"
"Men ","35-39","50","Backstroke","7","33.61"," Chasen J Rogers","M36","MEMO","3868-ASH25","08-08-2026","2026 U.S. Masters Swimming Summer National Championship"
"Men ","35-39","50","Backstroke","8","34.28"," Louis Rogers","M37","WCM","386M-1HU6Y","07-13-2026","Pacific Masters LCM Championships"
"Men ","35-39","50","Backstroke","9","35.24"," Ryan Perkins","M36","SNM","386J-S8VHB","06-28-2026","SILVER STATE MASTERS LCM"
"Men ","35-39","50","Backstroke","10","35.75"," Adam C Borchard","M38","SACMA","3860-0AD8J","05-31-2026","BAC Long Course Meters Meet"
"Men ","35-39","50","Backstroke","11","37.14"," Christopher A Bardales","M36","TSUN","3863-09NAF","06-29-2026","Gay Games Valencia 2026"
"Men ","35-39","50","Backstroke","12","38.81"," Austin J Lange","M39","SACMA","3866-YVAJ8","","2026 U.S. Masters Swimming Summer National Championship"
"Men ","35-39","50","Backstroke","13","39.09"," Nathan C Gallagher","M39","USF","386E-YXJ5F","08-08-2026","2026 U.S. Masters Swimming Summer National Championship"
"Men ","35-39","50","Backstroke","14","39.35"," Mike C Fleming","M37","UC38","386P-09SYD","08-08-2026","2026 U.S. Masters Swimming Summer National Championship"
"Men ","35-39","50","Backstroke","15","46.39"," Dong Chen","M37","QSS","386A-H9274","07-13-2026","Pacific Masters LCM Championships"
"Men ","35-39","50","Backstroke","16","52.66"," Mahmoud Elnaggar","M37","STAN","386W-T30P8","","2026 U.S. Masters Swimming Summer National Championship"
"Men ","35-39","100","Backstroke","1","58.87"," Rob H Newell","M36","TOC","386H-09H84","08-06-2026","2026 U.S. Masters Swimming Summer National Championship"
"Men ","35-39","100","Backstroke","2","1:05.89"," Matt Boone","M37","WCM","3865-06SJJ","08-06-2026","2026 U.S. Masters Swimming Summer National Championship"
"Men ","35-39","100","Backstroke","3","1:07.17"," Yijun Liu","M37","BAC","386C-R5GCN","08-06-2026","2026 U.S. Masters Swimming Summer National Championship"
"Men ","35-39","100","Backstroke","4","1:10.32"," Louis Rogers","M37","WCM","386M-1HU6Y","07-14-2026","Pacific Masters LCM Championships"
"Men ","35-39","100","Backstroke","5","1:11.24"," Andrew J Griffeth","M36","UC38","3861-07UGB","05-31-2026","BAC Long Course Meters Meet"
"Men ","35-39","100","Backstroke","6","1:13.02"," Jason J Singh","M37","TSUN","386W-05V7T","06-28-2026","Gay Games Valencia 2026"
"Men ","35-39","100","Backstroke","7","1:13.44"," Kenny Cheng","M37","UC38","3860-PDPHH","08-06-2026","2026 U.S. Masters Swimming Summer National Championship"
"Men ","35-39","100","Backstroke","8","1:20.43"," Christopher A Bardales","M36","TSUN","3863-09NAF","06-28-2026","Gay Games Valencia 2026"
"Men ","35-39","100","Backstroke","9","1:26.27"," Austin J Lange","M39","SACMA","3866-YVAJ8","07-14-2026","Pacific Masters LCM Championships"
"Men ","35-39","100","Backstroke","10","1:35.29"," Zachary Farley","M35","TSUN","386A-TF74B","06-28-2026","Gay Games Valencia 2026"
"Men ","35-39","200","Backstroke","1","2:11.00"," Rob H Newell","M36","TOC","386H-09H84","08-09-2026","2026 U.S. Masters Swimming Summer National Championship"
"Men ","35-39","200","Backstroke","2","2:36.91"," Sebastian Turner","M35","TSUN","386Z-6018P","08-09-2026","2026 U.S. Masters Swimming Summer National Championship"
"Men ","35-39","200","Backstroke","3","2:38.19"," Jason J Singh","M37","TSUN","386W-05V7T","06-30-2026","Gay Games Valencia 2026"
"Men ","35-39","200","Backstroke","4","2:41.09"," Louis Rogers","M37","WCM","386M-1HU6Y","07-13-2026","Pacific Masters LCM Championships"
"Men ","35-39","200","Backstroke","5","2:43.45"," Austin W Jones","M35","TSUN","386P-P9B29","08-09-2026","2026 U.S. Masters Swimming Summer National Championship"
"Men ","35-39","200","Backstroke","6","2:57.63"," Christopher A Bardales","M36","TSUN","3863-09NAF","06-30-2026","Gay Games Valencia 2026"
"Men ","35-39","50","Breaststroke","1","28.93"," Brandon J Fischer","M37","TVAM","3861-0B8R9","08-07-2026","2026 U.S. Masters Swimming Summer National Championship"
"Men ","35-39","50","Breaststroke","2","31.14"," Jon Christensen","M36","USF","3860-08BTJ","06-30-2026","Gay Games Valencia 2026"
"Men ","35-39","50","Breaststroke","3","33.89"," Kenny Cheng","M37","UC38","3860-PDPHH","07-14-2026","Pacific Masters LCM Championships"
"Men ","35-39","50","Breaststroke","4","34.18"," Brad Perfect","M36","SRVM","386M-ZZ3KJ","08-07-2026","2026 U.S. Masters Swimming Summer National Championship"
"Men ","35-39","50","Breaststroke","5","35.34"," Brian Rudolph","M35","HTUB","386V-J2STW","08-07-2026","2026 U.S. Masters Swimming Summer National Championship"
"Men ","35-39","50","Breaststroke","6","36.45"," Cris Loftus","M37","TSUN","386K-07NPS","05-31-2026","BAC Long Course Meters Meet"
"Men ","35-39","50","Breaststroke","7","37.07"," Adam C Borchard","M38","SACMA","3860-0AD8J","05-31-2026","BAC Long Course Meters Meet"
"Men ","35-39","50","Breaststroke","8","37.15"," Nicholas A DeNezzo","M38","FBSC","386B-08BEK","08-07-2026","2026 U.S. Masters Swimming Summer National Championship"
"Men ","35-39","50","Breaststroke","9","37.85"," Konstantinos Parasyris","M37","TVM","386U-A8DP1","08-07-2026","2026 U.S. Masters Swimming Summer National Championship"
"Men ","35-39","50","Breaststroke","10","39.36"," Ryan Perkins","M36","SNM","386J-S8VHB","06-28-2026","SILVER STATE MASTERS LCM"
"Men ","35-39","50","Breaststroke","11","40.39"," Mark P Pan","M37","USF","3860-G01PM","07-14-2026","Pacific Masters LCM Championships"
"Men ","35-39","50","Breaststroke","12","42.31"," JIAJI QI","M36","QSS","3860-9BP71","05-31-2026","BAC Long Course Meters Meet"
"Men ","35-39","50","Breaststroke","13","42.42"," Austin J Lange","M39","SACMA","3866-YVAJ8","07-14-2026","Pacific Masters LCM Championships"
"Men ","35-39","50","Breaststroke","14","42.94"," Patrick R Knudsen","M39","TSUN","386T-XD9J7","06-30-2026","Gay Games Valencia 2026"
"Men ","35-39","50","Breaststroke","15","42.99"," Bugra Akyildiz","M37","STAN","386M-Z94F8","08-07-2026","2026 U.S. Masters Swimming Summer National Championship"
"Men ","35-39","50","Breaststroke","16","43.17"," Benjamin H Gregori","M36","TSUN","3867-0A1AS","06-30-2026","Gay Games Valencia 2026"
"Men ","35-39","100","Breaststroke","1","1:03.11"," Brandon J Fischer","M37","TVAM","3861-0B8R9","08-08-2026","2026 U.S. Masters Swimming Summer National Championship"
"Men ","35-39","100","Breaststroke","2","1:09.88"," Jon Christensen","M36","USF","3860-08BTJ","08-08-2026","2026 U.S. Masters Swimming Summer National Championship"
"Men ","35-39","100","Breaststroke","3","1:13.25"," Rodrigo M Paz","M35","TSUN","386Z-N0ZN6","05-31-2026","BAC Long Course Meters Meet"
"Men ","35-39","100","Breaststroke","4","1:15.10"," Kenny Cheng","M37","UC38","3860-PDPHH","07-13-2026","Pacific Masters LCM Championships"
"Men ","35-39","100","Breaststroke","5","1:15.35"," Vedran Jovic","M38","VACA","386R-0AJXK","07-13-2026","Pacific Masters LCM Championships"
"Men ","35-39","100","Breaststroke","6","1:15.57"," Cris Loftus","M37","TSUN","386K-07NPS","07-01-2026","Gay Games Valencia 2026"
"Men ","35-39","100","Breaststroke","7","1:15.73"," Brad Perfect","M36","SRVM","386M-ZZ3KJ","08-08-2026","2026 U.S. Masters Swimming Summer National Championship"
"Men ","35-39","100","Breaststroke","8","1:20.09"," Brian Rudolph","M35","HTUB","386V-J2STW","08-08-2026","2026 U.S. Masters Swimming Summer National Championship"
"Men ","35-39","100","Breaststroke","9","1:22.59"," Nicholas A DeNezzo","M38","FBSC","386B-08BEK","08-08-2026","2026 U.S. Masters Swimming Summer National Championship"
"Men ","35-39","100","Breaststroke","10","1:23.98"," Konstantinos Parasyris","M37","TVM","386U-A8DP1","08-08-2026","2026 U.S. Masters Swimming Summer National Championship"
"Men ","35-39","100","Breaststroke","11","1:26.24"," Justin LaForge","M37","USF","3867-GSWS9","08-08-2026","2026 U.S. Masters Swimming Summer National Championship"
"Men ","35-39","100","Breaststroke","12","1:27.84"," Louis Rogers","M37","WCM","386M-1HU6Y","07-13-2026","Pacific Masters LCM Championships"
"Men ","35-39","100","Breaststroke","13","1:29.10"," Martin Chuang","M36","MVM","386G-0AP2B","08-08-2026","2026 U.S. Masters Swimming Summer National Championship"
"Men ","35-39","100","Breaststroke","14","1:32.25"," Bugra Akyildiz","M37","STAN","386M-Z94F8","08-08-2026","2026 U.S. Masters Swimming Summer National Championship"
"Men ","35-39","200","Breaststroke","1","2:17.45"," Brandon J Fischer","M37","TVAM","3861-0B8R9","08-06-2026","2026 U.S. Masters Swimming Summer National Championship"
"Men ","35-39","200","Breaststroke","2","2:38.21"," Jon Christensen","M36","USF","3860-08BTJ","06-28-2026","Gay Games Valencia 2026"
"Men ","35-39","200","Breaststroke","3","2:46.45"," Vedran Jovic","M38","VACA","386R-0AJXK","07-14-2026","Pacific Masters LCM Championships"
"Men ","35-39","200","Breaststroke","4","2:47.78"," Kenny Cheng","M37","UC38","3860-PDPHH","08-06-2026","2026 U.S. Masters Swimming Summer National Championship"
"Men ","35-39","200","Breaststroke","5","2:47.90"," Cris Loftus","M37","TSUN","386K-07NPS","06-28-2026","Gay Games Valencia 2026"
"Men ","35-39","200","Breaststroke","6","3:11.35"," Brian Rudolph","M35","HTUB","386V-J2STW","08-06-2026","2026 U.S. Masters Swimming Summer National Championship"
"Men ","35-39","200","Breaststroke","7","3:11.54"," Nicholas A DeNezzo","M38","FBSC","386B-08BEK","08-06-2026","2026 U.S. Masters Swimming Summer National Championship"
"Men ","35-39","200","Breaststroke","8","3:26.60"," JIAJI QI","M36","QSS","3860-9BP71","07-14-2026","Pacific Masters LCM Championships"
"Men ","35-39","50","Butterfly","1","26.63"," Brandon J Fischer","M37","TVAM","3861-0B8R9","08-09-2026","2026 U.S. Masters Swimming Summer National Championship"
"Men ","35-39","50","Butterfly","2","26.82"," Bobby Savulich","M39","TOC","386W-JSXSV","08-09-2026","2026 U.S. Masters Swimming Summer National Championship"
"Men ","35-39","50","Butterfly","3","27.01"," Daniel D Wall","M37","TOC","386D-G7BDN","08-09-2026","2026 U.S. Masters Swimming Summer National Championship"
"Men ","35-39","50","Butterfly","4","28.52"," Adam C Borchard","M38","SACMA","3860-0AD8J","08-09-2026","2026 U.S. Masters Swimming Summer National Championship"
"Men ","35-39","50","Butterfly","5","29.54"," Kyle T Leimkuhler","M39","MELO","3867-08408","07-14-2026","Pacific Masters LCM Championships"
"Men ","35-39","50","Butterfly","6","29.72"," Sebastian Turner","M35","TSUN","386Z-6018P","08-09-2026","2026 U.S. Masters Swimming Summer National Championship"
"Men ","35-39","50","Butterfly","7","29.95"," Andrew J Griffeth","M36","UC38","3861-07UGB","08-09-2026","2026 U.S. Masters Swimming Summer National Championship"
"Men ","35-39","50","Butterfly","8","30.25"," Chasen J Rogers","M36","MEMO","3868-ASH25","08-09-2026","2026 U.S. Masters Swimming Summer National Championship"
"Men ","35-39","50","Butterfly","9","30.59"," Mark P Pan","M37","USF","3860-G01PM","08-09-2026","2026 U.S. Masters Swimming Summer National Championship"
"Men ","35-39","50","Butterfly","10","31.72"," Brian Rudolph","M35","HTUB","386V-J2STW","08-09-2026","2026 U.S. Masters Swimming Summer National Championship"
"Men ","35-39","50","Butterfly","11","31.8"," Martin Chuang","M36","MVM","386G-0AP2B","08-09-2026","2026 U.S. Masters Swimming Summer National Championship"
"Men ","35-39","50","Butterfly","12","31.98"," Nicholas A DeNezzo","M38","FBSC","386B-08BEK","08-09-2026","2026 U.S. Masters Swimming Summer National Championship"
"Men ","35-39","50","Butterfly","13","33.45"," JIAJI QI","M36","QSS","3860-9BP71","08-09-2026","2026 U.S. Masters Swimming Summer National Championship"
"Men ","35-39","50","Butterfly","14","34.88"," Antonio J Azori","M35","TSUN","3866-0AKBN","06-28-2026","Gay Games Valencia 2026"
"Men ","35-39","50","Butterfly","15","36.51"," Nuno Miguel da Silva Almeida","M39","SACMA","3865-E63C3","08-09-2026","2026 U.S. Masters Swimming Summer National Championship"
"Men ","35-39","50","Butterfly","16","36.76"," Christopher A Bardales","M36","TSUN","3863-09NAF","06-28-2026","Gay Games Valencia 2026"
"Men ","35-39","50","Butterfly","17","37.69"," Zachary Farley","M35","TSUN","386A-TF74B","06-28-2026","Gay Games Valencia 2026"
"Men ","35-39","50","Butterfly","18","43.31"," Mahmoud Elnaggar","M37","STAN","386W-T30P8","08-09-2026","2026 U.S. Masters Swimming Summer National Championship"
"Men ","35-39","100","Butterfly","1","56.14"," Rob H Newell","M36","TOC","386H-09H84","08-06-2026","2026 U.S. Masters Swimming Summer National Championship"
"Men ","35-39","100","Butterfly","2","59.38"," Brandon J Fischer","M37","TVAM","3861-0B8R9","08-06-2026","2026 U.S. Masters Swimming Summer National Championship"
"Men ","35-39","100","Butterfly","3","1:01.79"," Matt Boone","M37","WCM","3865-06SJJ","08-06-2026","2026 U.S. Masters Swimming Summer National Championship"
"Men ","35-39","100","Butterfly","4","1:07.55"," Kyle T Leimkuhler","M39","MELO","3867-08408","07-13-2026","Pacific Masters LCM Championships"
"Men ","35-39","100","Butterfly","5","1:08.02"," Kenny Cheng","M37","UC38","3860-PDPHH","08-06-2026","2026 U.S. Masters Swimming Summer National Championship"
"Men ","35-39","100","Butterfly","6","1:09.33"," Nolan R Bethely","M36","RAMS","386R-5UPVS","08-06-2026","2026 U.S. Masters Swimming Summer National Championship"
"Men ","35-39","100","Butterfly","7","1:31.08"," Zachary Farley","M35","TSUN","386A-TF74B","07-01-2026","Gay Games Valencia 2026"
"Men ","35-39","200","Butterfly","1","2:44.22"," Kyle T Leimkuhler","M39","MELO","3867-08408","07-14-2026","Pacific Masters LCM Championships"
"Men ","35-39","200","Butterfly","2","2:46.41"," Kenny Cheng","M37","UC38","3860-PDPHH","07-14-2026","Pacific Masters LCM Championships"
"Men ","35-39","200","Individual Medley","1","2:12.25"," Rob H Newell","M36","TOC","386H-09H84","08-08-2026","2026 U.S. Masters Swimming Summer National Championship"
"Men ","35-39","200","Individual Medley","2","2:22.53"," Jon Christensen","M36","USF","3860-08BTJ","07-02-2026","Gay Games Valencia 2026"
"Men ","35-39","200","Individual Medley","3","2:26.96"," Rodrigo M Paz","M35","TSUN","386Z-N0ZN6","05-31-2026","BAC Long Course Meters Meet"
"Men ","35-39","200","Individual Medley","4","2:33.07"," Sebastian Turner","M35","TSUN","386Z-6018P","08-08-2026","2026 U.S. Masters Swimming Summer National Championship"
"Men ","35-39","200","Individual Medley","5","2:36.68"," Austin W Jones","M35","TSUN","386P-P9B29","05-31-2026","BAC Long Course Meters Meet"
"Men ","35-39","200","Individual Medley","6","2:36.94"," Cris Loftus","M37","TSUN","386K-07NPS","07-02-2026","Gay Games Valencia 2026"
"Men ","35-39","200","Individual Medley","7","2:38.19"," Brad Perfect","M36","SRVM","386M-ZZ3KJ","08-08-2026","2026 U.S. Masters Swimming Summer National Championship"
"Men ","35-39","200","Individual Medley","8","2:40.49"," Louis Rogers","M37","WCM","386M-1HU6Y","07-14-2026","Pacific Masters LCM Championships"
"Men ","35-39","200","Individual Medley","9","2:43.82"," Justin LaForge","M37","USF","3867-GSWS9","05-31-2026","BAC Long Course Meters Meet"
"Men ","35-39","200","Individual Medley","10","2:55.26"," Nicholas A DeNezzo","M38","FBSC","386B-08BEK","08-08-2026","2026 U.S. Masters Swimming Summer National Championship"
"Men ","35-39","200","Individual Medley","11","2:56.13"," Andrei Vernon","M37","SACMA","386B-7H6W8","08-08-2026","2026 U.S. Masters Swimming Summer National Championship"
"Men ","35-39","200","Individual Medley","12","3:02.53"," Mark P Pan","M37","USF","3860-G01PM","08-08-2026","2026 U.S. Masters Swimming Summer National Championship"
"Men ","35-39","200","Individual Medley","13","3:03.05"," Austin J Lange","M39","SACMA","3866-YVAJ8","08-08-2026","2026 U.S. Masters Swimming Summer National Championship"
"Men ","35-39","200","Individual Medley","14","3:39.22"," Armando Arias","M37","SJCF","386V-09VEP","08-08-2026","2026 U.S. Masters Swimming Summer National Championship"
"Men ","35-39","400","Individual Medley","1","4:56.09"," Brandon J Fischer","M37","TVAM","3861-0B8R9","07-12-2026","Pacific Masters LCM Championships"
"Men ","35-39","400","Individual Medley","2","5:33.31"," Cris Loftus","M37","TSUN","386K-07NPS","06-29-2026","Gay Games Valencia 2026"
"Men ","35-39","400","Individual Medley","3","5:45.50"," Kenny Cheng","M37","UC38","3860-PDPHH","07-12-2026","Pacific Masters LCM Championships"
"Men ","40-44","50","Freestyle","1","23.69"," Andy Grant","M41","WCM","386T-06HRS","","2026 U.S. Masters Swimming Summer National Championship"
"Men ","40-44","50","Freestyle","2","25.51"," Michael Trujillo","M44","WCM","386Y-DN7G7","","2026 U.S. Masters Swimming Summer National Championship"
"Men ","40-44","50","Freestyle","3","26.03"," Kenton C Drake","M40","JAMM","386R-0AB96","08-08-2026","2026 U.S. Masters Swimming Summer National Championship"
"Men ","40-44","50","Freestyle","4","27"," Raymond Sophie","M40","RAMS","386S-08AYS","08-08-2026","2026 U.S. Masters Swimming Summer National Championship"
"Men ","40-44","50","Freestyle","5","27.05"," Joseph J Gluvers","M40","RWR","3865-05VJE","08-08-2026","2026 U.S. Masters Swimming Summer National Championship"
"Men ","40-44","50","Freestyle","6","27.3"," Nikkolas E Kemp","M42","SRM","386U-06DZ0","08-08-2026","2026 U.S. Masters Swimming Summer National Championship"
"Men ","40-44","50","Freestyle","7","27.48"," Hart W Montgomery","M41","TOC","386X-06U15","08-08-2026","2026 U.S. Masters Swimming Summer National Championship"
"Men ","40-44","50","Freestyle","8","28.14"," Torrey W Blake","M40","SJCF","3866-6XKY3","05-31-2026","BAC Long Course Meters Meet"
"Men ","40-44","50","Freestyle","9","28.19"," Billy W Tam","M40","USF","386J-03VU5","07-13-2026","Pacific Masters LCM Championships"
"Men ","40-44","50","Freestyle","10","28.43"," Matthew T Zachan","M40","DAM","3866-4G58K","","2026 U.S. Masters Swimming Summer National Championship"
"Men ","40-44","50","Freestyle","11","28.48"," Jonathan E Salcedo","M44","WCM","3867-09AKR","08-08-2026","2026 U.S. Masters Swimming Summer National Championship"
"Men ","40-44","50","Freestyle","12","28.71"," Andrew B Sturgess","M41","CVM","3868-07NBJ","06-28-2026","SILVER STATE MASTERS LCM"
"Men ","40-44","50","Freestyle","13","28.89"," Federico Chialvo","M43","MELO","3867-CLA2Q","08-08-2026","2026 U.S. Masters Swimming Summer National Championship"
"Men ","40-44","50","Freestyle","14","29.02"," Andrew M Magee","M42","SACMA","386J-03EG7","","2026 U.S. Masters Swimming Summer National Championship"
"Men ","40-44","50","Freestyle","15","29.26"," Justin Bauer","M44","OAK","386H-0F46M","07-13-2026","Pacific Masters LCM Championships"
"Men ","40-44","50","Freestyle","16","29.39"," Kevin P Masek","M42","TSUN","386E-CRKNS","06-30-2026","Gay Games Valencia 2026"
"Men ","40-44","50","Freestyle","17","30.01"," Michael Prehn","M43","MVM","3865-G575R","06-30-2026","Gay Games Valencia 2026"
"Men ","40-44","50","Freestyle","18","31.05"," Philip Wu","M43","MAQ","386Y-05YXB","07-13-2026","Pacific Masters LCM Championships"
"Men ","40-44","50","Freestyle","19","32.21"," Yaroslav Bugayevskiy","M42","UC38","386Z-J8DC9","08-08-2026","2026 U.S. Masters Swimming Summer National Championship"
"Men ","40-44","50","Freestyle","20","32.38"," Matthew H Haas","M42","PSWIM","3860-987J9","08-08-2026","2026 U.S. Masters Swimming Summer National Championship"
"Men ","40-44","50","Freestyle","21","32.53"," Brett A Radzik","M41","SACMA","386T-FU83J","08-08-2026","2026 U.S. Masters Swimming Summer National Championship"
"Men ","40-44","50","Freestyle","22","34.31"," Yevgeniy M Kapustin","M40","USF","386Y-4NCDU","07-13-2026","Pacific Masters LCM Championships"
"Men ","40-44","50","Freestyle","23","39.53"," Richard T Johnson","M40","RPM","3862-RZR2M","07-13-2026","Pacific Masters LCM Championships"
"Men ","40-44","50","Freestyle","24","39.8"," Hassan Rouhi","M40","SJCF","386H-5JKJG","07-13-2026","Pacific Masters LCM Championships"
"Men ","40-44","50","Freestyle","25","41.45"," Douglas Gettel","M41","WCM","386M-0AXFE","07-13-2026","Pacific Masters LCM Championships"
"Men ","40-44","50","Freestyle","26","41.87"," Cole Manieri","M44","TSUN","3864-3CTJ3","06-30-2026","Gay Games Valencia 2026"
"Men ","40-44","50","Freestyle","27","44.75"," Paul J Perrone","M44","HTUB","3860-0AEG8","07-13-2026","Pacific Masters LCM Championships"
"Men ","40-44","50","Freestyle","28","53.81"," Ajit Kulkarni","M44","QSS","386D-YR0EG","07-13-2026","Pacific Masters LCM Championships"
"Men ","40-44","100","Freestyle","1","51.44"," Andy Grant","M41","WCM","386T-06HRS","08-07-2026","2026 U.S. Masters Swimming Summer National Championship"
"Men ","40-44","100","Freestyle","2","57.64"," Michael Trujillo","M44","WCM","386Y-DN7G7","08-07-2026","2026 U.S. Masters Swimming Summer National Championship"
"Men ","40-44","100","Freestyle","3","57.88"," Kenton C Drake","M40","JAMM","386R-0AB96","08-07-2026","2026 U.S. Masters Swimming Summer National Championship"
"Men ","40-44","100","Freestyle","4","1:00.32"," Nikkolas E Kemp","M42","SRM","386U-06DZ0","08-07-2026","2026 U.S. Masters Swimming Summer National Championship"
"Men ","40-44","100","Freestyle","5","1:00.60"," Jonathan E Salcedo","M44","WCM","3867-09AKR","08-07-2026","2026 U.S. Masters Swimming Summer National Championship"
"Men ","40-44","100","Freestyle","6","1:01.30"," Matthew T Zachan","M40","DAM","3866-4G58K","08-07-2026","2026 U.S. Masters Swimming Summer National Championship"
"Men ","40-44","100","Freestyle","7","1:03.67"," Alex C Solomon","M40","TSUN","3867-06YXA","05-31-2026","BAC Long Course Meters Meet"
"Men ","40-44","100","Freestyle","8","1:04.20"," Billy W Tam","M40","USF","386J-03VU5","07-13-2026","Pacific Masters LCM Championships"
"Men ","40-44","100","Freestyle","9","1:04.46"," Hart W Montgomery","M41","TOC","386X-06U15","08-07-2026","2026 U.S. Masters Swimming Summer National Championship"
"Men ","40-44","100","Freestyle","10","1:05.74"," Torrey W Blake","M40","SJCF","3866-6XKY3","07-13-2026","Pacific Masters LCM Championships"
"Men ","40-44","100","Freestyle","11","1:06.18"," Federico Chialvo","M43","MELO","3867-CLA2Q","08-07-2026","2026 U.S. Masters Swimming Summer National Championship"
"Men ","40-44","100","Freestyle","12","1:07.24"," Justin Bauer","M44","OAK","386H-0F46M","07-13-2026","Pacific Masters LCM Championships"
"Men ","40-44","100","Freestyle","13","1:09.12"," Jonathan S Biethan","M42","TSUN","386P-035ZV","05-31-2026","BAC Long Course Meters Meet"
"Men ","40-44","100","Freestyle","14","1:09.33"," Philip Wu","M43","MAQ","386Y-05YXB","07-13-2026","Pacific Masters LCM Championships"
"Men ","40-44","100","Freestyle","15","1:11.28"," Michael Prehn","M43","MVM","3865-G575R","05-31-2026","BAC Long Course Meters Meet"
"Men ","40-44","100","Freestyle","16","1:13.10"," Brett A Radzik","M41","SACMA","386T-FU83J","08-07-2026","2026 U.S. Masters Swimming Summer National Championship"
"Men ","40-44","100","Freestyle","17","1:15.64"," Jimmy Song","M43","MEMO","386R-09EU2","07-13-2026","Pacific Masters LCM Championships"
"Men ","40-44","100","Freestyle","18","1:15.72"," Matthew H Haas","M42","PSWIM","3860-987J9","08-07-2026","2026 U.S. Masters Swimming Summer National Championship"
"Men ","40-44","100","Freestyle","19","1:15.86"," Yevgeniy M Kapustin","M40","USF","386Y-4NCDU","07-13-2026","Pacific Masters LCM Championships"
"Men ","40-44","100","Freestyle","20","1:32.90"," Douglas Gettel","M41","WCM","386M-0AXFE","07-13-2026","Pacific Masters LCM Championships"
"Men ","40-44","100","Freestyle","21","1:38.04"," Hassan Rouhi","M40","SJCF","386H-5JKJG","07-13-2026","Pacific Masters LCM Championships"
"Men ","40-44","100","Freestyle","22","1:43.33"," Paul J Perrone","M44","HTUB","3860-0AEG8","07-13-2026","Pacific Masters LCM Championships"
"Men ","40-44","100","Freestyle","23","2:00.65"," Ajit Kulkarni","M44","QSS","386D-YR0EG","07-13-2026","Pacific Masters LCM Championships"
"Men ","40-44","200","Freestyle","1","1:54.71"," Andy Grant","M41","WCM","386T-06HRS","08-09-2026","2026 U.S. Masters Swimming Summer National Championship"
"Men ","40-44","200","Freestyle","2","2:15.08"," Michael Trujillo","M44","WCM","386Y-DN7G7","08-09-2026","2026 U.S. Masters Swimming Summer National Championship"
"Men ","40-44","200","Freestyle","3","2:16.88"," Nikkolas E Kemp","M42","SRM","386U-06DZ0","08-09-2026","2026 U.S. Masters Swimming Summer National Championship"
"Men ","40-44","200","Freestyle","4","2:17.77"," Nathan J Stibrich","M43","UC38","386F-0AXBN","08-09-2026","2026 U.S. Masters Swimming Summer National Championship"
"Men ","40-44","200","Freestyle","5","2:23.49"," Alex C Solomon","M40","TSUN","3867-06YXA","06-29-2026","Gay Games Valencia 2026"
"Men ","40-44","200","Freestyle","6","2:31.22"," Hart W Montgomery","M41","TOC","386X-06U15","08-09-2026","2026 U.S. Masters Swimming Summer National Championship"
"Men ","40-44","200","Freestyle","7","2:31.53"," Andrew B Sturgess","M41","CVM","3868-07NBJ","06-28-2026","SILVER STATE MASTERS LCM"
"Men ","40-44","200","Freestyle","8","2:33.76"," Jonathan S Biethan","M42","TSUN","386P-035ZV","06-29-2026","Gay Games Valencia 2026"
"Men ","40-44","200","Freestyle","9","2:40.76"," Andrew M Magee","M42","SACMA","386J-03EG7","08-09-2026","2026 U.S. Masters Swimming Summer National Championship"
"Men ","40-44","200","Freestyle","10","2:44.61"," Michael Prehn","M43","MVM","3865-G575R","05-31-2026","BAC Long Course Meters Meet"
"Men ","40-44","200","Freestyle","11","3:38.68"," Reece A Brown","M42","SJCF","386B-4MGBM","07-14-2026","Pacific Masters LCM Championships"
"Men ","40-44","400","Freestyle","1","4:25.35"," Andy Grant","M41","WCM","386T-06HRS","07-14-2026","Pacific Masters LCM Championships"
"Men ","40-44","400","Freestyle","2","4:49.51"," Matthew T Zachan","M40","DAM","3866-4G58K","07-14-2026","Pacific Masters LCM Championships"
"Men ","40-44","400","Freestyle","3","4:58.43"," Nikkolas E Kemp","M42","SRM","386U-06DZ0","08-06-2026","2026 U.S. Masters Swimming Summer National Championship"
"Men ","40-44","400","Freestyle","4","6:23.55"," Jimmy Song","M43","MEMO","386R-09EU2","07-12-2026","Pacific Masters LCM Championships"
"Men ","40-44","800","Freestyle","1","10:05.87"," Matthew T Zachan","M40","DAM","3866-4G58K","07-13-2026","Pacific Masters LCM Championships"
"Men ","40-44","800","Freestyle","2","10:56.18"," Jonathan S Biethan","M42","TSUN","386P-035ZV","07-01-2026","Gay Games Valencia 2026"
"Men ","40-44","800","Freestyle","3","11:18.51"," Luca E Pozzi","M41","TSUN","3862-MRP0Z","07-01-2026","Gay Games Valencia 2026"
"Men ","40-44","800","Freestyle","4","12:20.23"," Eric Tsay","M42","QSS","386V-05XG1","08-08-2026","2026 U.S. Masters Swimming Summer National Championship"
"Men ","40-44","800","Freestyle","5","12:46.57"," Jimmy Song","M43","MEMO","386R-09EU2","07-12-2026","Pacific Masters LCM Championships"
"Men ","40-44","800","Freestyle","6","12:47.10"," Joseph Dumont","M43","USF","386G-YB148","07-01-2026","Gay Games Valencia 2026"
"Men ","40-44","800","Freestyle","7","17:55.74"," Paul J Perrone","M44","HTUB","3860-0AEG8","07-13-2026","Pacific Masters LCM Championships"
"Men ","40-44","1500","Freestyle","1","19:00.85"," Matthew T Zachan","M40","DAM","3866-4G58K","08-05-2026","2026 U.S. Masters Swimming Summer National Championship"
"Men ","40-44","1500","Freestyle","2","21:24.31"," Billy E Rinehart","M44","TOC","386A-H0M2R","08-05-2026","2026 U.S. Masters Swimming Summer National Championship"
"Men ","40-44","1500","Freestyle","3","21:44.72"," Luca E Pozzi","M41","TSUN","3862-MRP0Z","07-03-2026","Gay Games Valencia 2026"
"Men ","40-44","1500","Freestyle","4","23:37.69"," Jimmy Song","M43","MEMO","386R-09EU2","07-12-2026","Pacific Masters LCM Championships"
"Men ","40-44","50","Backstroke","1","31.37"," Nicholas T Niiro","M40","TSUN","3862-03DSD","06-29-2026","Gay Games Valencia 2026"
"Men ","40-44","50","Backstroke","2","31.9"," Chris Y Estandian","M44","BAC","386R-N1JW4","08-08-2026","2026 U.S. Masters Swimming Summer National Championship"
"Men ","40-44","50","Backstroke","3","32.59"," Joseph J Gluvers","M40","RWR","3865-05VJE","08-08-2026","2026 U.S. Masters Swimming Summer National Championship"
"Men ","40-44","50","Backstroke","4","32.92"," Jonathan E Salcedo","M44","WCM","3867-09AKR","","2026 U.S. Masters Swimming Summer National Championship"
"Men ","40-44","50","Backstroke","5","33.39"," Raymond Sophie","M40","RAMS","386S-08AYS","08-08-2026","2026 U.S. Masters Swimming Summer National Championship"
"Men ","40-44","50","Backstroke","6","33.51"," Hart W Montgomery","M41","TOC","386X-06U15","08-08-2026","2026 U.S. Masters Swimming Summer National Championship"
"Men ","40-44","50","Backstroke","7","36.62"," Torrey W Blake","M40","SJCF","3866-6XKY3","05-31-2026","BAC Long Course Meters Meet"
"Men ","40-44","50","Backstroke","8","36.66"," Justin Bauer","M44","OAK","386H-0F46M","07-13-2026","Pacific Masters LCM Championships"
"Men ","40-44","50","Backstroke","9","37.18"," Andrew B Sturgess","M41","CVM","3868-07NBJ","06-28-2026","SILVER STATE MASTERS LCM"
"Men ","40-44","50","Backstroke","10","37.23"," Andrew M Magee","M42","SACMA","386J-03EG7","","2026 U.S. Masters Swimming Summer National Championship"
"Men ","40-44","50","Backstroke","11","39.13"," Brett A Radzik","M41","SACMA","386T-FU83J","08-08-2026","2026 U.S. Masters Swimming Summer National Championship"
"Men ","40-44","50","Backstroke","12","41.46"," Philip Wu","M43","MAQ","386Y-05YXB","08-08-2026","2026 U.S. Masters Swimming Summer National Championship"
"Men ","40-44","50","Backstroke","13","41.54"," Jimmy Song","M43","MEMO","386R-09EU2","05-31-2026","BAC Long Course Meters Meet"
"Men ","40-44","50","Backstroke","14","44.22"," Yaroslav Bugayevskiy","M42","UC38","386Z-J8DC9","08-08-2026","2026 U.S. Masters Swimming Summer National Championship"
"Men ","40-44","50","Backstroke","15","49.5"," Richard T Johnson","M40","RPM","3862-RZR2M","07-13-2026","Pacific Masters LCM Championships"
"Men ","40-44","100","Backstroke","1","1:00.67"," Andy Grant","M41","WCM","386T-06HRS","","Pacific Masters LCM Championships"
"Men ","40-44","100","Backstroke","2","1:09.42"," Nicholas T Niiro","M40","TSUN","3862-03DSD","06-28-2026","Gay Games Valencia 2026"
"Men ","40-44","100","Backstroke","3","1:13.10"," Raymond Sophie","M40","RAMS","386S-08AYS","08-06-2026","2026 U.S. Masters Swimming Summer National Championship"
"Men ","40-44","100","Backstroke","4","1:14.57"," Hart W Montgomery","M41","TOC","386X-06U15","08-06-2026","2026 U.S. Masters Swimming Summer National Championship"
"Men ","40-44","100","Backstroke","5","1:15.79"," Kevin Horan","M42","RPM","3865-J0V5D","08-06-2026","2026 U.S. Masters Swimming Summer National Championship"
"Men ","40-44","100","Backstroke","6","1:31.67"," Jimmy Song","M43","MEMO","386R-09EU2","05-31-2026","BAC Long Course Meters Meet"
"Men ","40-44","200","Backstroke","1","2:35.74"," Nicholas T Niiro","M40","TSUN","3862-03DSD","06-30-2026","Gay Games Valencia 2026"
"Men ","40-44","200","Backstroke","2","2:46.28"," Alex C Solomon","M40","TSUN","3867-06YXA","06-30-2026","Gay Games Valencia 2026"
"Men ","40-44","200","Backstroke","3","2:47.63"," Raymond Sophie","M40","RAMS","386S-08AYS","08-09-2026","2026 U.S. Masters Swimming Summer National Championship"
"Men ","40-44","200","Backstroke","4","2:53.76"," Hart W Montgomery","M41","TOC","386X-06U15","08-09-2026","2026 U.S. Masters Swimming Summer National Championship"
"Men ","40-44","200","Backstroke","5","2:56.50"," Eric Tsay","M42","QSS","386V-05XG1","08-09-2026","2026 U.S. Masters Swimming Summer National Championship"
"Men ","40-44","200","Backstroke","6","3:01.43"," Andrew M Magee","M42","SACMA","386J-03EG7","08-09-2026","2026 U.S. Masters Swimming Summer National Championship"
"Men ","40-44","200","Backstroke","7","3:20.28"," Jimmy Song","M43","MEMO","386R-09EU2","08-09-2026","2026 U.S. Masters Swimming Summer National Championship"
"Men ","40-44","50","Breaststroke","1","30.4"," Egan Gans","M40","TOC","386S-07APE","08-07-2026","2026 U.S. Masters Swimming Summer National Championship"
"Men ","40-44","50","Breaststroke","2","31.36"," Kenton C Drake","M40","JAMM","386R-0AB96","08-07-2026","2026 U.S. Masters Swimming Summer National Championship"
"Men ","40-44","50","Breaststroke","3","37.16"," Matthew T Zachan","M40","DAM","3866-4G58K","08-07-2026","2026 U.S. Masters Swimming Summer National Championship"
"Men ","40-44","50","Breaststroke","4","37.23"," Billy W Tam","M40","USF","386J-03VU5","07-14-2026","Pacific Masters LCM Championships"
"Men ","40-44","50","Breaststroke","5","38.28"," Jimmy Song","M43","MEMO","386R-09EU2","08-07-2026","2026 U.S. Masters Swimming Summer National Championship"
"Men ","40-44","50","Breaststroke","6","39.19"," Kevin P Masek","M42","TSUN","386E-CRKNS","06-30-2026","Gay Games Valencia 2026"
"Men ","40-44","50","Breaststroke","7","42.17"," Yevgeniy M Kapustin","M40","USF","386Y-4NCDU","07-14-2026","Pacific Masters LCM Championships"
"Men ","40-44","50","Breaststroke","8","44.07"," Philip Wu","M43","MAQ","386Y-05YXB","07-14-2026","Pacific Masters LCM Championships"
"Men ","40-44","50","Breaststroke","9","51.94"," Cole Manieri","M44","TSUN","3864-3CTJ3","06-30-2026","Gay Games Valencia 2026"
"Men ","40-44","100","Breaststroke","1","1:10.08"," Kenton C Drake","M40","JAMM","386R-0AB96","08-08-2026","2026 U.S. Masters Swimming Summer National Championship"
"Men ","40-44","100","Breaststroke","2","1:10.29"," Kyle S Payne","M41","WCM","386F-04ZBD","08-08-2026","2026 U.S. Masters Swimming Summer National Championship"
"Men ","40-44","100","Breaststroke","3","1:21.60"," Matthew T Zachan","M40","DAM","3866-4G58K","07-13-2026","Pacific Masters LCM Championships"
"Men ","40-44","100","Breaststroke","4","1:22.88"," Russell S Mikuni","M44","WCM","386A-03NM8","08-08-2026","2026 U.S. Masters Swimming Summer National Championship"
"Men ","40-44","100","Breaststroke","5","1:23.95"," Jimmy Song","M43","MEMO","386R-09EU2","05-31-2026","BAC Long Course Meters Meet"
"Men ","40-44","100","Breaststroke","6","1:26.63"," Billy W Tam","M40","USF","386J-03VU5","07-13-2026","Pacific Masters LCM Championships"
"Men ","40-44","100","Breaststroke","7","1:29.40"," Jonathan S Biethan","M42","TSUN","386P-035ZV","05-31-2026","BAC Long Course Meters Meet"
"Men ","40-44","100","Breaststroke","8","1:29.61"," Kevin P Masek","M42","TSUN","386E-CRKNS","07-01-2026","Gay Games Valencia 2026"
"Men ","40-44","100","Breaststroke","9","1:36.26"," Philip Wu","M43","MAQ","386Y-05YXB","08-08-2026","2026 U.S. Masters Swimming Summer National Championship"
"Men ","40-44","100","Breaststroke","10","1:38.02"," Richard T Johnson","M40","RPM","3862-RZR2M","07-13-2026","Pacific Masters LCM Championships"
"Men ","40-44","100","Breaststroke","11","1:48.33"," Douglas Gettel","M41","WCM","386M-0AXFE","07-13-2026","Pacific Masters LCM Championships"
"Men ","40-44","100","Breaststroke","12","1:57.16"," Cole Manieri","M44","TSUN","3864-3CTJ3","07-01-2026","Gay Games Valencia 2026"
"Men ","40-44","200","Breaststroke","1","2:36.44"," Egan Gans","M40","TOC","386S-07APE","08-06-2026","2026 U.S. Masters Swimming Summer National Championship"
"Men ","40-44","200","Breaststroke","2","2:56.16"," Eric Tsay","M42","QSS","386V-05XG1","08-06-2026","2026 U.S. Masters Swimming Summer National Championship"
"Men ","40-44","200","Breaststroke","3","2:57.92"," Matthew T Zachan","M40","DAM","3866-4G58K","07-14-2026","Pacific Masters LCM Championships"
"Men ","40-44","200","Breaststroke","4","3:04.94"," Jimmy Song","M43","MEMO","386R-09EU2","07-14-2026","Pacific Masters LCM Championships"
"Men ","40-44","200","Breaststroke","5","3:12.73"," Jonathan S Biethan","M42","TSUN","386P-035ZV","06-28-2026","Gay Games Valencia 2026"
"Men ","40-44","50","Butterfly","1","27.25"," Nathan J Stibrich","M43","UC38","386F-0AXBN","08-09-2026","2026 U.S. Masters Swimming Summer National Championship"
"Men ","40-44","50","Butterfly","2","27.35"," Michael Trujillo","M44","WCM","386Y-DN7G7","08-09-2026","2026 U.S. Masters Swimming Summer National Championship"
"Men ","40-44","50","Butterfly","3","28.02"," Ryan Nickell","M41","BAYCL","3863-090JU","08-09-2026","2026 U.S. Masters Swimming Summer National Championship"
"Men ","40-44","50","Butterfly","4","28.83"," Jonathan E Salcedo","M44","WCM","3867-09AKR","08-09-2026","2026 U.S. Masters Swimming Summer National Championship"
"Men ","40-44","50","Butterfly","5","29"," Joseph J Gluvers","M40","RWR","3865-05VJE","08-09-2026","2026 U.S. Masters Swimming Summer National Championship"
"Men ","40-44","50","Butterfly","6","29.18"," Nicholas T Niiro","M40","TSUN","3862-03DSD","06-28-2026","Gay Games Valencia 2026"
"Men ","40-44","50","Butterfly","7","29.33"," Kenton C Drake","M40","JAMM","386R-0AB96","06-20-2026","2026 Semana Nautica Masters Meet"
"Men ","40-44","50","Butterfly","8","29.49"," Matthew T Zachan","M40","DAM","3866-4G58K","08-09-2026","2026 U.S. Masters Swimming Summer National Championship"
"Men ","40-44","50","Butterfly","9","29.5"," Raymond Sophie","M40","RAMS","386S-08AYS","08-09-2026","2026 U.S. Masters Swimming Summer National Championship"
"Men ","40-44","50","Butterfly","10","29.9"," Billy W Tam","M40","USF","386J-03VU5","07-14-2026","Pacific Masters LCM Championships"
"Men ","40-44","50","Butterfly","11","30.79"," Andrew B Sturgess","M41","CVM","3868-07NBJ","06-28-2026","SILVER STATE MASTERS LCM"
"Men ","40-44","50","Butterfly","12","31"," Torrey W Blake","M40","SJCF","3866-6XKY3","05-31-2026","BAC Long Course Meters Meet"
"Men ","40-44","50","Butterfly","13","31.8"," Federico Chialvo","M43","MELO","3867-CLA2Q","08-09-2026","2026 U.S. Masters Swimming Summer National Championship"
"Men ","40-44","50","Butterfly","14","32.39"," Kevin Horan","M42","RPM","3865-J0V5D","07-14-2026","Pacific Masters LCM Championships"
"Men ","40-44","50","Butterfly","15","33.24"," Kevin P Masek","M42","TSUN","386E-CRKNS","06-28-2026","Gay Games Valencia 2026"
"Men ","40-44","50","Butterfly","16","33.91"," Philip Wu","M43","MAQ","386Y-05YXB","07-14-2026","Pacific Masters LCM Championships"
"Men ","40-44","50","Butterfly","17","34.99"," Yevgeniy M Kapustin","M40","USF","386Y-4NCDU","07-14-2026","Pacific Masters LCM Championships"
"Men ","40-44","50","Butterfly","18","39.37"," Jimmy Song","M43","MEMO","386R-09EU2","","BAC Long Course Meters Meet"
"Men ","40-44","100","Butterfly","1","59.77"," Andy Grant","M41","WCM","386T-06HRS","05-31-2026","BAC Long Course Meters Meet"
"Men ","40-44","100","Butterfly","2","1:02.05"," Nathan J Stibrich","M43","UC38","386F-0AXBN","08-06-2026","2026 U.S. Masters Swimming Summer National Championship"
"Men ","40-44","100","Butterfly","3","1:03.89"," Michael Trujillo","M44","WCM","386Y-DN7G7","08-06-2026","2026 U.S. Masters Swimming Summer National Championship"
"Men ","40-44","100","Butterfly","4","1:06.31"," Matthew T Zachan","M40","DAM","3866-4G58K","08-06-2026","2026 U.S. Masters Swimming Summer National Championship"
"Men ","40-44","100","Butterfly","5","1:09.35"," Alex C Solomon","M40","TSUN","3867-06YXA","07-01-2026","Gay Games Valencia 2026"
"Men ","40-44","100","Butterfly","6","1:10.87"," Nikkolas E Kemp","M42","SRM","386U-06DZ0","08-06-2026","2026 U.S. Masters Swimming Summer National Championship"
"Men ","40-44","100","Butterfly","7","1:12.80"," Billy E Rinehart","M44","TOC","386A-H0M2R","08-06-2026","2026 U.S. Masters Swimming Summer National Championship"
"Men ","40-44","100","Butterfly","8","1:13.47"," Raymond Sophie","M40","RAMS","386S-08AYS","07-13-2026","Pacific Masters LCM Championships"
"Men ","40-44","100","Butterfly","9","1:18.56"," Luca E Pozzi","M41","TSUN","3862-MRP0Z","07-01-2026","Gay Games Valencia 2026"
"Men ","40-44","100","Butterfly","10","1:26.45"," Jimmy Song","M43","MEMO","386R-09EU2","05-31-2026","BAC Long Course Meters Meet"
"Men ","40-44","100","Butterfly","11","1:33.84"," Yevgeniy M Kapustin","M40","USF","386Y-4NCDU","07-13-2026","Pacific Masters LCM Championships"
"Men ","40-44","100","Butterfly","12","1:57.99"," Hassan Rouhi","M40","SJCF","386H-5JKJG","07-13-2026","Pacific Masters LCM Championships"
"Men ","40-44","200","Butterfly","1","2:52.44"," Eric Tsay","M42","QSS","386V-05XG1","08-07-2026","2026 U.S. Masters Swimming Summer National Championship"
"Men ","40-44","200","Butterfly","2","3:01.35"," Raymond Sophie","M40","RAMS","386S-08AYS","08-07-2026","2026 U.S. Masters Swimming Summer National Championship"
"Men ","40-44","200","Butterfly","3","3:19.60"," Jimmy Song","M43","MEMO","386R-09EU2","07-14-2026","Pacific Masters LCM Championships"
"Men ","40-44","200","Individual Medley","1","2:37.64"," Matthew T Zachan","M40","DAM","3866-4G58K","07-14-2026","Pacific Masters LCM Championships"
"Men ","40-44","200","Individual Medley","2","2:41.68"," Alex C Solomon","M40","TSUN","3867-06YXA","05-31-2026","BAC Long Course Meters Meet"
"Men ","40-44","200","Individual Medley","3","2:44.37"," Eric Tsay","M42","QSS","386V-05XG1","08-08-2026","2026 U.S. Masters Swimming Summer National Championship"
"Men ","40-44","200","Individual Medley","4","2:50.77"," Jonathan S Biethan","M42","TSUN","386P-035ZV","07-02-2026","Gay Games Valencia 2026"
"Men ","40-44","200","Individual Medley","5","2:59.47"," Jimmy Song","M43","MEMO","386R-09EU2","05-31-2026","BAC Long Course Meters Meet"
"Men ","40-44","200","Individual Medley","6","3:09.55"," Yevgeniy M Kapustin","M40","USF","386Y-4NCDU","07-14-2026","Pacific Masters LCM Championships"
"Men ","40-44","200","Individual Medley","7","3:10.92"," Torrey W Blake","M40","SJCF","3866-6XKY3","05-31-2026","BAC Long Course Meters Meet"
"Men ","40-44","200","Individual Medley","8","3:12.75"," Philip Wu","M43","MAQ","386Y-05YXB","07-14-2026","Pacific Masters LCM Championships"
"Men ","40-44","400","Individual Medley","1","5:47.16"," Alex C Solomon","M40","TSUN","3867-06YXA","06-29-2026","Gay Games Valencia 2026"
"Men ","40-44","400","Individual Medley","2","6:06.37"," Jonathan S Biethan","M42","TSUN","386P-035ZV","06-29-2026","Gay Games Valencia 2026"
"Men ","40-44","400","Individual Medley","3","6:06.42"," Eric Tsay","M42","QSS","386V-05XG1","08-07-2026","2026 U.S. Masters Swimming Summer National Championship"
"Men ","40-44","400","Individual Medley","4","6:28.02"," Jimmy Song","M43","MEMO","386R-09EU2","07-12-2026","Pacific Masters LCM Championships"
"Men ","45-49","50","Freestyle","1","25.23"," Joe D Brennan","M46","CRUZ","3865-UMRMA","08-08-2026","2026 U.S. Masters Swimming Summer National Championship"
"Men ","45-49","50","Freestyle","2","25.65"," Juan P Valdivieso","M45","TOC","386H-0771P","","2026 U.S. Masters Swimming Summer National Championship"
"Men ","45-49","50","Freestyle","3","25.78"," Benjamin C Phipps","M47","SJCF","3865-03T2F","","2026 U.S. Masters Swimming Summer National Championship"
"Men ","45-49","50","Freestyle","4","26.07"," Harry J Ein","M48","WCM","386X-0376A","08-08-2026","2026 U.S. Masters Swimming Summer National Championship"
"Men ","45-49","50","Freestyle","5","26.43"," Duncan R Carroll","M45","MEMO","386F-07F7W","","2026 U.S. Masters Swimming Summer National Championship"
"Men ","45-49","50","Freestyle","6","26.51"," Eric K Wong","M46","QSS","3865-07XWU","","2026 U.S. Masters Swimming Summer National Championship"
"Men ","45-49","50","Freestyle","7","26.88"," Lucas Salles-Cunha","M46","QSS","3866-07DZC","08-08-2026","2026 U.S. Masters Swimming Summer National Championship"
"Men ","45-49","50","Freestyle","8","26.92"," Ryan W Walker","M47","PCCM","386N-4VBYS","08-08-2026","2026 U.S. Masters Swimming Summer National Championship"
"Men ","45-49","50","Freestyle","9","28.09"," Matthew Lungren","M48","STAN","3864-07FZ7","07-13-2026","Pacific Masters LCM Championships"
"Men ","45-49","50","Freestyle","10","28.37"," Matthieu Fuzellier","M46","USF","386P-062N7","07-13-2026","Pacific Masters LCM Championships"
"Men ","45-49","50","Freestyle","11","28.93"," Chris Greiner","M45","HTUB","386G-05ZCS","08-08-2026","2026 U.S. Masters Swimming Summer National Championship"
"Men ","45-49","50","Freestyle","12","29.15"," Damian Jacobs","M46","TOC","3860-1KU6D","08-08-2026","2026 U.S. Masters Swimming Summer National Championship"
"Men ","45-49","50","Freestyle","13","29.34"," Massimiliano Macri","M48","CSTS","386R-WAFSP","07-13-2026","Pacific Masters LCM Championships"
"Men ","45-49","50","Freestyle","14","29.42"," David A Popko","M49","AAM","3862-0836U","05-17-2026","Mission Viejo Nadadores Masters LCM Swim Meet"
"Men ","45-49","50","Freestyle","15","29.75"," Mario Gini","M46","BAC","386S-04Z57","05-31-2026","BAC Long Course Meters Meet"
"Men ","45-49","50","Freestyle","16","30.06"," Scott C Dobroski","M46","TSUN","386U-05GED","05-31-2026","BAC Long Course Meters Meet"
"Men ","45-49","50","Freestyle","17","30.15"," Derrick R Franks","M46","SJCF","386Y-0667E","05-31-2026","BAC Long Course Meters Meet"
"Men ","45-49","50","Freestyle","18","30.36"," DAVID M WANS","M46","SCSC","3866-0AT2R","08-08-2026","2026 U.S. Masters Swimming Summer National Championship"
"Men ","45-49","50","Freestyle","19","31.11"," Melvin S Hidayat","M46","LAC","386G-38WM3","08-08-2026","2026 U.S. Masters Swimming Summer National Championship"
"Men ","45-49","50","Freestyle","20","31.4"," Peter Sadler","M45","RHMS","386D-29U5E","05-31-2026","BAC Long Course Meters Meet"
"Men ","45-49","50","Freestyle","21","34.14"," Ellison R Wada","M47","WCM","386F-03H75","05-31-2026","BAC Long Course Meters Meet"
"Men ","45-49","50","Freestyle","22","34.79"," Oleg Mustiazza","M48","GOOG","386J-06M9Y","07-13-2026","Pacific Masters LCM Championships"
"Men ","45-49","50","Freestyle","23","35.75"," John S Bucy","M48","USF","386T-03Y13","07-13-2026","Pacific Masters LCM Championships"
"Men ","45-49","50","Freestyle","24","38.65"," Chetan Kulkarni","M47","QSS","3862-GP52J","08-08-2026","2026 U.S. Masters Swimming Summer National Championship"
"Men ","45-49","100","Freestyle","1","55.7"," Juan P Valdivieso","M45","TOC","386H-0771P","08-07-2026","2026 U.S. Masters Swimming Summer National Championship"
"Men ","45-49","100","Freestyle","2","55.83"," Joe D Brennan","M46","CRUZ","3865-UMRMA","08-07-2026","2026 U.S. Masters Swimming Summer National Championship"
"Men ","45-49","100","Freestyle","3","57.54"," Harry J Ein","M48","WCM","386X-0376A","08-07-2026","2026 U.S. Masters Swimming Summer National Championship"
"Men ","45-49","100","Freestyle","4","58.71"," Eric K Wong","M46","QSS","3865-07XWU","08-07-2026","2026 U.S. Masters Swimming Summer National Championship"
"Men ","45-49","100","Freestyle","5","59"," Benjamin C Phipps","M47","SJCF","3865-03T2F","08-07-2026","2026 U.S. Masters Swimming Summer National Championship"
"Men ","45-49","100","Freestyle","6","59.47"," Duncan R Carroll","M45","MEMO","386F-07F7W","08-07-2026","2026 U.S. Masters Swimming Summer National Championship"
"Men ","45-49","100","Freestyle","7","1:00.78"," Lucas Salles-Cunha","M46","QSS","3866-07DZC","08-07-2026","2026 U.S. Masters Swimming Summer National Championship"
"Men ","45-49","100","Freestyle","8","1:02.60"," Luke O'Reilly","M47","UC38","386R-06DKT","07-13-2026","Pacific Masters LCM Championships"
"Men ","45-49","100","Freestyle","9","1:03.12"," David A Popko","M49","AAM","3862-0836U","05-17-2026","Mission Viejo Nadadores Masters LCM Swim Meet"
"Men ","45-49","100","Freestyle","10","1:03.31"," Mario Gini","M46","BAC","386S-04Z57","08-07-2026","2026 U.S. Masters Swimming Summer National Championship"
"Men ","45-49","100","Freestyle","11","1:04.42"," Matthieu Fuzellier","M46","USF","386P-062N7","07-13-2026","Pacific Masters LCM Championships"
"Men ","45-49","100","Freestyle","12","1:04.70"," Omer Baristiran","M47","USF","386N-H88WV","08-07-2026","2026 U.S. Masters Swimming Summer National Championship"
"Men ","45-49","100","Freestyle","13","1:04.91"," Damian Jacobs","M46","TOC","3860-1KU6D","08-07-2026","2026 U.S. Masters Swimming Summer National Championship"
"Men ","45-49","100","Freestyle","14","1:05.91"," Owen Fennern","M46","SJCF","386V-4RN3Y","07-13-2026","Pacific Masters LCM Championships"
"Men ","45-49","100","Freestyle","15","1:07.49"," Chris Greiner","M45","HTUB","386G-05ZCS","06-20-2026","2026 Semana Nautica Masters Meet"
"Men ","45-49","100","Freestyle","16","1:07.92"," DAVID M WANS","M46","SCSC","3866-0AT2R","08-07-2026","2026 U.S. Masters Swimming Summer National Championship"
"Men ","45-49","100","Freestyle","17","1:08.48"," Derrick R Franks","M46","SJCF","386Y-0667E","08-07-2026","2026 U.S. Masters Swimming Summer National Championship"
"Men ","45-49","100","Freestyle","18","1:09.77"," Scott C Dobroski","M46","TSUN","386U-05GED","07-02-2026","Gay Games Valencia 2026"
"Men ","45-49","100","Freestyle","19","1:10.14"," Konstantin Zvereff","M46","UC38","3867-0ARV2","08-07-2026","2026 U.S. Masters Swimming Summer National Championship"
"Men ","45-49","100","Freestyle","20","1:12.16"," Peter Sadler","M45","RHMS","386D-29U5E","05-31-2026","BAC Long Course Meters Meet"
"Men ","45-49","100","Freestyle","21","1:18.13"," Ellison R Wada","M47","WCM","386F-03H75","05-31-2026","BAC Long Course Meters Meet"
"Men ","45-49","100","Freestyle","22","1:18.95"," Oleg Mustiazza","M48","GOOG","386J-06M9Y","07-13-2026","Pacific Masters LCM Championships"
"Men ","45-49","100","Freestyle","23","1:20.21"," John S Bucy","M48","USF","386T-03Y13","07-13-2026","Pacific Masters LCM Championships"
"Men ","45-49","200","Freestyle","1","2:03.47"," Juan P Valdivieso","M45","TOC","386H-0771P","08-09-2026","2026 U.S. Masters Swimming Summer National Championship"
"Men ","45-49","200","Freestyle","2","2:11.18"," Joe D Brennan","M46","CRUZ","3865-UMRMA","05-31-2026","BAC Long Course Meters Meet"
"Men ","45-49","200","Freestyle","3","2:15.62"," Eric K Wong","M46","QSS","3865-07XWU","07-14-2026","Pacific Masters LCM Championships"
"Men ","45-49","200","Freestyle","4","2:19.06"," Zebron J Lemke","M46","AAM","386A-03S8A","05-31-2026","BAC Long Course Meters Meet"
"Men ","45-49","200","Freestyle","5","2:22.10"," Mario Gini","M46","BAC","386S-04Z57","05-31-2026","BAC Long Course Meters Meet"
"Men ","45-49","200","Freestyle","6","2:22.39"," Derrick R Franks","M46","SJCF","386Y-0667E","08-09-2026","2026 U.S. Masters Swimming Summer National Championship"
"Men ","45-49","200","Freestyle","7","2:22.47"," Duncan R Carroll","M45","MEMO","386F-07F7W","07-14-2026","Pacific Masters LCM Championships"
"Men ","45-49","200","Freestyle","8","2:23.89"," Matt Roper","M45","DAM","3865-03TFC","08-09-2026","2026 U.S. Masters Swimming Summer National Championship"
"Men ","45-49","200","Freestyle","9","2:24.02"," Craig Gawlick","M45","TSUN","386Y-03ZBN","05-31-2026","BAC Long Course Meters Meet"
"Men ","45-49","400","Freestyle","1","4:34.38"," Juan P Valdivieso","M45","TOC","386H-0771P","08-06-2026","2026 U.S. Masters Swimming Summer National Championship"
"Men ","45-49","400","Freestyle","2","4:50.03"," Zebron J Lemke","M46","AAM","386A-03S8A","05-31-2026","BAC Long Course Meters Meet"
"Men ","45-49","400","Freestyle","3","4:54.77"," Mario Gini","M46","BAC","386S-04Z57","08-06-2026","2026 U.S. Masters Swimming Summer National Championship"
"Men ","45-49","400","Freestyle","4","5:07.25"," Matt Roper","M45","DAM","3865-03TFC","08-06-2026","2026 U.S. Masters Swimming Summer National Championship"
"Men ","45-49","400","Freestyle","5","5:13.37"," Duncan R Carroll","M45","MEMO","386F-07F7W","08-06-2026","2026 U.S. Masters Swimming Summer National Championship"
"Men ","45-49","400","Freestyle","6","5:24.59"," Craig Gawlick","M45","TSUN","386Y-03ZBN","05-31-2026","BAC Long Course Meters Meet"
"Men ","45-49","400","Freestyle","7","5:37.33"," Derrick R Franks","M46","SJCF","386Y-0667E","05-31-2026","BAC Long Course Meters Meet"
"Men ","45-49","400","Freestyle","8","6:19.88"," Ellison R Wada","M47","WCM","386F-03H75","05-31-2026","BAC Long Course Meters Meet"
"Men ","45-49","800","Freestyle","1","9:25.90"," Juan P Valdivieso","M45","TOC","386H-0771P","08-08-2026","2026 U.S. Masters Swimming Summer National Championship"
"Men ","45-49","800","Freestyle","2","12:41.98"," Ellison R Wada","M47","WCM","386F-03H75","08-08-2026","2026 U.S. Masters Swimming Summer National Championship"
"Men ","45-49","800","Freestyle","3","13:59.86"," Oleg Mustiazza","M48","GOOG","386J-06M9Y","07-13-2026","Pacific Masters LCM Championships"
"Men ","45-49","1500","Freestyle","1","19:50.23"," Mario Gini","M46","BAC","386S-04Z57","08-05-2026","2026 U.S. Masters Swimming Summer National Championship"
"Men ","45-49","1500","Freestyle","2","21:28.98"," Matt Roper","M45","DAM","3865-03TFC","07-12-2026","Pacific Masters LCM Championships"
"Men ","45-49","1500","Freestyle","3","24:49.75"," Ellison R Wada","M47","WCM","386F-03H75","07-12-2026","Pacific Masters LCM Championships"
"Men ","45-49","50","Backstroke","1","31"," Duncan R Carroll","M45","MEMO","386F-07F7W","","2026 U.S. Masters Swimming Summer National Championship"
"Men ","45-49","50","Backstroke","2","31.01"," Juan P Valdivieso","M45","TOC","386H-0771P","","2026 U.S. Masters Swimming Summer National Championship"
"Men ","45-49","50","Backstroke","3","31.4"," Matthieu Fuzellier","M46","USF","386P-062N7","07-13-2026","Pacific Masters LCM Championships"
"Men ","45-49","50","Backstroke","4","32.16"," Matt Roper","M45","DAM","3865-03TFC","","2026 U.S. Masters Swimming Summer National Championship"
"Men ","45-49","50","Backstroke","5","32.28"," Eric K Wong","M46","QSS","3865-07XWU","","2026 U.S. Masters Swimming Summer National Championship"
"Men ","45-49","50","Backstroke","6","32.98"," Matthew Lungren","M48","STAN","3864-07FZ7","07-13-2026","Pacific Masters LCM Championships"
"Men ","45-49","50","Backstroke","7","33.5"," Derrick R Franks","M46","SJCF","386Y-0667E","08-08-2026","2026 U.S. Masters Swimming Summer National Championship"
"Men ","45-49","50","Backstroke","8","35.18"," David A Popko","M49","AAM","3862-0836U","07-13-2026","Pacific Masters LCM Championships"
"Men ","45-49","50","Backstroke","9","36.89"," Chris Greiner","M45","HTUB","386G-05ZCS","08-08-2026","2026 U.S. Masters Swimming Summer National Championship"
"Men ","45-49","50","Backstroke","10","37.32"," DAVID M WANS","M46","SCSC","3866-0AT2R","08-08-2026","2026 U.S. Masters Swimming Summer National Championship"
"Men ","45-49","50","Backstroke","11","37.73"," Melvin S Hidayat","M46","LAC","386G-38WM3","08-08-2026","2026 U.S. Masters Swimming Summer National Championship"
"Men ","45-49","50","Backstroke","12","38.5"," Scott C Dobroski","M46","TSUN","386U-05GED","06-29-2026","Gay Games Valencia 2026"
"Men ","45-49","50","Backstroke","13","50.62"," Oleg Mustiazza","M48","GOOG","386J-06M9Y","07-13-2026","Pacific Masters LCM Championships"
"Men ","45-49","100","Backstroke","1","1:10.52"," Matt Roper","M45","DAM","3865-03TFC","08-06-2026","2026 U.S. Masters Swimming Summer National Championship"
"Men ","45-49","100","Backstroke","2","1:10.98"," Duncan R Carroll","M45","MEMO","386F-07F7W","08-06-2026","2026 U.S. Masters Swimming Summer National Championship"
"Men ","45-49","100","Backstroke","3","1:14.78"," Derrick R Franks","M46","SJCF","386Y-0667E","08-06-2026","2026 U.S. Masters Swimming Summer National Championship"
"Men ","45-49","100","Backstroke","4","1:15.72"," Mario Gini","M46","BAC","386S-04Z57","08-06-2026","2026 U.S. Masters Swimming Summer National Championship"
"Men ","45-49","100","Backstroke","5","1:18.72"," Zebron J Lemke","M46","AAM","386A-03S8A","05-31-2026","BAC Long Course Meters Meet"
"Men ","45-49","100","Backstroke","6","1:28.89"," Chris Greiner","M45","HTUB","386G-05ZCS","05-31-2026","BAC Long Course Meters Meet"
"Men ","45-49","100","Backstroke","7","1:42.19"," Ellison R Wada","M47","WCM","386F-03H75","05-31-2026","BAC Long Course Meters Meet"
"Men ","45-49","200","Backstroke","1","2:35.07"," Matt Roper","M45","DAM","3865-03TFC","08-09-2026","2026 U.S. Masters Swimming Summer National Championship"
"Men ","45-49","200","Backstroke","2","2:40.81"," Matthieu Fuzellier","M46","USF","386P-062N7","07-13-2026","Pacific Masters LCM Championships"
"Men ","45-49","200","Backstroke","3","2:42.21"," Derrick R Franks","M46","SJCF","386Y-0667E","08-09-2026","2026 U.S. Masters Swimming Summer National Championship"
"Men ","45-49","200","Backstroke","4","2:47.71"," David A Popko","M49","AAM","3862-0836U","07-13-2026","Pacific Masters LCM Championships"
"Men ","45-49","200","Backstroke","5","3:02.89"," Kevin Waterson","M47","DAM","3866-08CRR","08-09-2026","2026 U.S. Masters Swimming Summer National Championship"
"Men ","45-49","200","Backstroke","6","3:13.57"," Chris Greiner","M45","HTUB","386G-05ZCS","06-20-2026","2026 Semana Nautica Masters Meet"
"Men ","45-49","200","Backstroke","7","3:52.51"," Ellison R Wada","M47","WCM","386F-03H75","07-13-2026","Pacific Masters LCM Championships"
"Men ","45-49","50","Breaststroke","1","32.81"," Joe D Brennan","M46","CRUZ","3865-UMRMA","08-07-2026","2026 U.S. Masters Swimming Summer National Championship"
"Men ","45-49","50","Breaststroke","2","33.39"," Eric K Wong","M46","QSS","3865-07XWU","08-07-2026","2026 U.S. Masters Swimming Summer National Championship"
"Men ","45-49","50","Breaststroke","3","33.74"," Harry J Ein","M48","WCM","386X-0376A","08-07-2026","2026 U.S. Masters Swimming Summer National Championship"
"Men ","45-49","50","Breaststroke","4","35.17"," Damian Jacobs","M46","TOC","3860-1KU6D","08-07-2026","2026 U.S. Masters Swimming Summer National Championship"
"Men ","45-49","50","Breaststroke","5","37.07"," Chris Greiner","M45","HTUB","386G-05ZCS","08-07-2026","2026 U.S. Masters Swimming Summer National Championship"
"Men ","45-49","50","Breaststroke","6","37.31"," Konstantin Zvereff","M46","UC38","3867-0ARV2","08-07-2026","2026 U.S. Masters Swimming Summer National Championship"
"Men ","45-49","50","Breaststroke","7","40.03"," Derrick R Franks","M46","SJCF","386Y-0667E","07-14-2026","Pacific Masters LCM Championships"
"Men ","45-49","50","Breaststroke","8","41.75"," Stefano Profumo","M48","CRUZ","386J-08627","08-07-2026","2026 U.S. Masters Swimming Summer National Championship"
"Men ","45-49","50","Breaststroke","9","1:03.84"," Calvin C Ly","M49","UC38","386W-UKANF","06-30-2026","Gay Games Valencia 2026"
"Men ","45-49","100","Breaststroke","1","1:11.54"," Joe D Brennan","M46","CRUZ","3865-UMRMA","08-08-2026","2026 U.S. Masters Swimming Summer National Championship"
"Men ","45-49","100","Breaststroke","2","1:15.67"," Eric K Wong","M46","QSS","3865-07XWU","08-08-2026","2026 U.S. Masters Swimming Summer National Championship"
"Men ","45-49","100","Breaststroke","3","1:17.05"," Harry J Ein","M48","WCM","386X-0376A","08-08-2026","2026 U.S. Masters Swimming Summer National Championship"
"Men ","45-49","100","Breaststroke","4","1:18.19"," Alex Ignatov","M45","TEME","386D-03ZGZ","07-13-2026","Pacific Masters LCM Championships"
"Men ","45-49","100","Breaststroke","5","1:18.90"," Damian Jacobs","M46","TOC","3860-1KU6D","08-08-2026","2026 U.S. Masters Swimming Summer National Championship"
"Men ","45-49","100","Breaststroke","6","1:20.32"," Ryan W Walker","M47","PCCM","386N-4VBYS","08-08-2026","2026 U.S. Masters Swimming Summer National Championship"
"Men ","45-49","100","Breaststroke","7","1:30.91"," David A Popko","M49","AAM","3862-0836U","05-17-2026","Mission Viejo Nadadores Masters LCM Swim Meet"
"Men ","45-49","100","Breaststroke","8","1:33.79"," Derrick R Franks","M46","SJCF","386Y-0667E","05-31-2026","BAC Long Course Meters Meet"
"Men ","45-49","100","Breaststroke","9","1:34.73"," Chris Greiner","M45","HTUB","386G-05ZCS","05-31-2026","BAC Long Course Meters Meet"
"Men ","45-49","100","Breaststroke","10","1:45.08"," Oleg Mustiazza","M48","GOOG","386J-06M9Y","07-13-2026","Pacific Masters LCM Championships"
"Men ","45-49","100","Breaststroke","11","1:47.91"," Chetan Kulkarni","M47","QSS","3862-GP52J","08-08-2026","2026 U.S. Masters Swimming Summer National Championship"
"Men ","45-49","200","Breaststroke","1","2:47.38"," Eric K Wong","M46","QSS","3865-07XWU","08-06-2026","2026 U.S. Masters Swimming Summer National Championship"
"Men ","45-49","200","Breaststroke","2","2:49.64"," Alex Ignatov","M45","TEME","386D-03ZGZ","07-14-2026","Pacific Masters LCM Championships"
"Men ","45-49","200","Breaststroke","3","3:29.75"," Stefano Profumo","M48","CRUZ","386J-08627","08-06-2026","2026 U.S. Masters Swimming Summer National Championship"
"Men ","45-49","200","Breaststroke","4","3:37.03"," Chris Greiner","M45","HTUB","386G-05ZCS","06-28-2026","SILVER STATE MASTERS LCM"
"Men ","45-49","200","Breaststroke","5","3:54.98"," Ellison R Wada","M47","WCM","386F-03H75","07-14-2026","Pacific Masters LCM Championships"
"Men ","45-49","50","Butterfly","1","27.98"," Benjamin C Phipps","M47","SJCF","3865-03T2F","08-09-2026","2026 U.S. Masters Swimming Summer National Championship"
"Men ","45-49","50","Butterfly","2","28.26"," Eric K Wong","M46","QSS","3865-07XWU","08-09-2026","2026 U.S. Masters Swimming Summer National Championship"
"Men ","45-49","50","Butterfly","3","29.33"," Massimiliano Macri","M48","CSTS","386R-WAFSP","07-14-2026","Pacific Masters LCM Championships"
"Men ","45-49","50","Butterfly","4","29.92"," Lucas Salles-Cunha","M46","QSS","3866-07DZC","08-09-2026","2026 U.S. Masters Swimming Summer National Championship"
"Men ","45-49","50","Butterfly","5","29.93"," Alex Ignatov","M45","TEME","386D-03ZGZ","07-14-2026","Pacific Masters LCM Championships"
"Men ","45-49","50","Butterfly","6","30.92"," Damian Jacobs","M46","TOC","3860-1KU6D","08-09-2026","2026 U.S. Masters Swimming Summer National Championship"
"Men ","45-49","50","Butterfly","7","31.82"," Chris Greiner","M45","HTUB","386G-05ZCS","08-09-2026","2026 U.S. Masters Swimming Summer National Championship"
"Men ","45-49","50","Butterfly","8","32.79"," David A Popko","M49","AAM","3862-0836U","05-17-2026","Mission Viejo Nadadores Masters LCM Swim Meet"
"Men ","45-49","50","Butterfly","9","33.19"," Scott C Dobroski","M46","TSUN","386U-05GED","05-31-2026","BAC Long Course Meters Meet"
"Men ","45-49","50","Butterfly","10","33.78"," Derrick R Franks","M46","SJCF","386Y-0667E","05-31-2026","BAC Long Course Meters Meet"
"Men ","45-49","50","Butterfly","11","37.09"," Peter Sadler","M45","RHMS","386D-29U5E","05-31-2026","BAC Long Course Meters Meet"
"Men ","45-49","50","Butterfly","12","38.28"," Curtis J Brennan","M48","WCM","386T-CBREN","08-09-2026","2026 U.S. Masters Swimming Summer National Championship"
"Men ","45-49","100","Butterfly","1","1:00.31"," Juan P Valdivieso","M45","TOC","386H-0771P","08-06-2026","2026 U.S. Masters Swimming Summer National Championship"
"Men ","45-49","100","Butterfly","2","1:01.67"," Benjamin C Phipps","M47","SJCF","3865-03T2F","08-06-2026","2026 U.S. Masters Swimming Summer National Championship"
"Men ","45-49","100","Butterfly","3","1:14.00"," Mario Gini","M46","BAC","386S-04Z57","08-06-2026","2026 U.S. Masters Swimming Summer National Championship"
"Men ","45-49","100","Butterfly","4","1:15.99"," Zebron J Lemke","M46","AAM","386A-03S8A","05-31-2026","BAC Long Course Meters Meet"
"Men ","45-49","100","Butterfly","5","1:17.70"," Chris Greiner","M45","HTUB","386G-05ZCS","08-06-2026","2026 U.S. Masters Swimming Summer National Championship"
"Men ","45-49","100","Butterfly","6","1:26.19"," Scott C Dobroski","M46","TSUN","386U-05GED","07-01-2026","Gay Games Valencia 2026"
"Men ","45-49","100","Butterfly","7","1:35.89"," Owen Fennern","M46","SJCF","386V-4RN3Y","07-13-2026","Pacific Masters LCM Championships"
"Men ","45-49","100","Butterfly","8","1:39.48"," Ellison R Wada","M47","WCM","386F-03H75","07-13-2026","Pacific Masters LCM Championships"
"Men ","45-49","100","Butterfly","9","1:44.46"," John S Bucy","M48","USF","386T-03Y13","07-13-2026","Pacific Masters LCM Championships"
"Men ","45-49","200","Butterfly","1","2:19.14"," Juan P Valdivieso","M45","TOC","386H-0771P","08-07-2026","2026 U.S. Masters Swimming Summer National Championship"
"Men ","45-49","200","Butterfly","2","2:29.14"," Benjamin C Phipps","M47","SJCF","3865-03T2F","08-07-2026","2026 U.S. Masters Swimming Summer National Championship"
"Men ","45-49","200","Butterfly","3","2:49.06"," Mario Gini","M46","BAC","386S-04Z57","08-07-2026","2026 U.S. Masters Swimming Summer National Championship"
"Men ","45-49","200","Butterfly","4","3:08.95"," Chris Greiner","M45","HTUB","386G-05ZCS","08-07-2026","2026 U.S. Masters Swimming Summer National Championship"
"Men ","45-49","200","Butterfly","5","3:29.68"," Ellison R Wada","M47","WCM","386F-03H75","08-07-2026","2026 U.S. Masters Swimming Summer National Championship"
"Men ","45-49","200","Butterfly","6","3:48.36"," Kevin Waterson","M47","DAM","3866-08CRR","08-07-2026","2026 U.S. Masters Swimming Summer National Championship"
"Men ","45-49","200","Individual Medley","1","2:33.55"," Alex Ignatov","M45","TEME","386D-03ZGZ","07-14-2026","Pacific Masters LCM Championships"
"Men ","45-49","200","Individual Medley","2","2:35.08"," Eric K Wong","M46","QSS","3865-07XWU","07-14-2026","Pacific Masters LCM Championships"
"Men ","45-49","200","Individual Medley","3","2:36.22"," Benjamin C Phipps","M47","SJCF","3865-03T2F","08-08-2026","2026 U.S. Masters Swimming Summer National Championship"
"Men ","45-49","200","Individual Medley","4","2:40.70"," Duncan R Carroll","M45","MEMO","386F-07F7W","08-08-2026","2026 U.S. Masters Swimming Summer National Championship"
"Men ","45-49","200","Individual Medley","5","2:41.63"," Mario Gini","M46","BAC","386S-04Z57","05-31-2026","BAC Long Course Meters Meet"
"Men ","45-49","200","Individual Medley","6","2:50.11"," Derrick R Franks","M46","SJCF","386Y-0667E","08-08-2026","2026 U.S. Masters Swimming Summer National Championship"
"Men ","45-49","200","Individual Medley","7","3:17.77"," Peter Sadler","M45","RHMS","386D-29U5E","05-31-2026","BAC Long Course Meters Meet"
"Men ","45-49","200","Individual Medley","8","3:25.69"," Ellison R Wada","M47","WCM","386F-03H75","07-14-2026","Pacific Masters LCM Championships"
"Men ","45-49","400","Individual Medley","1","6:32.98"," Omer Baristiran","M47","USF","386N-H88WV","08-07-2026","2026 U.S. Masters Swimming Summer National Championship"
"Men ","45-49","400","Individual Medley","2","7:41.99"," Ellison R Wada","M47","WCM","386F-03H75","07-12-2026","Pacific Masters LCM Championships"
"Men ","50-54","50","Freestyle","1","24.55"," Kevin R Quinn","M51","WCM","3863-TBRFD","08-08-2026","2026 U.S. Masters Swimming Summer National Championship"
"Men ","50-54","50","Freestyle","2","24.87"," Devin Pietrzak","M53","WCM","3865-N48F9","","Pegasus Aquatic Masters LCM Meet"
"Men ","50-54","50","Freestyle","3","25.21"," Robert J Smith","M52","UC38","386D-03PTF","08-08-2026","2026 U.S. Masters Swimming Summer National Championship"
"Men ","50-54","50","Freestyle","4","25.61"," Peter S Moore","M54","BAC","3863-03UBM","08-08-2026","2026 U.S. Masters Swimming Summer National Championship"
"Men ","50-54","50","Freestyle","5","25.66"," Alexander T Pullen","M50","WCM","386K-M86AU","08-08-2026","2026 U.S. Masters Swimming Summer National Championship"
"Men ","50-54","50","Freestyle","6","26.32"," Mark Rotblat","M50","WCM","386H-06S9B","","2026 U.S. Masters Swimming Summer National Championship"
"Men ","50-54","50","Freestyle","7","27.26"," Kyle B Rausch","M51","DAM","386P-01RHA","08-08-2026","2026 U.S. Masters Swimming Summer National Championship"
"Men ","50-54","50","Freestyle","8","27.28"," Bryan McFarland","M50","CRUZ","386S-JSE1S","08-08-2026","2026 U.S. Masters Swimming Summer National Championship"
"Men ","50-54","50","Freestyle","9","27.46"," Andrew S Dennis","M50","WCM","3861-041NP","08-08-2026","2026 U.S. Masters Swimming Summer National Championship"
"Men ","50-54","50","Freestyle","10","27.68"," Nick Bryson","M52","BAC","386M-03Z0N","08-08-2026","2026 U.S. Masters Swimming Summer National Championship"
"Men ","50-54","50","Freestyle","11","28.4"," Todd C Mitchell","M50","DERM","3865-03JX0","08-08-2026","2026 U.S. Masters Swimming Summer National Championship"
"Men ","50-54","50","Freestyle","12","28.42"," Justin Copp","M51","WGM","3865-BYNWE","08-08-2026","2026 U.S. Masters Swimming Summer National Championship"
"Men ","50-54","50","Freestyle","13","29.27"," Kostas Sarrigeorgidis","M52","STAN","386N-03N2J","08-08-2026","2026 U.S. Masters Swimming Summer National Championship"
"Men ","50-54","50","Freestyle","14","29.28"," Felix G Poggemann","M53","BAMF","3861-02R3X","08-08-2026","2026 U.S. Masters Swimming Summer National Championship"
"Men ","50-54","50","Freestyle","15","29.5"," Brian C Holm","M54","TVAM","386C-00603","08-08-2026","2026 U.S. Masters Swimming Summer National Championship"
"Men ","50-54","50","Freestyle","16","29.68"," Josef Bittman","M50","DAM","386M-04PR5","08-08-2026","2026 U.S. Masters Swimming Summer National Championship"
"Men ","50-54","50","Freestyle","17","29.7"," Christopher W Stuart","M52","TSUN","386H-02Y7G","06-30-2026","Gay Games Valencia 2026"
"Men ","50-54","50","Freestyle","18","29.98"," Todd Wehmann","M54","MEMO","3864-09V9T","08-08-2026","2026 U.S. Masters Swimming Summer National Championship"
"Men ","50-54","50","Freestyle","19","30.47"," Mark A Janusz","M53","UC38","386R-03TD4","08-08-2026","2026 U.S. Masters Swimming Summer National Championship"
"Men ","50-54","50","Freestyle","20","30.84"," Bryan Dove","M51","SACMA","3861-7532C","08-08-2026","2026 U.S. Masters Swimming Summer National Championship"
"Men ","50-54","50","Freestyle","21","31.8"," Andrew A Pierce","M50","WCM","386J-NX5T0","08-08-2026","2026 U.S. Masters Swimming Summer National Championship"
"Men ","50-54","50","Freestyle","22","31.93"," Michael Frazier","M50","SACMA","3862-07N77","","2026 U.S. Masters Swimming Summer National Championship"
"Men ","50-54","50","Freestyle","23","32.2"," Ahren E Lehnert","M53","MEMO","386D-07TZ7","08-08-2026","2026 U.S. Masters Swimming Summer National Championship"
"Men ","50-54","50","Freestyle","24","32.6"," Andrey Nikiforov","M54","WCM","386D-1ST4C","07-13-2026","Pacific Masters LCM Championships"
"Men ","50-54","50","Freestyle","25","33.38"," Matthew R Francis","M53","TSUN","386H-02ZF6","05-31-2026","BAC Long Course Meters Meet"
"Men ","50-54","50","Freestyle","26","34.43"," Mike Feeney","M50","RPM","3867-M7ZA3","05-31-2026","BAC Long Course Meters Meet"
"Men ","50-54","50","Freestyle","27","34.74"," Steven L Minnich","M53","RWR","3867-J1554","08-08-2026","2026 U.S. Masters Swimming Summer National Championship"
"Men ","50-54","50","Freestyle","28","35.25"," Jorge Juarez Martinez","M51","TSUN","386Y-078UF","08-08-2026","2026 U.S. Masters Swimming Summer National Championship"
"Men ","50-54","50","Freestyle","29","35.4"," Peter Y Yang","M51","USF","386B-HXW82","05-31-2026","BAC Long Course Meters Meet"
"Men ","50-54","50","Freestyle","30","36.19"," Loc T Le","M54","TSUN","3866-03P77","06-30-2026","Gay Games Valencia 2026"
"Men ","50-54","50","Freestyle","31","36.56"," Anthony Lu","M52","OAK","386S-BZFKN","05-31-2026","BAC Long Course Meters Meet"
"Men ","50-54","100","Freestyle","1","55.08"," Kevin R Quinn","M51","WCM","3863-TBRFD","08-07-2026","2026 U.S. Masters Swimming Summer National Championship"
"Men ","50-54","100","Freestyle","2","56.78"," Alexander T Pullen","M50","WCM","386K-M86AU","08-07-2026","2026 U.S. Masters Swimming Summer National Championship"
"Men ","50-54","100","Freestyle","3","59.46"," Kent A Anderson","M54","DAM","386N-03WVJ","08-07-2026","2026 U.S. Masters Swimming Summer National Championship"
"Men ","50-54","100","Freestyle","4","1:00.91"," Nick Bryson","M52","BAC","386M-03Z0N","08-07-2026","2026 U.S. Masters Swimming Summer National Championship"
"Men ","50-54","100","Freestyle","5","1:01.87"," Josef Bittman","M50","DAM","386M-04PR5","08-07-2026","2026 U.S. Masters Swimming Summer National Championship"
"Men ","50-54","100","Freestyle","6","1:02.97"," Kostas Sarrigeorgidis","M52","STAN","386N-03N2J","05-31-2026","BAC Long Course Meters Meet"
"Men ","50-54","100","Freestyle","7","1:05.04"," Felix G Poggemann","M53","BAMF","3861-02R3X","08-07-2026","2026 U.S. Masters Swimming Summer National Championship"
"Men ","50-54","100","Freestyle","8","1:06.05"," Brian C Holm","M54","TVAM","386C-00603","08-07-2026","2026 U.S. Masters Swimming Summer National Championship"
"Men ","50-54","100","Freestyle","9","1:07.28"," Greg Sabatini","M50","RPM","386T-07N52","05-31-2026","BAC Long Course Meters Meet"
"Men ","50-54","100","Freestyle","10","1:07.75"," Matthew Calhoun","M51","ALB","386K-097ZK","08-07-2026","2026 U.S. Masters Swimming Summer National Championship"
"Men ","50-54","100","Freestyle","11","1:07.98"," Michael Frazier","M50","SACMA","3862-07N77","08-07-2026","2026 U.S. Masters Swimming Summer National Championship"
"Men ","50-54","100","Freestyle","12","1:08.03"," Dan Kearns","M53","SMM","386N-0063D","05-31-2026","BAC Long Course Meters Meet"
"Men ","50-54","100","Freestyle","13","1:08.59"," Eric Wright","M53","MEMO","386U-0AYKV","","Pacific Masters LCM Championships"
"Men ","50-54","100","Freestyle","14","1:12.14"," Andrey Nikiforov","M54","WCM","386D-1ST4C","07-13-2026","Pacific Masters LCM Championships"
"Men ","50-54","100","Freestyle","15","1:14.29"," Devin Pietrzak","M53","WCM","3865-N48F9","07-12-2026","Pegasus Aquatic Masters LCM Meet"
"Men ","50-54","100","Freestyle","16","1:14.85"," Ahren E Lehnert","M53","MEMO","386D-07TZ7","05-31-2026","BAC Long Course Meters Meet"
"Men ","50-54","100","Freestyle","17","1:17.04"," Matthew R Francis","M53","TSUN","386H-02ZF6","05-31-2026","BAC Long Course Meters Meet"
"Men ","50-54","100","Freestyle","18","1:18.21"," Jorge Juarez Martinez","M51","TSUN","386Y-078UF","08-07-2026","2026 U.S. Masters Swimming Summer National Championship"
"Men ","50-54","100","Freestyle","19","1:19.17"," Peter Y Yang","M51","USF","386B-HXW82","08-07-2026","2026 U.S. Masters Swimming Summer National Championship"
"Men ","50-54","100","Freestyle","20","1:23.06"," Mike Feeney","M50","RPM","3867-M7ZA3","05-31-2026","BAC Long Course Meters Meet"
"Men ","50-54","100","Freestyle","21","1:25.52"," Loc T Le","M54","TSUN","3866-03P77","07-02-2026","Gay Games Valencia 2026"
"Men ","50-54","200","Freestyle","1","2:15.23"," Mark Rotblat","M50","WCM","386H-06S9B","08-09-2026","2026 U.S. Masters Swimming Summer National Championship"
"Men ","50-54","200","Freestyle","2","2:19.80"," Kostas Sarrigeorgidis","M52","STAN","386N-03N2J","05-31-2026","BAC Long Course Meters Meet"
"Men ","50-54","200","Freestyle","3","2:25.94"," Dan Kearns","M53","SMM","386N-0063D","05-31-2026","BAC Long Course Meters Meet"
"Men ","50-54","200","Freestyle","4","2:27.07"," Felix G Poggemann","M53","BAMF","3861-02R3X","08-09-2026","2026 U.S. Masters Swimming Summer National Championship"
"Men ","50-54","200","Freestyle","5","2:27.98"," Eric Wright","M53","MEMO","386U-0AYKV","08-09-2026","2026 U.S. Masters Swimming Summer National Championship"
"Men ","50-54","200","Freestyle","6","2:32.73"," Michael Frazier","M50","SACMA","3862-07N77","08-09-2026","2026 U.S. Masters Swimming Summer National Championship"
"Men ","50-54","200","Freestyle","7","2:38.62"," Keith Hertzer","M53","MEMO","386X-098B3","","2026 U.S. Masters Swimming Summer National Championship"
"Men ","50-54","200","Freestyle","8","2:43.61"," Ahren E Lehnert","M53","MEMO","386D-07TZ7","08-09-2026","2026 U.S. Masters Swimming Summer National Championship"
"Men ","50-54","200","Freestyle","9","2:47.74"," Brian C Holm","M54","TVAM","386C-00603","06-28-2026","SILVER STATE MASTERS LCM"
"Men ","50-54","200","Freestyle","10","2:49.37"," Jason M Zajonc","M53","MAQ","3865-0035M","08-09-2026","2026 U.S. Masters Swimming Summer National Championship"
"Men ","50-54","200","Freestyle","11","3:08.99"," Nick Stipinovich","M54","BAC","3866-S5ZKN","05-31-2026","BAC Long Course Meters Meet"
"Men ","50-54","400","Freestyle","1","4:59.77"," Kostas Sarrigeorgidis","M52","STAN","386N-03N2J","05-31-2026","BAC Long Course Meters Meet"
"Men ","50-54","400","Freestyle","2","5:03.72"," Romer Rosales-Delmoral","M53","MELO","386T-TDTNE","07-14-2026","Pacific Masters LCM Championships"
"Men ","50-54","400","Freestyle","3","5:20.06"," Eric Wright","M53","MEMO","386U-0AYKV","07-14-2026","Pacific Masters LCM Championships"
"Men ","50-54","400","Freestyle","4","5:24.85"," Keith Hertzer","M53","MEMO","386X-098B3","08-06-2026","2026 U.S. Masters Swimming Summer National Championship"
"Men ","50-54","400","Freestyle","5","5:30.69"," Michael Frazier","M50","SACMA","3862-07N77","08-06-2026","2026 U.S. Masters Swimming Summer National Championship"
"Men ","50-54","400","Freestyle","6","5:32.59"," Todd Wehmann","M54","MEMO","3864-09V9T","","2026 U.S. Masters Swimming Summer National Championship"
"Men ","50-54","400","Freestyle","7","5:57.80"," Ahren E Lehnert","M53","MEMO","386D-07TZ7","08-06-2026","2026 U.S. Masters Swimming Summer National Championship"
"Men ","50-54","400","Freestyle","8","6:10.17"," Brian C Holm","M54","TVAM","386C-00603","06-28-2026","SILVER STATE MASTERS LCM"
"Men ","50-54","400","Freestyle","9","6:27.65"," Nick Stipinovich","M54","BAC","3866-S5ZKN","05-31-2026","BAC Long Course Meters Meet"
"Men ","50-54","800","Freestyle","1","10:24.27"," Kostas Sarrigeorgidis","M52","STAN","386N-03N2J","08-08-2026","2026 U.S. Masters Swimming Summer National Championship"
"Men ","50-54","800","Freestyle","2","10:43.71"," Romer Rosales-Delmoral","M53","MELO","386T-TDTNE","07-13-2026","Pacific Masters LCM Championships"
"Men ","50-54","800","Freestyle","3","11:07.56"," Todd Wehmann","M54","MEMO","3864-09V9T","08-08-2026","2026 U.S. Masters Swimming Summer National Championship"
"Men ","50-54","800","Freestyle","4","11:08.21"," Bryan Dove","M51","SACMA","3861-7532C","08-08-2026","2026 U.S. Masters Swimming Summer National Championship"
"Men ","50-54","800","Freestyle","5","11:12.78"," Eric Wright","M53","MEMO","386U-0AYKV","07-13-2026","Pacific Masters LCM Championships"
"Men ","50-54","800","Freestyle","6","11:13.58"," Keith Hertzer","M53","MEMO","386X-098B3","08-08-2026","2026 U.S. Masters Swimming Summer National Championship"
"Men ","50-54","800","Freestyle","7","11:13.98"," Christopher W Stuart","M52","TSUN","386H-02Y7G","07-01-2026","Gay Games Valencia 2026"
"Men ","50-54","800","Freestyle","8","11:35.53"," Yann A Kneubuhler","M54","RPM","386Z-0ASHS","07-13-2026","Pacific Masters LCM Championships"
"Men ","50-54","1500","Freestyle","1","20:53.10"," Kostas Sarrigeorgidis","M52","STAN","386N-03N2J","05-17-2026","Mission Viejo Nadadores Masters LCM Swim Meet"
"Men ","50-54","1500","Freestyle","2","21:25.12"," Eric Wright","M53","MEMO","386U-0AYKV","08-05-2026","2026 U.S. Masters Swimming Summer National Championship"
"Men ","50-54","1500","Freestyle","3","21:34.18"," Todd Wehmann","M54","MEMO","3864-09V9T","07-12-2026","Pacific Masters LCM Championships"
"Men ","50-54","1500","Freestyle","4","22:00.73"," Keith Hertzer","M53","MEMO","386X-098B3","07-12-2026","Pacific Masters LCM Championships"
"Men ","50-54","50","Backstroke","1","28.05"," Peter S Moore","M54","BAC","3863-03UBM","08-08-2026","2026 U.S. Masters Swimming Summer National Championship"
"Men ","50-54","50","Backstroke","2","29"," Alexander T Pullen","M50","WCM","386K-M86AU","","2026 U.S. Masters Swimming Summer National Championship"
"Men ","50-54","50","Backstroke","3","30.2"," Andrew S Dennis","M50","WCM","3861-041NP","","2026 U.S. Masters Swimming Summer National Championship"
"Men ","50-54","50","Backstroke","4","31.46"," Kyle B Rausch","M51","DAM","386P-01RHA","08-08-2026","2026 U.S. Masters Swimming Summer National Championship"
"Men ","50-54","50","Backstroke","5","31.7"," Nick Bryson","M52","BAC","386M-03Z0N","","2026 U.S. Masters Swimming Summer National Championship"
"Men ","50-54","50","Backstroke","6","32.66"," Justin Copp","M51","WGM","3865-BYNWE","08-08-2026","2026 U.S. Masters Swimming Summer National Championship"
"Men ","50-54","50","Backstroke","7","32.69"," Matt M Sheeran","M50","SACMA","386B-03W7R","08-08-2026","2026 U.S. Masters Swimming Summer National Championship"
"Men ","50-54","50","Backstroke","8","34.04"," Bryan McFarland","M50","CRUZ","386S-JSE1S","08-08-2026","2026 U.S. Masters Swimming Summer National Championship"
"Men ","50-54","50","Backstroke","9","37.85"," Todd Wehmann","M54","MEMO","3864-09V9T","08-08-2026","2026 U.S. Masters Swimming Summer National Championship"
"Men ","50-54","50","Backstroke","10","40.17"," Yann A Kneubuhler","M54","RPM","386Z-0ASHS","05-31-2026","BAC Long Course Meters Meet"
"Men ","50-54","50","Backstroke","11","40.55"," Michael Frazier","M50","SACMA","3862-07N77","","2026 U.S. Masters Swimming Summer National Championship"
"Men ","50-54","50","Backstroke","12","41.72"," Shane I Rankin","M52","USF","386N-6A2BX","07-13-2026","Pacific Masters LCM Championships"
"Men ","50-54","50","Backstroke","13","42.56"," Peter Y Yang","M51","USF","386B-HXW82","","2026 U.S. Masters Swimming Summer National Championship"
"Men ","50-54","50","Backstroke","14","50.47"," Mike Feeney","M50","RPM","3867-M7ZA3","05-31-2026","BAC Long Course Meters Meet"
"Men ","50-54","100","Backstroke","1","1:05.72"," Alexander T Pullen","M50","WCM","386K-M86AU","08-06-2026","2026 U.S. Masters Swimming Summer National Championship"
"Men ","50-54","100","Backstroke","2","1:10.88"," Matt M Sheeran","M50","SACMA","386B-03W7R","08-06-2026","2026 U.S. Masters Swimming Summer National Championship"
"Men ","50-54","100","Backstroke","3","1:19.73"," Greg Sabatini","M50","RPM","386T-07N52","05-31-2026","BAC Long Course Meters Meet"
"Men ","50-54","100","Backstroke","4","1:22.89"," Todd Wehmann","M54","MEMO","3864-09V9T","07-14-2026","Pacific Masters LCM Championships"
"Men ","50-54","100","Backstroke","5","1:24.98"," Felix G Poggemann","M53","BAMF","3861-02R3X","05-31-2026","BAC Long Course Meters Meet"
"Men ","50-54","100","Backstroke","6","1:25.51"," Romer Rosales-Delmoral","M53","MELO","386T-TDTNE","05-31-2026","BAC Long Course Meters Meet"
"Men ","50-54","100","Backstroke","7","1:26.67"," Andrey Nikiforov","M54","WCM","386D-1ST4C","07-14-2026","Pacific Masters LCM Championships"
"Men ","50-54","100","Backstroke","8","1:32.05"," Shane I Rankin","M52","USF","386N-6A2BX","07-14-2026","Pacific Masters LCM Championships"
"Men ","50-54","200","Backstroke","1","2:38.40"," Matt M Sheeran","M50","SACMA","386B-03W7R","08-09-2026","2026 U.S. Masters Swimming Summer National Championship"
"Men ","50-54","200","Backstroke","2","3:02.84"," Todd Wehmann","M54","MEMO","3864-09V9T","07-13-2026","Pacific Masters LCM Championships"
"Men ","50-54","200","Backstroke","3","3:05.58"," Romer Rosales-Delmoral","M53","MELO","386T-TDTNE","07-13-2026","Pacific Masters LCM Championships"
"Men ","50-54","200","Backstroke","4","3:18.55"," Shane I Rankin","M52","USF","386N-6A2BX","07-13-2026","Pacific Masters LCM Championships"
"Men ","50-54","200","Backstroke","5","4:00.02"," Victor Hansjeliana","M52","QSS","386F-WXXBC","07-13-2026","Pacific Masters LCM Championships"
"Men ","50-54","50","Breaststroke","1","31.16"," Roman Melis","M50","TVAM","386C-Y33XU","08-07-2026","2026 U.S. Masters Swimming Summer National Championship"
"Men ","50-54","50","Breaststroke","2","32.28"," Devin Pietrzak","M53","WCM","3865-N48F9","08-07-2026","2026 U.S. Masters Swimming Summer National Championship"
"Men ","50-54","50","Breaststroke","3","32.91"," Mark Rotblat","M50","WCM","386H-06S9B","08-07-2026","2026 U.S. Masters Swimming Summer National Championship"
"Men ","50-54","50","Breaststroke","4","36.36"," Keith Hertzer","M53","MEMO","386X-098B3","05-31-2026","BAC Long Course Meters Meet"
"Men ","50-54","50","Breaststroke","5","36.64"," Jason Taylor","M53","WCM","386X-D7JMP","07-14-2026","Pacific Masters LCM Championships"
"Men ","50-54","50","Breaststroke","6","38.38"," Ivo Linev","M50","TSUN","386Y-0303C","06-30-2026","Gay Games Valencia 2026"
"Men ","50-54","50","Breaststroke","7","38.95"," Brian C Holm","M54","TVAM","386C-00603","08-07-2026","2026 U.S. Masters Swimming Summer National Championship"
"Men ","50-54","50","Breaststroke","8","39"," Yann A Kneubuhler","M54","RPM","386Z-0ASHS","07-14-2026","Pacific Masters LCM Championships"
"Men ","50-54","50","Breaststroke","9","39.7"," Peter Y Yang","M51","USF","386B-HXW82","08-07-2026","2026 U.S. Masters Swimming Summer National Championship"
"Men ","50-54","50","Breaststroke","10","40.83"," Matthew R Francis","M53","TSUN","386H-02ZF6","05-31-2026","BAC Long Course Meters Meet"
"Men ","50-54","50","Breaststroke","11","41.34"," Romer Rosales-Delmoral","M53","MELO","386T-TDTNE","05-31-2026","BAC Long Course Meters Meet"
"Men ","50-54","50","Breaststroke","12","42.3"," Todd Wehmann","M54","MEMO","3864-09V9T","07-14-2026","Pacific Masters LCM Championships"
"Men ","50-54","50","Breaststroke","13","43.44"," Steven L Minnich","M53","RWR","3867-J1554","08-07-2026","2026 U.S. Masters Swimming Summer National Championship"
"Men ","50-54","50","Breaststroke","14","44.49"," Andrey Nikiforov","M54","WCM","386D-1ST4C","07-14-2026","Pacific Masters LCM Championships"
"Men ","50-54","50","Breaststroke","15","46.32"," Victor Hansjeliana","M52","QSS","386F-WXXBC","07-14-2026","Pacific Masters LCM Championships"
"Men ","50-54","50","Breaststroke","16","46.73"," Loc T Le","M54","TSUN","3866-03P77","06-30-2026","Gay Games Valencia 2026"
"Men ","50-54","50","Breaststroke","17","48"," Mike Feeney","M50","RPM","3867-M7ZA3","05-31-2026","BAC Long Course Meters Meet"
"Men ","50-54","100","Breaststroke","1","1:11.12"," Roman Melis","M50","TVAM","386C-Y33XU","08-08-2026","2026 U.S. Masters Swimming Summer National Championship"
"Men ","50-54","100","Breaststroke","2","1:12.94"," Mark Rotblat","M50","WCM","386H-06S9B","08-08-2026","2026 U.S. Masters Swimming Summer National Championship"
"Men ","50-54","100","Breaststroke","3","1:24.22"," Bryan Dove","M51","SACMA","3861-7532C","08-08-2026","2026 U.S. Masters Swimming Summer National Championship"
"Men ","50-54","100","Breaststroke","4","1:24.61"," Andrew A Pierce","M50","WCM","386J-NX5T0","08-08-2026","2026 U.S. Masters Swimming Summer National Championship"
"Men ","50-54","100","Breaststroke","5","1:25.54"," Ivo Linev","M50","TSUN","386Y-0303C","07-01-2026","Gay Games Valencia 2026"
"Men ","50-54","100","Breaststroke","6","1:26.02"," Yann A Kneubuhler","M54","RPM","386Z-0ASHS","07-13-2026","Pacific Masters LCM Championships"
"Men ","50-54","100","Breaststroke","7","1:26.18"," Bryan McFarland","M50","CRUZ","386S-JSE1S","08-08-2026","2026 U.S. Masters Swimming Summer National Championship"
"Men ","50-54","100","Breaststroke","8","1:26.62"," Keith Hertzer","M53","MEMO","386X-098B3","08-08-2026","2026 U.S. Masters Swimming Summer National Championship"
"Men ","50-54","100","Breaststroke","9","1:29.33"," Romer Rosales-Delmoral","M53","MELO","386T-TDTNE","05-31-2026","BAC Long Course Meters Meet"
"Men ","50-54","100","Breaststroke","10","1:33.18"," Matthew R Francis","M53","TSUN","386H-02ZF6","05-31-2026","BAC Long Course Meters Meet"
"Men ","50-54","100","Breaststroke","11","1:35.10"," Anthony Lu","M52","OAK","386S-BZFKN","05-31-2026","BAC Long Course Meters Meet"
"Men ","50-54","100","Breaststroke","12","1:36.82"," Peter Y Yang","M51","USF","386B-HXW82","05-31-2026","BAC Long Course Meters Meet"
"Men ","50-54","100","Breaststroke","13","1:41.27"," Steven L Minnich","M53","RWR","3867-J1554","08-08-2026","2026 U.S. Masters Swimming Summer National Championship"
"Men ","50-54","100","Breaststroke","14","1:51.13"," Loc T Le","M54","TSUN","3866-03P77","05-31-2026","BAC Long Course Meters Meet"
"Men ","50-54","200","Breaststroke","1","2:43.32"," Mark Rotblat","M50","WCM","386H-06S9B","08-06-2026","2026 U.S. Masters Swimming Summer National Championship"
"Men ","50-54","200","Breaststroke","2","2:46.35"," Roman Melis","M50","TVAM","386C-Y33XU","08-06-2026","2026 U.S. Masters Swimming Summer National Championship"
"Men ","50-54","200","Breaststroke","3","3:10.75"," Bryan Dove","M51","SACMA","3861-7532C","08-06-2026","2026 U.S. Masters Swimming Summer National Championship"
"Men ","50-54","200","Breaststroke","4","3:10.98"," Yann A Kneubuhler","M54","RPM","386Z-0ASHS","07-14-2026","Pacific Masters LCM Championships"
"Men ","50-54","200","Breaststroke","5","3:17.25"," Keith Hertzer","M53","MEMO","386X-098B3","08-06-2026","2026 U.S. Masters Swimming Summer National Championship"
"Men ","50-54","200","Breaststroke","6","3:18.14"," Romer Rosales-Delmoral","M53","MELO","386T-TDTNE","07-14-2026","Pacific Masters LCM Championships"
"Men ","50-54","200","Breaststroke","7","3:19.98"," Andrew A Pierce","M50","WCM","386J-NX5T0","07-14-2026","Pacific Masters LCM Championships"
"Men ","50-54","200","Breaststroke","8","3:46.91"," Peter Y Yang","M51","USF","386B-HXW82","07-14-2026","Pacific Masters LCM Championships"
"Men ","50-54","50","Butterfly","1","27.02"," Kevin R Quinn","M51","WCM","3863-TBRFD","08-09-2026","2026 U.S. Masters Swimming Summer National Championship"
"Men ","50-54","50","Butterfly","2","27.1"," Alexander T Pullen","M50","WCM","386K-M86AU","08-09-2026","2026 U.S. Masters Swimming Summer National Championship"
"Men ","50-54","50","Butterfly","3","28.31"," Devin Pietrzak","M53","WCM","3865-N48F9","07-11-2026","Pegasus Aquatic Masters LCM Meet"
"Men ","50-54","50","Butterfly","4","28.4"," Roman Melis","M50","TVAM","386C-Y33XU","08-09-2026","2026 U.S. Masters Swimming Summer National Championship"
"Men ","50-54","50","Butterfly","5","28.78"," Andrew S Dennis","M50","WCM","3861-041NP","08-09-2026","2026 U.S. Masters Swimming Summer National Championship"
"Men ","50-54","50","Butterfly","6","29.42"," Justin Copp","M51","WGM","3865-BYNWE","08-09-2026","2026 U.S. Masters Swimming Summer National Championship"
"Men ","50-54","50","Butterfly","7","30.9"," Christopher W Stuart","M52","TSUN","386H-02Y7G","06-28-2026","Gay Games Valencia 2026"
"Men ","50-54","50","Butterfly","8","31.16"," Nick Bryson","M52","BAC","386M-03Z0N","05-31-2026","BAC Long Course Meters Meet"
"Men ","50-54","50","Butterfly","9","31.71"," Darryl T Gill","M50","MEMO","386T-03XY0","08-09-2026","2026 U.S. Masters Swimming Summer National Championship"
"Men ","50-54","50","Butterfly","10","32.35"," Matthew Calhoun","M51","ALB","386K-097ZK","08-09-2026","2026 U.S. Masters Swimming Summer National Championship"
"Men ","50-54","50","Butterfly","11","32.79"," Kostas Sarrigeorgidis","M52","STAN","386N-03N2J","05-31-2026","BAC Long Course Meters Meet"
"Men ","50-54","50","Butterfly","12","32.93"," Patrick D Mc Donough","M53","WCM","386E-03H3G","08-09-2026","2026 U.S. Masters Swimming Summer National Championship"
"Men ","50-54","50","Butterfly","13","33.38"," Romer Rosales-Delmoral","M53","MELO","386T-TDTNE","05-31-2026","BAC Long Course Meters Meet"
"Men ","50-54","50","Butterfly","14","33.77"," Felix G Poggemann","M53","BAMF","3861-02R3X","05-31-2026","BAC Long Course Meters Meet"
"Men ","50-54","50","Butterfly","15","33.86"," Mark A Janusz","M53","UC38","386R-03TD4","08-09-2026","2026 U.S. Masters Swimming Summer National Championship"
"Men ","50-54","50","Butterfly","16","33.88"," Jason M Zajonc","M53","MAQ","3865-0035M","08-09-2026","2026 U.S. Masters Swimming Summer National Championship"
"Men ","50-54","50","Butterfly","17","34.64"," Brian C Holm","M54","TVAM","386C-00603","06-28-2026","SILVER STATE MASTERS LCM"
"Men ","50-54","50","Butterfly","18","34.92"," Todd Wehmann","M54","MEMO","3864-09V9T","07-14-2026","Pacific Masters LCM Championships"
"Men ","50-54","50","Butterfly","19","36.08"," Keith Hertzer","M53","MEMO","386X-098B3","05-31-2026","BAC Long Course Meters Meet"
"Men ","50-54","50","Butterfly","20","37.35"," Andrey Nikiforov","M54","WCM","386D-1ST4C","07-14-2026","Pacific Masters LCM Championships"
"Men ","50-54","50","Butterfly","21","37.81"," Casey D Cheung","M53","TSUN","386U-03HRM","06-28-2026","Gay Games Valencia 2026"
"Men ","50-54","50","Butterfly","22","40.2"," Anthony Lu","M52","OAK","386S-BZFKN","05-31-2026","BAC Long Course Meters Meet"
"Men ","50-54","50","Butterfly","23","40.94"," Mike Feeney","M50","RPM","3867-M7ZA3","05-31-2026","BAC Long Course Meters Meet"
"Men ","50-54","50","Butterfly","24","42.39"," Peter Y Yang","M51","USF","386B-HXW82","07-14-2026","Pacific Masters LCM Championships"
"Men ","50-54","50","Butterfly","25","44.45"," Loc T Le","M54","TSUN","3866-03P77","05-31-2026","BAC Long Course Meters Meet"
"Men ","50-54","50","Butterfly","26","48.03"," Victor Hansjeliana","M52","QSS","386F-WXXBC","05-31-2026","BAC Long Course Meters Meet"
"Men ","50-54","100","Butterfly","1","1:04.61"," Kent A Anderson","M54","DAM","386N-03WVJ","08-06-2026","2026 U.S. Masters Swimming Summer National Championship"
"Men ","50-54","100","Butterfly","2","1:12.86"," Christopher W Stuart","M52","TSUN","386H-02Y7G","07-01-2026","Gay Games Valencia 2026"
"Men ","50-54","100","Butterfly","3","1:13.38"," Kostas Sarrigeorgidis","M52","STAN","386N-03N2J","05-31-2026","BAC Long Course Meters Meet"
"Men ","50-54","100","Butterfly","4","1:13.79"," Brian C Holm","M54","TVAM","386C-00603","08-06-2026","2026 U.S. Masters Swimming Summer National Championship"
"Men ","50-54","100","Butterfly","5","1:15.02"," Darryl T Gill","M50","MEMO","386T-03XY0","08-06-2026","2026 U.S. Masters Swimming Summer National Championship"
"Men ","50-54","100","Butterfly","6","1:22.45"," Romer Rosales-Delmoral","M53","MELO","386T-TDTNE","07-12-2026","Pacific Masters LCM Championships"
"Men ","50-54","100","Butterfly","7","1:29.27"," Yann A Kneubuhler","M54","RPM","386Z-0ASHS","05-31-2026","BAC Long Course Meters Meet"
"Men ","50-54","100","Butterfly","8","1:31.95"," Shane I Rankin","M52","USF","386N-6A2BX","07-13-2026","Pacific Masters LCM Championships"
"Men ","50-54","100","Butterfly","9","1:50.04"," Mark A Janusz","M53","UC38","386R-03TD4","08-06-2026","2026 U.S. Masters Swimming Summer National Championship"
"Men ","50-54","100","Butterfly","10","1:56.98"," Victor Hansjeliana","M52","QSS","386F-WXXBC","07-13-2026","Pacific Masters LCM Championships"
"Men ","50-54","200","Butterfly","1","3:03.54"," Kostas Sarrigeorgidis","M52","STAN","386N-03N2J","08-07-2026","2026 U.S. Masters Swimming Summer National Championship"
"Men ","50-54","200","Butterfly","2","3:36.58"," Yann A Kneubuhler","M54","RPM","386Z-0ASHS","07-14-2026","Pacific Masters LCM Championships"
"Men ","50-54","200","Butterfly","3","3:48.97"," Shane I Rankin","M52","USF","386N-6A2BX","07-14-2026","Pacific Masters LCM Championships"
"Men ","50-54","200","Individual Medley","1","2:50.24"," Romer Rosales-Delmoral","M53","MELO","386T-TDTNE","05-31-2026","BAC Long Course Meters Meet"
"Men ","50-54","200","Individual Medley","2","2:54.53"," Keith Hertzer","M53","MEMO","386X-098B3","08-08-2026","2026 U.S. Masters Swimming Summer National Championship"
"Men ","50-54","200","Individual Medley","3","2:56.39"," Dan Kearns","M53","SMM","386N-0063D","05-31-2026","BAC Long Course Meters Meet"
"Men ","50-54","200","Individual Medley","4","2:56.48"," Darryl T Gill","M50","MEMO","386T-03XY0","08-08-2026","2026 U.S. Masters Swimming Summer National Championship"
"Men ","50-54","200","Individual Medley","5","2:56.52"," Felix G Poggemann","M53","BAMF","3861-02R3X","08-08-2026","2026 U.S. Masters Swimming Summer National Championship"
"Men ","50-54","200","Individual Medley","6","2:58.35"," Greg Sabatini","M50","RPM","386T-07N52","05-31-2026","BAC Long Course Meters Meet"
"Men ","50-54","200","Individual Medley","7","3:00.84"," Yann A Kneubuhler","M54","RPM","386Z-0ASHS","05-31-2026","BAC Long Course Meters Meet"
"Men ","50-54","200","Individual Medley","8","3:10.67"," Ivo Linev","M50","TSUN","386Y-0303C","07-02-2026","Gay Games Valencia 2026"
"Men ","50-54","200","Individual Medley","9","3:17.06"," Brian C Holm","M54","TVAM","386C-00603","06-28-2026","SILVER STATE MASTERS LCM"
"Men ","50-54","200","Individual Medley","10","3:22.64"," Shane I Rankin","M52","USF","386N-6A2BX","07-14-2026","Pacific Masters LCM Championships"
"Men ","50-54","200","Individual Medley","11","3:43.82"," Victor Hansjeliana","M52","QSS","386F-WXXBC","07-14-2026","Pacific Masters LCM Championships"
"Men ","50-54","200","Individual Medley","12","3:45.62"," Peter Y Yang","M51","USF","386B-HXW82","07-14-2026","Pacific Masters LCM Championships"
"Men ","50-54","400","Individual Medley","1","6:10.06"," Romer Rosales-Delmoral","M53","MELO","386T-TDTNE","07-12-2026","Pacific Masters LCM Championships"
"Men ","50-54","400","Individual Medley","2","6:24.42"," Todd Wehmann","M54","MEMO","3864-09V9T","07-12-2026","Pacific Masters LCM Championships"
"Men ","50-54","400","Individual Medley","3","6:26.92"," Yann A Kneubuhler","M54","RPM","386Z-0ASHS","07-12-2026","Pacific Masters LCM Championships"
"Men ","55-59","50","Freestyle","1","24.8"," Dan Wegner","M55","WCM","3864-03A93","","2026 U.S. Masters Swimming Summer National Championship"
"Men ","55-59","50","Freestyle","2","26.69"," Will H Lane","M55","FDM","386D-00704","08-08-2026","2026 U.S. Masters Swimming Summer National Championship"
"Men ","55-59","50","Freestyle","3","26.82"," Dikan Rendic","M55","GOOG","386A-03JJA","08-08-2026","2026 U.S. Masters Swimming Summer National Championship"
"Men ","55-59","50","Freestyle","4","27.12"," Thomas Gorek","M58","TAM","3862-68ADN","","2026 U.S. Masters Swimming Summer National Championship"
"Men ","55-59","50","Freestyle","5","27.97"," Jaymes M Butler","M56","SACMA","386E-03JFB","","2026 U.S. Masters Swimming Summer National Championship"
"Men ","55-59","50","Freestyle","6","28.09"," Jimmy E Varellas","M55","WCM","386R-E42BE","08-08-2026","2026 U.S. Masters Swimming Summer National Championship"
"Men ","55-59","50","Freestyle","7","28.47"," Mike J McKeon","M57","SON","386X-03NG4","06-30-2026","Gay Games Valencia 2026"
"Men ","55-59","50","Freestyle","8","30.25"," Kwame Adwere-Boamah","M55","STAN","386T-068S1","07-13-2026","Pacific Masters LCM Championships"
"Men ","55-59","50","Freestyle","9","30.64"," Mark T Fahlen","M55","MAAC","3866-003TT","08-08-2026","2026 U.S. Masters Swimming Summer National Championship"
"Men ","55-59","50","Freestyle","10","30.77"," Gary E Haslerud","M58","UC38","386G-3BZVT","08-08-2026","2026 U.S. Masters Swimming Summer National Championship"
"Men ","55-59","50","Freestyle","11","31.04"," Jimmy Hong","M57","FREM","386E-07DF4","08-08-2026","2026 U.S. Masters Swimming Summer National Championship"
"Men ","55-59","50","Freestyle","12","31.57"," Steve U Raiff","M57","MVM","3862-005TJ","05-31-2026","BAC Long Course Meters Meet"
"Men ","55-59","50","Freestyle","13","31.92"," Bin Li","M58","UC38","3869-17ZEB","05-31-2026","BAC Long Course Meters Meet"
"Men ","55-59","50","Freestyle","14","32.11"," Jeffrey W Kreutzen","M59","SON","386N-04233","06-30-2026","Gay Games Valencia 2026"
"Men ","55-59","50","Freestyle","15","34.99"," Sam Lau","M55","QSS","386M-FGHGG","07-13-2026","Pacific Masters LCM Championships"
"Men ","55-59","50","Freestyle","16","38.97"," Scott M Mathews","M59","SACMA","3862-508DY","08-08-2026","2026 U.S. Masters Swimming Summer National Championship"
"Men ","55-59","50","Freestyle","17","39.89"," Michael  Sarafolean","M57","SNM","386M-RF4NV","08-08-2026","2026 U.S. Masters Swimming Summer National Championship"
"Men ","55-59","50","Freestyle","18","42.44"," Aengus Linehan","M59","QSS","3868-D308M","07-13-2026","Pacific Masters LCM Championships"
"Men ","55-59","50","Freestyle","19","43.29"," Alexandre Barros","M56","USF","386M-0768A","07-13-2026","Pacific Masters LCM Championships"
"Men ","55-59","50","Freestyle","20","51.01"," Jon Shalowitz","M59","USF","386P-03VPD","07-13-2026","Pacific Masters LCM Championships"
"Men ","55-59","100","Freestyle","1","56.65"," Dan Wegner","M55","WCM","3864-03A93","08-07-2026","2026 U.S. Masters Swimming Summer National Championship"
"Men ","55-59","100","Freestyle","2","58.88"," Will H Lane","M55","FDM","386D-00704","08-07-2026","2026 U.S. Masters Swimming Summer National Championship"
"Men ","55-59","100","Freestyle","3","1:02.43"," Brad Winsor","M55","DAM","386J-03J9D","08-07-2026","2026 U.S. Masters Swimming Summer National Championship"
"Men ","55-59","100","Freestyle","4","1:04.01"," Ben Gibson","M58","CRUZ","386C-0ABSG","07-13-2026","Pacific Masters LCM Championships"
"Men ","55-59","100","Freestyle","5","1:04.14"," Mike J McKeon","M57","SON","386X-03NG4","07-02-2026","Gay Games Valencia 2026"
"Men ","55-59","100","Freestyle","6","1:04.74"," Jimmy E Varellas","M55","WCM","386R-E42BE","08-07-2026","2026 U.S. Masters Swimming Summer National Championship"
"Men ","55-59","100","Freestyle","7","1:06.86"," Mark T Fahlen","M55","MAAC","3866-003TT","07-13-2026","Pacific Masters LCM Championships"
"Men ","55-59","100","Freestyle","8","1:08.88"," Don Low","M55","NCA","3862-0693F","08-07-2026","2026 U.S. Masters Swimming Summer National Championship"
"Men ","55-59","100","Freestyle","9","1:09.61"," Gary E Haslerud","M58","UC38","386G-3BZVT","08-07-2026","2026 U.S. Masters Swimming Summer National Championship"
"Men ","55-59","100","Freestyle","10","1:10.36"," Jimmy Hong","M57","FREM","386E-07DF4","08-07-2026","2026 U.S. Masters Swimming Summer National Championship"
"Men ","55-59","100","Freestyle","11","1:12.88"," Bin Li","M58","UC38","3869-17ZEB","05-31-2026","BAC Long Course Meters Meet"
"Men ","55-59","100","Freestyle","12","1:20.53"," Sam Lau","M55","QSS","386M-FGHGG","08-07-2026","2026 U.S. Masters Swimming Summer National Championship"
"Men ","55-59","100","Freestyle","13","1:24.57"," Brian Guarraci","M55","BAC","3865-05UR2","05-31-2026","BAC Long Course Meters Meet"
"Men ","55-59","100","Freestyle","14","1:26.83"," Bernard Arias","M57","USF","386D-0A96H","07-13-2026","Pacific Masters LCM Championships"
"Men ","55-59","100","Freestyle","15","1:33.93"," Alexandre Barros","M56","USF","386M-0768A","07-13-2026","Pacific Masters LCM Championships"
"Men ","55-59","100","Freestyle","16","1:39.47"," Aengus Linehan","M59","QSS","3868-D308M","07-13-2026","Pacific Masters LCM Championships"
"Men ","55-59","100","Freestyle","17","1:48.06"," Jon Shalowitz","M59","USF","386P-03VPD","07-13-2026","Pacific Masters LCM Championships"
"Men ","55-59","200","Freestyle","1","2:06.65"," Dan Wegner","M55","WCM","3864-03A93","08-09-2026","2026 U.S. Masters Swimming Summer National Championship"
"Men ","55-59","200","Freestyle","2","2:20.89"," Brad Winsor","M55","DAM","386J-03J9D","08-09-2026","2026 U.S. Masters Swimming Summer National Championship"
"Men ","55-59","200","Freestyle","3","2:29.34"," Mark T Fahlen","M55","MAAC","3866-003TT","07-14-2026","Pacific Masters LCM Championships"
"Men ","55-59","200","Freestyle","4","2:29.69"," Mike J McKeon","M57","SON","386X-03NG4","06-29-2026","Gay Games Valencia 2026"
"Men ","55-59","200","Freestyle","5","2:31.39"," Jimmy E Varellas","M55","WCM","386R-E42BE","08-09-2026","2026 U.S. Masters Swimming Summer National Championship"
"Men ","55-59","200","Freestyle","6","3:13.89"," Jason C Prodoehl","M55","DC","386S-03P3C","05-31-2026","BAC Long Course Meters Meet"
"Men ","55-59","200","Freestyle","7","3:16.60"," Brian Guarraci","M55","BAC","3865-05UR2","05-31-2026","BAC Long Course Meters Meet"
"Men ","55-59","200","Freestyle","8","3:37.79"," Michael  Sarafolean","M57","SNM","386M-RF4NV","08-09-2026","2026 U.S. Masters Swimming Summer National Championship"
"Men ","55-59","200","Freestyle","9","3:44.51"," Alexandre Barros","M56","USF","386M-0768A","07-14-2026","Pacific Masters LCM Championships"
"Men ","55-59","400","Freestyle","1","4:34.94"," Barton S Wells","M59","UC38","386P-03WKA","08-06-2026","2026 U.S. Masters Swimming Summer National Championship"
"Men ","55-59","400","Freestyle","2","4:55.28"," Brad Winsor","M55","DAM","386J-03J9D","08-06-2026","2026 U.S. Masters Swimming Summer National Championship"
"Men ","55-59","400","Freestyle","3","5:23.84"," Mark T Fahlen","M55","MAAC","3866-003TT","07-14-2026","Pacific Masters LCM Championships"
"Men ","55-59","400","Freestyle","4","5:34.90"," Jimmy E Varellas","M55","WCM","386R-E42BE","08-06-2026","2026 U.S. Masters Swimming Summer National Championship"
"Men ","55-59","400","Freestyle","5","5:37.82"," Don Low","M55","NCA","3862-0693F","08-06-2026","2026 U.S. Masters Swimming Summer National Championship"
"Men ","55-59","400","Freestyle","6","6:28.12"," Bernard Arias","M57","USF","386D-0A96H","07-14-2026","Pacific Masters LCM Championships"
"Men ","55-59","400","Freestyle","7","6:45.65"," Jason C Prodoehl","M55","DC","386S-03P3C","05-31-2026","BAC Long Course Meters Meet"
"Men ","55-59","400","Freestyle","8","6:49.48"," Brian Guarraci","M55","BAC","3865-05UR2","05-31-2026","BAC Long Course Meters Meet"
"Men ","55-59","800","Freestyle","1","9:46.16"," Barton S Wells","M59","UC38","386P-03WKA","08-08-2026","2026 U.S. Masters Swimming Summer National Championship"
"Men ","55-59","800","Freestyle","2","11:13.01"," Mark T Fahlen","M55","MAAC","3866-003TT","07-13-2026","Pacific Masters LCM Championships"
"Men ","55-59","800","Freestyle","3","17:12.21"," Michael  Sarafolean","M57","SNM","386M-RF4NV","08-08-2026","2026 U.S. Masters Swimming Summer National Championship"
"Men ","55-59","800","Freestyle","4","17:20.15"," Scott M Mathews","M59","SACMA","3862-508DY","08-08-2026","2026 U.S. Masters Swimming Summer National Championship"
"Men ","55-59","1500","Freestyle","1","18:22.47"," Barton S Wells","M59","UC38","386P-03WKA","07-12-2026","Pacific Masters LCM Championships"
"Men ","55-59","1500","Freestyle","2","19:35.49"," Brad Winsor","M55","DAM","386J-03J9D","08-05-2026","2026 U.S. Masters Swimming Summer National Championship"
"Men ","55-59","1500","Freestyle","3","26:32.66"," Pedro A Mascaro","M58","USF","386S-K3PAH","07-12-2026","Pacific Masters LCM Championships"
"Men ","55-59","50","Backstroke","1","30.51"," Dan Wegner","M55","WCM","3864-03A93","08-08-2026","2026 U.S. Masters Swimming Summer National Championship"
"Men ","55-59","50","Backstroke","2","30.52"," Will H Lane","M55","FDM","386D-00704","08-08-2026","2026 U.S. Masters Swimming Summer National Championship"
"Men ","55-59","50","Backstroke","3","34.27"," Gary E Haslerud","M58","UC38","386G-3BZVT","08-08-2026","2026 U.S. Masters Swimming Summer National Championship"
"Men ","55-59","50","Backstroke","4","34.64"," Matthew S Buffleben","M57","SACMA","386B-03XXB","08-08-2026","2026 U.S. Masters Swimming Summer National Championship"
"Men ","55-59","50","Backstroke","5","35.11"," Hesu Whitten","M58","HTUB","386Y-248P6","07-26-2026","2026 Southwest Zone and SPMS Summer Championships"
"Men ","55-59","50","Backstroke","6","35.76"," Scott C Abrams","M59","WCM","3860-064JH","08-08-2026","2026 U.S. Masters Swimming Summer National Championship"
"Men ","55-59","50","Backstroke","7","36.03"," Kwame Adwere-Boamah","M55","STAN","386T-068S1","07-13-2026","Pacific Masters LCM Championships"
"Men ","55-59","50","Backstroke","8","36.36"," Brad Winsor","M55","DAM","386J-03J9D","","2026 U.S. Masters Swimming Summer National Championship"
"Men ","55-59","50","Backstroke","9","38.64"," Steve U Raiff","M57","MVM","3862-005TJ","05-31-2026","BAC Long Course Meters Meet"
"Men ","55-59","50","Backstroke","10","39.18"," Mark T Fahlen","M55","MAAC","3866-003TT","08-08-2026","2026 U.S. Masters Swimming Summer National Championship"
"Men ","55-59","50","Backstroke","11","44.64"," Sam Lau","M55","QSS","386M-FGHGG","07-13-2026","Pacific Masters LCM Championships"
"Men ","55-59","50","Backstroke","12","57.2"," Aengus Linehan","M59","QSS","3868-D308M","07-13-2026","Pacific Masters LCM Championships"
"Men ","55-59","100","Backstroke","1","1:15.14"," Gary E Haslerud","M58","UC38","386G-3BZVT","08-06-2026","2026 U.S. Masters Swimming Summer National Championship"
"Men ","55-59","100","Backstroke","2","1:17.36"," Scott C Abrams","M59","WCM","3860-064JH","08-06-2026","2026 U.S. Masters Swimming Summer National Championship"
"Men ","55-59","100","Backstroke","3","1:18.35"," Matthew S Buffleben","M57","SACMA","386B-03XXB","08-06-2026","2026 U.S. Masters Swimming Summer National Championship"
"Men ","55-59","100","Backstroke","4","1:22.59"," Dean T Atchison","M55","SON","386P-DATCH","06-28-2026","Gay Games Valencia 2026"
"Men ","55-59","100","Backstroke","5","1:27.30"," Steve U Raiff","M57","MVM","3862-005TJ","05-31-2026","BAC Long Course Meters Meet"
"Men ","55-59","100","Backstroke","6","1:49.87"," Jason C Prodoehl","M55","DC","386S-03P3C","05-31-2026","BAC Long Course Meters Meet"
"Men ","55-59","100","Backstroke","7","1:53.94"," Bernard Arias","M57","USF","386D-0A96H","07-14-2026","Pacific Masters LCM Championships"
"Men ","55-59","200","Backstroke","1","2:54.45"," Hesu Whitten","M58","HTUB","386Y-248P6","07-26-2026","2026 Southwest Zone and SPMS Summer Championships"
"Men ","55-59","200","Backstroke","2","2:56.84"," Matthew S Buffleben","M57","SACMA","386B-03XXB","08-09-2026","2026 U.S. Masters Swimming Summer National Championship"
"Men ","55-59","50","Breaststroke","1","34.88"," Dikan Rendic","M55","GOOG","386A-03JJA","08-07-2026","2026 U.S. Masters Swimming Summer National Championship"
"Men ","55-59","50","Breaststroke","2","36.24"," Peter C Finney","M59","MAM","386G-03H39","08-07-2026","2026 U.S. Masters Swimming Summer National Championship"
"Men ","55-59","50","Breaststroke","3","36.27"," Jaymes M Butler","M56","SACMA","386E-03JFB","08-07-2026","2026 U.S. Masters Swimming Summer National Championship"
"Men ","55-59","50","Breaststroke","4","37.33"," Ben Gibson","M58","CRUZ","386C-0ABSG","08-07-2026","2026 U.S. Masters Swimming Summer National Championship"
"Men ","55-59","50","Breaststroke","5","37.7"," Steve U Raiff","M57","MVM","3862-005TJ","05-31-2026","BAC Long Course Meters Meet"
"Men ","55-59","50","Breaststroke","6","39.55"," Scott C Abrams","M59","WCM","3860-064JH","08-07-2026","2026 U.S. Masters Swimming Summer National Championship"
"Men ","55-59","50","Breaststroke","7","40.28"," Sam Lau","M55","QSS","386M-FGHGG","08-07-2026","2026 U.S. Masters Swimming Summer National Championship"
"Men ","55-59","50","Breaststroke","8","40.87"," Jimmy Hong","M57","FREM","386E-07DF4","08-07-2026","2026 U.S. Masters Swimming Summer National Championship"
"Men ","55-59","50","Breaststroke","9","41.28"," Patrick F Mc Bride","M57","USF","386R-03KWV","07-14-2026","Pacific Masters LCM Championships"
"Men ","55-59","50","Breaststroke","10","46.36"," Don Low","M55","NCA","3862-0693F","08-07-2026","2026 U.S. Masters Swimming Summer National Championship"
"Men ","55-59","50","Breaststroke","11","51.43"," Alexandre Barros","M56","USF","386M-0768A","07-14-2026","Pacific Masters LCM Championships"
"Men ","55-59","100","Breaststroke","1","1:21.24"," Peter C Finney","M59","MAM","386G-03H39","08-08-2026","2026 U.S. Masters Swimming Summer National Championship"
"Men ","55-59","100","Breaststroke","2","1:22.24"," Jaymes M Butler","M56","SACMA","386E-03JFB","08-08-2026","2026 U.S. Masters Swimming Summer National Championship"
"Men ","55-59","100","Breaststroke","3","1:22.27"," Ben Gibson","M58","CRUZ","386C-0ABSG","07-13-2026","Pacific Masters LCM Championships"
"Men ","55-59","100","Breaststroke","4","1:27.07"," Steve U Raiff","M57","MVM","3862-005TJ","05-31-2026","BAC Long Course Meters Meet"
"Men ","55-59","100","Breaststroke","5","1:30.43"," Jimmy Hong","M57","FREM","386E-07DF4","08-08-2026","2026 U.S. Masters Swimming Summer National Championship"
"Men ","55-59","100","Breaststroke","6","1:32.51"," Mark T Fahlen","M55","MAAC","3866-003TT","08-08-2026","2026 U.S. Masters Swimming Summer National Championship"
"Men ","55-59","100","Breaststroke","7","1:36.62"," Paul Carter","M58","WCM","386S-08BBN","08-08-2026","2026 U.S. Masters Swimming Summer National Championship"
"Men ","55-59","100","Breaststroke","8","1:38.47"," Sam Lau","M55","QSS","386M-FGHGG","07-13-2026","Pacific Masters LCM Championships"
"Men ","55-59","100","Breaststroke","9","1:56.09"," Alexandre Barros","M56","USF","386M-0768A","07-13-2026","Pacific Masters LCM Championships"
"Men ","55-59","100","Breaststroke","10","2:00.97"," Bernard Arias","M57","USF","386D-0A96H","07-13-2026","Pacific Masters LCM Championships"
"Men ","55-59","100","Breaststroke","11","2:25.18"," Jon Shalowitz","M59","USF","386P-03VPD","07-13-2026","Pacific Masters LCM Championships"
"Men ","55-59","200","Breaststroke","1","3:11.13"," Peter C Finney","M59","MAM","386G-03H39","08-06-2026","2026 U.S. Masters Swimming Summer National Championship"
"Men ","55-59","200","Breaststroke","2","3:16.58"," Patrick F Mc Bride","M57","USF","386R-03KWV","07-14-2026","Pacific Masters LCM Championships"
"Men ","55-59","200","Breaststroke","3","3:41.74"," Paul Carter","M58","WCM","386S-08BBN","07-14-2026","Pacific Masters LCM Championships"
"Men ","55-59","200","Breaststroke","4","4:10.71"," Alexandre Barros","M56","USF","386M-0768A","07-14-2026","Pacific Masters LCM Championships"
"Men ","55-59","50","Butterfly","1","27.06"," Dikan Rendic","M55","GOOG","386A-03JJA","07-14-2026","Pacific Masters LCM Championships"
"Men ","55-59","50","Butterfly","2","27.66"," Will H Lane","M55","FDM","386D-00704","08-09-2026","2026 U.S. Masters Swimming Summer National Championship"
"Men ","55-59","50","Butterfly","3","29.47"," Ben Gibson","M58","CRUZ","386C-0ABSG","08-09-2026","2026 U.S. Masters Swimming Summer National Championship"
"Men ","55-59","50","Butterfly","4","29.93"," Jaymes M Butler","M56","SACMA","386E-03JFB","08-09-2026","2026 U.S. Masters Swimming Summer National Championship"
"Men ","55-59","50","Butterfly","5","31.16"," Mike J McKeon","M57","SON","386X-03NG4","06-28-2026","Gay Games Valencia 2026"
"Men ","55-59","50","Butterfly","6","31.71"," Jimmy E Varellas","M55","WCM","386R-E42BE","08-09-2026","2026 U.S. Masters Swimming Summer National Championship"
"Men ","55-59","50","Butterfly","7","33.4"," Robert M Burks","M55","SNM","3866-03YD6","06-28-2026","SILVER STATE MASTERS LCM"
"Men ","55-59","50","Butterfly","8","34.77"," Patrick F Mc Bride","M57","USF","386R-03KWV","07-14-2026","Pacific Masters LCM Championships"
"Men ","55-59","50","Butterfly","9","36.12"," Jimmy Hong","M57","FREM","386E-07DF4","05-31-2026","BAC Long Course Meters Meet"
"Men ","55-59","50","Butterfly","10","39.08"," Bin Li","M58","UC38","3869-17ZEB","05-31-2026","BAC Long Course Meters Meet"
"Men ","55-59","100","Butterfly","1","1:06.00"," Will H Lane","M55","FDM","386D-00704","08-06-2026","2026 U.S. Masters Swimming Summer National Championship"
"Men ","55-59","100","Butterfly","2","1:08.70"," Ben Gibson","M58","CRUZ","386C-0ABSG","07-13-2026","Pacific Masters LCM Championships"
"Men ","55-59","100","Butterfly","3","1:10.26"," Jaymes M Butler","M56","SACMA","386E-03JFB","08-06-2026","2026 U.S. Masters Swimming Summer National Championship"
"Men ","55-59","100","Butterfly","4","1:14.44"," Harvey A Fishman","M58","MELO","386B-03MW4","07-13-2026","Pacific Masters LCM Championships"
"Men ","55-59","100","Butterfly","5","1:16.26"," Hesu Whitten","M58","HTUB","386Y-248P6","07-26-2026","2026 Southwest Zone and SPMS Summer Championships"
"Men ","55-59","100","Butterfly","6","1:18.03"," Peter C Finney","M59","MAM","386G-03H39","07-13-2026","Pacific Masters LCM Championships"
"Men ","55-59","100","Butterfly","7","1:19.49"," Scott C Abrams","M59","WCM","3860-064JH","08-06-2026","2026 U.S. Masters Swimming Summer National Championship"
"Men ","55-59","100","Butterfly","8","1:19.88"," Robert M Burks","M55","SNM","3866-03YD6","06-28-2026","SILVER STATE MASTERS LCM"
"Men ","55-59","100","Butterfly","9","1:45.06"," Bernard Arias","M57","USF","386D-0A96H","07-13-2026","Pacific Masters LCM Championships"
"Men ","55-59","100","Butterfly","10","1:47.56"," Jason C Prodoehl","M55","DC","386S-03P3C","05-31-2026","BAC Long Course Meters Meet"
"Men ","55-59","200","Butterfly","1","3:04.61"," Ben Gibson","M58","CRUZ","386C-0ABSG","08-07-2026","2026 U.S. Masters Swimming Summer National Championship"
"Men ","55-59","200","Butterfly","2","3:26.90"," Robert M Burks","M55","SNM","3866-03YD6","06-28-2026","SILVER STATE MASTERS LCM"
"Men ","55-59","200","Individual Medley","1","2:41.48"," Jaymes M Butler","M56","SACMA","386E-03JFB","08-08-2026","2026 U.S. Masters Swimming Summer National Championship"
"Men ","55-59","200","Individual Medley","2","2:42.26"," Ben Gibson","M58","CRUZ","386C-0ABSG","05-31-2026","BAC Long Course Meters Meet"
"Men ","55-59","200","Individual Medley","3","2:46.68"," Peter C Finney","M59","MAM","386G-03H39","08-08-2026","2026 U.S. Masters Swimming Summer National Championship"
"Men ","55-59","200","Individual Medley","4","2:50.71"," Scott C Abrams","M59","WCM","3860-064JH","08-08-2026","2026 U.S. Masters Swimming Summer National Championship"
"Men ","55-59","200","Individual Medley","5","3:03.44"," Patrick F Mc Bride","M57","USF","386R-03KWV","07-14-2026","Pacific Masters LCM Championships"
"Men ","55-59","200","Individual Medley","6","3:03.52"," Mark T Fahlen","M55","MAAC","3866-003TT","07-14-2026","Pacific Masters LCM Championships"
"Men ","55-59","200","Individual Medley","7","3:21.45"," Paul Carter","M58","WCM","386S-08BBN","08-08-2026","2026 U.S. Masters Swimming Summer National Championship"
"Men ","55-59","200","Individual Medley","8","3:28.81"," Bin Li","M58","UC38","3869-17ZEB","05-31-2026","BAC Long Course Meters Meet"
"Men ","55-59","400","Individual Medley","1","5:42.42"," Ben Gibson","M58","CRUZ","386C-0ABSG","08-07-2026","2026 U.S. Masters Swimming Summer National Championship"
"Men ","55-59","400","Individual Medley","2","6:11.89"," Scott C Abrams","M59","WCM","3860-064JH","08-07-2026","2026 U.S. Masters Swimming Summer National Championship"
"Men ","60-64","50","Freestyle","1","28.04"," Scott A Warren","M61","USF","386N-A6A6S","","2026 U.S. Masters Swimming Summer National Championship"
"Men ","60-64","50","Freestyle","2","28.22"," Douglas Woodring","M61","TOC","386F-03FK3","","2026 U.S. Masters Swimming Summer National Championship"
"Men ","60-64","50","Freestyle","3","28.26"," DAVID KUBEL","M61","SACMA","386J-7NEWX","","2026 U.S. Masters Swimming Summer National Championship"
"Men ","60-64","50","Freestyle","4","28.51"," Jon Boone","M63","WCM","386W-05VDE","08-08-2026","2026 U.S. Masters Swimming Summer National Championship"
"Men ","60-64","50","Freestyle","5","29.02"," William S Gordon","M61","MAM","3860-2BXE8","","2026 U.S. Masters Swimming Summer National Championship"
"Men ","60-64","50","Freestyle","6","29.19"," Daniel Tom","M62","MELO","386X-00105","08-08-2026","2026 U.S. Masters Swimming Summer National Championship"
"Men ","60-64","50","Freestyle","7","29.45"," Greg A Remmert","M64","WCM","3868-03KU0","08-08-2026","2026 U.S. Masters Swimming Summer National Championship"
"Men ","60-64","50","Freestyle","8","29.92"," Geoffrey A Sutliff","M63","SACMA","386P-07EJT","08-08-2026","2026 U.S. Masters Swimming Summer National Championship"
"Men ","60-64","50","Freestyle","9","30.02"," Stephen M Smith","M60","SACMA","386E-03FS6","07-13-2026","Pacific Masters LCM Championships"
"Men ","60-64","50","Freestyle","10","30.26"," David Lederman","M60","CRUZ","386H-00642","","2026 U.S. Masters Swimming Summer National Championship"
"Men ","60-64","50","Freestyle","11","31.01"," David Muth","M62","SACMA","386F-03PB4","08-08-2026","2026 U.S. Masters Swimming Summer National Championship"
"Men ","60-64","50","Freestyle","12","31.28"," Rob Craven","M61","MAM","3862-03FSV","08-08-2026","2026 U.S. Masters Swimming Summer National Championship"
"Men ","60-64","50","Freestyle","13","31.62"," Peter M Maguire","M62","STAN","386C-P6Y0X","08-08-2026","2026 U.S. Masters Swimming Summer National Championship"
"Men ","60-64","50","Freestyle","14","31.89"," Jan B Frydendahl","M64","HTUB","386Y-8E10E","07-13-2026","Pacific Masters LCM Championships"
"Men ","60-64","50","Freestyle","15","32.28"," Gary C Gooch","M61","TOC","3866-DWR4Z","08-08-2026","2026 U.S. Masters Swimming Summer National Championship"
"Men ","60-64","50","Freestyle","16","32.55"," Stuart D Hills","M60","TSUN","3868-03HVK","06-30-2026","Gay Games Valencia 2026"
"Men ","60-64","50","Freestyle","17","32.61"," Mike Veliquette","M64","RWR","3862-03MRP","","2026 U.S. Masters Swimming Summer National Championship"
"Men ","60-64","50","Freestyle","18","32.69"," Doug J Cook","M63","WCM","3865-03K0M","08-08-2026","2026 U.S. Masters Swimming Summer National Championship"
"Men ","60-64","50","Freestyle","19","32.75"," Nick A Barajas","M60","SACMA","386W-5F0AX","07-13-2026","Pacific Masters LCM Championships"
"Men ","60-64","50","Freestyle","20","32.93"," Michael S Flegel","M63","LAC","386D-KRUKT","08-08-2026","2026 U.S. Masters Swimming Summer National Championship"
"Men ","60-64","50","Freestyle","21","33.28"," Jeffrey A Branchaud","M62","HTUB","386V-098JD","07-13-2026","Pacific Masters LCM Championships"
"Men ","60-64","50","Freestyle","22","33.29"," Brian J Keating","M61","TOC","386W-0402E","08-08-2026","2026 U.S. Masters Swimming Summer National Championship"
"Men ","60-64","50","Freestyle","23","33.36"," Shann  Galuza","M64","RWR","3867-TV8NK","08-08-2026","2026 U.S. Masters Swimming Summer National Championship"
"Men ","60-64","50","Freestyle","24","33.37"," Ken Mallon","M62","QSS","386H-0RBT8","08-08-2026","2026 U.S. Masters Swimming Summer National Championship"
"Men ","60-64","50","Freestyle","25","33.89"," Chip Pettibone","M64","SRM","386K-033WD","08-08-2026","2026 U.S. Masters Swimming Summer National Championship"
"Men ","60-64","50","Freestyle","26","34.39"," Neal L Rosenblatt","M64","SACMA","386T-0AXB4","08-08-2026","2026 U.S. Masters Swimming Summer National Championship"
"Men ","60-64","50","Freestyle","27","34.69"," Henry H Marsden IV","M64","DAM","386A-03GE8","08-08-2026","2026 U.S. Masters Swimming Summer National Championship"
"Men ","60-64","50","Freestyle","28","37.52"," Long Wu","M61","UC38","386R-03Z6S","07-13-2026","Pacific Masters LCM Championships"
"Men ","60-64","50","Freestyle","29","37.55"," Mark D Barichievich","M62","WOOD","386U-RJYE8","","2026 U.S. Masters Swimming Summer National Championship"
"Men ","60-64","50","Freestyle","30","38.92"," Alan R Ratliff","M60","TSUN","386C-A3B6E","06-30-2026","Gay Games Valencia 2026"
"Men ","60-64","50","Freestyle","31","40.44"," Joseph J Ferrero","M64","TOC","386J-03K4R","","2026 U.S. Masters Swimming Summer National Championship"
"Men ","60-64","50","Freestyle","32","46.54"," Mark C Faber","M60","USF","386M-57UJC","07-13-2026","Pacific Masters LCM Championships"
"Men ","60-64","50","Freestyle","33","47.09"," Johannes Meerjanssen","M62","BAMF","386A-6VBYE","06-30-2026","Gay Games Valencia 2026"
"Men ","60-64","100","Freestyle","1","1:01.77"," Scott A Warren","M61","USF","386N-A6A6S","08-07-2026","2026 U.S. Masters Swimming Summer National Championship"
"Men ","60-64","100","Freestyle","2","1:03.81"," Greg A Remmert","M64","WCM","3868-03KU0","08-07-2026","2026 U.S. Masters Swimming Summer National Championship"
"Men ","60-64","100","Freestyle","3","1:04.27"," Robert Frappia","M62","NCA","386Y-03YJE","08-07-2026","2026 U.S. Masters Swimming Summer National Championship"
"Men ","60-64","100","Freestyle","4","1:04.48"," Jon Boone","M63","WCM","386W-05VDE","08-07-2026","2026 U.S. Masters Swimming Summer National Championship"
"Men ","60-64","100","Freestyle","5","1:04.67"," Douglas Woodring","M61","TOC","386F-03FK3","08-07-2026","2026 U.S. Masters Swimming Summer National Championship"
"Men ","60-64","100","Freestyle","6","1:04.77"," DAVID KUBEL","M61","SACMA","386J-7NEWX","05-31-2026","BAC Long Course Meters Meet"
"Men ","60-64","100","Freestyle","7","1:06.30"," William S Gordon","M61","MAM","3860-2BXE8","08-07-2026","2026 U.S. Masters Swimming Summer National Championship"
"Men ","60-64","100","Freestyle","8","1:06.82"," Daniel Tom","M62","MELO","386X-00105","08-07-2026","2026 U.S. Masters Swimming Summer National Championship"
"Men ","60-64","100","Freestyle","9","1:07.02"," Stephen M Smith","M60","SACMA","386E-03FS6","05-31-2026","BAC Long Course Meters Meet"
"Men ","60-64","100","Freestyle","10","1:07.46"," Larry H Neuman","M63","SACMA","386W-03RXG","08-07-2026","2026 U.S. Masters Swimming Summer National Championship"
"Men ","60-64","100","Freestyle","11","1:07.99"," Stewart L Murray","M64","WOOD","386P-03SMD","08-07-2026","2026 U.S. Masters Swimming Summer National Championship"
"Men ","60-64","100","Freestyle","12","1:08.05"," Ian E King","M64","WCM","386Z-07M0V","08-07-2026","2026 U.S. Masters Swimming Summer National Championship"
"Men ","60-64","100","Freestyle","13","1:08.31"," Ted Krovetz","M60","DAM","3860-03HGF","07-13-2026","Pacific Masters LCM Championships"
"Men ","60-64","100","Freestyle","14","1:08.94"," David Muth","M62","SACMA","386F-03PB4","08-07-2026","2026 U.S. Masters Swimming Summer National Championship"
"Men ","60-64","100","Freestyle","15","1:10.51"," Jan B Frydendahl","M64","HTUB","386Y-8E10E","07-13-2026","Pacific Masters LCM Championships"
"Men ","60-64","100","Freestyle","16","1:13.25"," jono marcus","M60","RHMS","3869-WD4H4","05-31-2026","BAC Long Course Meters Meet"
"Men ","60-64","100","Freestyle","17","1:14.50"," Nick A Barajas","M60","SACMA","386W-5F0AX","07-13-2026","Pacific Masters LCM Championships"
"Men ","60-64","100","Freestyle","18","1:14.79"," Jeffrey A Branchaud","M62","HTUB","386V-098JD","07-13-2026","Pacific Masters LCM Championships"
"Men ","60-64","100","Freestyle","19","1:15.37"," Peter M Maguire","M62","STAN","386C-P6Y0X","08-07-2026","2026 U.S. Masters Swimming Summer National Championship"
"Men ","60-64","100","Freestyle","20","1:17.21"," Doug J Cook","M63","WCM","3865-03K0M","08-07-2026","2026 U.S. Masters Swimming Summer National Championship"
"Men ","60-64","100","Freestyle","21","1:19.88"," Ken Mallon","M62","QSS","386H-0RBT8","08-07-2026","2026 U.S. Masters Swimming Summer National Championship"
"Men ","60-64","100","Freestyle","22","1:20.16"," Tim K Sheeper","M63","MELO","3863-03G4R","08-07-2026","2026 U.S. Masters Swimming Summer National Championship"
"Men ","60-64","100","Freestyle","23","1:22.12"," Shann  Galuza","M64","RWR","3867-TV8NK","08-07-2026","2026 U.S. Masters Swimming Summer National Championship"
"Men ","60-64","100","Freestyle","24","1:28.62"," Patrick A Devlin","M60","TOC","386G-05V1F","08-07-2026","2026 U.S. Masters Swimming Summer National Championship"
"Men ","60-64","100","Freestyle","25","1:33.09"," Alan R Ratliff","M60","TSUN","386C-A3B6E","07-02-2026","Gay Games Valencia 2026"
"Men ","60-64","100","Freestyle","26","1:46.82"," Mark C Faber","M60","USF","386M-57UJC","07-13-2026","Pacific Masters LCM Championships"
"Men ","60-64","200","Freestyle","1","2:15.60"," Stephen M Smith","M60","SACMA","386E-03FS6","08-09-2026","2026 U.S. Masters Swimming Summer National Championship"
"Men ","60-64","200","Freestyle","2","2:19.11"," Scott A Warren","M61","USF","386N-A6A6S","08-09-2026","2026 U.S. Masters Swimming Summer National Championship"
"Men ","60-64","200","Freestyle","3","2:25.37"," Robert Frappia","M62","NCA","386Y-03YJE","08-09-2026","2026 U.S. Masters Swimming Summer National Championship"
"Men ","60-64","200","Freestyle","4","2:25.63"," Jon Boone","M63","WCM","386W-05VDE","08-09-2026","2026 U.S. Masters Swimming Summer National Championship"
"Men ","60-64","200","Freestyle","5","2:27.61"," Greg A Remmert","M64","WCM","3868-03KU0","08-09-2026","2026 U.S. Masters Swimming Summer National Championship"
"Men ","60-64","200","Freestyle","6","2:30.27"," Ted Krovetz","M60","DAM","3860-03HGF","08-09-2026","2026 U.S. Masters Swimming Summer National Championship"
"Men ","60-64","200","Freestyle","7","2:30.68"," Stephen Stahl","M61","WCM","3867-03G8F","08-09-2026","2026 U.S. Masters Swimming Summer National Championship"
"Men ","60-64","200","Freestyle","8","2:34.22"," Jeff A Stegner","M61","WCM","386M-KHF7R","08-09-2026","2026 U.S. Masters Swimming Summer National Championship"
"Men ","60-64","200","Freestyle","9","2:34.89"," Ian E King","M64","WCM","386Z-07M0V","08-09-2026","2026 U.S. Masters Swimming Summer National Championship"
"Men ","60-64","200","Freestyle","10","2:40.86"," David Muth","M62","SACMA","386F-03PB4","08-09-2026","2026 U.S. Masters Swimming Summer National Championship"
"Men ","60-64","200","Freestyle","11","2:49.65"," Lorenzo Paris","M60","PALO","386D-0A9SM","07-14-2026","Pacific Masters LCM Championships"
"Men ","60-64","200","Freestyle","12","2:52.27"," jono marcus","M60","RHMS","3869-WD4H4","05-31-2026","BAC Long Course Meters Meet"
"Men ","60-64","200","Freestyle","13","2:54.25"," Tim K Sheeper","M63","MELO","3863-03G4R","07-14-2026","Pacific Masters LCM Championships"
"Men ","60-64","200","Freestyle","14","3:28.72"," scott lewis","M64","BAC","3869-BZ69X","05-31-2026","BAC Long Course Meters Meet"
"Men ","60-64","400","Freestyle","1","4:55.15"," Stephen M Smith","M60","SACMA","386E-03FS6","08-06-2026","2026 U.S. Masters Swimming Summer National Championship"
"Men ","60-64","400","Freestyle","2","4:55.98"," Johan H Steiner","M61","TSUN","386A-03JEP","06-30-2026","Gay Games Valencia 2026"
"Men ","60-64","400","Freestyle","3","5:10.22"," Tom T Nootbaar","M63","WCM","3869-03Y7M","08-06-2026","2026 U.S. Masters Swimming Summer National Championship"
"Men ","60-64","400","Freestyle","4","5:16.09"," Robert Frappia","M62","NCA","386Y-03YJE","08-06-2026","2026 U.S. Masters Swimming Summer National Championship"
"Men ","60-64","400","Freestyle","5","5:20.97"," Ted Krovetz","M60","DAM","3860-03HGF","07-14-2026","Pacific Masters LCM Championships"
"Men ","60-64","400","Freestyle","6","5:21.04"," Jon Boone","M63","WCM","386W-05VDE","08-06-2026","2026 U.S. Masters Swimming Summer National Championship"
"Men ","60-64","400","Freestyle","7","5:34.05"," Ian E King","M64","WCM","386Z-07M0V","05-31-2026","BAC Long Course Meters Meet"
"Men ","60-64","400","Freestyle","8","6:00.93"," Tim K Sheeper","M63","MELO","3863-03G4R","08-06-2026","2026 U.S. Masters Swimming Summer National Championship"
"Men ","60-64","400","Freestyle","9","6:07.92"," David Muth","M62","SACMA","386F-03PB4","07-14-2026","Pacific Masters LCM Championships"
"Men ","60-64","400","Freestyle","10","6:13.12"," Lorenzo Paris","M60","PALO","386D-0A9SM","07-14-2026","Pacific Masters LCM Championships"
"Men ","60-64","400","Freestyle","11","6:22.20"," jono marcus","M60","RHMS","3869-WD4H4","05-31-2026","BAC Long Course Meters Meet"
"Men ","60-64","400","Freestyle","12","7:10.27"," scott lewis","M64","BAC","3869-BZ69X","05-31-2026","BAC Long Course Meters Meet"
"Men ","60-64","400","Freestyle","13","7:23.14"," Patrick A Devlin","M60","TOC","386G-05V1F","08-06-2026","2026 U.S. Masters Swimming Summer National Championship"
"Men ","60-64","400","Freestyle","14","7:31.29"," Alexandr  Doroshenko","M62","UC38","386E-PMEFX","08-06-2026","2026 U.S. Masters Swimming Summer National Championship"
"Men ","60-64","400","Freestyle","15","7:47.44"," Dan T Burbage-Macaluso","M63","SACMA","386U-63MRU","07-14-2026","Pacific Masters LCM Championships"
"Men ","60-64","800","Freestyle","1","10:11.70"," Johan H Steiner","M61","TSUN","386A-03JEP","07-01-2026","Gay Games Valencia 2026"
"Men ","60-64","800","Freestyle","2","10:39.72"," Mike G Shaffer","M61","HTUB","386P-03B3B","07-13-2026","Pacific Masters LCM Championships"
"Men ","60-64","800","Freestyle","3","10:41.46"," Stephen M Smith","M60","SACMA","386E-03FS6","07-13-2026","Pacific Masters LCM Championships"
"Men ","60-64","800","Freestyle","4","10:55.24"," Greg A Remmert","M64","WCM","3868-03KU0","08-08-2026","2026 U.S. Masters Swimming Summer National Championship"
"Men ","60-64","800","Freestyle","5","11:00.31"," Ted Krovetz","M60","DAM","3860-03HGF","07-13-2026","Pacific Masters LCM Championships"
"Men ","60-64","800","Freestyle","6","11:05.63"," Robert Frappia","M62","NCA","386Y-03YJE","08-08-2026","2026 U.S. Masters Swimming Summer National Championship"
"Men ","60-64","800","Freestyle","7","11:07.16"," Stephen Stahl","M61","WCM","3867-03G8F","08-08-2026","2026 U.S. Masters Swimming Summer National Championship"
"Men ","60-64","800","Freestyle","8","11:33.76"," Jeff A Stegner","M61","WCM","386M-KHF7R","08-08-2026","2026 U.S. Masters Swimming Summer National Championship"
"Men ","60-64","800","Freestyle","9","11:46.96"," Ian E King","M64","WCM","386Z-07M0V","07-13-2026","Pacific Masters LCM Championships"
"Men ","60-64","800","Freestyle","10","12:02.41"," Rob Craven","M61","MAM","3862-03FSV","08-08-2026","2026 U.S. Masters Swimming Summer National Championship"
"Men ","60-64","800","Freestyle","11","13:50.10"," jono marcus","M60","RHMS","3869-WD4H4","07-13-2026","Pacific Masters LCM Championships"
"Men ","60-64","800","Freestyle","12","15:21.82"," Patrick A Devlin","M60","TOC","386G-05V1F","08-08-2026","2026 U.S. Masters Swimming Summer National Championship"
"Men ","60-64","800","Freestyle","13","16:01.06"," Long Wu","M61","UC38","386R-03Z6S","07-12-2026","Pacific Masters LCM Championships"
"Men ","60-64","800","Freestyle","14","16:59.21"," Dan T Burbage-Macaluso","M63","SACMA","386U-63MRU","08-08-2026","2026 U.S. Masters Swimming Summer National Championship"
"Men ","60-64","1500","Freestyle","1","20:20.30"," Todd E Arris","M61","TOC","3863-03H46","08-05-2026","2026 U.S. Masters Swimming Summer National Championship"
"Men ","60-64","1500","Freestyle","2","20:29.23"," Hector Chao","M62","WCM","3867-03FC4","07-12-2026","Pacific Masters LCM Championships"
"Men ","60-64","1500","Freestyle","3","20:41.93"," Stephen M Smith","M60","SACMA","386E-03FS6","07-12-2026","Pacific Masters LCM Championships"
"Men ","60-64","1500","Freestyle","4","21:11.09"," Michael Notaro","M64","MAM","386E-03ZSP","08-05-2026","2026 U.S. Masters Swimming Summer National Championship"
"Men ","60-64","1500","Freestyle","5","21:25.40"," Ted Krovetz","M60","DAM","3860-03HGF","07-12-2026","Pacific Masters LCM Championships"
"Men ","60-64","1500","Freestyle","6","21:44.50"," Bradley A Gothberg","M64","WCM","386K-03FXH","08-05-2026","2026 U.S. Masters Swimming Summer National Championship"
"Men ","60-64","1500","Freestyle","7","22:07.46"," Ian E King","M64","WCM","386Z-07M0V","08-05-2026","2026 U.S. Masters Swimming Summer National Championship"
"Men ","60-64","1500","Freestyle","8","22:17.71"," Mark White","M63","TSUN","386T-03G3H","07-12-2026","Pacific Masters LCM Championships"
"Men ","60-64","1500","Freestyle","9","22:26.31"," Jon Boone","M63","WCM","386W-05VDE","07-12-2026","Pacific Masters LCM Championships"
"Men ","60-64","1500","Freestyle","10","23:40.53"," Tim K Sheeper","M63","MELO","3863-03G4R","08-05-2026","2026 U.S. Masters Swimming Summer National Championship"
"Men ","60-64","1500","Freestyle","11","30:35.13"," Dan T Burbage-Macaluso","M63","SACMA","386U-63MRU","07-12-2026","Pacific Masters LCM Championships"
"Men ","60-64","1500","Freestyle","12","30:41.44"," Long Wu","M61","UC38","386R-03Z6S","07-12-2026","Pacific Masters LCM Championships"
"Men ","60-64","50","Backstroke","1","33.92"," Hector Chao","M62","WCM","3867-03FC4","","2026 U.S. Masters Swimming Summer National Championship"
"Men ","60-64","50","Backstroke","2","34.54"," Mike G Shaffer","M61","HTUB","386P-03B3B","07-13-2026","Pacific Masters LCM Championships"
"Men ","60-64","50","Backstroke","3","34.83"," Stephen M Smith","M60","SACMA","386E-03FS6","","2026 U.S. Masters Swimming Summer National Championship"
"Men ","60-64","50","Backstroke","4","34.87"," Daniel Tom","M62","MELO","386X-00105","","2026 U.S. Masters Swimming Summer National Championship"
"Men ","60-64","50","Backstroke","5","35.02"," Larry H Neuman","M63","SACMA","386W-03RXG","","2026 U.S. Masters Swimming Summer National Championship"
"Men ","60-64","50","Backstroke","6","36.66"," Robert Frappia","M62","NCA","386Y-03YJE","08-08-2026","2026 U.S. Masters Swimming Summer National Championship"
"Men ","60-64","50","Backstroke","7","36.85"," Rob Craven","M61","MAM","3862-03FSV","","2026 U.S. Masters Swimming Summer National Championship"
"Men ","60-64","50","Backstroke","8","39.66"," Ian E King","M64","WCM","386Z-07M0V","","2026 U.S. Masters Swimming Summer National Championship"
"Men ","60-64","50","Backstroke","9","39.76"," Mike Veliquette","M64","RWR","3862-03MRP","08-08-2026","2026 U.S. Masters Swimming Summer National Championship"
"Men ","60-64","50","Backstroke","10","58.19"," Joseph J Ferrero","M64","TOC","386J-03K4R","","2026 U.S. Masters Swimming Summer National Championship"
"Men ","60-64","100","Backstroke","1","1:12.93"," Hector Chao","M62","WCM","3867-03FC4","08-06-2026","2026 U.S. Masters Swimming Summer National Championship"
"Men ","60-64","100","Backstroke","2","1:14.80"," Mike G Shaffer","M61","HTUB","386P-03B3B","07-14-2026","Pacific Masters LCM Championships"
"Men ","60-64","100","Backstroke","3","1:15.03"," Stephen M Smith","M60","SACMA","386E-03FS6","08-06-2026","2026 U.S. Masters Swimming Summer National Championship"
"Men ","60-64","100","Backstroke","4","1:17.31"," Larry H Neuman","M63","SACMA","386W-03RXG","08-06-2026","2026 U.S. Masters Swimming Summer National Championship"
"Men ","60-64","100","Backstroke","5","1:19.67"," Robert Frappia","M62","NCA","386Y-03YJE","08-06-2026","2026 U.S. Masters Swimming Summer National Championship"
"Men ","60-64","100","Backstroke","6","1:19.78"," Daniel Tom","M62","MELO","386X-00105","","Pacific Masters LCM Championships"
"Men ","60-64","100","Backstroke","7","1:24.96"," Mike Veliquette","M64","RWR","3862-03MRP","08-06-2026","2026 U.S. Masters Swimming Summer National Championship"
"Men ","60-64","100","Backstroke","8","1:26.05"," Ian E King","M64","WCM","386Z-07M0V","08-06-2026","2026 U.S. Masters Swimming Summer National Championship"
"Men ","60-64","100","Backstroke","9","2:13.13"," Alexandr  Doroshenko","M62","UC38","386E-PMEFX","08-06-2026","2026 U.S. Masters Swimming Summer National Championship"
"Men ","60-64","200","Backstroke","1","2:42.91"," Hector Chao","M62","WCM","3867-03FC4","08-09-2026","2026 U.S. Masters Swimming Summer National Championship"
"Men ","60-64","200","Backstroke","2","2:44.31"," Stephen M Smith","M60","SACMA","386E-03FS6","08-09-2026","2026 U.S. Masters Swimming Summer National Championship"
"Men ","60-64","200","Backstroke","3","2:46.25"," Mike G Shaffer","M61","HTUB","386P-03B3B","07-13-2026","Pacific Masters LCM Championships"
"Men ","60-64","200","Backstroke","4","3:11.03"," Ian E King","M64","WCM","386Z-07M0V","08-09-2026","2026 U.S. Masters Swimming Summer National Championship"
"Men ","60-64","200","Backstroke","5","3:16.83"," Robert Frappia","M62","NCA","386Y-03YJE","06-28-2026","SILVER STATE MASTERS LCM"
"Men ","60-64","200","Backstroke","6","4:32.35"," Long Wu","M61","UC38","386R-03Z6S","07-13-2026","Pacific Masters LCM Championships"
"Men ","60-64","200","Backstroke","7","4:43.12"," Dan T Burbage-Macaluso","M63","SACMA","386U-63MRU","07-26-2026","2026 Southwest Zone and SPMS Summer Championships"
"Men ","60-64","50","Breaststroke","1","34.72"," Daniel Tom","M62","MELO","386X-00105","08-07-2026","2026 U.S. Masters Swimming Summer National Championship"
"Men ","60-64","50","Breaststroke","2","36.43"," Scott A Warren","M61","USF","386N-A6A6S","08-07-2026","2026 U.S. Masters Swimming Summer National Championship"
"Men ","60-64","50","Breaststroke","3","37.79"," Douglas Woodring","M61","TOC","386F-03FK3","08-07-2026","2026 U.S. Masters Swimming Summer National Championship"
"Men ","60-64","50","Breaststroke","4","38.13"," Michael S Flegel","M63","LAC","386D-KRUKT","08-07-2026","2026 U.S. Masters Swimming Summer National Championship"
"Men ","60-64","50","Breaststroke","5","39.41"," Chip Pettibone","M64","SRM","386K-033WD","07-14-2026","Pacific Masters LCM Championships"
"Men ","60-64","50","Breaststroke","6","41.6"," Long Wu","M61","UC38","386R-03Z6S","07-14-2026","Pacific Masters LCM Championships"
"Men ","60-64","50","Breaststroke","7","42.3"," Niel Fischer","M62","SNM","386U-03S06","06-28-2026","SILVER STATE MASTERS LCM"
"Men ","60-64","50","Breaststroke","8","42.52"," Chris  A O’Neill","M61","SACMA","386V-XMBTF","08-07-2026","2026 U.S. Masters Swimming Summer National Championship"
"Men ","60-64","50","Breaststroke","9","43.71"," Mike Veliquette","M64","RWR","3862-03MRP","07-14-2026","Pacific Masters LCM Championships"
"Men ","60-64","50","Breaststroke","10","45.43"," Mark D Barichievich","M62","WOOD","386U-RJYE8","08-07-2026","2026 U.S. Masters Swimming Summer National Championship"
"Men ","60-64","50","Breaststroke","11","45.49"," Nick A Barajas","M60","SACMA","386W-5F0AX","07-14-2026","Pacific Masters LCM Championships"
"Men ","60-64","50","Breaststroke","12","47.33"," Dean M Holunga","M60","TVAM","386U-RBM30","08-07-2026","2026 U.S. Masters Swimming Summer National Championship"
"Men ","60-64","50","Breaststroke","13","47.92"," Brian J Keating","M61","TOC","386W-0402E","08-07-2026","2026 U.S. Masters Swimming Summer National Championship"
"Men ","60-64","50","Breaststroke","14","48.21"," Joseph J Ferrero","M64","TOC","386J-03K4R","08-07-2026","2026 U.S. Masters Swimming Summer National Championship"
"Men ","60-64","50","Breaststroke","15","48.52"," Ken Mallon","M62","QSS","386H-0RBT8","07-14-2026","Pacific Masters LCM Championships"
"Men ","60-64","50","Breaststroke","16","48.88"," Shann  Galuza","M64","RWR","3867-TV8NK","08-07-2026","2026 U.S. Masters Swimming Summer National Championship"
"Men ","60-64","50","Breaststroke","17","51.86"," Alan R Ratliff","M60","TSUN","386C-A3B6E","06-30-2026","Gay Games Valencia 2026"
"Men ","60-64","50","Breaststroke","18","53.47"," Johannes Meerjanssen","M62","BAMF","386A-6VBYE","06-30-2026","Gay Games Valencia 2026"
"Men ","60-64","50","Breaststroke","19","59.61"," Mark C Faber","M60","USF","386M-57UJC","07-14-2026","Pacific Masters LCM Championships"
"Men ","60-64","100","Breaststroke","1","1:19.36"," Daniel Tom","M62","MELO","386X-00105","08-08-2026","2026 U.S. Masters Swimming Summer National Championship"
"Men ","60-64","100","Breaststroke","2","1:20.91"," Scott A Warren","M61","USF","386N-A6A6S","08-08-2026","2026 U.S. Masters Swimming Summer National Championship"
"Men ","60-64","100","Breaststroke","3","1:24.51"," Michael S Flegel","M63","LAC","386D-KRUKT","08-08-2026","2026 U.S. Masters Swimming Summer National Championship"
"Men ","60-64","100","Breaststroke","4","1:28.14"," Jeff A Stegner","M61","WCM","386M-KHF7R","08-08-2026","2026 U.S. Masters Swimming Summer National Championship"
"Men ","60-64","100","Breaststroke","5","1:28.63"," Stephen M Smith","M60","SACMA","386E-03FS6","05-31-2026","BAC Long Course Meters Meet"
"Men ","60-64","100","Breaststroke","6","1:30.76"," Chip Pettibone","M64","SRM","386K-033WD","08-08-2026","2026 U.S. Masters Swimming Summer National Championship"
"Men ","60-64","100","Breaststroke","7","1:34.10"," Niel Fischer","M62","SNM","386U-03S06","06-28-2026","SILVER STATE MASTERS LCM"
"Men ","60-64","100","Breaststroke","8","1:39.57"," Mark D Barichievich","M62","WOOD","386U-RJYE8","08-08-2026","2026 U.S. Masters Swimming Summer National Championship"
"Men ","60-64","100","Breaststroke","9","1:45.68"," jono marcus","M60","RHMS","3869-WD4H4","07-13-2026","Pacific Masters LCM Championships"
"Men ","60-64","100","Breaststroke","10","1:47.33"," Joseph J Ferrero","M64","TOC","386J-03K4R","08-08-2026","2026 U.S. Masters Swimming Summer National Championship"
"Men ","60-64","100","Breaststroke","11","1:47.64"," Dean M Holunga","M60","TVAM","386U-RBM30","08-08-2026","2026 U.S. Masters Swimming Summer National Championship"
"Men ","60-64","100","Breaststroke","12","1:51.66"," Henry H Marsden IV","M64","DAM","386A-03GE8","08-08-2026","2026 U.S. Masters Swimming Summer National Championship"
"Men ","60-64","100","Breaststroke","13","1:58.25"," Dan T Burbage-Macaluso","M63","SACMA","386U-63MRU","05-31-2026","BAC Long Course Meters Meet"
"Men ","60-64","200","Breaststroke","1","3:00.28"," Daniel Tom","M62","MELO","386X-00105","07-14-2026","Pacific Masters LCM Championships"
"Men ","60-64","200","Breaststroke","2","3:08.34"," Stephen M Smith","M60","SACMA","386E-03FS6","07-14-2026","Pacific Masters LCM Championships"
"Men ","60-64","200","Breaststroke","3","3:18.18"," Michael S Flegel","M63","LAC","386D-KRUKT","08-06-2026","2026 U.S. Masters Swimming Summer National Championship"
"Men ","60-64","200","Breaststroke","4","3:24.23"," Chip Pettibone","M64","SRM","386K-033WD","08-06-2026","2026 U.S. Masters Swimming Summer National Championship"
"Men ","60-64","200","Breaststroke","5","3:37.76"," Long Wu","M61","UC38","386R-03Z6S","07-14-2026","Pacific Masters LCM Championships"
"Men ","60-64","200","Breaststroke","6","3:48.41"," Mark D Barichievich","M62","WOOD","386U-RJYE8","08-06-2026","2026 U.S. Masters Swimming Summer National Championship"
"Men ","60-64","200","Breaststroke","7","4:11.44"," Alexandr  Doroshenko","M62","UC38","386E-PMEFX","08-06-2026","2026 U.S. Masters Swimming Summer National Championship"
"Men ","60-64","200","Breaststroke","8","4:18.65"," Thomas Kwan","M61","UC38","386U-07C48","08-06-2026","2026 U.S. Masters Swimming Summer National Championship"
"Men ","60-64","200","Breaststroke","9","4:22.63"," Dan T Burbage-Macaluso","M63","SACMA","386U-63MRU","07-14-2026","Pacific Masters LCM Championships"
"Men ","60-64","50","Butterfly","1","29.46"," William S Gordon","M61","MAM","3860-2BXE8","08-09-2026","2026 U.S. Masters Swimming Summer National Championship"
"Men ","60-64","50","Butterfly","2","29.99"," Scott A Warren","M61","USF","386N-A6A6S","08-09-2026","2026 U.S. Masters Swimming Summer National Championship"
"Men ","60-64","50","Butterfly","3","30.28"," Jon Boone","M63","WCM","386W-05VDE","08-09-2026","2026 U.S. Masters Swimming Summer National Championship"
"Men ","60-64","50","Butterfly","4","30.57"," Douglas Woodring","M61","TOC","386F-03FK3","08-09-2026","2026 U.S. Masters Swimming Summer National Championship"
"Men ","60-64","50","Butterfly","5","30.83"," Hector Chao","M62","WCM","3867-03FC4","08-09-2026","2026 U.S. Masters Swimming Summer National Championship"
"Men ","60-64","50","Butterfly","6","30.95"," DAVID KUBEL","M61","SACMA","386J-7NEWX","08-09-2026","2026 U.S. Masters Swimming Summer National Championship"
"Men ","60-64","50","Butterfly","7","32.26"," Stephen M Smith","M60","SACMA","386E-03FS6","07-14-2026","Pacific Masters LCM Championships"
"Men ","60-64","50","Butterfly","8","32.4"," David Muth","M62","SACMA","386F-03PB4","08-09-2026","2026 U.S. Masters Swimming Summer National Championship"
"Men ","60-64","50","Butterfly","9","32.58"," Stewart L Murray","M64","WOOD","386P-03SMD","08-09-2026","2026 U.S. Masters Swimming Summer National Championship"
"Men ","60-64","50","Butterfly","10","32.63"," Daniel Tom","M62","MELO","386X-00105","07-14-2026","Pacific Masters LCM Championships"
"Men ","60-64","50","Butterfly","11","32.67"," Jeff A Stegner","M61","WCM","386M-KHF7R","08-09-2026","2026 U.S. Masters Swimming Summer National Championship"
"Men ","60-64","50","Butterfly","12","34.43"," David Lederman","M60","CRUZ","386H-00642","08-09-2026","2026 U.S. Masters Swimming Summer National Championship"
"Men ","60-64","50","Butterfly","13","34.71"," Peter M Maguire","M62","STAN","386C-P6Y0X","08-09-2026","2026 U.S. Masters Swimming Summer National Championship"
"Men ","60-64","50","Butterfly","14","35.56"," Michael S Flegel","M63","LAC","386D-KRUKT","08-09-2026","2026 U.S. Masters Swimming Summer National Championship"
"Men ","60-64","50","Butterfly","15","39.55"," Duncan Ross","M61","RHMS","3865-03JZJ","05-31-2026","BAC Long Course Meters Meet"
"Men ","60-64","50","Butterfly","16","40.04"," Ken Mallon","M62","QSS","386H-0RBT8","05-31-2026","BAC Long Course Meters Meet"
"Men ","60-64","50","Butterfly","17","42.09"," Lorenzo Paris","M60","PALO","386D-0A9SM","07-14-2026","Pacific Masters LCM Championships"
"Men ","60-64","50","Butterfly","18","49.38"," Dan T Burbage-Macaluso","M63","SACMA","386U-63MRU","05-31-2026","BAC Long Course Meters Meet"
"Men ","60-64","50","Butterfly","19","54.43"," Alan R Ratliff","M60","TSUN","386C-A3B6E","06-28-2026","Gay Games Valencia 2026"
"Men ","60-64","50","Butterfly","20","54.77"," Mark C Faber","M60","USF","386M-57UJC","07-14-2026","Pacific Masters LCM Championships"
"Men ","60-64","100","Butterfly","1","1:09.73"," Hector Chao","M62","WCM","3867-03FC4","08-06-2026","2026 U.S. Masters Swimming Summer National Championship"
"Men ","60-64","100","Butterfly","2","1:11.36"," Mike G Shaffer","M61","HTUB","386P-03B3B","07-13-2026","Pacific Masters LCM Championships"
"Men ","60-64","100","Butterfly","3","1:12.68"," Stephen M Smith","M60","SACMA","386E-03FS6","07-13-2026","Pacific Masters LCM Championships"
"Men ","60-64","100","Butterfly","4","1:12.77"," William S Gordon","M61","MAM","3860-2BXE8","08-06-2026","2026 U.S. Masters Swimming Summer National Championship"
"Men ","60-64","100","Butterfly","5","1:14.91"," Tom T Nootbaar","M63","WCM","3869-03Y7M","08-06-2026","2026 U.S. Masters Swimming Summer National Championship"
"Men ","60-64","100","Butterfly","6","1:15.35"," Jon Boone","M63","WCM","386W-05VDE","08-06-2026","2026 U.S. Masters Swimming Summer National Championship"
"Men ","60-64","100","Butterfly","7","1:15.76"," Stewart L Murray","M64","WOOD","386P-03SMD","08-06-2026","2026 U.S. Masters Swimming Summer National Championship"
"Men ","60-64","100","Butterfly","8","1:17.62"," Johan H Steiner","M61","TSUN","386A-03JEP","05-31-2026","BAC Long Course Meters Meet"
"Men ","60-64","100","Butterfly","9","1:20.47"," DAVID KUBEL","M61","SACMA","386J-7NEWX","06-28-2026","SILVER STATE MASTERS LCM"
"Men ","60-64","100","Butterfly","10","1:29.98"," David Muth","M62","SACMA","386F-03PB4","06-28-2026","SILVER STATE MASTERS LCM"
"Men ","60-64","100","Butterfly","11","1:39.37"," jono marcus","M60","RHMS","3869-WD4H4","07-13-2026","Pacific Masters LCM Championships"
"Men ","60-64","200","Butterfly","1","2:57.61"," Mike G Shaffer","M61","HTUB","386P-03B3B","07-14-2026","Pacific Masters LCM Championships"
"Men ","60-64","200","Butterfly","2","2:59.61"," Tom T Nootbaar","M63","WCM","3869-03Y7M","08-07-2026","2026 U.S. Masters Swimming Summer National Championship"
"Men ","60-64","200","Butterfly","3","4:43.01"," Dan T Burbage-Macaluso","M63","SACMA","386U-63MRU","08-07-2026","2026 U.S. Masters Swimming Summer National Championship"
"Men ","60-64","200","Butterfly","4","6:30.87"," Thomas Kwan","M61","UC38","386U-07C48","08-07-2026","2026 U.S. Masters Swimming Summer National Championship"
"Men ","60-64","200","Individual Medley","1","2:34.27"," Stephen M Smith","M60","SACMA","386E-03FS6","08-08-2026","2026 U.S. Masters Swimming Summer National Championship"
"Men ","60-64","200","Individual Medley","2","2:40.55"," Johan H Steiner","M61","TSUN","386A-03JEP","07-02-2026","Gay Games Valencia 2026"
"Men ","60-64","200","Individual Medley","3","2:43.43"," Hector Chao","M62","WCM","3867-03FC4","07-14-2026","Pacific Masters LCM Championships"
"Men ","60-64","200","Individual Medley","4","2:55.29"," Jeff A Stegner","M61","WCM","386M-KHF7R","08-08-2026","2026 U.S. Masters Swimming Summer National Championship"
"Men ","60-64","200","Individual Medley","5","3:01.29"," Mike Veliquette","M64","RWR","3862-03MRP","08-08-2026","2026 U.S. Masters Swimming Summer National Championship"
"Men ","60-64","200","Individual Medley","6","3:06.76"," Niel Fischer","M62","SNM","386U-03S06","06-28-2026","SILVER STATE MASTERS LCM"
"Men ","60-64","200","Individual Medley","7","3:07.78"," Robert Frappia","M62","NCA","386Y-03YJE","06-28-2026","SILVER STATE MASTERS LCM"
"Men ","60-64","200","Individual Medley","8","3:10.18"," DAVID KUBEL","M61","SACMA","386J-7NEWX","06-28-2026","SILVER STATE MASTERS LCM"
"Men ","60-64","200","Individual Medley","9","3:39.25"," jono marcus","M60","RHMS","3869-WD4H4","05-31-2026","BAC Long Course Meters Meet"
"Men ","60-64","200","Individual Medley","10","4:00.68"," Ken Mallon","M62","QSS","386H-0RBT8","07-14-2026","Pacific Masters LCM Championships"
"Men ","60-64","200","Individual Medley","11","4:12.55"," Dan T Burbage-Macaluso","M63","SACMA","386U-63MRU","05-31-2026","BAC Long Course Meters Meet"
"Men ","60-64","400","Individual Medley","1","5:42.34"," Johan H Steiner","M61","TSUN","386A-03JEP","06-29-2026","Gay Games Valencia 2026"
"Men ","60-64","400","Individual Medley","2","5:43.78"," Stephen M Smith","M60","SACMA","386E-03FS6","08-07-2026","2026 U.S. Masters Swimming Summer National Championship"
"Men ","60-64","400","Individual Medley","3","6:18.87"," Jeff A Stegner","M61","WCM","386M-KHF7R","08-07-2026","2026 U.S. Masters Swimming Summer National Championship"
"Men ","60-64","400","Individual Medley","4","7:01.54"," Mike Veliquette","M64","RWR","3862-03MRP","07-12-2026","Pacific Masters LCM Championships"
"Men ","60-64","400","Individual Medley","5","8:42.15"," Dan T Burbage-Macaluso","M63","SACMA","386U-63MRU","07-12-2026","Pacific Masters LCM Championships"
"Men ","60-64","400","Individual Medley","6","10:55.24"," Thomas Kwan","M61","UC38","386U-07C48","08-07-2026","2026 U.S. Masters Swimming Summer National Championship"
"Men ","65-69","50","Freestyle","1","28.73"," David E Boatwright","M65","WCM","3861-03M7N","07-13-2026","Pacific Masters LCM Championships"
"Men ","65-69","50","Freestyle","2","28.86"," Mark Evans","M68","SRM","386H-03J7X","08-08-2026","2026 U.S. Masters Swimming Summer National Championship"
"Men ","65-69","50","Freestyle","3","29.47"," Gregg Sanders","M67","RAMS","386E-03RY3","07-13-2026","Pacific Masters LCM Championships"
"Men ","65-69","50","Freestyle","4","30.12"," John R Morales","M68","SRM","386J-03KMR","08-08-2026","2026 U.S. Masters Swimming Summer National Championship"
"Men ","65-69","50","Freestyle","5","30.66"," Greg L Laudenslager","M65","RHMS","386A-07N19","08-08-2026","2026 U.S. Masters Swimming Summer National Championship"
"Men ","65-69","50","Freestyle","6","30.97"," Paul Bales","M68","USF","386D-07BJR","07-13-2026","Pacific Masters LCM Championships"
"Men ","65-69","50","Freestyle","7","31.01"," Frank R Sculatti","M67","UC38","386D-42X8M","08-08-2026","2026 U.S. Masters Swimming Summer National Championship"
"Men ","65-69","50","Freestyle","8","31.7"," Andrew T Maryatt","M65","RAMS","386B-03J2B","08-08-2026","2026 U.S. Masters Swimming Summer National Championship"
"Men ","65-69","50","Freestyle","9","32.16"," Walter Hannibal","M66","MAQ","386T-UY0EE","07-13-2026","Pacific Masters LCM Championships"
"Men ","65-69","50","Freestyle","10","32.41"," Peter T Levikow","M67","PSWIM","386W-03S4S","","2026 U.S. Masters Swimming Summer National Championship"
"Men ","65-69","50","Freestyle","11","32.66"," Bob Braham","M67","MELO","386T-TKJKT","08-08-2026","2026 U.S. Masters Swimming Summer National Championship"
"Men ","65-69","50","Freestyle","12","34.23"," Bob Suess","M65","RHMS","386X-06YXE","07-13-2026","Pacific Masters LCM Championships"
"Men ","65-69","50","Freestyle","13","36.66"," Roger T Cole","M66","UC38","3867-SY69X","06-30-2026","Gay Games Valencia 2026"
"Men ","65-69","50","Freestyle","14","37.31"," James G Barton","M67","SACMA","3869-MH9T5","08-08-2026","2026 U.S. Masters Swimming Summer National Championship"
"Men ","65-69","50","Freestyle","15","37.55"," Randell B Sharpe","M69","AAM","3860-03FCY","08-08-2026","2026 U.S. Masters Swimming Summer National Championship"
"Men ","65-69","50","Freestyle","16","40.13"," Keith Gray","M69","SON","386N-03H01","06-30-2026","Gay Games Valencia 2026"
"Men ","65-69","50","Freestyle","17","45.36"," jakub kalousek","M67","UC38","386S-KMMYU","08-08-2026","2026 U.S. Masters Swimming Summer National Championship"
"Men ","65-69","50","Freestyle","18","55.9"," ANDREAS PLUEMER","M69","MVM","3869-03T9T","05-31-2026","BAC Long Course Meters Meet"
"Men ","65-69","100","Freestyle","1","1:02.85"," Mark Evans","M68","SRM","386H-03J7X","08-07-2026","2026 U.S. Masters Swimming Summer National Championship"
"Men ","65-69","100","Freestyle","2","1:03.10"," David E Boatwright","M65","WCM","3861-03M7N","07-13-2026","Pacific Masters LCM Championships"
"Men ","65-69","100","Freestyle","3","1:07.42"," Jerry M Mix","M69","DERM","386B-07KWT","08-07-2026","2026 U.S. Masters Swimming Summer National Championship"
"Men ","65-69","100","Freestyle","4","1:08.19"," Paul Bales","M68","USF","386D-07BJR","07-13-2026","Pacific Masters LCM Championships"
"Men ","65-69","100","Freestyle","5","1:08.87"," John R Morales","M68","SRM","386J-03KMR","08-07-2026","2026 U.S. Masters Swimming Summer National Championship"
"Men ","65-69","100","Freestyle","6","1:10.19"," Greg L Laudenslager","M65","RHMS","386A-07N19","08-07-2026","2026 U.S. Masters Swimming Summer National Championship"
"Men ","65-69","100","Freestyle","7","1:10.35"," Steve Cutting","M69","TVM","3863-03MEE","08-07-2026","2026 U.S. Masters Swimming Summer National Championship"
"Men ","65-69","100","Freestyle","8","1:12.14"," Ron Taylor","M66","RPM","386S-03MUP","07-13-2026","Pacific Masters LCM Championships"
"Men ","65-69","100","Freestyle","9","1:12.50"," Walter Hannibal","M66","MAQ","386T-UY0EE","07-13-2026","Pacific Masters LCM Championships"
"Men ","65-69","100","Freestyle","10","1:14.25"," Bob Braham","M67","MELO","386T-TKJKT","08-07-2026","2026 U.S. Masters Swimming Summer National Championship"
"Men ","65-69","100","Freestyle","11","1:15.82"," Alex Hamza","M67","LAC","386H-03T0Y","08-07-2026","2026 U.S. Masters Swimming Summer National Championship"
"Men ","65-69","100","Freestyle","12","1:17.27"," Eric R Wolff","M66","MVM","386C-03HD8","06-28-2026","SILVER STATE MASTERS LCM"
"Men ","65-69","100","Freestyle","13","1:18.48"," Joseph J Grafton","M69","DAM","3861-03HAV","08-07-2026","2026 U.S. Masters Swimming Summer National Championship"
"Men ","65-69","100","Freestyle","14","1:22.41"," Bob Suess","M65","RHMS","386X-06YXE","07-13-2026","Pacific Masters LCM Championships"
"Men ","65-69","100","Freestyle","15","1:23.74"," Harlan A Pinto","M69","MELO","3864-080G8","08-07-2026","2026 U.S. Masters Swimming Summer National Championship"
"Men ","65-69","100","Freestyle","16","1:25.41"," James G Barton","M67","SACMA","3869-MH9T5","08-07-2026","2026 U.S. Masters Swimming Summer National Championship"
"Men ","65-69","100","Freestyle","17","1:43.06"," Alexander I Alten","M67","TVM","386R-03W06","08-07-2026","2026 U.S. Masters Swimming Summer National Championship"
"Men ","65-69","100","Freestyle","18","2:10.93"," ANDREAS PLUEMER","M69","MVM","3869-03T9T","05-31-2026","BAC Long Course Meters Meet"
"Men ","65-69","200","Freestyle","1","2:19.34"," Mark Evans","M68","SRM","386H-03J7X","08-09-2026","2026 U.S. Masters Swimming Summer National Championship"
"Men ","65-69","200","Freestyle","2","2:23.93"," David E Boatwright","M65","WCM","3861-03M7N","07-14-2026","Pacific Masters LCM Championships"
"Men ","65-69","200","Freestyle","3","2:30.73"," John R Morales","M68","SRM","386J-03KMR","08-09-2026","2026 U.S. Masters Swimming Summer National Championship"
"Men ","65-69","200","Freestyle","4","2:36.56"," David S Cool","M65","WCM","3863-03G7U","08-09-2026","2026 U.S. Masters Swimming Summer National Championship"
"Men ","65-69","200","Freestyle","5","2:40.77"," Paul Bales","M68","USF","386D-07BJR","07-14-2026","Pacific Masters LCM Championships"
"Men ","65-69","200","Freestyle","6","2:40.78"," Steve Cutting","M69","TVM","3863-03MEE","07-14-2026","Pacific Masters LCM Championships"
"Men ","65-69","200","Freestyle","7","2:52.75"," Chris J Tainty","M66","CRUZ","386D-03JCS","05-31-2026","BAC Long Course Meters Meet"
"Men ","65-69","200","Freestyle","8","3:05.83"," Harlan A Pinto","M69","MELO","3864-080G8","07-14-2026","Pacific Masters LCM Championships"
"Men ","65-69","200","Freestyle","9","3:07.54"," Bob Suess","M65","RHMS","386X-06YXE","07-14-2026","Pacific Masters LCM Championships"
"Men ","65-69","400","Freestyle","1","5:18.24"," Mark Frazier","M67","VACA","386E-075CS","08-06-2026","2026 U.S. Masters Swimming Summer National Championship"
"Men ","65-69","400","Freestyle","2","5:33.95"," John R Morales","M68","SRM","386J-03KMR","08-06-2026","2026 U.S. Masters Swimming Summer National Championship"
"Men ","65-69","400","Freestyle","3","5:38.51"," David J Brancamp","M65","SNM","386D-03F7M","08-06-2026","2026 U.S. Masters Swimming Summer National Championship"
"Men ","65-69","400","Freestyle","4","6:02.89"," Chris J Tainty","M66","CRUZ","386D-03JCS","05-31-2026","BAC Long Course Meters Meet"
"Men ","65-69","400","Freestyle","5","6:06.73"," Paul Bales","M68","USF","386D-07BJR","07-14-2026","Pacific Masters LCM Championships"
"Men ","65-69","400","Freestyle","6","6:09.37"," David S Kemler","M68","WCM","3861-0010C","08-06-2026","2026 U.S. Masters Swimming Summer National Championship"
"Men ","65-69","400","Freestyle","7","9:22.52"," Stephen L Young","M68","USF","386P-06M9U","07-14-2026","Pacific Masters LCM Championships"
"Men ","65-69","800","Freestyle","1","11:42.19"," David J Brancamp","M65","SNM","386D-03F7M","08-08-2026","2026 U.S. Masters Swimming Summer National Championship"
"Men ","65-69","800","Freestyle","2","12:12.55"," Ron Taylor","M66","RPM","386S-03MUP","07-13-2026","Pacific Masters LCM Championships"
"Men ","65-69","800","Freestyle","3","12:33.93"," David S Kemler","M68","WCM","3861-0010C","08-08-2026","2026 U.S. Masters Swimming Summer National Championship"
"Men ","65-69","800","Freestyle","4","12:38.33"," Chris Wagner","M67","USF","386N-03TR0","07-13-2026","Pacific Masters LCM Championships"
"Men ","65-69","800","Freestyle","5","13:11.63"," Peter T Levikow","M67","PSWIM","386W-03S4S","08-08-2026","2026 U.S. Masters Swimming Summer National Championship"
"Men ","65-69","800","Freestyle","6","13:30.85"," Craig Coombs","M66","USF","386K-03KM5","07-13-2026","Pacific Masters LCM Championships"
"Men ","65-69","800","Freestyle","7","13:44.42"," Harlan A Pinto","M69","MELO","3864-080G8","07-13-2026","Pacific Masters LCM Championships"
"Men ","65-69","800","Freestyle","8","20:06.56"," Stephen L Young","M68","USF","386P-06M9U","07-13-2026","Pacific Masters LCM Championships"
"Men ","65-69","1500","Freestyle","1","20:18.70"," Chris J Tainty","M66","CRUZ","386D-03JCS","08-05-2026","2026 U.S. Masters Swimming Summer National Championship"
"Men ","65-69","1500","Freestyle","2","20:47.06"," Mark Frazier","M67","VACA","386E-075CS","08-05-2026","2026 U.S. Masters Swimming Summer National Championship"
"Men ","65-69","1500","Freestyle","3","23:02.20"," Kenneth A Halbrecht","M66","WCM","386P-03KKK","08-05-2026","2026 U.S. Masters Swimming Summer National Championship"
"Men ","65-69","1500","Freestyle","4","23:26.79"," Chris Wagner","M67","USF","386N-03TR0","08-05-2026","2026 U.S. Masters Swimming Summer National Championship"
"Men ","65-69","1500","Freestyle","5","23:32.02"," Dean Ottati","M66","WCM","386H-05FFA","08-05-2026","2026 U.S. Masters Swimming Summer National Championship"
"Men ","65-69","1500","Freestyle","6","23:58.08"," Paul Bales","M68","USF","386D-07BJR","07-12-2026","Pacific Masters LCM Championships"
"Men ","65-69","1500","Freestyle","7","25:40.86"," Matt Yuen","M67","QSS","386M-06CJX","07-12-2026","Pacific Masters LCM Championships"
"Men ","65-69","1500","Freestyle","8","28:20.56"," Robert Singer","M69","USF","386J-03SSP","07-12-2026","Pacific Masters LCM Championships"
"Men ","65-69","1500","Freestyle","9","37:22.63"," Stephen L Young","M68","USF","386P-06M9U","07-12-2026","Pacific Masters LCM Championships"
"Men ","65-69","50","Backstroke","1","34.39"," Ron Taylor","M66","RPM","386S-03MUP","08-08-2026","2026 U.S. Masters Swimming Summer National Championship"
"Men ","65-69","50","Backstroke","2","37.1"," Chris J Tainty","M66","CRUZ","386D-03JCS","","2026 U.S. Masters Swimming Summer National Championship"
"Men ","65-69","50","Backstroke","3","37.11"," Steve Cutting","M69","TVM","3863-03MEE","08-08-2026","2026 U.S. Masters Swimming Summer National Championship"
"Men ","65-69","50","Backstroke","4","37.45"," John R Morales","M68","SRM","386J-03KMR","","2026 U.S. Masters Swimming Summer National Championship"
"Men ","65-69","50","Backstroke","5","37.94"," Kenneth A Halbrecht","M66","WCM","386P-03KKK","08-08-2026","2026 U.S. Masters Swimming Summer National Championship"
"Men ","65-69","50","Backstroke","6","39.22"," Greg L Laudenslager","M65","RHMS","386A-07N19","08-08-2026","2026 U.S. Masters Swimming Summer National Championship"
"Men ","65-69","50","Backstroke","7","39.25"," Andrew T Maryatt","M65","RAMS","386B-03J2B","08-08-2026","2026 U.S. Masters Swimming Summer National Championship"
"Men ","65-69","50","Backstroke","8","39.81"," Chris Wagner","M67","USF","386N-03TR0","08-08-2026","2026 U.S. Masters Swimming Summer National Championship"
"Men ","65-69","50","Backstroke","9","40.4"," Dean Ottati","M66","WCM","386H-05FFA","08-08-2026","2026 U.S. Masters Swimming Summer National Championship"
"Men ","65-69","50","Backstroke","10","41.41"," David S Kemler","M68","WCM","3861-0010C","","2026 U.S. Masters Swimming Summer National Championship"
"Men ","65-69","50","Backstroke","11","43.28"," Matt Yuen","M67","QSS","386M-06CJX","07-13-2026","Pacific Masters LCM Championships"
"Men ","65-69","50","Backstroke","12","45.02"," James G Barton","M67","SACMA","3869-MH9T5","","2026 U.S. Masters Swimming Summer National Championship"
"Men ","65-69","50","Backstroke","13","49.71"," Steve Hern","M67","DAM","386V-03XAV","05-31-2026","BAC Long Course Meters Meet"
"Men ","65-69","50","Backstroke","14","1:02.39"," ANDREAS PLUEMER","M69","MVM","3869-03T9T","05-31-2026","BAC Long Course Meters Meet"
"Men ","65-69","100","Backstroke","1","1:16.21"," Chris J Tainty","M66","CRUZ","386D-03JCS","08-06-2026","2026 U.S. Masters Swimming Summer National Championship"
"Men ","65-69","100","Backstroke","2","1:18.31"," Ron Taylor","M66","RPM","386S-03MUP","08-06-2026","2026 U.S. Masters Swimming Summer National Championship"
"Men ","65-69","100","Backstroke","3","1:19.23"," Steve Cutting","M69","TVM","3863-03MEE","08-06-2026","2026 U.S. Masters Swimming Summer National Championship"
"Men ","65-69","100","Backstroke","4","1:21.35"," John R Morales","M68","SRM","386J-03KMR","08-06-2026","2026 U.S. Masters Swimming Summer National Championship"
"Men ","65-69","100","Backstroke","5","1:25.38"," Chris Wagner","M67","USF","386N-03TR0","08-06-2026","2026 U.S. Masters Swimming Summer National Championship"
"Men ","65-69","100","Backstroke","6","1:27.19"," Greg L Laudenslager","M65","RHMS","386A-07N19","07-14-2026","Pacific Masters LCM Championships"
"Men ","65-69","100","Backstroke","7","1:28.97"," David S Kemler","M68","WCM","3861-0010C","08-06-2026","2026 U.S. Masters Swimming Summer National Championship"
"Men ","65-69","100","Backstroke","8","1:35.09"," Alex Hamza","M67","LAC","386H-03T0Y","08-06-2026","2026 U.S. Masters Swimming Summer National Championship"
"Men ","65-69","100","Backstroke","9","1:35.57"," Matt Yuen","M67","QSS","386M-06CJX","07-14-2026","Pacific Masters LCM Championships"
"Men ","65-69","100","Backstroke","10","1:57.24"," Alexander I Alten","M67","TVM","386R-03W06","08-06-2026","2026 U.S. Masters Swimming Summer National Championship"
"Men ","65-69","100","Backstroke","11","2:25.68"," Stephen L Young","M68","USF","386P-06M9U","07-14-2026","Pacific Masters LCM Championships"
"Men ","65-69","200","Backstroke","1","2:45.11"," Chris J Tainty","M66","CRUZ","386D-03JCS","08-09-2026","2026 U.S. Masters Swimming Summer National Championship"
"Men ","65-69","200","Backstroke","2","2:54.90"," Steve Cutting","M69","TVM","3863-03MEE","08-09-2026","2026 U.S. Masters Swimming Summer National Championship"
"Men ","65-69","200","Backstroke","3","2:59.14"," Ron Taylor","M66","RPM","386S-03MUP","08-09-2026","2026 U.S. Masters Swimming Summer National Championship"
"Men ","65-69","200","Backstroke","4","3:10.40"," David S Kemler","M68","WCM","3861-0010C","08-09-2026","2026 U.S. Masters Swimming Summer National Championship"
"Men ","65-69","200","Backstroke","5","3:14.55"," Chris Wagner","M67","USF","386N-03TR0","07-13-2026","Pacific Masters LCM Championships"
"Men ","65-69","200","Backstroke","6","3:19.69"," Greg L Laudenslager","M65","RHMS","386A-07N19","07-13-2026","Pacific Masters LCM Championships"
"Men ","65-69","200","Backstroke","7","3:24.01"," Matt Yuen","M67","QSS","386M-06CJX","07-13-2026","Pacific Masters LCM Championships"
"Men ","65-69","200","Backstroke","8","5:09.53"," Stephen L Young","M68","USF","386P-06M9U","07-13-2026","Pacific Masters LCM Championships"
"Men ","65-69","50","Breaststroke","1","37.9"," Greg L Laudenslager","M65","RHMS","386A-07N19","07-14-2026","Pacific Masters LCM Championships"
"Men ","65-69","50","Breaststroke","2","38.37"," Peter T Levikow","M67","PSWIM","386W-03S4S","08-07-2026","2026 U.S. Masters Swimming Summer National Championship"
"Men ","65-69","50","Breaststroke","3","40.09"," Andrew T Maryatt","M65","RAMS","386B-03J2B","08-07-2026","2026 U.S. Masters Swimming Summer National Championship"
"Men ","65-69","50","Breaststroke","4","41.53"," Kenneth A Halbrecht","M66","WCM","386P-03KKK","07-14-2026","Pacific Masters LCM Championships"
"Men ","65-69","50","Breaststroke","5","42.01"," Bill Tulin","M68","TAM","386R-03TYP","07-14-2026","Pacific Masters LCM Championships"
"Men ","65-69","50","Breaststroke","6","43.09"," Jack Ewing","M66","USF","386H-03G17","07-14-2026","Pacific Masters LCM Championships"
"Men ","65-69","50","Breaststroke","7","43.33"," Ron Taylor","M66","RPM","386S-03MUP","07-14-2026","Pacific Masters LCM Championships"
"Men ","65-69","50","Breaststroke","8","44.2"," Bob Braham","M67","MELO","386T-TKJKT","07-14-2026","Pacific Masters LCM Championships"
"Men ","65-69","50","Breaststroke","9","44.75"," Bob Suess","M65","RHMS","386X-06YXE","07-14-2026","Pacific Masters LCM Championships"
"Men ","65-69","50","Breaststroke","10","46.15"," Craig Coombs","M66","USF","386K-03KM5","07-14-2026","Pacific Masters LCM Championships"
"Men ","65-69","50","Breaststroke","11","46.18"," Harlan A Pinto","M69","MELO","3864-080G8","08-07-2026","2026 U.S. Masters Swimming Summer National Championship"
"Men ","65-69","50","Breaststroke","12","47.67"," Matt Yuen","M67","QSS","386M-06CJX","07-14-2026","Pacific Masters LCM Championships"
"Men ","65-69","50","Breaststroke","13","48.09"," Randell B Sharpe","M69","AAM","3860-03FCY","08-07-2026","2026 U.S. Masters Swimming Summer National Championship"
"Men ","65-69","50","Breaststroke","14","50.07"," Roger T Cole","M66","UC38","3867-SY69X","06-30-2026","Gay Games Valencia 2026"
"Men ","65-69","50","Breaststroke","15","52.82"," jakub kalousek","M67","UC38","386S-KMMYU","08-07-2026","2026 U.S. Masters Swimming Summer National Championship"
"Men ","65-69","50","Breaststroke","16","58.73"," Alexander I Alten","M67","TVM","386R-03W06","08-07-2026","2026 U.S. Masters Swimming Summer National Championship"
"Men ","65-69","50","Breaststroke","17","1:03.77"," ANDREAS PLUEMER","M69","MVM","3869-03T9T","05-31-2026","BAC Long Course Meters Meet"
"Men ","65-69","100","Breaststroke","1","1:25.70"," Greg L Laudenslager","M65","RHMS","386A-07N19","08-08-2026","2026 U.S. Masters Swimming Summer National Championship"
"Men ","65-69","100","Breaststroke","2","1:27.55"," Peter T Levikow","M67","PSWIM","386W-03S4S","08-08-2026","2026 U.S. Masters Swimming Summer National Championship"
"Men ","65-69","100","Breaststroke","3","1:34.53"," Kenneth A Halbrecht","M66","WCM","386P-03KKK","08-08-2026","2026 U.S. Masters Swimming Summer National Championship"
"Men ","65-69","100","Breaststroke","4","1:35.60"," Andrew T Maryatt","M65","RAMS","386B-03J2B","08-08-2026","2026 U.S. Masters Swimming Summer National Championship"
"Men ","65-69","100","Breaststroke","5","1:36.35"," Alex Hamza","M67","LAC","386H-03T0Y","08-08-2026","2026 U.S. Masters Swimming Summer National Championship"
"Men ","65-69","100","Breaststroke","6","1:40.66"," Bob Braham","M67","MELO","386T-TKJKT","05-31-2026","BAC Long Course Meters Meet"
"Men ","65-69","100","Breaststroke","7","1:43.06"," Matt Yuen","M67","QSS","386M-06CJX","07-13-2026","Pacific Masters LCM Championships"
"Men ","65-69","100","Breaststroke","8","1:43.31"," Craig Coombs","M66","USF","386K-03KM5","07-13-2026","Pacific Masters LCM Championships"
"Men ","65-69","100","Breaststroke","9","1:45.94"," Walter Hannibal","M66","MAQ","386T-UY0EE","07-13-2026","Pacific Masters LCM Championships"
"Men ","65-69","100","Breaststroke","10","1:47.25"," Harlan A Pinto","M69","MELO","3864-080G8","07-13-2026","Pacific Masters LCM Championships"
"Men ","65-69","100","Breaststroke","11","1:48.34"," Bob Suess","M65","RHMS","386X-06YXE","07-13-2026","Pacific Masters LCM Championships"
"Men ","65-69","100","Breaststroke","12","1:49.55"," Randell B Sharpe","M69","AAM","3860-03FCY","08-08-2026","2026 U.S. Masters Swimming Summer National Championship"
"Men ","65-69","100","Breaststroke","13","2:27.24"," ANDREAS PLUEMER","M69","MVM","3869-03T9T","05-31-2026","BAC Long Course Meters Meet"
"Men ","65-69","200","Breaststroke","1","3:20.05"," Peter T Levikow","M67","PSWIM","386W-03S4S","08-06-2026","2026 U.S. Masters Swimming Summer National Championship"
"Men ","65-69","200","Breaststroke","2","3:28.91"," Greg L Laudenslager","M65","RHMS","386A-07N19","07-14-2026","Pacific Masters LCM Championships"
"Men ","65-69","200","Breaststroke","3","3:34.63"," Eric R Wolff","M66","MVM","386C-03HD8","06-28-2026","SILVER STATE MASTERS LCM"
"Men ","65-69","200","Breaststroke","4","3:37.90"," Kenneth A Halbrecht","M66","WCM","386P-03KKK","08-06-2026","2026 U.S. Masters Swimming Summer National Championship"
"Men ","65-69","200","Breaststroke","5","3:41.45"," Bob Braham","M67","MELO","386T-TKJKT","07-14-2026","Pacific Masters LCM Championships"
"Men ","65-69","200","Breaststroke","6","3:45.82"," Craig Coombs","M66","USF","386K-03KM5","07-14-2026","Pacific Masters LCM Championships"
"Men ","65-69","200","Breaststroke","7","4:00.31"," Jack Ewing","M66","USF","386H-03G17","07-14-2026","Pacific Masters LCM Championships"
"Men ","65-69","200","Breaststroke","8","4:00.84"," Harlan A Pinto","M69","MELO","3864-080G8","07-14-2026","Pacific Masters LCM Championships"
"Men ","65-69","200","Breaststroke","9","4:01.35"," Bob Suess","M65","RHMS","386X-06YXE","07-14-2026","Pacific Masters LCM Championships"
"Men ","65-69","200","Breaststroke","10","6:28.28"," Stephen L Young","M68","USF","386P-06M9U","07-14-2026","Pacific Masters LCM Championships"
"Men ","65-69","50","Butterfly","1","31.21"," Mark Evans","M68","SRM","386H-03J7X","08-09-2026","2026 U.S. Masters Swimming Summer National Championship"
"Men ","65-69","50","Butterfly","2","31.51"," John R Morales","M68","SRM","386J-03KMR","08-09-2026","2026 U.S. Masters Swimming Summer National Championship"
"Men ","65-69","50","Butterfly","3","32.49"," Ron Taylor","M66","RPM","386S-03MUP","07-14-2026","Pacific Masters LCM Championships"
"Men ","65-69","50","Butterfly","4","33.02"," Paul Bales","M68","USF","386D-07BJR","07-14-2026","Pacific Masters LCM Championships"
"Men ","65-69","50","Butterfly","5","33.43"," Kenneth A Halbrecht","M66","WCM","386P-03KKK","08-09-2026","2026 U.S. Masters Swimming Summer National Championship"
"Men ","65-69","50","Butterfly","6","42.73"," Jack Ewing","M66","USF","386H-03G17","05-31-2026","BAC Long Course Meters Meet"
"Men ","65-69","50","Butterfly","7","45.53"," Harlan A Pinto","M69","MELO","3864-080G8","08-09-2026","2026 U.S. Masters Swimming Summer National Championship"
"Men ","65-69","50","Butterfly","8","48.57"," Keith Gray","M69","SON","386N-03H01","06-28-2026","Gay Games Valencia 2026"
"Men ","65-69","50","Butterfly","9","50.57"," Steve Hern","M67","DAM","386V-03XAV","05-31-2026","BAC Long Course Meters Meet"
"Men ","65-69","50","Butterfly","10","1:20.65"," ANDREAS PLUEMER","M69","MVM","3869-03T9T","05-31-2026","BAC Long Course Meters Meet"
"Men ","65-69","100","Butterfly","1","1:10.74"," Mark Evans","M68","SRM","386H-03J7X","08-06-2026","2026 U.S. Masters Swimming Summer National Championship"
"Men ","65-69","100","Butterfly","2","1:21.61"," Ron Taylor","M66","RPM","386S-03MUP","05-31-2026","BAC Long Course Meters Meet"
"Men ","65-69","100","Butterfly","3","1:38.75"," Eric R Wolff","M66","MVM","386C-03HD8","06-28-2026","SILVER STATE MASTERS LCM"
"Men ","65-69","200","Butterfly","1","3:04.07"," Chris J Tainty","M66","CRUZ","386D-03JCS","08-07-2026","2026 U.S. Masters Swimming Summer National Championship"
"Men ","65-69","200","Butterfly","2","3:29.00"," Ron Taylor","M66","RPM","386S-03MUP","08-07-2026","2026 U.S. Masters Swimming Summer National Championship"
"Men ","65-69","200","Individual Medley","1","2:44.21"," Mark Evans","M68","SRM","386H-03J7X","08-08-2026","2026 U.S. Masters Swimming Summer National Championship"
"Men ","65-69","200","Individual Medley","2","2:52.41"," Chris J Tainty","M66","CRUZ","386D-03JCS","08-08-2026","2026 U.S. Masters Swimming Summer National Championship"
"Men ","65-69","200","Individual Medley","3","2:54.77"," Steve Cutting","M69","TVM","3863-03MEE","08-08-2026","2026 U.S. Masters Swimming Summer National Championship"
"Men ","65-69","200","Individual Medley","4","3:00.45"," David S Cool","M65","WCM","3863-03G7U","08-08-2026","2026 U.S. Masters Swimming Summer National Championship"
"Men ","65-69","200","Individual Medley","5","3:11.39"," Eric R Wolff","M66","MVM","386C-03HD8","06-28-2026","SILVER STATE MASTERS LCM"
"Men ","65-69","200","Individual Medley","6","3:23.06"," Craig Coombs","M66","USF","386K-03KM5","07-14-2026","Pacific Masters LCM Championships"
"Men ","65-69","200","Individual Medley","7","3:25.90"," Bob Braham","M67","MELO","386T-TKJKT","07-14-2026","Pacific Masters LCM Championships"
"Men ","65-69","200","Individual Medley","8","3:42.65"," Harlan A Pinto","M69","MELO","3864-080G8","07-14-2026","Pacific Masters LCM Championships"
"Men ","65-69","200","Individual Medley","9","3:50.82"," Steve Hern","M67","DAM","386V-03XAV","05-31-2026","BAC Long Course Meters Meet"
"Men ","65-69","400","Individual Medley","1","5:59.08"," Chris J Tainty","M66","CRUZ","386D-03JCS","08-07-2026","2026 U.S. Masters Swimming Summer National Championship"
"Men ","65-69","400","Individual Medley","2","6:39.44"," Ron Taylor","M66","RPM","386S-03MUP","07-12-2026","Pacific Masters LCM Championships"
"Men ","65-69","400","Individual Medley","3","7:02.55"," Eric R Wolff","M66","MVM","386C-03HD8","06-28-2026","SILVER STATE MASTERS LCM"
"Men ","65-69","400","Individual Medley","4","7:08.50"," David S Kemler","M68","WCM","3861-0010C","08-07-2026","2026 U.S. Masters Swimming Summer National Championship"
"Men ","65-69","400","Individual Medley","5","7:29.39"," Craig Coombs","M66","USF","386K-03KM5","07-12-2026","Pacific Masters LCM Championships"
"Men ","65-69","400","Individual Medley","6","8:29.30"," Steve Hern","M67","DAM","386V-03XAV","08-07-2026","2026 U.S. Masters Swimming Summer National Championship"
"Men ","70-74","50","Freestyle","1","30.1"," Eric D Van Boer","M72","RHMS","3869-03J4C","08-08-2026","2026 U.S. Masters Swimming Summer National Championship"
"Men ","70-74","50","Freestyle","2","30.12"," Lee D Haris","M72","TOC","386H-079BY","08-08-2026","2026 U.S. Masters Swimming Summer National Championship"
"Men ","70-74","50","Freestyle","3","31.18"," Paul E Trujillo","M71","WCM","386H-NF61U","08-08-2026","2026 U.S. Masters Swimming Summer National Championship"
"Men ","70-74","50","Freestyle","4","31.98"," Geoff Spellberg","M70","NBA","3865-03VD8","07-13-2026","Pacific Masters LCM Championships"
"Men ","70-74","50","Freestyle","5","32.12"," KC McDougle","M73","WCM","3861-XACUW","08-08-2026","2026 U.S. Masters Swimming Summer National Championship"
"Men ","70-74","50","Freestyle","6","32.47"," Gordon M Paul","M74","FDM","386W-06917","08-08-2026","2026 U.S. Masters Swimming Summer National Championship"
"Men ","70-74","50","Freestyle","7","32.94"," Brian J Fitzgibbons","M70","SON","386G-03H06","06-30-2026","Gay Games Valencia 2026"
"Men ","70-74","50","Freestyle","8","33.04"," Kim I Musch","M71","CRUZ","386Z-03WEB","07-13-2026","Pacific Masters LCM Championships"
"Men ","70-74","50","Freestyle","9","34.15"," Phillip Harter","M72","FREM","3869-03HNX","08-08-2026","2026 U.S. Masters Swimming Summer National Championship"
"Men ","70-74","50","Freestyle","10","37.41"," Stephen A Small","M74","MEMO","386G-03GV2","","2026 U.S. Masters Swimming Summer National Championship"
"Men ","70-74","50","Freestyle","11","38.56"," Jeff L Shevlin","M72","SACMA","386Y-03FKX","","2026 U.S. Masters Swimming Summer National Championship"
"Men ","70-74","50","Freestyle","12","42.45"," Stuart J Weil","M72","USF","386T-03XH3","07-13-2026","Pacific Masters LCM Championships"
"Men ","70-74","50","Freestyle","13","43.48"," Dominique P Goupil","M71","FREM","3864-03VVM","08-08-2026","2026 U.S. Masters Swimming Summer National Championship"
"Men ","70-74","50","Freestyle","14","44.16"," Doug Senz","M74","MEMO","386D-S6PJ5","07-13-2026","Pacific Masters LCM Championships"
"Men ","70-74","50","Freestyle","15","44.56"," Ollen (Bruce) B Langston","M74","BHAM","386K-0NPN5","08-08-2026","2026 U.S. Masters Swimming Summer National Championship"
"Men ","70-74","50","Freestyle","16","50.58"," James M Connell","M72","TOC","3860-RHREG","08-08-2026","2026 U.S. Masters Swimming Summer National Championship"
"Men ","70-74","100","Freestyle","1","1:09.82"," Eric D Van Boer","M72","RHMS","3869-03J4C","08-07-2026","2026 U.S. Masters Swimming Summer National Championship"
"Men ","70-74","100","Freestyle","2","1:10.41"," Paul E Trujillo","M71","WCM","386H-NF61U","08-07-2026","2026 U.S. Masters Swimming Summer National Championship"
"Men ","70-74","100","Freestyle","3","1:12.40"," KC McDougle","M73","WCM","3861-XACUW","08-07-2026","2026 U.S. Masters Swimming Summer National Championship"
"Men ","70-74","100","Freestyle","4","1:13.04"," Geoff Spellberg","M70","NBA","3865-03VD8","07-13-2026","Pacific Masters LCM Championships"
"Men ","70-74","100","Freestyle","5","1:13.05"," Daniel T Bridges","M72","WCM","386P-09M05","07-13-2026","Pacific Masters LCM Championships"
"Men ","70-74","100","Freestyle","6","1:13.86"," Kim I Musch","M71","CRUZ","386Z-03WEB","07-13-2026","Pacific Masters LCM Championships"
"Men ","70-74","100","Freestyle","7","1:15.42"," Gordon M Paul","M74","FDM","386W-06917","08-07-2026","2026 U.S. Masters Swimming Summer National Championship"
"Men ","70-74","100","Freestyle","8","1:17.53"," Brian J Fitzgibbons","M70","SON","386G-03H06","05-31-2026","BAC Long Course Meters Meet"
"Men ","70-74","100","Freestyle","9","1:19.52"," David B Holmes","M72","TOC","386V-03M4D","08-07-2026","2026 U.S. Masters Swimming Summer National Championship"
"Men ","70-74","100","Freestyle","10","1:21.34"," john nakamura","M71","UC38","386J-CGKM7","05-31-2026","BAC Long Course Meters Meet"
"Men ","70-74","100","Freestyle","11","1:22.06"," Stephen A Small","M74","MEMO","386G-03GV2","08-07-2026","2026 U.S. Masters Swimming Summer National Championship"
"Men ","70-74","100","Freestyle","12","1:22.42"," Michael A Maritzen","M70","RHMS","386P-03XEM","07-13-2026","Pacific Masters LCM Championships"
"Men ","70-74","100","Freestyle","13","1:36.05"," Stuart J Weil","M72","USF","386T-03XH3","07-13-2026","Pacific Masters LCM Championships"
"Men ","70-74","100","Freestyle","14","1:37.17"," Thomas A Kinnier","M71","SACMA","386F-0679N","08-07-2026","2026 U.S. Masters Swimming Summer National Championship"
"Men ","70-74","100","Freestyle","15","1:41.66"," Dominique P Goupil","M71","FREM","3864-03VVM","07-13-2026","Pacific Masters LCM Championships"
"Men ","70-74","100","Freestyle","16","1:48.45"," Doug Senz","M74","MEMO","386D-S6PJ5","07-13-2026","Pacific Masters LCM Championships"
"Men ","70-74","200","Freestyle","1","2:44.36"," Fred Ferroggiaro","M73","TOC","3866-022Y0","08-09-2026","2026 U.S. Masters Swimming Summer National Championship"
"Men ","70-74","200","Freestyle","2","2:45.66"," Geoff Spellberg","M70","NBA","3865-03VD8","07-14-2026","Pacific Masters LCM Championships"
"Men ","70-74","200","Freestyle","3","2:58.17"," Cris Meier-Windes","M73","TSUN","3864-03KGK","06-29-2026","Gay Games Valencia 2026"
"Men ","70-74","200","Freestyle","4","3:07.64"," Jeff L Shevlin","M72","SACMA","386Y-03FKX","08-09-2026","2026 U.S. Masters Swimming Summer National Championship"
"Men ","70-74","200","Freestyle","5","3:09.29"," John  E Reynolds","M73","UC38","3865-BXSNK","08-09-2026","2026 U.S. Masters Swimming Summer National Championship"
"Men ","70-74","200","Freestyle","6","3:11.17"," Michael A Maritzen","M70","RHMS","386P-03XEM","07-14-2026","Pacific Masters LCM Championships"
"Men ","70-74","200","Freestyle","7","3:14.33"," Robert L Anderson","M71","MELO","386A-05SKS","05-31-2026","BAC Long Course Meters Meet"
"Men ","70-74","200","Freestyle","8","3:52.48"," Doug Senz","M74","MEMO","386D-S6PJ5","07-14-2026","Pacific Masters LCM Championships"
"Men ","70-74","400","Freestyle","1","5:40.23"," Peter Guadagni","M71","WCM","386T-03GFZ","08-06-2026","2026 U.S. Masters Swimming Summer National Championship"
"Men ","70-74","400","Freestyle","2","5:46.14"," Fred Ferroggiaro","M73","TOC","3866-022Y0","08-06-2026","2026 U.S. Masters Swimming Summer National Championship"
"Men ","70-74","400","Freestyle","3","6:03.06"," Gordon E Bell","M74","WCM","386M-03K0J","08-06-2026","2026 U.S. Masters Swimming Summer National Championship"
"Men ","70-74","400","Freestyle","4","6:23.20"," Kent P Ford","M72","USF","3864-03GAE","07-14-2026","Pacific Masters LCM Championships"
"Men ","70-74","400","Freestyle","5","6:28.69"," Geoff Spellberg","M70","NBA","3865-03VD8","05-31-2026","BAC Long Course Meters Meet"
"Men ","70-74","400","Freestyle","6","6:47.98"," Stephen A Small","M74","MEMO","386G-03GV2","07-12-2026","Pacific Masters LCM Championships"
"Men ","70-74","400","Freestyle","7","7:08.92"," John  E Reynolds","M73","UC38","3865-BXSNK","08-06-2026","2026 U.S. Masters Swimming Summer National Championship"
"Men ","70-74","400","Freestyle","8","7:13.79"," Robert L Anderson","M71","MELO","386A-05SKS","07-12-2026","Pacific Masters LCM Championships"
"Men ","70-74","400","Freestyle","9","8:14.76"," Doug Senz","M74","MEMO","386D-S6PJ5","07-14-2026","Pacific Masters LCM Championships"
"Men ","70-74","800","Freestyle","1","11:54.79"," Peter Guadagni","M71","WCM","386T-03GFZ","08-08-2026","2026 U.S. Masters Swimming Summer National Championship"
"Men ","70-74","800","Freestyle","2","12:15.84"," Gordon E Bell","M74","WCM","386M-03K0J","08-08-2026","2026 U.S. Masters Swimming Summer National Championship"
"Men ","70-74","800","Freestyle","3","12:54.32"," Geoff Spellberg","M70","NBA","3865-03VD8","07-13-2026","Pacific Masters LCM Championships"
"Men ","70-74","800","Freestyle","4","13:49.41"," Stephen A Small","M74","MEMO","386G-03GV2","07-12-2026","Pacific Masters LCM Championships"
"Men ","70-74","800","Freestyle","5","14:06.74"," Jeffrey Citron","M71","MEMO","386E-03RPY","","2026 Winter Masters Distance Invitational"
"Men ","70-74","800","Freestyle","6","14:30.26"," Robert L Anderson","M71","MELO","386A-05SKS","07-13-2026","Pacific Masters LCM Championships"
"Men ","70-74","800","Freestyle","7","14:51.08"," Michael A Maritzen","M70","RHMS","386P-03XEM","07-13-2026","Pacific Masters LCM Championships"
"Men ","70-74","800","Freestyle","8","15:18.38"," John  E Reynolds","M73","UC38","3865-BXSNK","07-13-2026","Pacific Masters LCM Championships"
"Men ","70-74","800","Freestyle","9","17:14.58"," Doug Senz","M74","MEMO","386D-S6PJ5","07-13-2026","Pacific Masters LCM Championships"
"Men ","70-74","800","Freestyle","10","17:46.73"," Stuart J Weil","M72","USF","386T-03XH3","07-13-2026","Pacific Masters LCM Championships"
"Men ","70-74","1500","Freestyle","1","22:30.72"," Fred Ferroggiaro","M73","TOC","3866-022Y0","08-05-2026","2026 U.S. Masters Swimming Summer National Championship"
"Men ","70-74","1500","Freestyle","2","23:34.33"," Lee D Haris","M72","TOC","386H-079BY","08-05-2026","2026 U.S. Masters Swimming Summer National Championship"
"Men ","70-74","1500","Freestyle","3","26:25.12"," Stephen A Small","M74","MEMO","386G-03GV2","07-12-2026","Pacific Masters LCM Championships"
"Men ","70-74","1500","Freestyle","4","26:30.45"," Jeffrey Citron","M71","MEMO","386E-03RPY","03-01-2026","2026 Winter Masters Distance Invitational"
"Men ","70-74","1500","Freestyle","5","33:29.42"," Doug Senz","M74","MEMO","386D-S6PJ5","07-12-2026","Pacific Masters LCM Championships"
"Men ","70-74","50","Backstroke","1","36.5"," Paul E Trujillo","M71","WCM","386H-NF61U","08-08-2026","2026 U.S. Masters Swimming Summer National Championship"
"Men ","70-74","50","Backstroke","2","37.16"," Eric D Van Boer","M72","RHMS","3869-03J4C","08-08-2026","2026 U.S. Masters Swimming Summer National Championship"
"Men ","70-74","50","Backstroke","3","37.29"," Fred Ferroggiaro","M73","TOC","3866-022Y0","","2026 U.S. Masters Swimming Summer National Championship"
"Men ","70-74","50","Backstroke","4","38.82"," Kent P Ford","M72","USF","3864-03GAE","07-13-2026","Pacific Masters LCM Championships"
"Men ","70-74","50","Backstroke","5","39.45"," Brian J Fitzgibbons","M70","SON","386G-03H06","05-31-2026","BAC Long Course Meters Meet"
"Men ","70-74","50","Backstroke","6","41.02"," KC McDougle","M73","WCM","3861-XACUW","","2026 U.S. Masters Swimming Summer National Championship"
"Men ","70-74","50","Backstroke","7","45.99"," Michael A Maritzen","M70","RHMS","386P-03XEM","07-13-2026","Pacific Masters LCM Championships"
"Men ","70-74","50","Backstroke","8","46.5"," Stephen C Baker","M72","PSWIM","3860-03K52","","2026 U.S. Masters Swimming Summer National Championship"
"Men ","70-74","50","Backstroke","9","1:00.10"," Dominique P Goupil","M71","FREM","3864-03VVM","08-08-2026","2026 U.S. Masters Swimming Summer National Championship"
"Men ","70-74","50","Backstroke","10","1:01.21"," Stuart J Weil","M72","USF","386T-03XH3","07-13-2026","Pacific Masters LCM Championships"
"Men ","70-74","50","Backstroke","11","1:19.44"," James M Connell","M72","TOC","3860-RHREG","08-08-2026","2026 U.S. Masters Swimming Summer National Championship"
"Men ","70-74","100","Backstroke","1","1:20.76"," Fred Ferroggiaro","M73","TOC","3866-022Y0","08-06-2026","2026 U.S. Masters Swimming Summer National Championship"
"Men ","70-74","100","Backstroke","2","1:21.21"," Eric D Van Boer","M72","RHMS","3869-03J4C","08-06-2026","2026 U.S. Masters Swimming Summer National Championship"
"Men ","70-74","100","Backstroke","3","1:23.09"," Paul E Trujillo","M71","WCM","386H-NF61U","08-06-2026","2026 U.S. Masters Swimming Summer National Championship"
"Men ","70-74","100","Backstroke","4","1:26.39"," Kent P Ford","M72","USF","3864-03GAE","07-14-2026","Pacific Masters LCM Championships"
"Men ","70-74","100","Backstroke","5","1:28.72"," Brian J Fitzgibbons","M70","SON","386G-03H06","05-31-2026","BAC Long Course Meters Meet"
"Men ","70-74","100","Backstroke","6","1:29.84"," KC McDougle","M73","WCM","3861-XACUW","08-06-2026","2026 U.S. Masters Swimming Summer National Championship"
"Men ","70-74","100","Backstroke","7","1:50.30"," Stephen A Small","M74","MEMO","386G-03GV2","","Pacific Masters LCM Championships"
"Men ","70-74","100","Backstroke","8","1:59.58"," Dominique P Goupil","M71","FREM","3864-03VVM","07-14-2026","Pacific Masters LCM Championships"
"Men ","70-74","200","Backstroke","1","2:52.40"," Fred Ferroggiaro","M73","TOC","3866-022Y0","08-09-2026","2026 U.S. Masters Swimming Summer National Championship"
"Men ","70-74","200","Backstroke","2","3:03.49"," Paul E Trujillo","M71","WCM","386H-NF61U","08-09-2026","2026 U.S. Masters Swimming Summer National Championship"
"Men ","70-74","200","Backstroke","3","3:03.97"," Eric D Van Boer","M72","RHMS","3869-03J4C","08-09-2026","2026 U.S. Masters Swimming Summer National Championship"
"Men ","70-74","200","Backstroke","4","3:15.31"," Kent P Ford","M72","USF","3864-03GAE","07-13-2026","Pacific Masters LCM Championships"
"Men ","70-74","200","Backstroke","5","3:21.07"," KC McDougle","M73","WCM","3861-XACUW","08-09-2026","2026 U.S. Masters Swimming Summer National Championship"
"Men ","70-74","200","Backstroke","6","3:31.66"," Cris Meier-Windes","M73","TSUN","3864-03KGK","06-30-2026","Gay Games Valencia 2026"
"Men ","70-74","200","Backstroke","7","3:51.47"," Stephen A Small","M74","MEMO","386G-03GV2","07-13-2026","Pacific Masters LCM Championships"
"Men ","70-74","200","Backstroke","8","3:58.85"," John  E Reynolds","M73","UC38","3865-BXSNK","08-09-2026","2026 U.S. Masters Swimming Summer National Championship"
"Men ","70-74","50","Breaststroke","1","40.58"," William R Seligmann","M70","CRUZ","386F-06E0M","08-07-2026","2026 U.S. Masters Swimming Summer National Championship"
"Men ","70-74","50","Breaststroke","2","40.75"," Daniel T Bridges","M72","WCM","386P-09M05","07-14-2026","Pacific Masters LCM Championships"
"Men ","70-74","50","Breaststroke","3","41.96"," Gary D Swenor","M72","PSWIM","386C-03F8N","08-07-2026","2026 U.S. Masters Swimming Summer National Championship"
"Men ","70-74","50","Breaststroke","4","42.23"," Stephen C Snider","M70","UC38","386H-03JZ3","07-14-2026","Pacific Masters LCM Championships"
"Men ","70-74","50","Breaststroke","5","43.46"," Robert L Anderson","M71","MELO","386A-05SKS","08-07-2026","2026 U.S. Masters Swimming Summer National Championship"
"Men ","70-74","50","Breaststroke","6","43.54"," Sekhar K Varanasi","M74","MEMO","386D-029MP","08-07-2026","2026 U.S. Masters Swimming Summer National Championship"
"Men ","70-74","50","Breaststroke","7","43.69"," Eric D Van Boer","M72","RHMS","3869-03J4C","07-14-2026","Pacific Masters LCM Championships"
"Men ","70-74","50","Breaststroke","8","45.19"," David L Woodruff","M70","DAM","386B-03HFT","07-14-2026","Pacific Masters LCM Championships"
"Men ","70-74","50","Breaststroke","9","46.66"," Jeff L Shevlin","M72","SACMA","386Y-03FKX","08-07-2026","2026 U.S. Masters Swimming Summer National Championship"
"Men ","70-74","50","Breaststroke","10","48.75"," Stephen C Baker","M72","PSWIM","3860-03K52","08-07-2026","2026 U.S. Masters Swimming Summer National Championship"
"Men ","70-74","50","Breaststroke","11","48.76"," Stephen A Small","M74","MEMO","386G-03GV2","08-07-2026","2026 U.S. Masters Swimming Summer National Championship"
"Men ","70-74","50","Breaststroke","12","50.61"," john nakamura","M71","UC38","386J-CGKM7","08-07-2026","2026 U.S. Masters Swimming Summer National Championship"
"Men ","70-74","50","Breaststroke","13","51.16"," Dominique P Goupil","M71","FREM","3864-03VVM","07-14-2026","Pacific Masters LCM Championships"
"Men ","70-74","50","Breaststroke","14","57.53"," Ollen (Bruce) B Langston","M74","BHAM","386K-0NPN5","08-07-2026","2026 U.S. Masters Swimming Summer National Championship"
"Men ","70-74","100","Breaststroke","1","1:32.93"," Daniel T Bridges","M72","WCM","386P-09M05","07-13-2026","Pacific Masters LCM Championships"
"Men ","70-74","100","Breaststroke","2","1:34.92"," David L Woodruff","M70","DAM","386B-03HFT","08-08-2026","2026 U.S. Masters Swimming Summer National Championship"
"Men ","70-74","100","Breaststroke","3","1:35.81"," Gary D Swenor","M72","PSWIM","386C-03F8N","08-08-2026","2026 U.S. Masters Swimming Summer National Championship"
"Men ","70-74","100","Breaststroke","4","1:37.82"," Sekhar K Varanasi","M74","MEMO","386D-029MP","08-08-2026","2026 U.S. Masters Swimming Summer National Championship"
"Men ","70-74","100","Breaststroke","5","1:41.64"," Robert L Anderson","M71","MELO","386A-05SKS","08-08-2026","2026 U.S. Masters Swimming Summer National Championship"
"Men ","70-74","100","Breaststroke","6","1:42.22"," Jeff L Shevlin","M72","SACMA","386Y-03FKX","08-08-2026","2026 U.S. Masters Swimming Summer National Championship"
"Men ","70-74","100","Breaststroke","7","1:56.72"," Dominique P Goupil","M71","FREM","3864-03VVM","08-08-2026","2026 U.S. Masters Swimming Summer National Championship"
"Men ","70-74","100","Breaststroke","8","1:59.13"," Stephen A Small","M74","MEMO","386G-03GV2","","Pacific Masters LCM Championships"
"Men ","70-74","200","Breaststroke","1","3:10.79"," Peter Guadagni","M71","WCM","386T-03GFZ","08-06-2026","2026 U.S. Masters Swimming Summer National Championship"
"Men ","70-74","200","Breaststroke","2","3:40.99"," Jeff L Shevlin","M72","SACMA","386Y-03FKX","08-06-2026","2026 U.S. Masters Swimming Summer National Championship"
"Men ","70-74","200","Breaststroke","3","3:41.22"," David L Woodruff","M70","DAM","386B-03HFT","08-06-2026","2026 U.S. Masters Swimming Summer National Championship"
"Men ","70-74","200","Breaststroke","4","3:44.80"," Gary D Swenor","M72","PSWIM","386C-03F8N","08-06-2026","2026 U.S. Masters Swimming Summer National Championship"
"Men ","70-74","200","Breaststroke","5","3:55.92"," Robert L Anderson","M71","MELO","386A-05SKS","08-06-2026","2026 U.S. Masters Swimming Summer National Championship"
"Men ","70-74","200","Breaststroke","6","4:00.29"," Cris Meier-Windes","M73","TSUN","3864-03KGK","06-28-2026","Gay Games Valencia 2026"
"Men ","70-74","200","Breaststroke","7","4:01.49"," Stephen A Small","M74","MEMO","386G-03GV2","07-14-2026","Pacific Masters LCM Championships"
"Men ","70-74","200","Breaststroke","8","4:21.52"," Dominique P Goupil","M71","FREM","3864-03VVM","07-14-2026","Pacific Masters LCM Championships"
"Men ","70-74","50","Butterfly","1","33.78"," Eric D Van Boer","M72","RHMS","3869-03J4C","08-09-2026","2026 U.S. Masters Swimming Summer National Championship"
"Men ","70-74","50","Butterfly","2","37.56"," William R Seligmann","M70","CRUZ","386F-06E0M","07-14-2026","Pacific Masters LCM Championships"
"Men ","70-74","50","Butterfly","3","38.21"," Daniel T Bridges","M72","WCM","386P-09M05","07-14-2026","Pacific Masters LCM Championships"
"Men ","70-74","50","Butterfly","4","41.36"," Michael A Maritzen","M70","RHMS","386P-03XEM","07-14-2026","Pacific Masters LCM Championships"
"Men ","70-74","50","Butterfly","5","42.7"," Kent P Ford","M72","USF","3864-03GAE","07-14-2026","Pacific Masters LCM Championships"
"Men ","70-74","50","Butterfly","6","47.45"," Robert L Anderson","M71","MELO","386A-05SKS","05-31-2026","BAC Long Course Meters Meet"
"Men ","70-74","50","Butterfly","7","47.55"," Stephen A Small","M74","MEMO","386G-03GV2","08-09-2026","2026 U.S. Masters Swimming Summer National Championship"
"Men ","70-74","100","Butterfly","1","1:40.94"," Kent P Ford","M72","USF","3864-03GAE","07-13-2026","Pacific Masters LCM Championships"
"Men ","70-74","100","Butterfly","2","1:44.71"," Robert L Anderson","M71","MELO","386A-05SKS","08-06-2026","2026 U.S. Masters Swimming Summer National Championship"
"Men ","70-74","100","Butterfly","3","2:00.90"," Stephen A Small","M74","MEMO","386G-03GV2","07-12-2026","Pacific Masters LCM Championships"
"Men ","70-74","200","Butterfly","1","3:22.16"," Peter Guadagni","M71","WCM","386T-03GFZ","08-07-2026","2026 U.S. Masters Swimming Summer National Championship"
"Men ","70-74","200","Butterfly","2","4:00.97"," David L Woodruff","M70","DAM","386B-03HFT","08-07-2026","2026 U.S. Masters Swimming Summer National Championship"
"Men ","70-74","200","Butterfly","3","4:05.25"," Robert L Anderson","M71","MELO","386A-05SKS","08-07-2026","2026 U.S. Masters Swimming Summer National Championship"
"Men ","70-74","200","Individual Medley","1","3:32.13"," Jeff L Shevlin","M72","SACMA","386Y-03FKX","08-08-2026","2026 U.S. Masters Swimming Summer National Championship"
"Men ","70-74","200","Individual Medley","2","3:47.61"," Stephen C Baker","M72","PSWIM","3860-03K52","08-08-2026","2026 U.S. Masters Swimming Summer National Championship"
"Men ","70-74","200","Individual Medley","3","3:47.88"," Stephen A Small","M74","MEMO","386G-03GV2","07-14-2026","Pacific Masters LCM Championships"
"Men ","70-74","400","Individual Medley","1","6:24.31"," Peter Guadagni","M71","WCM","386T-03GFZ","08-07-2026","2026 U.S. Masters Swimming Summer National Championship"
"Men ","70-74","400","Individual Medley","2","7:39.80"," David L Woodruff","M70","DAM","386B-03HFT","07-12-2026","Pacific Masters LCM Championships"
"Men ","70-74","400","Individual Medley","3","7:50.09"," Robert L Anderson","M71","MELO","386A-05SKS","08-07-2026","2026 U.S. Masters Swimming Summer National Championship"
"Men ","70-74","400","Individual Medley","4","7:52.97"," Jeff L Shevlin","M72","SACMA","386Y-03FKX","08-07-2026","2026 U.S. Masters Swimming Summer National Championship"
"Men ","70-74","400","Individual Medley","5","8:13.07"," Stephen A Small","M74","MEMO","386G-03GV2","07-12-2026","Pacific Masters LCM Championships"
"Men ","75-79","50","Freestyle","1","32.25"," Alan D Bernard","M77","TAM","3868-06T01","","2026 U.S. Masters Swimming Summer National Championship"
"Men ","75-79","50","Freestyle","2","33.17"," John T Foote","M76","TAM","3862-03F8V","08-08-2026","2026 U.S. Masters Swimming Summer National Championship"
"Men ","75-79","50","Freestyle","3","33.86"," Brad Pence","M75","CSTS","3863-03HCE","08-08-2026","2026 U.S. Masters Swimming Summer National Championship"
"Men ","75-79","50","Freestyle","4","34.44"," Julian B Sapirstein","M77","USF","386D-040U5","07-13-2026","Pacific Masters LCM Championships"
"Men ","75-79","50","Freestyle","5","34.74"," Eugene Sark","M76","UC38","386G-FT53Y","08-08-2026","2026 U.S. Masters Swimming Summer National Championship"
"Men ","75-79","50","Freestyle","6","35.63"," Andrew M McPherson","M79","DAM","386C-03GXT","","2026 U.S. Masters Swimming Summer National Championship"
"Men ","75-79","50","Freestyle","7","36.73"," Dennis K Clancy","M78","MEMO","386Y-034NV","08-08-2026","2026 U.S. Masters Swimming Summer National Championship"
"Men ","75-79","50","Freestyle","8","37.24"," Frederick J Dorey","M77","TOC","386Z-03KJ8","08-08-2026","2026 U.S. Masters Swimming Summer National Championship"
"Men ","75-79","50","Freestyle","9","37.68"," Rob Firmin","M78","ALB","386V-0B1BY","07-13-2026","Pacific Masters LCM Championships"
"Men ","75-79","50","Freestyle","10","38.4"," Steve Lintz","M76","SNM","3860-03J0F","06-28-2026","SILVER STATE MASTERS LCM"
"Men ","75-79","50","Freestyle","11","41"," Tom Sears","M79","MEMO","3865-6H0C9","08-08-2026","2026 U.S. Masters Swimming Summer National Championship"
"Men ","75-79","50","Freestyle","12","45.59"," Frank Thompson","M75","SACMA","3869-028XC","06-27-2026","Summer Splash at the IU Nat"
"Men ","75-79","50","Freestyle","13","51.1"," Bill E Wygant","M77","SACMA","386M-03KMN","07-13-2026","Pacific Masters LCM Championships"
"Men ","75-79","100","Freestyle","1","1:12.01"," Alan D Bernard","M77","TAM","3868-06T01","08-07-2026","2026 U.S. Masters Swimming Summer National Championship"
"Men ","75-79","100","Freestyle","2","1:14.26"," Joel R Wilson","M78","CRUZ","3868-03EYR","05-31-2026","BAC Long Course Meters Meet"
"Men ","75-79","100","Freestyle","3","1:15.58"," Julian B Sapirstein","M77","USF","386D-040U5","07-13-2026","Pacific Masters LCM Championships"
"Men ","75-79","100","Freestyle","4","1:17.95"," Brad Pence","M75","CSTS","3863-03HCE","08-07-2026","2026 U.S. Masters Swimming Summer National Championship"
"Men ","75-79","100","Freestyle","5","1:20.32"," John T Foote","M76","TAM","3862-03F8V","08-07-2026","2026 U.S. Masters Swimming Summer National Championship"
"Men ","75-79","100","Freestyle","6","1:23.73"," Andrew M McPherson","M79","DAM","386C-03GXT","08-07-2026","2026 U.S. Masters Swimming Summer National Championship"
"Men ","75-79","100","Freestyle","7","1:25.76"," Rob Firmin","M78","ALB","386V-0B1BY","08-07-2026","2026 U.S. Masters Swimming Summer National Championship"
"Men ","75-79","100","Freestyle","8","1:30.53"," Steve Lintz","M76","SNM","3860-03J0F","06-28-2026","SILVER STATE MASTERS LCM"
"Men ","75-79","100","Freestyle","9","1:31.59"," Dennis K Clancy","M78","MEMO","386Y-034NV","08-07-2026","2026 U.S. Masters Swimming Summer National Championship"
"Men ","75-79","100","Freestyle","10","1:39.20"," Frank Thompson","M75","SACMA","3869-028XC","06-27-2026","Summer Splash at the IU Nat"
"Men ","75-79","100","Freestyle","11","1:52.66"," Bill E Wygant","M77","SACMA","386M-03KMN","07-13-2026","Pacific Masters LCM Championships"
"Men ","75-79","200","Freestyle","1","2:35.00"," Joel R Wilson","M78","CRUZ","3868-03EYR","08-09-2026","2026 U.S. Masters Swimming Summer National Championship"
"Men ","75-79","200","Freestyle","2","2:41.87"," Alan D Bernard","M77","TAM","3868-06T01","08-09-2026","2026 U.S. Masters Swimming Summer National Championship"
"Men ","75-79","200","Freestyle","3","2:59.51"," Julian B Sapirstein","M77","USF","386D-040U5","07-14-2026","Pacific Masters LCM Championships"
"Men ","75-79","200","Freestyle","4","3:00.81"," Wes Ashford","M78","PSWIM","386Z-08F64","08-09-2026","2026 U.S. Masters Swimming Summer National Championship"
"Men ","75-79","200","Freestyle","5","3:02.25"," Paul A Virtue","M75","USF","3869-03S11","07-14-2026","Pacific Masters LCM Championships"
"Men ","75-79","200","Freestyle","6","3:13.17"," Mal Jester","M77","WCM","3865-03GG4","07-14-2026","Pacific Masters LCM Championships"
"Men ","75-79","200","Freestyle","7","3:19.68"," Christian Jochim","M78","QSS","386X-03HWN","05-31-2026","BAC Long Course Meters Meet"
"Men ","75-79","200","Freestyle","8","3:29.89"," Louis G Ceci","M76","TSUN","386Y-03VNM","08-09-2026","2026 U.S. Masters Swimming Summer National Championship"
"Men ","75-79","200","Freestyle","9","3:31.54"," Frank Thompson","M75","SACMA","3869-028XC","08-09-2026","2026 U.S. Masters Swimming Summer National Championship"
"Men ","75-79","200","Freestyle","10","3:51.38"," David Benjamin","M77","MEMO","386W-03FHD","07-12-2026","Pacific Masters LCM Championships"
"Men ","75-79","200","Freestyle","11","5:05.23"," Michael W Moore","M76","USF","386C-M00RE","07-14-2026","Pacific Masters LCM Championships"
"Men ","75-79","400","Freestyle","1","5:25.22"," Joel R Wilson","M78","CRUZ","3868-03EYR","08-06-2026","2026 U.S. Masters Swimming Summer National Championship"
"Men ","75-79","400","Freestyle","2","6:35.15"," Paul A Virtue","M75","USF","3869-03S11","07-14-2026","Pacific Masters LCM Championships"
"Men ","75-79","400","Freestyle","3","7:14.35"," Christian Jochim","M78","QSS","386X-03HWN","08-06-2026","2026 U.S. Masters Swimming Summer National Championship"
"Men ","75-79","400","Freestyle","4","7:29.51"," James B Kennedy","M75","MEMO","386N-03G1M","06-27-2026","FAST Masters Long Course Pineapple Challenge"
"Men ","75-79","400","Freestyle","5","7:41.75"," Rob Firmin","M78","ALB","386V-0B1BY","07-14-2026","Pacific Masters LCM Championships"
"Men ","75-79","400","Freestyle","6","7:52.42"," Frank Thompson","M75","SACMA","3869-028XC","08-06-2026","2026 U.S. Masters Swimming Summer National Championship"
"Men ","75-79","400","Freestyle","7","10:39.66"," Michael W Moore","M76","USF","386C-M00RE","07-14-2026","Pacific Masters LCM Championships"
"Men ","75-79","800","Freestyle","1","13:16.13"," Paul A Virtue","M75","USF","3869-03S11","07-13-2026","Pacific Masters LCM Championships"
"Men ","75-79","800","Freestyle","2","15:00.47"," Christian Jochim","M78","QSS","386X-03HWN","08-08-2026","2026 U.S. Masters Swimming Summer National Championship"
"Men ","75-79","800","Freestyle","3","15:42.32"," James B Kennedy","M75","MEMO","386N-03G1M","06-27-2026","FAST Masters Long Course Pineapple Challenge"
"Men ","75-79","800","Freestyle","4","16:05.86"," Frank Thompson","M75","SACMA","3869-028XC","08-08-2026","2026 U.S. Masters Swimming Summer National Championship"
"Men ","75-79","800","Freestyle","5","17:50.66"," Robert J Crockett","M78","MELO","386E-0A1FK","08-08-2026","2026 U.S. Masters Swimming Summer National Championship"
"Men ","75-79","800","Freestyle","6","19:52.11"," Michael W Moore","M76","USF","386C-M00RE","07-13-2026","Pacific Masters LCM Championships"
"Men ","75-79","1500","Freestyle","1","21:35.69"," Joel R Wilson","M78","CRUZ","3868-03EYR","08-05-2026","2026 U.S. Masters Swimming Summer National Championship"
"Men ","75-79","1500","Freestyle","2","25:04.97"," Paul A Virtue","M75","USF","3869-03S11","08-05-2026","2026 U.S. Masters Swimming Summer National Championship"
"Men ","75-79","1500","Freestyle","3","28:08.42"," Dan Winterrowd","M76","MEMO","386Y-03JZ6","08-05-2026","2026 U.S. Masters Swimming Summer National Championship"
"Men ","75-79","1500","Freestyle","4","39:42.29"," Michael W Moore","M76","USF","386C-M00RE","07-12-2026","Pacific Masters LCM Championships"
"Men ","75-79","50","Backstroke","1","40.04"," John T Foote","M76","TAM","3862-03F8V","08-08-2026","2026 U.S. Masters Swimming Summer National Championship"
"Men ","75-79","50","Backstroke","2","41.22"," Alan D Bernard","M77","TAM","3868-06T01","07-13-2026","Pacific Masters LCM Championships"
"Men ","75-79","50","Backstroke","3","41.61"," Duke Dahlin","M78","USF","386G-03JYK","07-13-2026","Pacific Masters LCM Championships"
"Men ","75-79","50","Backstroke","4","45.8"," Andrew M McPherson","M79","DAM","386C-03GXT","07-13-2026","Pacific Masters LCM Championships"
"Men ","75-79","50","Backstroke","5","46.88"," Steve Lintz","M76","SNM","3860-03J0F","06-28-2026","SILVER STATE MASTERS LCM"
"Men ","75-79","50","Backstroke","6","51.29"," Christian Jochim","M78","QSS","386X-03HWN","07-13-2026","Pacific Masters LCM Championships"
"Men ","75-79","50","Backstroke","7","53.06"," Frank Thompson","M75","SACMA","3869-028XC","","2026 U.S. Masters Swimming Summer National Championship"
"Men ","75-79","50","Backstroke","8","54.03"," Tom Sears","M79","MEMO","3865-6H0C9","08-08-2026","2026 U.S. Masters Swimming Summer National Championship"
"Men ","75-79","50","Backstroke","9","54.07"," Rob Firmin","M78","ALB","386V-0B1BY","07-13-2026","Pacific Masters LCM Championships"
"Men ","75-79","50","Backstroke","10","54.86"," David Benjamin","M77","MEMO","386W-03FHD","","2026 U.S. Masters Swimming Summer National Championship"
"Men ","75-79","100","Backstroke","1","1:37.14"," Duke Dahlin","M78","USF","386G-03JYK","06-28-2026","Gay Games Valencia 2026"
"Men ","75-79","100","Backstroke","2","1:56.58"," Frank Thompson","M75","SACMA","3869-028XC","06-27-2026","Summer Splash at the IU Nat"
"Men ","75-79","100","Backstroke","3","3:00.51"," Michael W Moore","M76","USF","386C-M00RE","07-14-2026","Pacific Masters LCM Championships"
"Men ","75-79","200","Backstroke","1","3:03.11"," Joel R Wilson","M78","CRUZ","3868-03EYR","08-09-2026","2026 U.S. Masters Swimming Summer National Championship"
"Men ","75-79","200","Backstroke","2","3:42.38"," Duke Dahlin","M78","USF","386G-03JYK","08-09-2026","2026 U.S. Masters Swimming Summer National Championship"
"Men ","75-79","200","Backstroke","3","4:12.73"," Christian Jochim","M78","QSS","386X-03HWN","08-09-2026","2026 U.S. Masters Swimming Summer National Championship"
"Men ","75-79","200","Backstroke","4","5:04.60"," Louis G Ceci","M76","TSUN","386Y-03VNM","08-09-2026","2026 U.S. Masters Swimming Summer National Championship"
"Men ","75-79","200","Backstroke","5","6:02.51"," Michael W Moore","M76","USF","386C-M00RE","07-13-2026","Pacific Masters LCM Championships"
"Men ","75-79","50","Breaststroke","1","45.26"," John T Foote","M76","TAM","3862-03F8V","08-07-2026","2026 U.S. Masters Swimming Summer National Championship"
"Men ","75-79","50","Breaststroke","2","46.26"," Rick Meyerhoff","M79","TAM","386R-03N8M","08-07-2026","2026 U.S. Masters Swimming Summer National Championship"
"Men ","75-79","50","Breaststroke","3","46.32"," Rob Firmin","M78","ALB","386V-0B1BY","08-07-2026","2026 U.S. Masters Swimming Summer National Championship"
"Men ","75-79","50","Breaststroke","4","47.2"," Andrew M McPherson","M79","DAM","386C-03GXT","08-07-2026","2026 U.S. Masters Swimming Summer National Championship"
"Men ","75-79","50","Breaststroke","5","47.85"," Mal Jester","M77","WCM","3865-03GG4","08-07-2026","2026 U.S. Masters Swimming Summer National Championship"
"Men ","75-79","50","Breaststroke","6","50.31"," Dennis K Clancy","M78","MEMO","386Y-034NV","08-07-2026","2026 U.S. Masters Swimming Summer National Championship"
"Men ","75-79","50","Breaststroke","7","50.52"," Julian B Sapirstein","M77","USF","386D-040U5","07-14-2026","Pacific Masters LCM Championships"
"Men ","75-79","50","Breaststroke","8","53.09"," Duke Dahlin","M78","USF","386G-03JYK","07-14-2026","Pacific Masters LCM Championships"
"Men ","75-79","50","Breaststroke","9","1:00.83"," Tom Sears","M79","MEMO","3865-6H0C9","","2026 U.S. Masters Swimming Summer National Championship"
"Men ","75-79","100","Breaststroke","1","1:45.90"," Rob Firmin","M78","ALB","386V-0B1BY","07-13-2026","Pacific Masters LCM Championships"
"Men ","75-79","100","Breaststroke","2","1:49.02"," Mal Jester","M77","WCM","3865-03GG4","08-08-2026","2026 U.S. Masters Swimming Summer National Championship"
"Men ","75-79","100","Breaststroke","3","1:49.33"," Rick Meyerhoff","M79","TAM","386R-03N8M","08-08-2026","2026 U.S. Masters Swimming Summer National Championship"
"Men ","75-79","100","Breaststroke","4","1:56.04"," James B Kennedy","M75","MEMO","386N-03G1M","08-08-2026","2026 U.S. Masters Swimming Summer National Championship"
"Men ","75-79","100","Breaststroke","5","2:00.10"," Dennis K Clancy","M78","MEMO","386Y-034NV","08-08-2026","2026 U.S. Masters Swimming Summer National Championship"
"Men ","75-79","100","Breaststroke","6","2:08.99"," Christian Jochim","M78","QSS","386X-03HWN","08-08-2026","2026 U.S. Masters Swimming Summer National Championship"
"Men ","75-79","100","Breaststroke","7","2:10.41"," Louis G Ceci","M76","TSUN","386Y-03VNM","05-31-2026","BAC Long Course Meters Meet"
"Men ","75-79","100","Breaststroke","8","2:16.47"," Tom Sears","M79","MEMO","3865-6H0C9","08-08-2026","2026 U.S. Masters Swimming Summer National Championship"
"Men ","75-79","200","Breaststroke","1","3:27.64"," Joel R Wilson","M78","CRUZ","3868-03EYR","08-06-2026","2026 U.S. Masters Swimming Summer National Championship"
"Men ","75-79","200","Breaststroke","2","4:02.43"," Rob Firmin","M78","ALB","386V-0B1BY","07-14-2026","Pacific Masters LCM Championships"
"Men ","75-79","200","Breaststroke","3","4:09.01"," Mal Jester","M77","WCM","3865-03GG4","08-06-2026","2026 U.S. Masters Swimming Summer National Championship"
"Men ","75-79","200","Breaststroke","4","4:14.50"," Dennis K Clancy","M78","MEMO","386Y-034NV","08-06-2026","2026 U.S. Masters Swimming Summer National Championship"
"Men ","75-79","200","Breaststroke","5","4:40.34"," Christian Jochim","M78","QSS","386X-03HWN","07-14-2026","Pacific Masters LCM Championships"
"Men ","75-79","200","Breaststroke","6","4:44.23"," Louis G Ceci","M76","TSUN","386Y-03VNM","08-06-2026","2026 U.S. Masters Swimming Summer National Championship"
"Men ","75-79","50","Butterfly","1","35.98"," Brad Pence","M75","CSTS","3863-03HCE","08-09-2026","2026 U.S. Masters Swimming Summer National Championship"
"Men ","75-79","50","Butterfly","2","38.32"," Andrew M McPherson","M79","DAM","386C-03GXT","08-09-2026","2026 U.S. Masters Swimming Summer National Championship"
"Men ","75-79","50","Butterfly","3","40.22"," Duke Dahlin","M78","USF","386G-03JYK","08-09-2026","2026 U.S. Masters Swimming Summer National Championship"
"Men ","75-79","50","Butterfly","4","47.27"," James B Kennedy","M75","MEMO","386N-03G1M","08-09-2026","2026 U.S. Masters Swimming Summer National Championship"
"Men ","75-79","100","Butterfly","1","1:28.39"," Alan D Bernard","M77","TAM","3868-06T01","08-06-2026","2026 U.S. Masters Swimming Summer National Championship"
"Men ","75-79","100","Butterfly","2","1:36.86"," Brad Pence","M75","CSTS","3863-03HCE","08-06-2026","2026 U.S. Masters Swimming Summer National Championship"
"Men ","75-79","100","Butterfly","3","2:10.82"," Louis G Ceci","M76","TSUN","386Y-03VNM","05-31-2026","BAC Long Course Meters Meet"
"Men ","75-79","200","Butterfly","1","3:33.53"," Alan D Bernard","M77","TAM","3868-06T01","08-07-2026","2026 U.S. Masters Swimming Summer National Championship"
"Men ","75-79","200","Butterfly","2","4:47.80"," James B Kennedy","M75","MEMO","386N-03G1M","08-07-2026","2026 U.S. Masters Swimming Summer National Championship"
"Men ","75-79","200","Butterfly","3","5:20.97"," Louis G Ceci","M76","TSUN","386Y-03VNM","08-07-2026","2026 U.S. Masters Swimming Summer National Championship"
"Men ","75-79","200","Individual Medley","1","2:59.18"," Joel R Wilson","M78","CRUZ","3868-03EYR","07-14-2026","Pacific Masters LCM Championships"
"Men ","75-79","200","Individual Medley","2","3:20.85"," Alan D Bernard","M77","TAM","3868-06T01","08-08-2026","2026 U.S. Masters Swimming Summer National Championship"
"Men ","75-79","200","Individual Medley","3","3:44.59"," Mal Jester","M77","WCM","3865-03GG4","08-08-2026","2026 U.S. Masters Swimming Summer National Championship"
"Men ","75-79","200","Individual Medley","4","3:48.83"," Duke Dahlin","M78","USF","386G-03JYK","07-14-2026","Pacific Masters LCM Championships"
"Men ","75-79","200","Individual Medley","5","3:54.09"," James B Kennedy","M75","MEMO","386N-03G1M","08-08-2026","2026 U.S. Masters Swimming Summer National Championship"
"Men ","75-79","200","Individual Medley","6","4:31.28"," Louis G Ceci","M76","TSUN","386Y-03VNM","05-31-2026","BAC Long Course Meters Meet"
"Men ","75-79","400","Individual Medley","1","6:13.97"," Joel R Wilson","M78","CRUZ","3868-03EYR","08-07-2026","2026 U.S. Masters Swimming Summer National Championship"
"Men ","75-79","400","Individual Medley","2","9:41.08"," Louis G Ceci","M76","TSUN","386Y-03VNM","06-29-2026","Gay Games Valencia 2026"
"Men ","80-84","50","Freestyle","1","33.1"," Richard Burns","M83","TAM","386E-BURNS","08-08-2026","2026 U.S. Masters Swimming Summer National Championship"
"Men ","80-84","50","Freestyle","2","33.36"," James R DeLacy","M80","WCM","386S-03F45","08-08-2026","2026 U.S. Masters Swimming Summer National Championship"
"Men ","80-84","50","Freestyle","3","35.03"," James P King","M80","WCM","386R-03GHJ","07-13-2026","Pacific Masters LCM Championships"
"Men ","80-84","50","Freestyle","4","35.45"," D Craig Dennis","M80","WCM","386T-03F44","08-08-2026","2026 U.S. Masters Swimming Summer National Championship"
"Men ","80-84","50","Freestyle","5","35.64"," Tony Ralphs","M83","TAM","386A-0897W","08-08-2026","2026 U.S. Masters Swimming Summer National Championship"
"Men ","80-84","50","Freestyle","6","35.69"," Todd Boyd","M81","SACMA","386G-008KF","08-08-2026","2026 U.S. Masters Swimming Summer National Championship"
"Men ","80-84","50","Freestyle","7","35.69"," Ed Reed","M83","TAM","386R-039F6","08-08-2026","2026 U.S. Masters Swimming Summer National Championship"
"Men ","80-84","50","Freestyle","8","37.71"," Gary T Fitschen","M81","MAM","386D-03HPJ","08-08-2026","2026 U.S. Masters Swimming Summer National Championship"
"Men ","80-84","50","Freestyle","9","38.02"," James M Beglinger","M80","SMM","386J-00695","08-08-2026","2026 U.S. Masters Swimming Summer National Championship"
"Men ","80-84","50","Freestyle","10","39.45"," Jesse B Smyers","M80","WCM","386N-03F2P","08-08-2026","2026 U.S. Masters Swimming Summer National Championship"
"Men ","80-84","50","Freestyle","11","40.56"," David R Gildea","M83","MELO","3862-03G57","08-08-2026","2026 U.S. Masters Swimming Summer National Championship"
"Men ","80-84","50","Freestyle","12","42.52"," Michael S Piazza","M80","WCM","3867-03FX5","","2026 U.S. Masters Swimming Summer National Championship"
"Men ","80-84","50","Freestyle","13","45.09"," David J Rust","M80","SRM","386G-03N36","08-08-2026","2026 U.S. Masters Swimming Summer National Championship"
"Men ","80-84","50","Freestyle","14","46.87"," Ed Blumenstock","M83","MEMO","386R-8AGEZ","08-08-2026","2026 U.S. Masters Swimming Summer National Championship"
"Men ","80-84","50","Freestyle","15","47.79"," Lance Wiscomb","M81","USF","386U-03GAS","07-13-2026","Pacific Masters LCM Championships"
"Men ","80-84","50","Freestyle","16","54.67"," Neil E Hart","M81","TSUN","386F-03HTR","06-30-2026","Gay Games Valencia 2026"
"Men ","80-84","50","Freestyle","17","56.16"," Rick Silvey","M84","WCM","386J-03F2T","07-13-2026","Pacific Masters LCM Championships"
"Men ","80-84","50","Freestyle","18","56.36"," Fred Anderson","M84","RHMS","3866-03ABR","05-31-2026","BAC Long Course Meters Meet"
"Men ","80-84","50","Freestyle","19","59.55"," larry ellis","M80","USF","386M-AABX3","07-13-2026","Pacific Masters LCM Championships"
"Men ","80-84","100","Freestyle","1","1:15.32"," Richard Burns","M83","TAM","386E-BURNS","08-07-2026","2026 U.S. Masters Swimming Summer National Championship"
"Men ","80-84","100","Freestyle","2","1:15.90"," James R DeLacy","M80","WCM","386S-03F45","08-07-2026","2026 U.S. Masters Swimming Summer National Championship"
"Men ","80-84","100","Freestyle","3","1:20.97"," Ed Reed","M83","TAM","386R-039F6","08-07-2026","2026 U.S. Masters Swimming Summer National Championship"
"Men ","80-84","100","Freestyle","4","1:22.06"," Todd Boyd","M81","SACMA","386G-008KF","08-07-2026","2026 U.S. Masters Swimming Summer National Championship"
"Men ","80-84","100","Freestyle","5","1:24.57"," Tony Ralphs","M83","TAM","386A-0897W","08-07-2026","2026 U.S. Masters Swimming Summer National Championship"
"Men ","80-84","100","Freestyle","6","1:26.15"," James M Beglinger","M80","SMM","386J-00695","08-07-2026","2026 U.S. Masters Swimming Summer National Championship"
"Men ","80-84","100","Freestyle","7","1:32.81"," David R Gildea","M83","MELO","3862-03G57","05-31-2026","BAC Long Course Meters Meet"
"Men ","80-84","100","Freestyle","8","1:44.34"," David J Rust","M80","SRM","386G-03N36","08-07-2026","2026 U.S. Masters Swimming Summer National Championship"
"Men ","80-84","100","Freestyle","9","1:52.11"," Lance Wiscomb","M81","USF","386U-03GAS","07-13-2026","Pacific Masters LCM Championships"
"Men ","80-84","100","Freestyle","10","1:52.94"," Fred Anderson","M84","RHMS","3866-03ABR","05-31-2026","BAC Long Course Meters Meet"
"Men ","80-84","100","Freestyle","11","2:00.22"," Neil E Hart","M81","TSUN","386F-03HTR","07-02-2026","Gay Games Valencia 2026"
"Men ","80-84","100","Freestyle","12","2:20.06"," Wayne C Hardwick","M82","SNM","386X-Y0XXW","06-28-2026","SILVER STATE MASTERS LCM"
"Men ","80-84","100","Freestyle","13","2:20.55"," larry ellis","M80","USF","386M-AABX3","08-07-2026","2026 U.S. Masters Swimming Summer National Championship"
"Men ","80-84","100","Freestyle","14","2:24.71"," Rick Silvey","M84","WCM","386J-03F2T","07-13-2026","Pacific Masters LCM Championships"
"Men ","80-84","200","Freestyle","1","3:01.35"," Richard Burns","M83","TAM","386E-BURNS","07-14-2026","Pacific Masters LCM Championships"
"Men ","80-84","200","Freestyle","2","3:01.43"," James R DeLacy","M80","WCM","386S-03F45","08-09-2026","2026 U.S. Masters Swimming Summer National Championship"
"Men ","80-84","200","Freestyle","3","3:11.07"," Tony Ralphs","M83","TAM","386A-0897W","08-09-2026","2026 U.S. Masters Swimming Summer National Championship"
"Men ","80-84","200","Freestyle","4","3:45.53"," David R Gildea","M83","MELO","3862-03G57","05-31-2026","BAC Long Course Meters Meet"
"Men ","80-84","200","Freestyle","5","4:04.01"," Ed Blumenstock","M83","MEMO","386R-8AGEZ","08-09-2026","2026 U.S. Masters Swimming Summer National Championship"
"Men ","80-84","200","Freestyle","6","4:11.72"," David J Rust","M80","SRM","386G-03N36","07-12-2026","Pacific Masters LCM Championships"
"Men ","80-84","200","Freestyle","7","5:04.29"," Wayne C Hardwick","M82","SNM","386X-Y0XXW","06-28-2026","SILVER STATE MASTERS LCM"
"Men ","80-84","400","Freestyle","1","6:31.07"," James R DeLacy","M80","WCM","386S-03F45","08-06-2026","2026 U.S. Masters Swimming Summer National Championship"
"Men ","80-84","400","Freestyle","2","6:40.01"," Tony Ralphs","M83","TAM","386A-0897W","08-06-2026","2026 U.S. Masters Swimming Summer National Championship"
"Men ","80-84","400","Freestyle","3","8:23.20"," David J Rust","M80","SRM","386G-03N36","07-14-2026","Pacific Masters LCM Championships"
"Men ","80-84","400","Freestyle","4","8:37.01"," Michael S Garibaldi","M80","USF","386W-03JTK","08-06-2026","2026 U.S. Masters Swimming Summer National Championship"
"Men ","80-84","400","Freestyle","5","9:44.46"," Fred Anderson","M84","RHMS","3866-03ABR","05-31-2026","BAC Long Course Meters Meet"
"Men ","80-84","400","Freestyle","6","10:01.29"," Ted Haynes","M81","PCCM","386Z-09NHW","05-31-2026","BAC Long Course Meters Meet"
"Men ","80-84","400","Freestyle","7","10:04.94"," Wayne C Hardwick","M82","SNM","386X-Y0XXW","06-28-2026","SILVER STATE MASTERS LCM"
"Men ","80-84","800","Freestyle","1","17:42.01"," David J Rust","M80","SRM","386G-03N36","08-08-2026","2026 U.S. Masters Swimming Summer National Championship"
"Men ","80-84","800","Freestyle","2","18:11.71"," Michael S Garibaldi","M80","USF","386W-03JTK","08-08-2026","2026 U.S. Masters Swimming Summer National Championship"
"Men ","80-84","1500","Freestyle","1","27:17.40"," Tony Ralphs","M83","TAM","386A-0897W","08-05-2026","2026 U.S. Masters Swimming Summer National Championship"
"Men ","80-84","1500","Freestyle","2","30:57.09"," Paul A Griffin","M80","DAM","386J-03HGN","08-05-2026","2026 U.S. Masters Swimming Summer National Championship"
"Men ","80-84","1500","Freestyle","3","31:15.72"," Leland H Faust","M80","TOC","386S-03FWX","08-05-2026","2026 U.S. Masters Swimming Summer National Championship"
"Men ","80-84","1500","Freestyle","4","33:59.94"," David J Rust","M80","SRM","386G-03N36","07-12-2026","Pacific Masters LCM Championships"
"Men ","80-84","1500","Freestyle","5","42:04.82"," Wayne C Hardwick","M82","SNM","386X-Y0XXW","08-05-2026","2026 U.S. Masters Swimming Summer National Championship"
"Men ","80-84","50","Backstroke","1","38.19"," Richard Burns","M83","TAM","386E-BURNS","08-08-2026","2026 U.S. Masters Swimming Summer National Championship"
"Men ","80-84","50","Backstroke","2","41.34"," James P King","M80","WCM","386R-03GHJ","","2026 U.S. Masters Swimming Summer National Championship"
"Men ","80-84","50","Backstroke","3","42.4"," D Craig Dennis","M80","WCM","386T-03F44","08-08-2026","2026 U.S. Masters Swimming Summer National Championship"
"Men ","80-84","50","Backstroke","4","45.78"," Tony Ralphs","M83","TAM","386A-0897W","","2026 U.S. Masters Swimming Summer National Championship"
"Men ","80-84","50","Backstroke","5","47.85"," James M Beglinger","M80","SMM","386J-00695","08-08-2026","2026 U.S. Masters Swimming Summer National Championship"
"Men ","80-84","50","Backstroke","6","48.13"," David R Gildea","M83","MELO","3862-03G57","","2026 U.S. Masters Swimming Summer National Championship"
"Men ","80-84","50","Backstroke","7","58.58"," David J Rust","M80","SRM","386G-03N36","07-13-2026","Pacific Masters LCM Championships"
"Men ","80-84","50","Backstroke","8","1:03.22"," Ed Blumenstock","M83","MEMO","386R-8AGEZ","","2026 U.S. Masters Swimming Summer National Championship"
"Men ","80-84","50","Backstroke","9","1:06.56"," Fred Anderson","M84","RHMS","3866-03ABR","05-31-2026","BAC Long Course Meters Meet"
"Men ","80-84","50","Backstroke","10","1:07.21"," Neil E Hart","M81","TSUN","386F-03HTR","06-29-2026","Gay Games Valencia 2026"
"Men ","80-84","50","Backstroke","11","1:09.47"," Lance Wiscomb","M81","USF","386U-03GAS","07-13-2026","Pacific Masters LCM Championships"
"Men ","80-84","50","Backstroke","12","2:50.32"," A J J Landucci","M83","TSUN","386M-03ZZK","06-29-2026","Gay Games Valencia 2026"
"Men ","80-84","100","Backstroke","1","1:26.47"," Richard Burns","M83","TAM","386E-BURNS","08-06-2026","2026 U.S. Masters Swimming Summer National Championship"
"Men ","80-84","100","Backstroke","2","1:40.51"," D Craig Dennis","M80","WCM","386T-03F44","07-14-2026","Pacific Masters LCM Championships"
"Men ","80-84","100","Backstroke","3","1:42.18"," Ed Reed","M83","TAM","386R-039F6","08-06-2026","2026 U.S. Masters Swimming Summer National Championship"
"Men ","80-84","100","Backstroke","4","1:44.34"," James M Beglinger","M80","SMM","386J-00695","08-06-2026","2026 U.S. Masters Swimming Summer National Championship"
"Men ","80-84","100","Backstroke","5","2:17.07"," David J Rust","M80","SRM","386G-03N36","07-14-2026","Pacific Masters LCM Championships"
"Men ","80-84","100","Backstroke","6","2:31.50"," Neil E Hart","M81","TSUN","386F-03HTR","06-28-2026","Gay Games Valencia 2026"
"Men ","80-84","200","Backstroke","1","3:15.15"," Richard Burns","M83","TAM","386E-BURNS","08-09-2026","2026 U.S. Masters Swimming Summer National Championship"
"Men ","80-84","200","Backstroke","2","4:56.62"," David J Rust","M80","SRM","386G-03N36","07-13-2026","Pacific Masters LCM Championships"
"Men ","80-84","200","Backstroke","3","5:21.64"," Neil E Hart","M81","TSUN","386F-03HTR","06-30-2026","Gay Games Valencia 2026"
"Men ","80-84","200","Backstroke","4","5:25.34"," Lance Wiscomb","M81","USF","386U-03GAS","07-13-2026","Pacific Masters LCM Championships"
"Men ","80-84","200","Backstroke","5","5:55.94"," Wayne C Hardwick","M82","SNM","386X-Y0XXW","06-28-2026","SILVER STATE MASTERS LCM"
"Men ","80-84","200","Backstroke","6","10:07.09"," A J J Landucci","M83","TSUN","386M-03ZZK","06-30-2026","Gay Games Valencia 2026"
"Men ","80-84","50","Breaststroke","1","43.79"," Kenneth A Frost","M82","TAM","386R-03HJH","08-07-2026","2026 U.S. Masters Swimming Summer National Championship"
"Men ","80-84","50","Breaststroke","2","45.29"," Gary T Fitschen","M81","MAM","386D-03HPJ","08-07-2026","2026 U.S. Masters Swimming Summer National Championship"
"Men ","80-84","50","Breaststroke","3","46.03"," David R Gildea","M83","MELO","3862-03G57","08-07-2026","2026 U.S. Masters Swimming Summer National Championship"
"Men ","80-84","50","Breaststroke","4","46.98"," Ed Reed","M83","TAM","386R-039F6","08-07-2026","2026 U.S. Masters Swimming Summer National Championship"
"Men ","80-84","50","Breaststroke","5","48.82"," James M Beglinger","M80","SMM","386J-00695","08-07-2026","2026 U.S. Masters Swimming Summer National Championship"
"Men ","80-84","50","Breaststroke","6","49.36"," Jesse B Smyers","M80","WCM","386N-03F2P","08-07-2026","2026 U.S. Masters Swimming Summer National Championship"
"Men ","80-84","50","Breaststroke","7","49.51"," Kirby L Smith","M80","TCAM","386E-07J23","08-07-2026","2026 U.S. Masters Swimming Summer National Championship"
"Men ","80-84","100","Breaststroke","1","1:38.13"," Kenneth A Frost","M82","TAM","386R-03HJH","08-08-2026","2026 U.S. Masters Swimming Summer National Championship"
"Men ","80-84","100","Breaststroke","2","1:39.19"," Gary T Fitschen","M81","MAM","386D-03HPJ","08-08-2026","2026 U.S. Masters Swimming Summer National Championship"
"Men ","80-84","100","Breaststroke","3","1:45.72"," David R Gildea","M83","MELO","3862-03G57","08-08-2026","2026 U.S. Masters Swimming Summer National Championship"
"Men ","80-84","100","Breaststroke","4","1:51.19"," Ed Reed","M83","TAM","386R-039F6","08-08-2026","2026 U.S. Masters Swimming Summer National Championship"
"Men ","80-84","100","Breaststroke","5","1:57.22"," Kirby L Smith","M80","TCAM","386E-07J23","08-08-2026","2026 U.S. Masters Swimming Summer National Championship"
"Men ","80-84","100","Breaststroke","6","2:46.68"," Lance Wiscomb","M81","USF","386U-03GAS","07-13-2026","Pacific Masters LCM Championships"
"Men ","80-84","100","Breaststroke","7","2:48.01"," Wayne C Hardwick","M82","SNM","386X-Y0XXW","06-28-2026","SILVER STATE MASTERS LCM"
"Men ","80-84","200","Breaststroke","1","3:34.49"," Gary T Fitschen","M81","MAM","386D-03HPJ","08-06-2026","2026 U.S. Masters Swimming Summer National Championship"
"Men ","80-84","200","Breaststroke","2","4:10.04"," Ed Reed","M83","TAM","386R-039F6","08-06-2026","2026 U.S. Masters Swimming Summer National Championship"
"Men ","80-84","200","Breaststroke","3","4:13.14"," Kirby L Smith","M80","TCAM","386E-07J23","08-06-2026","2026 U.S. Masters Swimming Summer National Championship"
"Men ","80-84","50","Butterfly","1","36.41"," Richard Burns","M83","TAM","386E-BURNS","07-14-2026","Pacific Masters LCM Championships"
"Men ","80-84","50","Butterfly","2","40.77"," James R DeLacy","M80","WCM","386S-03F45","07-14-2026","Pacific Masters LCM Championships"
"Men ","80-84","50","Butterfly","3","50.6"," Todd Boyd","M81","SACMA","386G-008KF","08-09-2026","2026 U.S. Masters Swimming Summer National Championship"
"Men ","80-84","50","Butterfly","4","55.24"," Leland H Faust","M80","TOC","386S-03FWX","08-09-2026","2026 U.S. Masters Swimming Summer National Championship"
"Men ","80-84","50","Butterfly","5","1:04.76"," David J Rust","M80","SRM","386G-03N36","08-09-2026","2026 U.S. Masters Swimming Summer National Championship"
"Men ","80-84","200","Individual Medley","1","3:43.15"," Gary T Fitschen","M81","MAM","386D-03HPJ","08-08-2026","2026 U.S. Masters Swimming Summer National Championship"
"Men ","80-84","200","Individual Medley","2","4:47.46"," Leland H Faust","M80","TOC","386S-03FWX","08-08-2026","2026 U.S. Masters Swimming Summer National Championship"
"Men ","80-84","400","Individual Medley","1","8:04.09"," Gary T Fitschen","M81","MAM","386D-03HPJ","08-07-2026","2026 U.S. Masters Swimming Summer National Championship"
"Men ","80-84","400","Individual Medley","2","9:46.90"," Tony Ralphs","M83","TAM","386A-0897W","08-07-2026","2026 U.S. Masters Swimming Summer National Championship"
"Men ","85-89","50","Freestyle","1","39.13"," William Van Horn","M88","TOC","386U-03MS2","08-08-2026","2026 U.S. Masters Swimming Summer National Championship"
"Men ","85-89","50","Freestyle","2","53.83"," James Zuur","M86","TAM","386C-05PJA","08-08-2026","2026 U.S. Masters Swimming Summer National Championship"
"Men ","85-89","50","Freestyle","3","1:04.14"," Jim M Stewart","M85","SRM","3860-03B1R","08-08-2026","2026 U.S. Masters Swimming Summer National Championship"
"Men ","85-89","50","Freestyle","4","1:13.40"," Tom S Scovel","M87","WCM","3862-03H3M","07-13-2026","Pacific Masters LCM Championships"
"Men ","85-89","50","Freestyle","5","1:13.77"," Robert F Norris","M88","DAM","3866-03GE4","08-08-2026","2026 U.S. Masters Swimming Summer National Championship"
"Men ","85-89","100","Freestyle","1","1:43.21"," William Van Horn","M88","TOC","386U-03MS2","08-07-2026","2026 U.S. Masters Swimming Summer National Championship"
"Men ","85-89","100","Freestyle","2","2:29.78"," Jim M Stewart","M85","SRM","3860-03B1R","08-07-2026","2026 U.S. Masters Swimming Summer National Championship"
"Men ","85-89","100","Freestyle","3","2:44.76"," Tom S Scovel","M87","WCM","3862-03H3M","08-07-2026","2026 U.S. Masters Swimming Summer National Championship"
"Men ","85-89","400","Freestyle","1","12:20.17"," Tom S Scovel","M87","WCM","3862-03H3M","07-14-2026","Pacific Masters LCM Championships"
"Men ","85-89","50","Backstroke","1","50.42"," William Van Horn","M88","TOC","386U-03MS2","","2026 U.S. Masters Swimming Summer National Championship"
"Men ","85-89","50","Backstroke","2","1:05.24"," James Zuur","M86","TAM","386C-05PJA","08-08-2026","2026 U.S. Masters Swimming Summer National Championship"
"Men ","85-89","50","Backstroke","3","1:11.85"," Robert F Norris","M88","DAM","3866-03GE4","08-08-2026","2026 U.S. Masters Swimming Summer National Championship"
"Men ","85-89","50","Backstroke","4","1:25.72"," Jim M Stewart","M85","SRM","3860-03B1R","08-08-2026","2026 U.S. Masters Swimming Summer National Championship"
"Men ","85-89","50","Backstroke","5","1:28.56"," Tom S Scovel","M87","WCM","3862-03H3M","08-08-2026","2026 U.S. Masters Swimming Summer National Championship"
"Men ","85-89","100","Backstroke","1","3:21.27"," Jim M Stewart","M85","SRM","3860-03B1R","08-06-2026","2026 U.S. Masters Swimming Summer National Championship"
"Men ","85-89","200","Backstroke","1","7:34.87"," Jim M Stewart","M85","SRM","3860-03B1R","08-09-2026","2026 U.S. Masters Swimming Summer National Championship"
"Men ","85-89","50","Breaststroke","1","57.88"," William Van Horn","M88","TOC","386U-03MS2","08-07-2026","2026 U.S. Masters Swimming Summer National Championship"
"Men ","85-89","50","Breaststroke","2","1:08.53"," James Zuur","M86","TAM","386C-05PJA","08-07-2026","2026 U.S. Masters Swimming Summer National Championship"
"Men ","85-89","50","Breaststroke","3","1:44.86"," Tom S Scovel","M87","WCM","3862-03H3M","08-07-2026","2026 U.S. Masters Swimming Summer National Championship"
"Men ","85-89","100","Breaststroke","1","2:29.78"," William Van Horn","M88","TOC","386U-03MS2","08-08-2026","2026 U.S. Masters Swimming Summer National Championship"
"Men ","85-89","100","Breaststroke","2","2:45.50"," James Zuur","M86","TAM","386C-05PJA","08-08-2026","2026 U.S. Masters Swimming Summer National Championship"
"Men ","85-89","50","Butterfly","1","1:01.78"," William Van Horn","M88","TOC","386U-03MS2","08-09-2026","2026 U.S. Masters Swimming Summer National Championship"
"Men ","90-94","100","Freestyle","1","2:02.67"," Jack C Fleming","M91","USF","386F-03J86","08-07-2026","2026 U.S. Masters Swimming Summer National Championship"
"Men ","90-94","200","Freestyle","1","5:04.78"," Jack C Fleming","M91","USF","386F-03J86","07-14-2026","Pacific Masters LCM Championships"
"Men ","90-94","50","Backstroke","1","1:10.29"," Jack C Fleming","M91","USF","386F-03J86","07-13-2026","Pacific Masters LCM Championships"
"Men ","90-94","100","Backstroke","1","2:32.14"," Jack C Fleming","M91","USF","386F-03J86","07-14-2026","Pacific Masters LCM Championships"
"Men ","90-94","50","Breaststroke","1","59.56"," Jack C Fleming","M91","USF","386F-03J86","08-07-2026","2026 U.S. Masters Swimming Summer National Championship"
"Men ","90-94","100","Breaststroke","1","2:30.06"," Jack C Fleming","M91","USF","386F-03J86","07-13-2026","Pacific Masters LCM Championships"
